customer_id,recency_days,frequency,monetary,first_purchase,last_purchase,avg_order_value,r_score,f_score,m_score,rfm_score,segment,kmeans_cluster,kmeans_label
1,8,8,275.37,2019-09-01,2023-12-21,34.42125,5,2,1,2.65,Potential Loyalists,1,Mid Value
2,98,10,347.41,2019-12-03,2023-09-22,34.741,2,3,2,2.25,At Risk,0,Low Value
3,70,5,195.88,2020-05-01,2023-10-20,39.176,3,1,1,1.6999999999999997,Potential Loyalists,0,Low Value
4,413,9,288.55,2019-09-14,2022-11-11,32.06111111111111,1,2,1,1.25,Lost,0,Low Value
5,738,9,266.97,2019-01-12,2021-12-21,29.663333333333338,1,2,1,1.25,Lost,0,Low Value
6,25,9,299.03,2019-10-25,2023-12-04,33.22555555555555,4,2,1,2.3,Potential Loyalists,1,Mid Value
7,3,9,328.94,2019-06-26,2023-12-26,36.54888888888889,5,2,2,3.05,Potential Loyalists,1,Mid Value
8,38,11,721.6800000000001,2019-11-03,2023-11-21,65.60727272727273,4,3,4,3.75,Loyal Customers,2,Premium
9,95,8,324.90999999999997,2019-04-12,2023-09-25,40.613749999999996,2,2,2,2.0,At Risk,0,Low Value
10,392,5,463.72,2020-12-03,2022-12-02,92.744,1,1,3,1.8000000000000003,Others,0,Low Value
11,123,9,298.44,2019-03-19,2023-08-28,33.16,2,2,1,1.6,Lost,0,Low Value
12,354,12,432.39,2019-06-25,2023-01-09,36.0325,1,4,3,2.5500000000000003,Others,3,High Value
13,34,9,373.48,2019-07-16,2023-11-25,41.49777777777778,4,2,2,2.7,Potential Loyalists,1,Mid Value
14,5,13,421.97,2019-12-09,2023-12-24,32.45923076923077,5,4,2,3.55,Others,1,Mid Value
15,16,19,1342.14,2019-01-15,2023-12-13,70.63894736842106,5,5,5,5.0,Champions,2,Premium
16,6,12,444.32,2019-09-26,2023-12-23,37.026666666666664,5,4,3,3.95,Loyal Customers,2,Premium
17,101,7,200.70999999999998,2019-08-09,2023-09-19,28.67285714285714,2,1,1,1.35,Lost,0,Low Value
18,223,8,325.83,2019-01-12,2023-05-20,40.72875,2,2,2,2.0,At Risk,0,Low Value
19,483,7,795.6099999999999,2019-03-14,2022-09-02,113.65857142857142,1,1,5,2.6,Others,3,High Value
20,339,10,619.99,2019-03-17,2023-01-24,61.999,1,3,4,2.7,Others,3,High Value
21,15,11,519.72,2019-03-20,2023-12-14,47.24727272727273,5,3,3,3.7,Loyal Customers,1,Mid Value
22,187,12,985.79,2019-01-26,2023-06-25,82.14916666666666,2,4,5,3.7,Loyal Customers,3,High Value
23,1,11,422.3,2019-09-07,2023-12-28,38.39090909090909,5,3,2,3.3,Potential Loyalists,1,Mid Value
24,46,10,511.37,2019-05-07,2023-11-13,51.137,3,3,3,3.0,Loyal Customers,3,High Value
25,131,5,225.84000000000003,2020-07-16,2023-08-20,45.168000000000006,2,1,1,1.35,Lost,0,Low Value
26,27,12,630.99,2019-11-04,2023-12-02,52.5825,4,4,4,4.0,Champions,2,Premium
27,200,7,498.09,2019-09-09,2023-06-12,71.15571428571428,2,1,3,2.1500000000000004,Others,0,Low Value
28,25,7,252.04000000000002,2021-11-28,2023-12-04,36.00571428571429,4,1,1,2.05,Potential Loyalists,1,Mid Value
29,421,8,217.66,2019-09-21,2022-11-03,27.2075,1,2,1,1.25,Lost,0,Low Value
30,14,15,1266.4,2019-10-12,2023-12-15,84.42666666666668,5,5,5,5.0,Champions,2,Premium
31,3,13,415.42,2019-10-24,2023-12-26,31.955384615384617,5,4,2,3.55,Others,1,Mid Value
32,206,12,306.27,2019-06-01,2023-06-06,25.522499999999997,2,4,1,2.1,Others,0,Low Value
33,11,10,741.4300000000001,2019-04-27,2023-12-18,74.143,5,3,4,4.1,Loyal Customers,2,Premium
34,94,14,764.19,2019-01-07,2023-09-26,54.585,2,5,4,3.55,Loyal Customers,3,High Value
35,67,9,951.57,2019-06-12,2023-10-23,105.73,3,2,5,3.55,At Risk,3,High Value
36,41,9,485.46999999999997,2020-06-03,2023-11-18,53.941111111111105,4,2,3,3.1,Potential Loyalists,1,Mid Value
37,220,9,659.9,2019-03-10,2023-05-23,73.32222222222222,2,2,4,2.8,At Risk,3,High Value
38,15,11,396.3,2019-01-06,2023-12-14,36.02727272727273,5,3,2,3.3,Potential Loyalists,1,Mid Value
39,400,8,447.73,2019-10-13,2022-11-24,55.96625,1,2,3,2.0500000000000003,Others,0,Low Value
40,31,7,427.51,2019-06-24,2023-11-28,61.07285714285714,4,1,3,2.85,Potential Loyalists,1,Mid Value
41,39,4,178.76999999999998,2020-12-24,2023-11-20,44.692499999999995,4,1,1,2.05,Potential Loyalists,1,Mid Value
42,26,12,512.33,2019-08-19,2023-12-03,42.69416666666667,4,4,3,3.6,Loyal Customers,2,Premium
43,50,11,305.65000000000003,2019-04-16,2023-11-09,27.78636363636364,3,3,1,2.1999999999999997,Potential Loyalists,1,Mid Value
44,306,8,830.2,2020-07-02,2023-02-26,103.775,1,2,5,2.85,Others,3,High Value
45,381,10,345.05,2019-01-14,2022-12-13,34.505,1,3,2,1.9000000000000001,Others,0,Low Value
46,381,6,272.72,2019-11-22,2022-12-13,45.45333333333334,1,1,1,1.0,Lost,0,Low Value
47,38,6,540.32,2019-11-08,2023-11-21,90.05333333333334,4,1,3,2.85,Potential Loyalists,1,Mid Value
48,2,11,454.87,2019-04-22,2023-12-27,41.35181818181818,5,3,3,3.7,Loyal Customers,1,Mid Value
49,345,6,300.53,2019-11-05,2023-01-18,50.08833333333333,1,1,1,1.0,Lost,0,Low Value
50,140,4,130.93,2019-12-20,2023-08-11,32.7325,2,1,1,1.35,Lost,0,Low Value
51,160,10,339.31,2019-01-05,2023-07-22,33.931,2,3,2,2.25,At Risk,0,Low Value
52,252,10,527.47,2019-10-26,2023-04-21,52.747,1,3,3,2.3000000000000003,Others,3,High Value
53,140,6,237.91,2019-05-01,2023-08-11,39.651666666666664,2,1,1,1.35,Lost,0,Low Value
54,154,9,234.45,2019-11-04,2023-07-28,26.049999999999997,2,2,1,1.6,Lost,0,Low Value
55,109,7,302.5,2019-11-05,2023-09-11,43.214285714285715,2,1,1,1.35,Lost,0,Low Value
56,7,14,517.9,2019-02-22,2023-12-22,36.99285714285714,5,5,3,4.2,Loyal Customers,2,Premium
57,46,7,422.84,2019-02-14,2023-11-13,60.40571428571428,3,1,2,2.0999999999999996,Potential Loyalists,0,Low Value
58,234,11,704.66,2019-10-03,2023-05-09,64.06,2,3,4,3.05,Loyal Customers,3,High Value
59,11,15,761.37,2019-06-05,2023-12-18,50.758,5,5,4,4.6,Champions,2,Premium
60,138,12,548.13,2019-07-28,2023-08-13,45.6775,2,4,3,2.9000000000000004,Loyal Customers,3,High Value
61,1150,8,1129.91,2019-05-17,2020-11-04,141.23875,1,2,5,2.85,Others,3,High Value
62,380,7,381.24,2019-12-11,2022-12-14,54.462857142857146,1,1,2,1.4,Lost,0,Low Value
63,417,8,631.95,2019-02-11,2022-11-07,78.99375,1,2,4,2.45,Others,3,High Value
64,54,10,488.97,2019-02-26,2023-11-05,48.897000000000006,3,3,3,3.0,Loyal Customers,3,High Value
65,13,16,2990.86,2019-11-19,2023-12-16,186.92875,5,5,5,5.0,Champions,2,Premium
66,19,14,555.15,2019-09-03,2023-12-10,39.653571428571425,5,5,3,4.2,Loyal Customers,2,Premium
67,39,5,182.38,2019-11-09,2023-11-20,36.476,4,1,1,2.05,Potential Loyalists,1,Mid Value
68,7,13,418.5,2019-10-22,2023-12-22,32.19230769230769,5,4,2,3.55,Others,1,Mid Value
69,71,10,567.57,2019-01-08,2023-10-19,56.757000000000005,3,3,4,3.4,Loyal Customers,3,High Value
70,12,15,565.81,2020-07-05,2023-12-17,37.720666666666666,5,5,4,4.6,Champions,2,Premium
71,3,9,497.61,2019-10-09,2023-12-26,55.29,5,2,3,3.45,Potential Loyalists,1,Mid Value
72,22,13,756.8100000000001,2019-01-17,2023-12-07,58.21615384615385,5,4,4,4.35,Champions,2,Premium
73,44,5,175.75,2019-04-10,2023-11-15,35.15,4,1,1,2.05,Potential Loyalists,1,Mid Value
74,10,11,725.15,2019-08-04,2023-12-19,65.92272727272727,5,3,4,4.1,Loyal Customers,2,Premium
75,9,13,750.24,2019-01-03,2023-12-20,57.71076923076923,5,4,4,4.35,Champions,2,Premium
76,162,11,448.94,2019-01-15,2023-07-20,40.81272727272727,2,3,3,2.6500000000000004,Loyal Customers,3,High Value
77,253,5,190.02,2019-08-26,2023-04-20,38.004000000000005,1,1,1,1.0,Lost,0,Low Value
78,2,8,389.05,2019-11-16,2023-12-27,48.63125,5,2,2,3.05,Potential Loyalists,1,Mid Value
79,7,7,205.26999999999998,2020-02-20,2023-12-22,29.32428571428571,5,1,1,2.4,Potential Loyalists,1,Mid Value
80,124,5,747.36,2020-11-21,2023-08-27,149.472,2,1,4,2.55,Others,0,Low Value
81,68,16,851.3299999999999,2019-04-17,2023-10-22,53.208124999999995,3,5,5,4.3,Loyal Customers,2,Premium
82,14,9,592.48,2019-08-14,2023-12-15,65.83111111111111,5,2,4,3.85,Others,1,Mid Value
83,45,16,750.68,2019-03-16,2023-11-14,46.9175,3,5,4,3.9,Loyal Customers,2,Premium
84,231,12,540.35,2019-06-20,2023-05-12,45.02916666666667,2,4,3,2.9000000000000004,Loyal Customers,3,High Value
85,42,10,402.4,2019-10-26,2023-11-17,40.239999999999995,4,3,2,2.95,Potential Loyalists,1,Mid Value
86,44,12,745.75,2019-06-08,2023-11-15,62.145833333333336,4,4,4,4.0,Champions,2,Premium
87,49,12,620.44,2019-01-11,2023-11-10,51.70333333333334,3,4,4,3.65,Loyal Customers,3,High Value
88,733,9,448.03000000000003,2019-06-07,2021-12-26,49.781111111111116,1,2,3,2.0500000000000003,Others,0,Low Value
89,25,22,1267.77,2019-03-18,2023-12-04,57.62590909090909,4,5,5,4.65,Champions,2,Premium
90,54,13,1051.21,2019-08-22,2023-11-05,80.8623076923077,3,4,5,4.05,Loyal Customers,2,Premium
91,24,4,138.0,2020-09-19,2023-12-05,34.5,5,1,1,2.4,Potential Loyalists,1,Mid Value
92,19,12,445.17,2019-02-03,2023-12-10,37.097500000000004,5,4,3,3.95,Loyal Customers,2,Premium
93,34,11,732.72,2019-04-18,2023-11-25,66.61090909090909,4,3,4,3.75,Loyal Customers,2,Premium
94,48,7,314.4,2019-11-12,2023-11-11,44.91428571428571,3,1,1,1.6999999999999997,Potential Loyalists,0,Low Value
95,552,11,336.47,2019-05-22,2022-06-25,30.58818181818182,1,3,2,1.9000000000000001,Others,0,Low Value
96,436,11,379.18,2019-05-25,2022-10-19,34.47090909090909,1,3,2,1.9000000000000001,Others,0,Low Value
97,101,12,1001.06,2019-05-18,2023-09-19,83.42166666666667,2,4,5,3.7,Loyal Customers,3,High Value
98,3,10,490.33,2020-07-25,2023-12-26,49.033,5,3,3,3.7,Loyal Customers,1,Mid Value
99,51,10,493.40999999999997,2019-11-08,2023-11-08,49.340999999999994,3,3,3,3.0,Loyal Customers,3,High Value
100,371,11,773.95,2019-01-23,2022-12-23,70.35909090909091,1,3,5,3.1,Others,3,High Value
101,315,15,698.9399999999999,2019-06-14,2023-02-17,46.596,1,5,4,3.2,Others,3,High Value
102,774,5,369.02,2019-05-17,2021-11-15,73.804,1,1,2,1.4,Lost,0,Low Value
103,57,9,525.28,2019-11-21,2023-11-02,58.364444444444445,3,2,3,2.75,Potential Loyalists,1,Mid Value
104,8,15,952.5699999999999,2019-01-26,2023-12-21,63.504666666666665,5,5,5,5.0,Champions,2,Premium
105,40,12,936.48,2019-03-24,2023-11-19,78.04,4,4,5,4.4,Champions,2,Premium
106,89,13,961.55,2019-05-05,2023-10-01,73.96538461538461,2,4,5,3.7,Loyal Customers,3,High Value
107,155,6,359.74,2020-09-02,2023-07-27,59.95666666666667,2,1,2,1.75,Lost,0,Low Value
108,167,7,467.45,2019-01-09,2023-07-15,66.77857142857142,2,1,3,2.1500000000000004,Others,0,Low Value
109,20,10,611.87,2019-11-11,2023-12-09,61.187,5,3,4,4.1,Loyal Customers,2,Premium
110,193,8,342.84000000000003,2019-10-02,2023-06-19,42.855000000000004,2,2,2,2.0,At Risk,0,Low Value
111,58,7,510.71000000000004,2020-04-21,2023-11-01,72.95857142857143,3,1,3,2.5,Potential Loyalists,1,Mid Value
112,31,11,743.03,2019-06-19,2023-11-28,67.54818181818182,4,3,4,3.75,Loyal Customers,2,Premium
113,24,14,799.4399999999999,2019-02-10,2023-12-05,57.10285714285714,5,5,5,5.0,Champions,2,Premium
114,28,12,556.53,2020-02-05,2023-12-01,46.3775,4,4,4,4.0,Champions,2,Premium
115,57,13,759.91,2019-08-23,2023-11-02,58.45461538461538,3,4,4,3.65,Loyal Customers,3,High Value
116,103,8,375.03000000000003,2019-02-27,2023-09-17,46.878750000000004,2,2,2,2.0,At Risk,0,Low Value
117,191,7,330.32,2019-05-11,2023-06-21,47.18857142857143,2,1,2,1.75,Lost,0,Low Value
118,156,14,819.5400000000001,2019-10-23,2023-07-26,58.53857142857144,2,5,5,3.95,Loyal Customers,3,High Value
119,33,14,580.74,2019-11-05,2023-11-26,41.48142857142857,4,5,4,4.25,Champions,2,Premium
120,17,9,272.98,2019-09-07,2023-12-12,30.331111111111113,5,2,1,2.65,Potential Loyalists,1,Mid Value
121,26,14,1841.95,2019-01-19,2023-12-03,131.56785714285715,4,5,5,4.65,Champions,2,Premium
122,70,14,1413.94,2019-04-09,2023-10-20,100.99571428571429,3,5,5,4.3,Loyal Customers,2,Premium
123,6,12,963.4100000000001,2019-05-09,2023-12-23,80.28416666666668,5,4,5,4.75,Champions,2,Premium
124,767,12,686.02,2019-01-07,2021-11-22,57.16833333333333,1,4,4,2.95,Others,3,High Value
125,72,11,771.6,2019-01-07,2023-10-18,70.14545454545454,3,3,5,3.8,Loyal Customers,3,High Value
126,57,7,497.35,2019-03-06,2023-11-02,71.05,3,1,3,2.5,Potential Loyalists,1,Mid Value
127,367,8,392.4,2019-02-18,2022-12-27,49.05,1,2,2,1.65,Lost,0,Low Value
128,35,17,1076.97,2019-10-11,2023-11-24,63.351176470588236,4,5,5,4.65,Champions,2,Premium
129,37,10,762.01,2020-05-27,2023-11-22,76.201,4,3,4,3.75,Loyal Customers,2,Premium
130,166,7,449.0,2019-06-24,2023-07-16,64.14285714285714,2,1,3,2.1500000000000004,Others,0,Low Value
131,204,8,601.08,2020-09-18,2023-06-08,75.135,2,2,4,2.8,At Risk,3,High Value
132,83,6,367.04,2019-12-09,2023-10-07,61.17333333333334,3,1,2,2.0999999999999996,Potential Loyalists,0,Low Value
133,878,9,521.83,2019-05-26,2021-08-03,57.98111111111112,1,2,3,2.0500000000000003,Others,0,Low Value
134,93,12,1206.51,2019-06-05,2023-09-27,100.5425,2,4,5,3.7,Loyal Customers,3,High Value
135,33,12,459.59999999999997,2020-02-05,2023-11-26,38.3,4,4,3,3.6,Loyal Customers,2,Premium
136,33,10,1293.67,2019-06-25,2023-11-26,129.36700000000002,4,3,5,4.15,Loyal Customers,2,Premium
137,43,10,372.96999999999997,2019-01-19,2023-11-16,37.297,4,3,2,2.95,Potential Loyalists,1,Mid Value
138,47,6,259.8,2019-06-14,2023-11-12,43.300000000000004,3,1,1,1.6999999999999997,Potential Loyalists,0,Low Value
139,49,5,491.68999999999994,2020-06-21,2023-11-10,98.338,3,1,3,2.5,Potential Loyalists,1,Mid Value
140,42,7,325.25,2019-06-12,2023-11-17,46.464285714285715,4,1,2,2.45,Potential Loyalists,1,Mid Value
141,478,9,587.7,2019-08-15,2022-09-07,65.30000000000001,1,2,4,2.45,Others,3,High Value
142,10,13,521.62,2019-03-20,2023-12-19,40.12461538461538,5,4,3,3.95,Loyal Customers,2,Premium
143,64,10,494.39,2019-01-23,2023-10-26,49.439,3,3,3,3.0,Loyal Customers,3,High Value
144,75,8,586.73,2019-01-07,2023-10-15,73.34125,3,2,4,3.15,At Risk,3,High Value
145,753,5,295.86,2019-12-07,2021-12-06,59.172000000000004,1,1,1,1.0,Lost,0,Low Value
146,68,6,183.14,2021-08-24,2023-10-22,30.52333333333333,3,1,1,1.6999999999999997,Potential Loyalists,0,Low Value
147,400,7,252.34,2019-11-02,2022-11-24,36.04857142857143,1,1,1,1.0,Lost,0,Low Value
148,245,14,1156.72,2019-03-14,2023-04-28,82.62285714285714,2,5,5,3.95,Loyal Customers,3,High Value
149,165,10,461.68,2019-11-01,2023-07-17,46.168,2,3,3,2.6500000000000004,Loyal Customers,3,High Value
150,83,9,933.9399999999999,2019-04-11,2023-10-07,103.77111111111111,3,2,5,3.55,At Risk,3,High Value
151,56,10,530.18,2019-03-16,2023-11-03,53.017999999999994,3,3,3,3.0,Loyal Customers,3,High Value
152,17,8,288.46999999999997,2020-12-13,2023-12-12,36.058749999999996,5,2,1,2.65,Potential Loyalists,1,Mid Value
153,349,5,312.53999999999996,2019-12-19,2023-01-14,62.507999999999996,1,1,1,1.0,Lost,0,Low Value
154,116,10,436.13,2019-07-11,2023-09-04,43.613,2,3,3,2.6500000000000004,Loyal Customers,3,High Value
155,67,12,376.6,2019-04-26,2023-10-23,31.383333333333336,3,4,2,2.8499999999999996,At Risk,1,Mid Value
156,38,9,360.88,2019-01-19,2023-11-21,40.09777777777778,4,2,2,2.7,Potential Loyalists,1,Mid Value
157,4,15,659.67,2019-10-03,2023-12-25,43.977999999999994,5,5,4,4.6,Champions,2,Premium
158,415,9,365.37,2019-10-22,2022-11-09,40.596666666666664,1,2,2,1.65,Lost,0,Low Value
159,32,7,246.47,2019-01-14,2023-11-27,35.21,4,1,1,2.05,Potential Loyalists,1,Mid Value
160,12,12,412.52,2019-02-09,2023-12-17,34.376666666666665,5,4,2,3.55,Others,1,Mid Value
161,37,12,465.19,2020-10-25,2023-11-22,38.76583333333333,4,4,3,3.6,Loyal Customers,2,Premium
162,48,13,814.03,2019-02-25,2023-11-11,62.61769230769231,3,4,5,4.05,Loyal Customers,2,Premium
163,34,9,306.75,2020-10-26,2023-11-25,34.083333333333336,4,2,1,2.3,Potential Loyalists,1,Mid Value
164,193,13,755.87,2019-04-05,2023-06-19,58.143846153846155,2,4,4,3.3,Loyal Customers,3,High Value
165,72,13,491.15,2019-01-26,2023-10-18,37.78076923076923,3,4,3,3.25,Loyal Customers,3,High Value
166,48,12,705.13,2019-02-14,2023-11-11,58.76083333333333,3,4,4,3.65,Loyal Customers,3,High Value
167,10,14,748.29,2019-08-14,2023-12-19,53.449285714285715,5,5,4,4.6,Champions,2,Premium
168,296,8,720.4399999999999,2020-09-21,2023-03-08,90.05499999999999,1,2,4,2.45,Others,3,High Value
169,6,13,1169.71,2020-08-10,2023-12-23,89.97769230769231,5,4,5,4.75,Champions,2,Premium
170,32,5,133.92000000000002,2019-11-06,2023-11-27,26.784000000000002,4,1,1,2.05,Potential Loyalists,1,Mid Value
171,84,8,271.46000000000004,2019-02-13,2023-10-06,33.932500000000005,3,2,1,1.9499999999999997,Potential Loyalists,0,Low Value
172,44,13,480.98,2019-02-23,2023-11-15,36.99846153846154,4,4,3,3.6,Loyal Customers,2,Premium
173,18,7,770.94,2020-10-05,2023-12-11,110.13428571428572,5,1,5,4.0,Others,1,Mid Value
174,6,10,602.66,2020-02-27,2023-12-23,60.266,5,3,4,4.1,Loyal Customers,2,Premium
175,44,8,329.9,2019-04-07,2023-11-15,41.2375,4,2,2,2.7,Potential Loyalists,1,Mid Value
176,444,4,112.37,2019-04-05,2022-10-11,28.0925,1,1,1,1.0,Lost,0,Low Value
177,307,8,253.28,2019-08-13,2023-02-25,31.66,1,2,1,1.25,Lost,0,Low Value
178,398,8,269.46999999999997,2019-01-27,2022-11-26,33.683749999999996,1,2,1,1.25,Lost,0,Low Value
179,141,6,376.74,2020-04-08,2023-08-10,62.79,2,1,2,1.75,Lost,0,Low Value
180,16,12,661.0500000000001,2019-02-07,2023-12-13,55.087500000000006,5,4,4,4.35,Champions,2,Premium
181,341,11,923.61,2019-10-22,2023-01-22,83.96454545454546,1,3,5,3.1,Others,3,High Value
182,38,12,424.21000000000004,2019-11-05,2023-11-21,35.350833333333334,4,4,2,3.2,Others,1,Mid Value
183,12,8,314.57,2021-01-25,2023-12-17,39.32125,5,2,1,2.65,Potential Loyalists,1,Mid Value
184,32,6,420.17,2019-09-01,2023-11-27,70.02833333333334,4,1,2,2.45,Potential Loyalists,1,Mid Value
185,135,12,576.46,2019-07-28,2023-08-16,48.038333333333334,2,4,4,3.3,Loyal Customers,3,High Value
186,745,9,876.8900000000001,2019-03-21,2021-12-14,97.43222222222224,1,2,5,2.85,Others,3,High Value
187,14,11,663.59,2019-07-26,2023-12-15,60.32636363636364,5,3,4,4.1,Loyal Customers,2,Premium
188,129,13,974.45,2019-03-14,2023-08-22,74.95769230769231,2,4,5,3.7,Loyal Customers,3,High Value
189,37,6,297.33,2019-07-11,2023-11-22,49.555,4,1,1,2.05,Potential Loyalists,1,Mid Value
190,48,16,972.79,2019-07-19,2023-11-11,60.799375,3,5,5,4.3,Loyal Customers,2,Premium
191,66,12,503.12,2019-06-19,2023-10-24,41.92666666666667,3,4,3,3.25,Loyal Customers,3,High Value
192,4,10,642.41,2019-11-16,2023-12-25,64.241,5,3,4,4.1,Loyal Customers,2,Premium
193,216,6,284.85,2019-03-03,2023-05-27,47.475,2,1,1,1.35,Lost,0,Low Value
194,405,13,765.46,2019-11-28,2022-11-19,58.88153846153846,1,4,5,3.35,Others,3,High Value
195,9,9,432.24,2019-10-14,2023-12-20,48.02666666666667,5,2,3,3.45,Potential Loyalists,1,Mid Value
196,336,13,564.75,2019-10-22,2023-01-27,43.44230769230769,1,4,4,2.95,Others,3,High Value
197,8,13,887.5699999999999,2019-12-01,2023-12-21,68.27461538461537,5,4,5,4.75,Champions,2,Premium
198,346,10,1210.51,2019-03-14,2023-01-17,121.051,1,3,5,3.1,Others,3,High Value
199,34,9,844.91,2019-12-24,2023-11-25,93.87888888888888,4,2,5,3.9,Others,2,Premium
200,15,11,707.46,2019-04-03,2023-12-14,64.31454545454545,5,3,4,4.1,Loyal Customers,2,Premium
201,49,7,451.05,2021-05-07,2023-11-10,64.43571428571428,3,1,3,2.5,Potential Loyalists,1,Mid Value
202,339,6,269.46,2019-11-23,2023-01-24,44.91,1,1,1,1.0,Lost,0,Low Value
203,40,11,333.97,2019-08-06,2023-11-19,30.360909090909093,4,3,2,2.95,Potential Loyalists,1,Mid Value
204,385,10,351.18,2019-04-09,2022-12-09,35.118,1,3,2,1.9000000000000001,Others,0,Low Value
205,46,9,333.04,2019-02-08,2023-11-13,37.004444444444445,3,2,2,2.3499999999999996,Potential Loyalists,1,Mid Value
206,375,6,180.82999999999998,2019-03-10,2022-12-19,30.138333333333332,1,1,1,1.0,Lost,0,Low Value
207,19,11,382.12,2019-11-03,2023-12-10,34.73818181818182,5,3,2,3.3,Potential Loyalists,1,Mid Value
208,105,12,1222.88,2019-07-20,2023-09-15,101.90666666666668,2,4,5,3.7,Loyal Customers,3,High Value
209,58,8,551.55,2019-01-01,2023-11-01,68.94375,3,2,3,2.75,Potential Loyalists,1,Mid Value
210,241,14,884.02,2019-03-01,2023-05-02,63.144285714285715,2,5,5,3.95,Loyal Customers,3,High Value
211,10,13,1727.76,2019-11-24,2023-12-19,132.9046153846154,5,4,5,4.75,Champions,2,Premium
212,43,15,471.54,2019-08-19,2023-11-16,31.436,4,5,3,3.85,Loyal Customers,2,Premium
213,21,9,370.07,2019-05-21,2023-12-08,41.11888888888889,5,2,2,3.05,Potential Loyalists,1,Mid Value
214,371,4,232.63,2019-12-07,2022-12-23,58.1575,1,1,1,1.0,Lost,0,Low Value
215,282,9,677.86,2019-12-21,2023-03-22,75.31777777777778,1,2,4,2.45,Others,3,High Value
216,39,13,523.25,2020-11-18,2023-11-20,40.25,4,4,3,3.6,Loyal Customers,2,Premium
217,15,8,872.1300000000001,2019-11-18,2023-12-14,109.01625000000001,5,2,5,4.25,Others,2,Premium
218,357,10,380.53999999999996,2019-09-19,2023-01-06,38.053999999999995,1,3,2,1.9000000000000001,Others,0,Low Value
219,290,14,829.5699999999999,2019-04-27,2023-03-14,59.254999999999995,1,5,5,3.6,Others,3,High Value
220,112,10,389.66,2019-11-23,2023-09-08,38.966,2,3,2,2.25,At Risk,0,Low Value
221,165,16,633.5,2019-05-08,2023-07-17,39.59375,2,5,4,3.55,Loyal Customers,3,High Value
222,27,11,789.91,2019-09-02,2023-12-02,71.81,4,3,5,4.15,Loyal Customers,2,Premium
223,57,13,517.55,2019-04-24,2023-11-02,39.81153846153846,3,4,3,3.25,Loyal Customers,3,High Value
224,108,12,1288.74,2019-04-11,2023-09-12,107.395,2,4,5,3.7,Loyal Customers,3,High Value
225,89,13,464.11,2019-06-21,2023-10-01,35.70076923076923,2,4,3,2.9000000000000004,Loyal Customers,3,High Value
226,46,12,992.11,2019-01-01,2023-11-13,82.67583333333333,3,4,5,4.05,Loyal Customers,2,Premium
227,130,11,638.59,2019-09-02,2023-08-21,58.053636363636365,2,3,4,3.05,Loyal Customers,3,High Value
228,77,12,665.1700000000001,2019-01-05,2023-10-13,55.43083333333334,3,4,4,3.65,Loyal Customers,3,High Value
229,37,10,315.52,2019-12-07,2023-11-22,31.552,4,3,1,2.55,Potential Loyalists,1,Mid Value
230,107,16,883.57,2019-05-24,2023-09-13,55.223125,2,5,5,3.95,Loyal Customers,3,High Value
231,21,11,871.08,2019-08-27,2023-12-08,79.18909090909091,5,3,5,4.5,Loyal Customers,2,Premium
232,271,9,312.87,2019-04-15,2023-04-02,34.763333333333335,1,2,1,1.25,Lost,0,Low Value
233,52,5,216.19,2019-11-01,2023-11-07,43.238,3,1,1,1.6999999999999997,Potential Loyalists,0,Low Value
234,471,6,256.38,2019-04-11,2022-09-14,42.73,1,1,1,1.0,Lost,0,Low Value
235,70,8,262.79,2019-11-12,2023-10-20,32.84875,3,2,1,1.9499999999999997,Potential Loyalists,0,Low Value
236,2,14,537.41,2019-01-12,2023-12-27,38.38642857142857,5,5,3,4.2,Loyal Customers,2,Premium
237,381,7,349.85,2019-02-25,2022-12-13,49.978571428571435,1,1,2,1.4,Lost,0,Low Value
238,712,6,214.09,2019-11-13,2022-01-16,35.681666666666665,1,1,1,1.0,Lost,0,Low Value
239,109,9,509.61,2020-01-01,2023-09-11,56.623333333333335,2,2,3,2.4000000000000004,At Risk,0,Low Value
240,33,10,617.0799999999999,2020-05-13,2023-11-26,61.70799999999999,4,3,4,3.75,Loyal Customers,2,Premium
241,13,6,421.74,2019-06-27,2023-12-16,70.29,5,1,2,2.8,Potential Loyalists,1,Mid Value
242,46,13,484.71999999999997,2019-03-18,2023-11-13,37.286153846153844,3,4,3,3.25,Loyal Customers,3,High Value
243,24,11,522.12,2019-02-07,2023-12-05,47.46545454545455,5,3,3,3.7,Loyal Customers,1,Mid Value
244,21,11,507.35,2019-06-20,2023-12-08,46.122727272727275,5,3,3,3.7,Loyal Customers,1,Mid Value
245,40,16,684.3,2019-11-23,2023-11-19,42.76875,4,5,4,4.25,Champions,2,Premium
246,130,14,555.0600000000001,2019-03-12,2023-08-21,39.64714285714286,2,5,3,3.1500000000000004,Loyal Customers,3,High Value
247,468,4,291.03000000000003,2020-09-12,2022-09-17,72.75750000000001,1,1,1,1.0,Lost,0,Low Value
248,236,10,550.14,2019-09-08,2023-05-07,55.013999999999996,2,3,3,2.6500000000000004,Loyal Customers,3,High Value
249,46,11,470.67,2019-05-16,2023-11-13,42.78818181818182,3,3,3,3.0,Loyal Customers,3,High Value
250,34,9,326.72,2019-06-11,2023-11-25,36.30222222222223,4,2,2,2.7,Potential Loyalists,1,Mid Value
251,50,8,343.96000000000004,2019-03-09,2023-11-09,42.995000000000005,3,2,2,2.3499999999999996,Potential Loyalists,1,Mid Value
252,34,3,236.33999999999997,2021-12-26,2023-11-25,78.77999999999999,4,1,1,2.05,Potential Loyalists,1,Mid Value
253,37,10,1246.23,2020-04-12,2023-11-22,124.623,4,3,5,4.15,Loyal Customers,2,Premium
254,1,15,613.05,2019-01-01,2023-12-28,40.87,5,5,4,4.6,Champions,2,Premium
255,51,13,384.51,2019-01-01,2023-11-08,29.577692307692306,3,4,2,2.8499999999999996,At Risk,1,Mid Value
256,13,10,973.29,2019-05-15,2023-12-16,97.329,5,3,5,4.5,Loyal Customers,2,Premium
257,51,9,294.22,2019-06-17,2023-11-08,32.69111111111111,3,2,1,1.9499999999999997,Potential Loyalists,0,Low Value
258,361,10,404.8,2019-08-10,2023-01-02,40.480000000000004,1,3,2,1.9000000000000001,Others,0,Low Value
259,63,5,290.83000000000004,2019-11-23,2023-10-27,58.16600000000001,3,1,1,1.6999999999999997,Potential Loyalists,0,Low Value
260,15,13,494.35,2019-06-18,2023-12-14,38.026923076923076,5,4,3,3.95,Loyal Customers,2,Premium
261,262,9,636.08,2019-12-13,2023-04-11,70.67555555555556,1,2,4,2.45,Others,3,High Value
262,684,5,244.97,2019-01-05,2022-02-13,48.994,1,1,1,1.0,Lost,0,Low Value
263,51,10,411.95,2019-02-18,2023-11-08,41.195,3,3,2,2.5999999999999996,Potential Loyalists,1,Mid Value
264,24,9,678.97,2019-08-19,2023-12-05,75.44111111111111,5,2,4,3.85,Others,1,Mid Value
265,46,13,662.23,2019-03-11,2023-11-13,50.940769230769234,3,4,4,3.65,Loyal Customers,3,High Value
266,409,5,219.39000000000001,2019-12-13,2022-11-15,43.878,1,1,1,1.0,Lost,0,Low Value
267,22,14,599.09,2019-08-10,2023-12-07,42.792142857142856,5,5,4,4.6,Champions,2,Premium
268,689,14,534.18,2019-01-28,2022-02-08,38.15571428571428,1,5,3,2.8000000000000003,Others,3,High Value
269,57,6,158.29,2019-03-19,2023-11-02,26.381666666666664,3,1,1,1.6999999999999997,Potential Loyalists,0,Low Value
270,15,8,284.12,2020-02-10,2023-12-14,35.515,5,2,1,2.65,Potential Loyalists,1,Mid Value
271,3,11,401.51,2019-05-26,2023-12-26,36.50090909090909,5,3,2,3.3,Potential Loyalists,1,Mid Value
272,5,12,675.6700000000001,2019-09-23,2023-12-24,56.30583333333334,5,4,4,4.35,Champions,2,Premium
273,20,11,421.35,2019-02-17,2023-12-09,38.304545454545455,5,3,2,3.3,Potential Loyalists,1,Mid Value
274,414,9,259.44,2020-06-17,2022-11-10,28.826666666666668,1,2,1,1.25,Lost,0,Low Value
275,315,5,316.75,2020-08-08,2023-02-17,63.35,1,1,1,1.0,Lost,0,Low Value
276,202,14,708.85,2019-05-12,2023-06-10,50.63214285714286,2,5,4,3.55,Loyal Customers,3,High Value
277,42,8,301.24,2019-05-05,2023-11-17,37.655,4,2,1,2.3,Potential Loyalists,1,Mid Value
278,397,13,520.02,2019-10-26,2022-11-27,40.00153846153846,1,4,3,2.5500000000000003,Others,3,High Value
279,81,9,402.21000000000004,2019-04-02,2023-10-09,44.690000000000005,3,2,2,2.3499999999999996,Potential Loyalists,1,Mid Value
280,202,8,341.16,2019-03-02,2023-06-10,42.645,2,2,2,2.0,At Risk,0,Low Value
281,54,6,427.1,2019-12-16,2023-11-05,71.18333333333334,3,1,3,2.5,Potential Loyalists,1,Mid Value
282,9,12,395.65999999999997,2019-02-12,2023-12-20,32.971666666666664,5,4,2,3.55,Others,1,Mid Value
283,38,8,474.54999999999995,2020-10-07,2023-11-21,59.318749999999994,4,2,3,3.1,Potential Loyalists,1,Mid Value
284,17,16,2001.8,2019-06-21,2023-12-12,125.1125,5,5,5,5.0,Champions,2,Premium
285,18,11,563.74,2019-07-11,2023-12-11,51.24909090909091,5,3,4,4.1,Loyal Customers,2,Premium
286,8,11,438.84000000000003,2019-10-11,2023-12-21,39.89454545454546,5,3,3,3.7,Loyal Customers,1,Mid Value
287,211,9,366.14,2019-03-24,2023-06-01,40.68222222222222,2,2,2,2.0,At Risk,0,Low Value
288,48,9,598.37,2020-03-23,2023-11-11,66.48555555555555,3,2,4,3.15,At Risk,3,High Value
289,70,8,542.98,2019-11-02,2023-10-20,67.8725,3,2,3,2.75,Potential Loyalists,1,Mid Value
290,376,11,862.1,2019-05-14,2022-12-18,78.37272727272727,1,3,5,3.1,Others,3,High Value
291,290,9,622.9200000000001,2019-10-02,2023-03-14,69.21333333333334,1,2,4,2.45,Others,3,High Value
292,6,9,632.91,2019-01-05,2023-12-23,70.32333333333332,5,2,4,3.85,Others,1,Mid Value
293,132,8,878.9,2019-01-17,2023-08-19,109.8625,2,2,5,3.2,At Risk,3,High Value
294,58,9,665.0699999999999,2019-12-27,2023-11-01,73.89666666666666,3,2,4,3.15,At Risk,3,High Value
295,58,11,632.22,2019-05-19,2023-11-01,57.474545454545456,3,3,4,3.4,Loyal Customers,3,High Value
296,200,13,773.55,2019-10-28,2023-06-12,59.50384615384615,2,4,5,3.7,Loyal Customers,3,High Value
297,276,10,560.59,2020-06-11,2023-03-28,56.059000000000005,1,3,4,2.7,Others,3,High Value
298,13,12,1191.91,2019-02-10,2023-12-16,99.32583333333334,5,4,5,4.75,Champions,2,Premium
299,99,10,372.75,2020-01-13,2023-09-21,37.275,2,3,2,2.25,At Risk,0,Low Value
300,18,13,643.07,2019-01-23,2023-12-11,49.46692307692308,5,4,4,4.35,Champions,2,Premium
301,392,9,513.15,2019-01-08,2022-12-02,57.016666666666666,1,2,3,2.0500000000000003,Others,0,Low Value
302,1,8,504.09000000000003,2019-05-25,2023-12-28,63.011250000000004,5,2,3,3.45,Potential Loyalists,1,Mid Value
303,36,11,524.23,2019-01-20,2023-11-23,47.657272727272726,4,3,3,3.35,Loyal Customers,1,Mid Value
304,38,19,746.5,2019-04-08,2023-11-21,39.28947368421053,4,5,4,4.25,Champions,2,Premium
305,54,11,340.26,2019-11-15,2023-11-05,30.932727272727274,3,3,2,2.5999999999999996,Potential Loyalists,1,Mid Value
306,73,10,796.75,2019-10-25,2023-10-17,79.675,3,3,5,3.8,Loyal Customers,3,High Value
307,399,16,1020.59,2019-01-10,2022-11-25,63.786875,1,5,5,3.6,Others,3,High Value
308,20,8,222.25,2019-03-26,2023-12-09,27.78125,5,2,1,2.65,Potential Loyalists,1,Mid Value
309,13,11,768.07,2019-07-08,2023-12-16,69.82454545454546,5,3,5,4.5,Loyal Customers,2,Premium
310,93,9,565.91,2019-01-19,2023-09-27,62.87888888888889,2,2,4,2.8,At Risk,3,High Value
311,74,11,513.13,2019-01-07,2023-10-16,46.64818181818182,3,3,3,3.0,Loyal Customers,3,High Value
312,766,8,1238.07,2019-09-25,2021-11-23,154.75875,1,2,5,2.85,Others,3,High Value
313,154,8,296.24,2020-01-25,2023-07-28,37.03,2,2,1,1.6,Lost,0,Low Value
314,141,9,546.63,2019-03-20,2023-08-10,60.736666666666665,2,2,3,2.4000000000000004,At Risk,0,Low Value
315,40,13,976.83,2019-05-08,2023-11-19,75.14076923076924,4,4,5,4.4,Champions,2,Premium
316,88,11,511.58,2019-05-19,2023-10-02,46.50727272727273,2,3,3,2.6500000000000004,Loyal Customers,3,High Value
317,419,7,460.70000000000005,2019-01-11,2022-11-05,65.81428571428572,1,1,3,1.8000000000000003,Others,0,Low Value
318,39,13,842.39,2019-05-20,2023-11-20,64.79923076923077,4,4,5,4.4,Champions,2,Premium
319,346,8,1081.36,2019-09-05,2023-01-17,135.17,1,2,5,2.85,Others,3,High Value
320,253,10,564.48,2019-07-04,2023-04-20,56.448,1,3,4,2.7,Others,3,High Value
321,108,15,820.8199999999999,2019-04-14,2023-09-12,54.72133333333333,2,5,5,3.95,Loyal Customers,3,High Value
322,245,4,467.02,2019-04-04,2023-04-28,116.755,2,1,3,2.1500000000000004,Others,0,Low Value
323,405,9,805.36,2019-08-25,2022-11-19,89.48444444444445,1,2,5,2.85,Others,3,High Value
324,7,4,352.56,2019-10-05,2023-12-22,88.14,5,1,2,2.8,Potential Loyalists,1,Mid Value
325,200,7,420.39,2019-04-19,2023-06-12,60.05571428571428,2,1,2,1.75,Lost,0,Low Value
326,11,11,559.84,2019-04-05,2023-12-18,50.89454545454546,5,3,4,4.1,Loyal Customers,2,Premium
327,13,13,431.44,2019-01-17,2023-12-16,33.18769230769231,5,4,3,3.95,Loyal Customers,2,Premium
328,271,6,200.01,2020-05-19,2023-04-02,33.335,1,1,1,1.0,Lost,0,Low Value
329,9,13,1101.6200000000001,2019-10-06,2023-12-20,84.74000000000001,5,4,5,4.75,Champions,2,Premium
330,374,7,505.12,2019-11-26,2022-12-20,72.16,1,1,3,1.8000000000000003,Others,0,Low Value
331,58,11,366.2,2019-08-21,2023-11-01,33.29090909090909,3,3,2,2.5999999999999996,Potential Loyalists,1,Mid Value
332,277,13,744.5699999999999,2019-02-09,2023-03-27,57.27461538461538,1,4,4,2.95,Others,3,High Value
333,48,15,805.6,2019-01-07,2023-11-11,53.70666666666667,3,5,5,4.3,Loyal Customers,2,Premium
334,35,12,701.6800000000001,2019-04-21,2023-11-24,58.473333333333336,4,4,4,4.0,Champions,2,Premium
335,3,11,378.13,2019-11-17,2023-12-26,34.375454545454545,5,3,2,3.3,Potential Loyalists,1,Mid Value
336,494,8,327.5,2019-04-27,2022-08-22,40.9375,1,2,2,1.65,Lost,0,Low Value
337,43,7,438.95,2019-12-27,2023-11-16,62.707142857142856,4,1,3,2.85,Potential Loyalists,1,Mid Value
338,16,13,630.7,2019-09-10,2023-12-13,48.51538461538462,5,4,4,4.35,Champions,2,Premium
339,48,13,692.13,2019-04-26,2023-11-11,53.24076923076923,3,4,4,3.65,Loyal Customers,3,High Value
340,48,9,590.82,2020-01-12,2023-11-11,65.64666666666668,3,2,4,3.15,At Risk,3,High Value
341,35,14,831.85,2019-04-01,2023-11-24,59.417857142857144,4,5,5,4.65,Champions,2,Premium
342,14,5,303.75,2020-11-02,2023-12-15,60.75,5,1,1,2.4,Potential Loyalists,1,Mid Value
343,85,9,276.3,2019-12-01,2023-10-05,30.700000000000003,3,2,1,1.9499999999999997,Potential Loyalists,0,Low Value
344,72,10,334.65999999999997,2019-11-10,2023-10-18,33.465999999999994,3,3,2,2.5999999999999996,Potential Loyalists,1,Mid Value
345,50,7,332.85,2020-08-08,2023-11-09,47.550000000000004,3,1,2,2.0999999999999996,Potential Loyalists,0,Low Value
346,107,16,870.6999999999999,2019-01-06,2023-09-13,54.418749999999996,2,5,5,3.95,Loyal Customers,3,High Value
347,49,11,422.94,2020-11-24,2023-11-10,38.449090909090906,3,3,2,2.5999999999999996,Potential Loyalists,1,Mid Value
348,258,12,438.83,2019-03-27,2023-04-15,36.56916666666667,1,4,3,2.5500000000000003,Others,3,High Value
349,15,6,324.75,2019-07-20,2023-12-14,54.125,5,1,2,2.8,Potential Loyalists,1,Mid Value
350,41,7,346.85,2020-06-06,2023-11-18,49.550000000000004,4,1,2,2.45,Potential Loyalists,1,Mid Value
351,124,7,372.88,2020-08-19,2023-08-27,53.26857142857143,2,1,2,1.75,Lost,0,Low Value
352,50,14,553.46,2019-01-14,2023-11-09,39.53285714285715,3,5,3,3.5,Loyal Customers,2,Premium
353,877,7,953.41,2019-04-03,2021-08-04,136.20142857142858,1,1,5,2.6,Others,3,High Value
354,776,8,303.96,2019-01-23,2021-11-13,37.995,1,2,1,1.25,Lost,0,Low Value
355,18,9,481.4,2020-06-05,2023-12-11,53.48888888888889,5,2,3,3.45,Potential Loyalists,1,Mid Value
356,326,11,394.85,2019-11-23,2023-02-06,35.89545454545455,1,3,2,1.9000000000000001,Others,0,Low Value
357,65,10,766.5,2019-04-19,2023-10-25,76.65,3,3,5,3.8,Loyal Customers,3,High Value
358,36,14,520.04,2020-01-10,2023-11-23,37.145714285714284,4,5,3,3.85,Loyal Customers,2,Premium
359,62,12,359.33,2019-02-02,2023-10-28,29.944166666666664,3,4,2,2.8499999999999996,At Risk,1,Mid Value
360,93,9,1020.08,2019-06-21,2023-09-27,113.34222222222223,2,2,5,3.2,At Risk,3,High Value
361,215,15,680.85,2019-09-18,2023-05-28,45.39,2,5,4,3.55,Loyal Customers,3,High Value
362,15,14,761.27,2019-11-13,2023-12-14,54.37642857142857,5,5,4,4.6,Champions,2,Premium
363,411,9,315.98,2019-02-06,2022-11-13,35.10888888888889,1,2,1,1.25,Lost,0,Low Value
364,58,9,347.76,2019-09-25,2023-11-01,38.64,3,2,2,2.3499999999999996,Potential Loyalists,1,Mid Value
365,70,8,761.63,2019-12-10,2023-10-20,95.20375,3,2,4,3.15,At Risk,3,High Value
366,433,6,443.39,2020-11-17,2022-10-22,73.89833333333333,1,1,3,1.8000000000000003,Others,0,Low Value
367,295,9,345.69,2020-02-10,2023-03-09,38.41,1,2,2,1.65,Lost,0,Low Value
368,54,6,407.96,2019-11-16,2023-11-05,67.99333333333333,3,1,2,2.0999999999999996,Potential Loyalists,0,Low Value
369,2,10,738.24,2020-08-28,2023-12-27,73.824,5,3,4,4.1,Loyal Customers,2,Premium
370,49,11,366.95,2019-04-20,2023-11-10,33.35909090909091,3,3,2,2.5999999999999996,Potential Loyalists,1,Mid Value
371,47,14,1637.23,2019-10-10,2023-11-12,116.94500000000001,3,5,5,4.3,Loyal Customers,2,Premium
372,20,13,356.72,2019-12-12,2023-12-09,27.44,5,4,2,3.55,Others,1,Mid Value
373,409,11,441.27,2019-11-06,2022-11-15,40.11545454545455,1,3,3,2.3000000000000003,Others,3,High Value
374,31,6,193.19,2019-08-14,2023-11-28,32.19833333333333,4,1,1,2.05,Potential Loyalists,1,Mid Value
375,221,7,502.88,2019-03-23,2023-05-22,71.84,2,1,3,2.1500000000000004,Others,0,Low Value
376,157,8,273.21,2019-11-24,2023-07-25,34.15125,2,2,1,1.6,Lost,0,Low Value
377,62,11,574.84,2020-04-26,2023-10-28,52.25818181818182,3,3,4,3.4,Loyal Customers,3,High Value
378,481,10,372.32,2019-01-12,2022-09-04,37.232,1,3,2,1.9000000000000001,Others,0,Low Value
379,35,14,630.33,2019-03-25,2023-11-24,45.02357142857143,4,5,4,4.25,Champions,2,Premium
380,84,14,864.12,2019-01-28,2023-10-06,61.722857142857144,3,5,5,4.3,Loyal Customers,2,Premium
381,43,11,672.59,2019-08-13,2023-11-16,61.14454545454546,4,3,4,3.75,Loyal Customers,2,Premium
382,88,7,226.26,2019-08-14,2023-10-02,32.32285714285714,2,1,1,1.35,Lost,0,Low Value
383,87,8,275.17,2019-02-21,2023-10-03,34.39625,2,2,1,1.6,Lost,0,Low Value
384,7,9,434.56,2019-01-28,2023-12-22,48.284444444444446,5,2,3,3.45,Potential Loyalists,1,Mid Value
385,108,11,366.38,2019-11-06,2023-09-12,33.307272727272725,2,3,2,2.25,At Risk,0,Low Value
386,317,3,156.07999999999998,2019-11-02,2023-02-15,52.026666666666664,1,1,1,1.0,Lost,0,Low Value
387,8,10,539.9,2019-09-24,2023-12-21,53.989999999999995,5,3,3,3.7,Loyal Customers,1,Mid Value
388,33,11,731.64,2019-10-23,2023-11-26,66.51272727272728,4,3,4,3.75,Loyal Customers,2,Premium
389,2,10,720.5400000000001,2019-11-13,2023-12-27,72.054,5,3,4,4.1,Loyal Customers,2,Premium
390,8,9,499.97,2019-09-19,2023-12-21,55.55222222222223,5,2,3,3.45,Potential Loyalists,1,Mid Value
391,247,9,278.34000000000003,2019-06-28,2023-04-26,30.92666666666667,1,2,1,1.25,Lost,0,Low Value
392,12,8,203.59,2019-09-15,2023-12-17,25.44875,5,2,1,2.65,Potential Loyalists,1,Mid Value
393,89,10,311.48,2020-11-22,2023-10-01,31.148000000000003,2,3,1,1.85,Others,0,Low Value
394,93,10,275.32,2019-10-24,2023-09-27,27.532,2,3,1,1.85,Others,0,Low Value
395,45,8,578.8100000000001,2019-02-12,2023-11-14,72.35125000000001,3,2,4,3.15,At Risk,3,High Value
396,33,8,273.99,2020-06-19,2023-11-26,34.24875,4,2,1,2.3,Potential Loyalists,1,Mid Value
397,13,13,849.95,2019-04-06,2023-12-16,65.38076923076923,5,4,5,4.75,Champions,2,Premium
398,93,14,702.16,2019-03-22,2023-09-27,50.15428571428571,2,5,4,3.55,Loyal Customers,3,High Value
399,16,13,1010.0600000000001,2019-06-07,2023-12-13,77.69692307692308,5,4,5,4.75,Champions,2,Premium
400,34,11,555.4,2020-03-21,2023-11-25,50.49090909090909,4,3,4,3.75,Loyal Customers,2,Premium
401,31,14,780.28,2019-02-21,2023-11-28,55.73428571428571,4,5,5,4.65,Champions,2,Premium
402,117,10,446.99,2019-12-17,2023-09-03,44.699,2,3,3,2.6500000000000004,Loyal Customers,3,High Value
403,55,9,464.11,2020-08-12,2023-11-04,51.56777777777778,3,2,3,2.75,Potential Loyalists,1,Mid Value
404,117,9,335.88,2019-03-16,2023-09-03,37.32,2,2,2,2.0,At Risk,0,Low Value
405,330,6,460.58,2020-05-20,2023-02-02,76.76333333333334,1,1,3,1.8000000000000003,Others,0,Low Value
406,44,5,206.12,2019-01-05,2023-11-15,41.224000000000004,4,1,1,2.05,Potential Loyalists,1,Mid Value
407,27,12,505.76,2019-03-01,2023-12-02,42.14666666666667,4,4,3,3.6,Loyal Customers,2,Premium
408,36,13,582.79,2019-11-11,2023-11-23,44.83,4,4,4,4.0,Champions,2,Premium
409,22,13,965.32,2019-07-17,2023-12-07,74.25538461538461,5,4,5,4.75,Champions,2,Premium
410,47,10,369.6,2020-10-22,2023-11-12,36.96,3,3,2,2.5999999999999996,Potential Loyalists,1,Mid Value
411,48,9,361.94,2019-02-18,2023-11-11,40.215555555555554,3,2,2,2.3499999999999996,Potential Loyalists,1,Mid Value
412,51,8,309.74,2019-02-26,2023-11-08,38.7175,3,2,1,1.9499999999999997,Potential Loyalists,0,Low Value
413,1,12,484.43,2019-09-21,2023-12-28,40.369166666666665,5,4,3,3.95,Loyal Customers,2,Premium
414,2,11,432.53999999999996,2019-05-14,2023-12-27,39.32181818181818,5,3,3,3.7,Loyal Customers,1,Mid Value
415,45,13,1378.3200000000002,2019-11-05,2023-11-14,106.0246153846154,3,4,5,4.05,Loyal Customers,2,Premium
416,52,9,296.89,2019-09-04,2023-11-07,32.98777777777778,3,2,1,1.9499999999999997,Potential Loyalists,0,Low Value
417,7,8,371.68,2020-05-21,2023-12-22,46.46,5,2,2,3.05,Potential Loyalists,1,Mid Value
418,7,12,361.92,2019-04-21,2023-12-22,30.16,5,4,2,3.55,Others,1,Mid Value
419,107,15,973.19,2019-04-01,2023-09-13,64.87933333333334,2,5,5,3.95,Loyal Customers,3,High Value
420,280,10,310.46,2019-05-23,2023-03-24,31.046,1,3,1,1.5,Others,0,Low Value
421,16,10,728.1,2019-11-17,2023-12-13,72.81,5,3,4,4.1,Loyal Customers,2,Premium
422,31,10,535.5699999999999,2019-02-12,2023-11-28,53.556999999999995,4,3,3,3.35,Loyal Customers,1,Mid Value
423,40,10,369.77,2019-01-13,2023-11-19,36.977,4,3,2,2.95,Potential Loyalists,1,Mid Value
424,33,14,466.69000000000005,2019-05-12,2023-11-26,33.335,4,5,3,3.85,Loyal Customers,2,Premium
425,15,9,388.82,2019-05-11,2023-12-14,43.20222222222222,5,2,2,3.05,Potential Loyalists,1,Mid Value
426,164,5,230.32,2020-09-19,2023-07-18,46.064,2,1,1,1.35,Lost,0,Low Value
427,117,15,894.71,2019-05-22,2023-09-03,59.647333333333336,2,5,5,3.95,Loyal Customers,3,High Value
428,23,19,705.29,2019-11-10,2023-12-06,37.12052631578947,5,5,4,4.6,Champions,2,Premium
429,87,11,425.84,2019-01-12,2023-10-03,38.71272727272727,2,3,2,2.25,At Risk,0,Low Value
430,165,11,395.07,2019-01-12,2023-07-17,35.915454545454544,2,3,2,2.25,At Risk,0,Low Value
431,18,9,262.32,2020-05-27,2023-12-11,29.146666666666665,5,2,1,2.65,Potential Loyalists,1,Mid Value
432,13,12,475.31,2019-07-16,2023-12-16,39.60916666666667,5,4,3,3.95,Loyal Customers,2,Premium
433,6,7,300.65999999999997,2019-05-21,2023-12-23,42.951428571428565,5,1,1,2.4,Potential Loyalists,1,Mid Value
434,83,9,536.25,2019-05-21,2023-10-07,59.583333333333336,3,2,3,2.75,Potential Loyalists,1,Mid Value
435,44,9,408.21999999999997,2020-11-15,2023-11-15,45.35777777777778,4,2,2,2.7,Potential Loyalists,1,Mid Value
436,614,10,598.39,2019-02-24,2022-04-24,59.839,1,3,4,2.7,Others,3,High Value
437,10,9,313.32,2019-04-04,2023-12-19,34.81333333333333,5,2,1,2.65,Potential Loyalists,1,Mid Value
438,44,12,478.53,2019-04-05,2023-11-15,39.8775,4,4,3,3.6,Loyal Customers,2,Premium
439,27,12,366.55,2019-05-14,2023-12-02,30.545833333333334,4,4,2,3.2,Others,1,Mid Value
440,41,5,225.13,2019-11-06,2023-11-18,45.025999999999996,4,1,1,2.05,Potential Loyalists,1,Mid Value
441,36,9,526.54,2019-11-19,2023-11-23,58.50444444444444,4,2,3,3.1,Potential Loyalists,1,Mid Value
442,139,10,381.32,2019-01-21,2023-08-12,38.132,2,3,2,2.25,At Risk,0,Low Value
443,416,4,168.04000000000002,2021-07-16,2022-11-08,42.010000000000005,1,1,1,1.0,Lost,0,Low Value
444,38,14,798.25,2019-03-17,2023-11-21,57.017857142857146,4,5,5,4.65,Champions,2,Premium
445,423,11,1130.96,2019-08-24,2022-11-01,102.81454545454545,1,3,5,3.1,Others,3,High Value
446,205,11,393.87,2019-09-07,2023-06-07,35.806363636363635,2,3,2,2.25,At Risk,0,Low Value
447,226,8,280.33,2019-02-23,2023-05-17,35.04125,2,2,1,1.6,Lost,0,Low Value
448,5,12,432.53,2020-06-09,2023-12-24,36.04416666666666,5,4,3,3.95,Loyal Customers,2,Premium
449,418,10,405.36,2019-09-02,2022-11-06,40.536,1,3,2,1.9000000000000001,Others,0,Low Value
450,15,10,826.32,2019-12-02,2023-12-14,82.632,5,3,5,4.5,Loyal Customers,2,Premium
451,58,12,417.84000000000003,2019-03-27,2023-11-01,34.82,3,4,2,2.8499999999999996,At Risk,1,Mid Value
452,10,16,918.07,2019-01-06,2023-12-19,57.379375,5,5,5,5.0,Champions,2,Premium
453,744,9,361.82,2019-11-26,2021-12-15,40.20222222222222,1,2,2,1.65,Lost,0,Low Value
454,143,10,387.21,2019-07-03,2023-08-08,38.721,2,3,2,2.25,At Risk,0,Low Value
455,31,13,441.71,2019-05-17,2023-11-28,33.97769230769231,4,4,3,3.6,Loyal Customers,2,Premium
456,52,9,240.56,2019-11-03,2023-11-07,26.72888888888889,3,2,1,1.9499999999999997,Potential Loyalists,0,Low Value
457,57,7,1090.45,2019-01-17,2023-11-02,155.77857142857144,3,1,5,3.3,Others,3,High Value
458,307,8,1101.6399999999999,2019-03-11,2023-02-25,137.70499999999998,1,2,5,2.85,Others,3,High Value
459,84,13,709.91,2020-04-01,2023-10-06,54.60846153846153,3,4,4,3.65,Loyal Customers,3,High Value
460,387,7,335.16,2019-11-09,2022-12-07,47.88,1,1,2,1.4,Lost,0,Low Value
461,498,7,406.16999999999996,2019-02-19,2022-08-18,58.02428571428571,1,1,2,1.4,Lost,0,Low Value
462,197,11,809.51,2019-07-26,2023-06-15,73.59181818181818,2,3,5,3.45,Loyal Customers,3,High Value
463,40,10,469.44,2019-11-01,2023-11-19,46.944,4,3,3,3.35,Loyal Customers,1,Mid Value
464,165,12,675.68,2019-07-25,2023-07-17,56.306666666666665,2,4,4,3.3,Loyal Customers,3,High Value
465,23,13,596.72,2019-01-17,2023-12-06,45.901538461538465,5,4,4,4.35,Champions,2,Premium
466,375,9,315.3,2019-05-06,2022-12-19,35.03333333333333,1,2,1,1.25,Lost,0,Low Value
467,9,7,206.79,2020-11-19,2023-12-20,29.541428571428572,5,1,1,2.4,Potential Loyalists,1,Mid Value
468,238,12,1359.6,2019-04-01,2023-05-05,113.3,2,4,5,3.7,Loyal Customers,3,High Value
469,57,8,290.19,2019-02-12,2023-11-02,36.27375,3,2,1,1.9499999999999997,Potential Loyalists,0,Low Value
470,16,10,304.63,2019-03-02,2023-12-13,30.463,5,3,1,2.9,Potential Loyalists,1,Mid Value
471,31,14,555.3,2019-08-17,2023-11-28,39.66428571428571,4,5,3,3.85,Loyal Customers,2,Premium
472,188,8,536.74,2020-03-14,2023-06-24,67.0925,2,2,3,2.4000000000000004,At Risk,0,Low Value
473,38,13,376.71,2019-10-05,2023-11-21,28.977692307692305,4,4,2,3.2,Others,1,Mid Value
474,45,6,330.58,2020-05-04,2023-11-14,55.096666666666664,3,1,2,2.0999999999999996,Potential Loyalists,0,Low Value
475,9,8,578.06,2020-04-01,2023-12-20,72.2575,5,2,4,3.85,Others,1,Mid Value
476,43,8,1767.8400000000001,2020-09-05,2023-11-16,220.98000000000002,4,2,5,3.9,Others,2,Premium
477,446,6,259.04,2019-09-16,2022-10-09,43.17333333333334,1,1,1,1.0,Lost,0,Low Value
478,422,12,533.52,2019-03-02,2022-11-02,44.46,1,4,3,2.5500000000000003,Others,3,High Value
479,319,12,568.9,2019-03-06,2023-02-13,47.40833333333333,1,4,4,2.95,Others,3,High Value
480,413,6,349.2,2019-02-28,2022-11-11,58.199999999999996,1,1,2,1.4,Lost,0,Low Value
481,36,11,912.98,2020-01-21,2023-11-23,82.99818181818182,4,3,5,4.15,Loyal Customers,2,Premium
482,131,11,764.08,2019-03-11,2023-08-20,69.46181818181819,2,3,4,3.05,Loyal Customers,3,High Value
483,52,7,510.04,2020-05-20,2023-11-07,72.86285714285715,3,1,3,2.5,Potential Loyalists,1,Mid Value
484,87,9,694.02,2019-11-05,2023-10-03,77.11333333333333,2,2,4,2.8,At Risk,3,High Value
485,276,10,313.23,2019-02-04,2023-03-28,31.323,1,3,1,1.5,Others,0,Low Value
486,300,8,412.26,2019-03-24,2023-03-04,51.5325,1,2,2,1.65,Lost,0,Low Value
487,8,11,433.82,2019-06-14,2023-12-21,39.43818181818182,5,3,3,3.7,Loyal Customers,1,Mid Value
488,24,13,419.38,2020-01-14,2023-12-05,32.26,5,4,2,3.55,Others,1,Mid Value
489,277,11,427.45,2020-01-12,2023-03-27,38.85909090909091,1,3,3,2.3000000000000003,Others,3,High Value
490,117,5,309.68,2019-03-26,2023-09-03,61.936,2,1,1,1.35,Lost,0,Low Value
491,11,11,418.59,2021-01-03,2023-12-18,38.053636363636365,5,3,2,3.3,Potential Loyalists,1,Mid Value
492,134,10,649.74,2019-09-19,2023-08-17,64.974,2,3,4,3.05,Loyal Customers,3,High Value
493,418,8,901.53,2019-07-05,2022-11-06,112.69125,1,2,5,2.85,Others,3,High Value
494,48,10,640.92,2019-01-21,2023-11-11,64.092,3,3,4,3.4,Loyal Customers,3,High Value
495,15,13,694.92,2019-01-15,2023-12-14,53.45538461538461,5,4,4,4.35,Champions,2,Premium
496,50,12,415.82,2019-06-09,2023-11-09,34.651666666666664,3,4,2,2.8499999999999996,At Risk,1,Mid Value
497,440,7,967.74,2019-08-25,2022-10-15,138.24857142857144,1,1,5,2.6,Others,3,High Value
498,558,4,183.37,2019-05-25,2022-06-19,45.8425,1,1,1,1.0,Lost,0,Low Value
499,186,11,485.69,2019-04-17,2023-06-26,44.153636363636366,2,3,3,2.6500000000000004,Loyal Customers,3,High Value
500,401,12,384.97,2019-05-08,2022-11-23,32.08083333333334,1,4,2,2.1500000000000004,Others,3,High Value
501,157,12,751.05,2019-08-22,2023-07-25,62.5875,2,4,4,3.3,Loyal Customers,3,High Value
502,290,11,735.48,2019-01-15,2023-03-14,66.86181818181818,1,3,4,2.7,Others,3,High Value
503,398,14,513.23,2019-06-02,2022-11-26,36.659285714285716,1,5,3,2.8000000000000003,Others,3,High Value
504,198,9,462.67,2019-04-20,2023-06-14,51.40777777777778,2,2,3,2.4000000000000004,At Risk,0,Low Value
505,43,10,386.95,2019-04-13,2023-11-16,38.695,4,3,2,2.95,Potential Loyalists,1,Mid Value
506,80,14,1049.55,2019-10-10,2023-10-10,74.96785714285714,3,5,5,4.3,Loyal Customers,2,Premium
507,174,8,272.04,2019-07-02,2023-07-08,34.005,2,2,1,1.6,Lost,0,Low Value
508,53,10,537.4,2019-05-03,2023-11-06,53.739999999999995,3,3,3,3.0,Loyal Customers,3,High Value
509,185,11,2183.0,2019-04-20,2023-06-27,198.45454545454547,2,3,5,3.45,Loyal Customers,3,High Value
510,285,15,464.24,2019-04-28,2023-03-19,30.949333333333335,1,5,3,2.8000000000000003,Others,3,High Value
511,181,2,97.05000000000001,2021-04-12,2023-07-01,48.525000000000006,2,1,1,1.35,Lost,0,Low Value
512,330,8,449.71999999999997,2019-01-17,2023-02-02,56.214999999999996,1,2,3,2.0500000000000003,Others,0,Low Value
513,481,8,253.88,2019-05-20,2022-09-04,31.735,1,2,1,1.25,Lost,0,Low Value
514,44,10,925.29,2019-02-10,2023-11-15,92.529,4,3,5,4.15,Loyal Customers,2,Premium
515,31,13,536.5500000000001,2019-10-01,2023-11-28,41.27307692307693,4,4,3,3.6,Loyal Customers,2,Premium
516,31,4,103.71,2021-09-03,2023-11-28,25.9275,4,1,1,2.05,Potential Loyalists,1,Mid Value
517,16,9,421.43,2020-01-24,2023-12-13,46.82555555555555,5,2,2,3.05,Potential Loyalists,1,Mid Value
518,397,10,528.58,2019-11-20,2022-11-27,52.858000000000004,1,3,3,2.3000000000000003,Others,3,High Value
519,25,8,442.39,2019-01-04,2023-12-04,55.29875,4,2,3,3.1,Potential Loyalists,1,Mid Value
520,50,7,203.25,2019-05-17,2023-11-09,29.035714285714285,3,1,1,1.6999999999999997,Potential Loyalists,0,Low Value
521,418,14,468.14,2019-03-08,2022-11-06,33.43857142857143,1,5,3,2.8000000000000003,Others,3,High Value
522,368,7,387.46000000000004,2019-05-18,2022-12-26,55.35142857142858,1,1,2,1.4,Lost,0,Low Value
523,104,7,477.07,2019-06-25,2023-09-16,68.15285714285714,2,1,3,2.1500000000000004,Others,0,Low Value
524,336,13,528.46,2019-02-07,2023-01-27,40.650769230769235,1,4,3,2.5500000000000003,Others,3,High Value
525,26,6,336.11,2019-11-04,2023-12-03,56.01833333333334,4,1,2,2.45,Potential Loyalists,1,Mid Value
526,49,14,839.5,2019-07-27,2023-11-10,59.964285714285715,3,5,5,4.3,Loyal Customers,2,Premium
527,58,12,669.7,2019-06-14,2023-11-01,55.80833333333334,3,4,4,3.65,Loyal Customers,3,High Value
528,240,9,299.32,2019-10-04,2023-05-03,33.257777777777775,2,2,1,1.6,Lost,0,Low Value
529,412,6,430.07,2019-04-03,2022-11-12,71.67833333333333,1,1,3,1.8000000000000003,Others,0,Low Value
530,738,7,205.66,2019-11-12,2021-12-21,29.38,1,1,1,1.0,Lost,0,Low Value
531,232,14,894.1,2019-11-05,2023-05-11,63.864285714285714,2,5,5,3.95,Loyal Customers,3,High Value
532,27,8,226.45,2019-12-16,2023-12-02,28.30625,4,2,1,2.3,Potential Loyalists,1,Mid Value
533,45,7,397.65999999999997,2020-01-19,2023-11-14,56.808571428571426,3,1,2,2.0999999999999996,Potential Loyalists,0,Low Value
534,145,7,316.49,2020-11-22,2023-08-06,45.212857142857146,2,1,1,1.35,Lost,0,Low Value
535,109,12,523.28,2019-01-03,2023-09-11,43.60666666666666,2,4,3,2.9000000000000004,Loyal Customers,3,High Value
536,23,11,380.14,2019-02-04,2023-12-06,34.558181818181815,5,3,2,3.3,Potential Loyalists,1,Mid Value
537,3,6,246.92000000000002,2019-12-12,2023-12-26,41.153333333333336,5,1,1,2.4,Potential Loyalists,1,Mid Value
538,18,8,331.27,2019-02-05,2023-12-11,41.40875,5,2,2,3.05,Potential Loyalists,1,Mid Value
539,106,10,338.8,2019-11-01,2023-09-14,33.88,2,3,2,2.25,At Risk,0,Low Value
540,89,11,1356.17,2019-01-14,2023-10-01,123.28818181818183,2,3,5,3.45,Loyal Customers,3,High Value
541,117,10,1470.18,2019-05-12,2023-09-03,147.018,2,3,5,3.45,Loyal Customers,3,High Value
542,52,11,597.17,2019-11-01,2023-11-07,54.28818181818181,3,3,4,3.4,Loyal Customers,3,High Value
543,402,9,306.88,2019-02-14,2022-11-22,34.09777777777778,1,2,1,1.25,Lost,0,Low Value
544,88,13,411.14,2019-01-28,2023-10-02,31.626153846153844,2,4,2,2.5,At Risk,3,High Value
545,70,8,318.13,2019-06-16,2023-10-20,39.76625,3,2,2,2.3499999999999996,Potential Loyalists,1,Mid Value
546,50,11,608.88,2019-02-16,2023-11-09,55.35272727272727,3,3,4,3.4,Loyal Customers,3,High Value
547,108,12,348.56,2019-04-14,2023-09-12,29.046666666666667,2,4,2,2.5,At Risk,3,High Value
548,26,14,829.22,2019-04-15,2023-12-03,59.230000000000004,4,5,5,4.65,Champions,2,Premium
549,17,13,483.1,2019-11-12,2023-12-12,37.16153846153846,5,4,3,3.95,Loyal Customers,2,Premium
550,24,13,1499.83,2019-05-22,2023-12-05,115.37153846153845,5,4,5,4.75,Champions,2,Premium
551,420,4,165.24,2019-04-19,2022-11-04,41.31,1,1,1,1.0,Lost,0,Low Value
552,668,9,258.84999999999997,2019-05-17,2022-03-01,28.761111111111106,1,2,1,1.25,Lost,0,Low Value
553,200,6,374.29,2019-12-12,2023-06-12,62.38166666666667,2,1,2,1.75,Lost,0,Low Value
554,20,10,1119.37,2019-02-05,2023-12-09,111.93699999999998,5,3,5,4.5,Loyal Customers,2,Premium
555,43,8,405.34000000000003,2020-07-24,2023-11-16,50.667500000000004,4,2,2,2.7,Potential Loyalists,1,Mid Value
556,54,9,384.18,2019-01-15,2023-11-05,42.68666666666667,3,2,2,2.3499999999999996,Potential Loyalists,1,Mid Value
557,86,10,519.24,2019-04-13,2023-10-04,51.924,2,3,3,2.6500000000000004,Loyal Customers,3,High Value
558,26,8,589.48,2019-11-17,2023-12-03,73.685,4,2,4,3.5,Others,1,Mid Value
559,25,8,337.77,2019-02-11,2023-12-04,42.22125,4,2,2,2.7,Potential Loyalists,1,Mid Value
560,33,9,444.89,2019-10-01,2023-11-26,49.43222222222222,4,2,3,3.1,Potential Loyalists,1,Mid Value
561,34,16,1770.43,2019-01-15,2023-11-25,110.651875,4,5,5,4.65,Champions,2,Premium
562,47,5,327.05,2020-05-19,2023-11-12,65.41,3,1,2,2.0999999999999996,Potential Loyalists,0,Low Value
563,47,9,406.95,2019-09-22,2023-11-12,45.21666666666667,3,2,2,2.3499999999999996,Potential Loyalists,1,Mid Value
564,408,6,668.47,2019-07-17,2022-11-16,111.41166666666668,1,1,4,2.2,Others,0,Low Value
565,33,12,565.85,2019-10-01,2023-11-26,47.15416666666667,4,4,4,4.0,Champions,2,Premium
566,233,7,457.85,2019-05-02,2023-05-10,65.40714285714286,2,1,3,2.1500000000000004,Others,0,Low Value
567,215,8,398.02,2019-04-10,2023-05-28,49.7525,2,2,2,2.0,At Risk,0,Low Value
568,103,8,401.65,2020-11-23,2023-09-17,50.20625,2,2,2,2.0,At Risk,0,Low Value
569,102,14,869.33,2019-10-23,2023-09-18,62.095000000000006,2,5,5,3.95,Loyal Customers,3,High Value
570,38,17,1506.23,2019-05-24,2023-11-21,88.60176470588236,4,5,5,4.65,Champions,2,Premium
571,422,8,269.19,2019-04-07,2022-11-02,33.64875,1,2,1,1.25,Lost,0,Low Value
572,23,6,145.74,2020-11-21,2023-12-06,24.290000000000003,5,1,1,2.4,Potential Loyalists,1,Mid Value
573,49,11,378.42,2020-12-07,2023-11-10,34.401818181818186,3,3,2,2.5999999999999996,Potential Loyalists,1,Mid Value
574,245,11,636.76,2019-05-09,2023-04-28,57.88727272727272,2,3,4,3.05,Loyal Customers,3,High Value
575,82,7,278.3,2019-02-11,2023-10-08,39.75714285714286,3,1,1,1.6999999999999997,Potential Loyalists,0,Low Value
576,198,8,675.62,2019-12-23,2023-06-14,84.4525,2,2,4,2.8,At Risk,3,High Value
577,223,8,260.83,2019-11-26,2023-05-20,32.60375,2,2,1,1.6,Lost,0,Low Value
578,206,9,409.96,2019-11-14,2023-06-06,45.55111111111111,2,2,2,2.0,At Risk,0,Low Value
579,773,11,508.51,2019-03-01,2021-11-16,46.22818181818182,1,3,3,2.3000000000000003,Others,3,High Value
580,8,11,636.87,2019-11-04,2023-12-21,57.89727272727273,5,3,4,4.1,Loyal Customers,2,Premium
581,52,11,397.7,2019-11-28,2023-11-07,36.154545454545456,3,3,2,2.5999999999999996,Potential Loyalists,1,Mid Value
582,33,13,977.86,2019-04-26,2023-11-26,75.22,4,4,5,4.4,Champions,2,Premium
583,287,8,200.48,2019-11-27,2023-03-17,25.06,1,2,1,1.25,Lost,0,Low Value
584,37,11,381.5,2019-02-16,2023-11-22,34.68181818181818,4,3,2,2.95,Potential Loyalists,1,Mid Value
585,625,4,102.18,2020-02-23,2022-04-13,25.545,1,1,1,1.0,Lost,0,Low Value
586,42,9,398.34999999999997,2019-02-28,2023-11-17,44.261111111111106,4,2,2,2.7,Potential Loyalists,1,Mid Value
587,48,11,431.51,2019-02-05,2023-11-11,39.22818181818182,3,3,3,3.0,Loyal Customers,3,High Value
588,92,9,572.89,2019-02-09,2023-09-28,63.654444444444444,2,2,4,2.8,At Risk,3,High Value
589,199,11,502.17,2019-03-11,2023-06-13,45.651818181818186,2,3,3,2.6500000000000004,Loyal Customers,3,High Value
590,72,9,320.45,2019-06-19,2023-10-18,35.605555555555554,3,2,2,2.3499999999999996,Potential Loyalists,1,Mid Value
591,40,6,186.05,2019-11-04,2023-11-19,31.008333333333336,4,1,1,2.05,Potential Loyalists,1,Mid Value
592,419,3,113.19000000000001,2021-11-14,2022-11-05,37.730000000000004,1,1,1,1.0,Lost,0,Low Value
593,64,5,178.17,2019-11-24,2023-10-26,35.634,3,1,1,1.6999999999999997,Potential Loyalists,0,Low Value
594,2,12,741.71,2019-03-02,2023-12-27,61.80916666666667,5,4,4,4.35,Champions,2,Premium
595,52,7,291.99,2019-06-21,2023-11-07,41.712857142857146,3,1,1,1.6999999999999997,Potential Loyalists,0,Low Value
596,2,13,336.82,2019-04-07,2023-12-27,25.909230769230767,5,4,2,3.55,Others,1,Mid Value
597,85,12,428.21000000000004,2019-03-07,2023-10-05,35.68416666666667,3,4,3,3.25,Loyal Customers,3,High Value
598,4,21,663.1700000000001,2019-11-04,2023-12-25,31.579523809523813,5,5,4,4.6,Champions,2,Premium
599,2,8,234.77,2019-12-15,2023-12-27,29.34625,5,2,1,2.65,Potential Loyalists,1,Mid Value
600,32,11,425.3,2019-01-16,2023-11-27,38.663636363636364,4,3,2,2.95,Potential Loyalists,1,Mid Value
601,677,7,838.0,2019-03-26,2022-02-20,119.71428571428571,1,1,5,2.6,Others,3,High Value
602,31,11,647.57,2019-06-20,2023-11-28,58.870000000000005,4,3,4,3.75,Loyal Customers,2,Premium
603,6,8,477.78000000000003,2019-11-24,2023-12-23,59.722500000000004,5,2,3,3.45,Potential Loyalists,1,Mid Value
604,139,9,237.91,2019-03-01,2023-08-12,26.434444444444445,2,2,1,1.6,Lost,0,Low Value
605,269,6,235.11,2021-10-12,2023-04-04,39.185,1,1,1,1.0,Lost,0,Low Value
606,479,7,322.37,2019-09-07,2022-09-06,46.05285714285714,1,1,2,1.4,Lost,0,Low Value
607,40,7,315.92,2019-03-13,2023-11-19,45.13142857142857,4,1,1,2.05,Potential Loyalists,1,Mid Value
608,53,9,513.08,2019-08-14,2023-11-06,57.00888888888889,3,2,3,2.75,Potential Loyalists,1,Mid Value
609,36,11,388.08000000000004,2019-02-10,2023-11-23,35.28,4,3,2,2.95,Potential Loyalists,1,Mid Value
610,56,9,1098.41,2019-07-17,2023-11-03,122.04555555555557,3,2,5,3.55,At Risk,3,High Value
611,43,13,1549.78,2019-09-25,2023-11-16,119.21384615384615,4,4,5,4.4,Champions,2,Premium
612,1,7,190.37,2020-06-06,2023-12-28,27.195714285714285,5,1,1,2.4,Potential Loyalists,1,Mid Value
613,28,11,667.08,2019-11-03,2023-12-01,60.64363636363637,4,3,4,3.75,Loyal Customers,2,Premium
614,378,12,732.8100000000001,2019-05-01,2022-12-16,61.0675,1,4,4,2.95,Others,3,High Value
615,13,14,634.95,2019-02-22,2023-12-16,45.353571428571435,5,5,4,4.6,Champions,2,Premium
616,56,11,913.31,2019-01-06,2023-11-03,83.0281818181818,3,3,5,3.8,Loyal Customers,3,High Value
617,2,8,342.37,2019-07-19,2023-12-27,42.79625,5,2,2,3.05,Potential Loyalists,1,Mid Value
618,5,12,904.6899999999999,2019-11-09,2023-12-24,75.39083333333333,5,4,5,4.75,Champions,2,Premium
619,415,6,230.45,2020-07-13,2022-11-09,38.40833333333333,1,1,1,1.0,Lost,0,Low Value
620,48,16,624.25,2019-10-23,2023-11-11,39.015625,3,5,4,3.9,Loyal Customers,2,Premium
621,33,11,470.46000000000004,2019-11-12,2023-11-26,42.76909090909091,4,3,3,3.35,Loyal Customers,1,Mid Value
622,32,14,936.55,2019-05-23,2023-11-27,66.89642857142857,4,5,5,4.65,Champions,2,Premium
623,13,13,598.4,2019-02-25,2023-12-16,46.03076923076923,5,4,4,4.35,Champions,2,Premium
624,40,13,474.35,2019-08-02,2023-11-19,36.48846153846154,4,4,3,3.6,Loyal Customers,2,Premium
625,71,14,595.14,2019-09-08,2023-10-19,42.51,3,5,4,3.9,Loyal Customers,2,Premium
626,54,11,1166.84,2019-09-11,2023-11-05,106.07636363636362,3,3,5,3.8,Loyal Customers,3,High Value
627,10,9,511.62,2019-05-24,2023-12-19,56.846666666666664,5,2,3,3.45,Potential Loyalists,1,Mid Value
628,4,16,831.36,2019-02-26,2023-12-25,51.96,5,5,5,5.0,Champions,2,Premium
629,10,11,705.41,2019-11-27,2023-12-19,64.12818181818182,5,3,4,4.1,Loyal Customers,2,Premium
630,44,8,436.22,2019-12-22,2023-11-15,54.5275,4,2,3,3.1,Potential Loyalists,1,Mid Value
631,37,11,725.23,2019-01-07,2023-11-22,65.93,4,3,4,3.75,Loyal Customers,2,Premium
632,31,19,1025.72,2019-04-10,2023-11-28,53.985263157894735,4,5,5,4.65,Champions,2,Premium
633,44,11,2250.91,2019-02-07,2023-11-15,204.62818181818182,4,3,5,4.15,Loyal Customers,2,Premium
634,409,9,381.21000000000004,2019-06-08,2022-11-15,42.35666666666667,1,2,2,1.65,Lost,0,Low Value
635,6,16,465.18,2019-03-05,2023-12-23,29.07375,5,5,3,4.2,Loyal Customers,2,Premium
636,185,14,1573.8,2019-04-01,2023-06-27,112.41428571428571,2,5,5,3.95,Loyal Customers,3,High Value
637,269,8,932.5300000000001,2019-04-09,2023-04-04,116.56625000000001,1,2,5,2.85,Others,3,High Value
638,8,15,961.01,2019-11-13,2023-12-21,64.06733333333334,5,5,5,5.0,Champions,2,Premium
639,404,13,818.48,2019-02-23,2022-11-20,62.96,1,4,5,3.35,Others,3,High Value
640,207,11,1947.54,2019-03-07,2023-06-05,177.0490909090909,2,3,5,3.45,Loyal Customers,3,High Value
641,96,16,1128.74,2019-01-26,2023-09-24,70.54625,2,5,5,3.95,Loyal Customers,3,High Value
642,301,10,321.40000000000003,2019-02-12,2023-03-03,32.14,1,3,2,1.9000000000000001,Others,0,Low Value
643,37,14,467.96,2019-05-21,2023-11-22,33.425714285714285,4,5,3,3.85,Loyal Customers,2,Premium
644,315,8,254.99,2020-03-06,2023-02-17,31.87375,1,2,1,1.25,Lost,0,Low Value
645,4,9,549.42,2019-03-15,2023-12-25,61.04666666666666,5,2,3,3.45,Potential Loyalists,1,Mid Value
646,385,6,350.22,2019-06-02,2022-12-09,58.370000000000005,1,1,2,1.4,Lost,0,Low Value
647,270,8,648.25,2019-06-20,2023-04-03,81.03125,1,2,4,2.45,Others,3,High Value
648,419,9,605.88,2019-05-13,2022-11-05,67.32,1,2,4,2.45,Others,3,High Value
649,18,8,695.27,2019-09-28,2023-12-11,86.90875,5,2,4,3.85,Others,1,Mid Value
650,4,12,374.78,2019-10-06,2023-12-25,31.231666666666666,5,4,2,3.55,Others,1,Mid Value
651,355,10,394.54,2019-06-25,2023-01-08,39.454,1,3,2,1.9000000000000001,Others,0,Low Value
652,33,9,467.72999999999996,2019-10-13,2023-11-26,51.97,4,2,3,3.1,Potential Loyalists,1,Mid Value
653,85,13,1105.94,2020-01-24,2023-10-05,85.0723076923077,3,4,5,4.05,Loyal Customers,2,Premium
654,50,8,537.11,2019-07-05,2023-11-09,67.13875,3,2,3,2.75,Potential Loyalists,1,Mid Value
655,298,12,386.48,2019-01-18,2023-03-06,32.20666666666667,1,4,2,2.1500000000000004,Others,3,High Value
656,285,10,447.24,2020-01-12,2023-03-19,44.724000000000004,1,3,3,2.3000000000000003,Others,3,High Value
657,74,12,455.81,2019-05-17,2023-10-16,37.98416666666667,3,4,3,3.25,Loyal Customers,3,High Value
658,94,11,713.57,2019-08-16,2023-09-26,64.87,2,3,4,3.05,Loyal Customers,3,High Value
659,25,8,494.27,2019-06-24,2023-12-04,61.78375,4,2,3,3.1,Potential Loyalists,1,Mid Value
660,197,11,593.59,2019-05-16,2023-06-15,53.96272727272728,2,3,4,3.05,Loyal Customers,3,High Value
661,24,10,1290.3400000000001,2019-04-01,2023-12-05,129.03400000000002,5,3,5,4.5,Loyal Customers,2,Premium
662,629,7,379.42,2019-01-16,2022-04-09,54.20285714285715,1,1,2,1.4,Lost,0,Low Value
663,398,6,333.4,2019-06-07,2022-11-26,55.56666666666666,1,1,2,1.4,Lost,0,Low Value
664,14,9,789.43,2019-08-19,2023-12-15,87.71444444444444,5,2,5,4.25,Others,2,Premium
665,144,11,981.4,2019-11-01,2023-08-07,89.21818181818182,2,3,5,3.45,Loyal Customers,3,High Value
666,925,7,203.37,2019-03-18,2021-06-17,29.052857142857142,1,1,1,1.0,Lost,0,Low Value
667,52,11,595.18,2019-01-28,2023-11-07,54.10727272727272,3,3,4,3.4,Loyal Customers,3,High Value
668,47,7,511.41,2019-11-19,2023-11-12,73.05857142857143,3,1,3,2.5,Potential Loyalists,1,Mid Value
669,763,10,361.45,2019-01-11,2021-11-26,36.144999999999996,1,3,2,1.9000000000000001,Others,0,Low Value
670,56,13,499.5,2019-05-04,2023-11-03,38.42307692307692,3,4,3,3.25,Loyal Customers,3,High Value
671,3,10,298.29,2019-01-14,2023-12-26,29.829,5,3,1,2.9,Potential Loyalists,1,Mid Value
672,33,10,317.11,2019-02-15,2023-11-26,31.711000000000002,4,3,1,2.55,Potential Loyalists,1,Mid Value
673,242,9,509.19,2019-11-25,2023-05-01,56.57666666666667,2,2,3,2.4000000000000004,At Risk,0,Low Value
674,217,9,1372.28,2019-01-09,2023-05-26,152.47555555555556,2,2,5,3.2,At Risk,3,High Value
675,25,15,1073.09,2020-06-01,2023-12-04,71.53933333333333,4,5,5,4.65,Champions,2,Premium
676,27,9,1546.6,2019-02-13,2023-12-02,171.84444444444443,4,2,5,3.9,Others,2,Premium
677,43,16,478.57,2019-01-07,2023-11-16,29.910625,4,5,3,3.85,Loyal Customers,2,Premium
678,32,10,357.57,2019-02-07,2023-11-27,35.757,4,3,2,2.95,Potential Loyalists,1,Mid Value
679,180,7,349.15999999999997,2019-04-11,2023-07-02,49.879999999999995,2,1,2,1.75,Lost,0,Low Value
680,68,11,2988.42,2019-04-21,2023-10-22,271.67454545454547,3,3,5,3.8,Loyal Customers,3,High Value
681,960,5,370.85,2019-02-04,2021-05-13,74.17,1,1,2,1.4,Lost,0,Low Value
682,14,7,345.05,2020-03-17,2023-12-15,49.292857142857144,5,1,2,2.8,Potential Loyalists,1,Mid Value
683,43,14,761.63,2019-06-05,2023-11-16,54.402142857142856,4,5,4,4.25,Champions,2,Premium
684,70,12,1077.22,2019-04-05,2023-10-20,89.76833333333333,3,4,5,4.05,Loyal Customers,2,Premium
685,46,11,559.28,2019-12-20,2023-11-13,50.843636363636364,3,3,4,3.4,Loyal Customers,3,High Value
686,507,9,457.32000000000005,2019-03-15,2022-08-09,50.81333333333334,1,2,3,2.0500000000000003,Others,0,Low Value
687,209,6,333.98,2019-11-03,2023-06-03,55.663333333333334,2,1,2,1.75,Lost,0,Low Value
688,53,13,508.03,2019-11-06,2023-11-06,39.07923076923077,3,4,3,3.25,Loyal Customers,3,High Value
689,51,24,1894.02,2019-07-15,2023-11-08,78.9175,3,5,5,4.3,Loyal Customers,2,Premium
690,9,14,577.26,2019-11-23,2023-12-20,41.23285714285714,5,5,4,4.6,Champions,2,Premium
691,62,13,489.40000000000003,2019-11-08,2023-10-28,37.64615384615385,3,4,3,3.25,Loyal Customers,3,High Value
692,80,12,874.72,2019-08-20,2023-10-10,72.89333333333333,3,4,5,4.05,Loyal Customers,2,Premium
693,66,13,596.95,2019-08-12,2023-10-24,45.91923076923077,3,4,4,3.65,Loyal Customers,3,High Value
694,42,14,603.53,2019-01-04,2023-11-17,43.10928571428571,4,5,4,4.25,Champions,2,Premium
695,54,8,310.62,2019-07-08,2023-11-05,38.8275,3,2,1,1.9499999999999997,Potential Loyalists,0,Low Value
696,31,7,396.5,2019-02-05,2023-11-28,56.642857142857146,4,1,2,2.45,Potential Loyalists,1,Mid Value
697,93,13,1008.75,2019-01-16,2023-09-27,77.59615384615384,2,4,5,3.7,Loyal Customers,3,High Value
698,166,17,564.25,2019-05-22,2023-07-16,33.19117647058823,2,5,4,3.55,Loyal Customers,3,High Value
699,35,10,423.76,2019-12-15,2023-11-24,42.376,4,3,2,2.95,Potential Loyalists,1,Mid Value
700,25,14,1106.83,2019-02-10,2023-12-04,79.0592857142857,4,5,5,4.65,Champions,2,Premium
701,31,15,430.41999999999996,2019-01-07,2023-11-28,28.694666666666663,4,5,3,3.85,Loyal Customers,2,Premium
702,11,12,556.26,2019-10-08,2023-12-18,46.355,5,4,4,4.35,Champions,2,Premium
703,23,15,483.36,2019-03-04,2023-12-06,32.224000000000004,5,5,3,4.2,Loyal Customers,2,Premium
704,43,17,1061.21,2020-01-08,2023-11-16,62.42411764705883,4,5,5,4.65,Champions,2,Premium
705,37,12,585.55,2019-10-03,2023-11-22,48.79583333333333,4,4,4,4.0,Champions,2,Premium
706,79,13,625.87,2019-08-14,2023-10-11,48.143846153846155,3,4,4,3.65,Loyal Customers,3,High Value
707,57,15,751.1899999999999,2019-11-02,2023-11-02,50.07933333333333,3,5,4,3.9,Loyal Customers,2,Premium
708,7,13,638.26,2019-02-04,2023-12-22,49.096923076923076,5,4,4,4.35,Champions,2,Premium
709,49,6,616.87,2019-03-19,2023-11-10,102.81166666666667,3,1,4,2.9,Others,1,Mid Value
710,254,15,1426.34,2019-05-03,2023-04-19,95.08933333333333,1,5,5,3.6,Others,3,High Value
711,832,5,264.61,2019-02-06,2021-09-18,52.922000000000004,1,1,1,1.0,Lost,0,Low Value
712,514,5,1050.73,2019-02-02,2022-08-02,210.14600000000002,1,1,5,2.6,Others,3,High Value
713,339,10,496.94,2019-12-18,2023-01-24,49.694,1,3,3,2.3000000000000003,Others,3,High Value
714,35,18,522.33,2019-02-03,2023-11-24,29.018333333333334,4,5,3,3.85,Loyal Customers,2,Premium
715,82,10,440.75,2020-02-24,2023-10-08,44.075,3,3,3,3.0,Loyal Customers,3,High Value
716,132,11,1109.08,2019-01-09,2023-08-19,100.82545454545453,2,3,5,3.45,Loyal Customers,3,High Value
717,119,9,516.31,2021-03-17,2023-09-01,57.367777777777775,2,2,3,2.4000000000000004,At Risk,0,Low Value
718,66,9,562.51,2019-02-24,2023-10-24,62.50111111111111,3,2,4,3.15,At Risk,3,High Value
719,628,12,1758.7,2019-02-28,2022-04-10,146.55833333333334,1,4,5,3.35,Others,3,High Value
720,10,12,422.59000000000003,2019-11-24,2023-12-19,35.215833333333336,5,4,2,3.55,Others,1,Mid Value
721,229,14,529.32,2019-03-06,2023-05-14,37.80857142857143,2,5,3,3.1500000000000004,Loyal Customers,3,High Value
722,25,11,646.7,2019-09-22,2023-12-04,58.790909090909096,4,3,4,3.75,Loyal Customers,2,Premium
723,19,16,871.0,2019-08-12,2023-12-10,54.4375,5,5,5,5.0,Champions,2,Premium
724,367,7,270.88,2020-02-26,2022-12-27,38.69714285714286,1,1,1,1.0,Lost,0,Low Value
725,123,10,543.19,2019-01-22,2023-08-28,54.319,2,3,3,2.6500000000000004,Loyal Customers,3,High Value
726,2,9,1265.94,2019-12-13,2023-12-27,140.66,5,2,5,4.25,Others,2,Premium
727,302,11,438.38,2019-10-21,2023-03-02,39.85272727272727,1,3,3,2.3000000000000003,Others,3,High Value
728,373,7,197.84,2019-09-28,2022-12-21,28.262857142857143,1,1,1,1.0,Lost,0,Low Value
729,51,9,302.38,2020-04-25,2023-11-08,33.59777777777778,3,2,1,1.9499999999999997,Potential Loyalists,0,Low Value
730,2,13,1475.49,2019-03-12,2023-12-27,113.49923076923076,5,4,5,4.75,Champions,2,Premium
731,163,3,200.51999999999998,2020-01-18,2023-07-19,66.83999999999999,2,1,1,1.35,Lost,0,Low Value
732,11,12,412.47,2019-07-02,2023-12-18,34.3725,5,4,2,3.55,Others,1,Mid Value
733,75,6,464.34,2020-08-10,2023-10-15,77.39,3,1,3,2.5,Potential Loyalists,1,Mid Value
734,148,5,121.42,2019-03-21,2023-08-03,24.284,2,1,1,1.35,Lost,0,Low Value
735,25,19,867.47,2019-10-23,2023-12-04,45.65631578947369,4,5,5,4.65,Champions,2,Premium
736,282,6,233.03,2019-12-03,2023-03-22,38.83833333333333,1,1,1,1.0,Lost,0,Low Value
737,1,16,601.62,2019-01-20,2023-12-28,37.60125,5,5,4,4.6,Champions,2,Premium
738,46,5,328.71,2019-11-07,2023-11-13,65.74199999999999,3,1,2,2.0999999999999996,Potential Loyalists,0,Low Value
739,31,9,627.8100000000001,2019-12-04,2023-11-28,69.75666666666667,4,2,4,3.5,Others,1,Mid Value
740,18,10,398.55,2020-04-06,2023-12-11,39.855000000000004,5,3,2,3.3,Potential Loyalists,1,Mid Value
741,13,11,866.67,2019-06-08,2023-12-16,78.78818181818181,5,3,5,4.5,Loyal Customers,2,Premium
742,79,8,388.85,2019-11-17,2023-10-11,48.60625,3,2,2,2.3499999999999996,Potential Loyalists,1,Mid Value
743,33,10,352.81,2019-05-26,2023-11-26,35.281,4,3,2,2.95,Potential Loyalists,1,Mid Value
744,31,12,786.02,2019-02-19,2023-11-28,65.50166666666667,4,4,5,4.4,Champions,2,Premium
745,37,8,391.62,2020-11-12,2023-11-22,48.9525,4,2,2,2.7,Potential Loyalists,1,Mid Value
746,35,10,499.97,2019-11-22,2023-11-24,49.997,4,3,3,3.35,Loyal Customers,1,Mid Value
747,78,11,583.39,2019-05-01,2023-10-12,53.03545454545454,3,3,4,3.4,Loyal Customers,3,High Value
748,34,8,284.79,2019-12-02,2023-11-25,35.59875,4,2,1,2.3,Potential Loyalists,1,Mid Value
749,79,11,416.96000000000004,2019-03-05,2023-10-11,37.905454545454546,3,3,2,2.5999999999999996,Potential Loyalists,1,Mid Value
750,12,6,448.84000000000003,2019-08-24,2023-12-17,74.80666666666667,5,1,3,3.2,Potential Loyalists,1,Mid Value
751,12,10,713.04,2019-10-21,2023-12-17,71.304,5,3,4,4.1,Loyal Customers,2,Premium
752,415,16,883.3,2019-02-11,2022-11-09,55.20625,1,5,5,3.6,Others,3,High Value
753,308,9,340.09000000000003,2019-11-22,2023-02-24,37.787777777777784,1,2,2,1.65,Lost,0,Low Value
754,43,12,1266.65,2019-08-24,2023-11-16,105.55416666666667,4,4,5,4.4,Champions,2,Premium
755,200,15,634.15,2019-05-01,2023-06-12,42.276666666666664,2,5,4,3.55,Loyal Customers,3,High Value
756,51,14,602.79,2019-12-28,2023-11-08,43.05642857142857,3,5,4,3.9,Loyal Customers,2,Premium
757,79,10,500.92,2019-09-12,2023-10-11,50.092,3,3,3,3.0,Loyal Customers,3,High Value
758,41,7,236.41,2019-11-17,2023-11-18,33.77285714285714,4,1,1,2.05,Potential Loyalists,1,Mid Value
759,41,14,609.66,2020-08-09,2023-11-18,43.54714285714285,4,5,4,4.25,Champions,2,Premium
760,50,12,682.9,2019-11-16,2023-11-09,56.90833333333333,3,4,4,3.65,Loyal Customers,3,High Value
761,75,11,812.3600000000001,2020-11-24,2023-10-15,73.8509090909091,3,3,5,3.8,Loyal Customers,3,High Value
762,266,10,820.9399999999999,2019-03-10,2023-04-07,82.094,1,3,5,3.1,Others,3,High Value
763,500,5,428.97,2020-02-22,2022-08-16,85.79400000000001,1,1,3,1.8000000000000003,Others,0,Low Value
764,210,5,372.28,2019-03-27,2023-06-02,74.45599999999999,2,1,2,1.75,Lost,0,Low Value
765,24,18,1015.29,2019-07-11,2023-12-05,56.405,5,5,5,5.0,Champions,2,Premium
766,523,9,406.45,2019-09-07,2022-07-24,45.16111111111111,1,2,2,1.65,Lost,0,Low Value
767,53,9,360.9,2019-06-06,2023-11-06,40.099999999999994,3,2,2,2.3499999999999996,Potential Loyalists,1,Mid Value
768,44,5,898.1800000000001,2020-01-14,2023-11-15,179.63600000000002,4,1,5,3.65,Others,1,Mid Value
769,35,11,452.16999999999996,2019-09-14,2023-11-24,41.10636363636363,4,3,3,3.35,Loyal Customers,1,Mid Value
770,135,11,477.6,2019-10-18,2023-08-16,43.41818181818182,2,3,3,2.6500000000000004,Loyal Customers,3,High Value
771,130,10,564.71,2019-08-28,2023-08-21,56.471000000000004,2,3,4,3.05,Loyal Customers,3,High Value
772,19,10,1113.7,2019-11-02,2023-12-10,111.37,5,3,5,4.5,Loyal Customers,2,Premium
773,64,11,447.2,2019-02-09,2023-10-26,40.654545454545456,3,3,3,3.0,Loyal Customers,3,High Value
774,188,8,1163.42,2019-02-05,2023-06-24,145.4275,2,2,5,3.2,At Risk,3,High Value
775,385,9,521.4399999999999,2019-08-17,2022-12-09,57.93777777777777,1,2,3,2.0500000000000003,Others,0,Low Value
776,198,7,259.76,2019-04-14,2023-06-14,37.10857142857143,2,1,1,1.35,Lost,0,Low Value
777,272,12,789.58,2019-01-14,2023-04-01,65.79833333333333,1,4,5,3.35,Others,3,High Value
778,22,7,362.91,2019-08-09,2023-12-07,51.84428571428572,5,1,2,2.8,Potential Loyalists,1,Mid Value
779,63,10,406.46000000000004,2019-11-13,2023-10-27,40.646,3,3,2,2.5999999999999996,Potential Loyalists,1,Mid Value
780,53,8,937.36,2020-06-08,2023-11-06,117.17,3,2,5,3.55,At Risk,3,High Value
781,7,13,1002.86,2019-01-25,2023-12-22,77.14307692307692,5,4,5,4.75,Champions,2,Premium
782,9,15,519.91,2019-06-04,2023-12-20,34.660666666666664,5,5,3,4.2,Loyal Customers,2,Premium
783,49,8,798.48,2019-04-02,2023-11-10,99.81,3,2,5,3.55,At Risk,3,High Value
784,49,7,409.98,2019-11-09,2023-11-10,58.56857142857143,3,1,2,2.0999999999999996,Potential Loyalists,0,Low Value
785,35,9,467.91,2019-04-02,2023-11-24,51.99,4,2,3,3.1,Potential Loyalists,1,Mid Value
786,719,14,1279.3500000000001,2019-03-15,2022-01-09,91.38214285714287,1,5,5,3.6,Others,3,High Value
787,44,15,1740.72,2019-11-15,2023-11-15,116.048,4,5,5,4.65,Champions,2,Premium
788,46,13,677.29,2019-10-08,2023-11-13,52.099230769230765,3,4,4,3.65,Loyal Customers,3,High Value
789,103,14,714.6,2019-04-01,2023-09-17,51.042857142857144,2,5,4,3.55,Loyal Customers,3,High Value
790,32,13,900.29,2019-04-13,2023-11-27,69.25307692307692,4,4,5,4.4,Champions,2,Premium
791,40,9,379.06,2020-12-01,2023-11-19,42.117777777777775,4,2,2,2.7,Potential Loyalists,1,Mid Value
792,4,11,1081.21,2019-12-11,2023-12-25,98.29181818181819,5,3,5,4.5,Loyal Customers,2,Premium
793,35,15,999.22,2019-02-05,2023-11-24,66.61466666666666,4,5,5,4.65,Champions,2,Premium
794,17,8,605.58,2019-09-27,2023-12-12,75.6975,5,2,4,3.85,Others,1,Mid Value
795,898,4,342.29,2020-05-04,2021-07-14,85.5725,1,1,2,1.4,Lost,0,Low Value
796,411,9,488.63,2019-04-25,2022-11-13,54.29222222222222,1,2,3,2.0500000000000003,Others,0,Low Value
797,384,9,295.21,2019-03-17,2022-12-10,32.80111111111111,1,2,1,1.25,Lost,0,Low Value
798,660,4,112.81,2019-08-14,2022-03-09,28.2025,1,1,1,1.0,Lost,0,Low Value
799,224,13,878.86,2019-05-16,2023-05-19,67.60461538461539,2,4,5,3.7,Loyal Customers,3,High Value
800,186,10,392.15999999999997,2019-01-15,2023-06-26,39.215999999999994,2,3,2,2.25,At Risk,0,Low Value
801,3,12,500.0,2019-07-10,2023-12-26,41.666666666666664,5,4,3,3.95,Loyal Customers,2,Premium
802,12,14,860.77,2019-08-19,2023-12-17,61.48357142857143,5,5,5,5.0,Champions,2,Premium
803,38,14,993.86,2019-11-07,2023-11-21,70.99,4,5,5,4.65,Champions,2,Premium
804,41,12,1124.41,2019-10-03,2023-11-18,93.70083333333334,4,4,5,4.4,Champions,2,Premium
805,33,8,595.4300000000001,2019-06-04,2023-11-26,74.42875000000001,4,2,4,3.5,Others,1,Mid Value
806,137,6,505.39,2019-02-25,2023-08-14,84.23166666666667,2,1,3,2.1500000000000004,Others,0,Low Value
807,169,10,355.75,2019-06-27,2023-07-13,35.575,2,3,2,2.25,At Risk,0,Low Value
808,4,11,771.76,2019-04-20,2023-12-25,70.16,5,3,5,4.5,Loyal Customers,2,Premium
809,526,9,369.89,2019-11-06,2022-07-21,41.09888888888889,1,2,2,1.65,Lost,0,Low Value
810,441,7,248.85000000000002,2020-04-02,2022-10-14,35.550000000000004,1,1,1,1.0,Lost,0,Low Value
811,55,7,185.7,2019-03-21,2023-11-04,26.52857142857143,3,1,1,1.6999999999999997,Potential Loyalists,0,Low Value
812,1,11,575.8299999999999,2019-01-12,2023-12-28,52.348181818181814,5,3,4,4.1,Loyal Customers,2,Premium
813,47,9,373.03,2019-07-03,2023-11-12,41.44777777777777,3,2,2,2.3499999999999996,Potential Loyalists,1,Mid Value
814,1,9,325.07,2020-03-20,2023-12-28,36.11888888888889,5,2,2,3.05,Potential Loyalists,1,Mid Value
815,25,17,497.25,2019-05-04,2023-12-04,29.25,4,5,3,3.85,Loyal Customers,2,Premium
816,27,6,418.35,2019-10-17,2023-12-02,69.72500000000001,4,1,2,2.45,Potential Loyalists,1,Mid Value
817,40,13,1110.66,2019-10-18,2023-11-19,85.43538461538462,4,4,5,4.4,Champions,2,Premium
818,16,5,185.65,2021-11-03,2023-12-13,37.13,5,1,1,2.4,Potential Loyalists,1,Mid Value
819,9,7,260.11,2020-11-21,2023-12-20,37.15857142857143,5,1,1,2.4,Potential Loyalists,1,Mid Value
820,53,14,497.16,2019-10-10,2023-11-06,35.511428571428574,3,5,3,3.5,Loyal Customers,2,Premium
821,191,12,1011.3000000000001,2019-11-06,2023-06-21,84.275,2,4,5,3.7,Loyal Customers,3,High Value
822,40,10,452.3,2019-11-11,2023-11-19,45.230000000000004,4,3,3,3.35,Loyal Customers,1,Mid Value
823,32,14,492.62,2019-01-12,2023-11-27,35.18714285714286,4,5,3,3.85,Loyal Customers,2,Premium
824,53,7,289.36,2019-03-08,2023-11-06,41.33714285714286,3,1,1,1.6999999999999997,Potential Loyalists,0,Low Value
825,203,5,208.25,2021-10-15,2023-06-09,41.65,2,1,1,1.35,Lost,0,Low Value
826,19,8,725.9300000000001,2019-08-15,2023-12-10,90.74125000000001,5,2,4,3.85,Others,1,Mid Value
827,51,9,1333.16,2019-08-27,2023-11-08,148.1288888888889,3,2,5,3.55,At Risk,3,High Value
828,102,8,330.45,2020-11-09,2023-09-18,41.30625,2,2,2,2.0,At Risk,0,Low Value
829,9,10,374.86,2019-03-18,2023-12-20,37.486000000000004,5,3,2,3.3,Potential Loyalists,1,Mid Value
830,16,15,822.11,2019-11-18,2023-12-13,54.80733333333333,5,5,5,5.0,Champions,2,Premium
831,40,12,523.01,2019-09-18,2023-11-19,43.58416666666667,4,4,3,3.6,Loyal Customers,2,Premium
832,809,8,244.64,2019-02-19,2021-10-11,30.58,1,2,1,1.25,Lost,0,Low Value
833,524,8,344.0,2019-10-05,2022-07-23,43.0,1,2,2,1.65,Lost,0,Low Value
834,8,8,787.89,2019-03-20,2023-12-21,98.48625,5,2,5,4.25,Others,2,Premium
835,40,12,782.04,2019-10-06,2023-11-19,65.17,4,4,5,4.4,Champions,2,Premium
836,49,16,420.22,2019-03-19,2023-11-10,26.26375,3,5,2,3.0999999999999996,At Risk,2,Premium
837,52,7,240.22,2020-05-21,2023-11-07,34.317142857142855,3,1,1,1.6999999999999997,Potential Loyalists,0,Low Value
838,51,9,305.73,2019-03-21,2023-11-08,33.97,3,2,1,1.9499999999999997,Potential Loyalists,0,Low Value
839,45,8,236.05,2019-02-03,2023-11-14,29.50625,3,2,1,1.9499999999999997,Potential Loyalists,0,Low Value
840,48,10,393.78000000000003,2019-03-08,2023-11-11,39.378,3,3,2,2.5999999999999996,Potential Loyalists,1,Mid Value
841,4,10,612.96,2019-07-07,2023-12-25,61.29600000000001,5,3,4,4.1,Loyal Customers,2,Premium
842,446,9,404.11,2020-11-23,2022-10-09,44.90111111111111,1,2,2,1.65,Lost,0,Low Value
843,52,7,278.48,2020-10-20,2023-11-07,39.78285714285715,3,1,1,1.6999999999999997,Potential Loyalists,0,Low Value
844,418,11,415.9,2019-05-14,2022-11-06,37.809090909090905,1,3,2,1.9000000000000001,Others,0,Low Value
845,54,8,311.29,2019-06-07,2023-11-05,38.91125,3,2,1,1.9499999999999997,Potential Loyalists,0,Low Value
846,17,9,1244.3,2020-07-05,2023-12-12,138.25555555555556,5,2,5,4.25,Others,2,Premium
847,453,9,297.26,2019-02-14,2022-10-02,33.028888888888886,1,2,1,1.25,Lost,0,Low Value
848,4,14,491.34000000000003,2019-12-15,2023-12-25,35.09571428571429,5,5,3,4.2,Loyal Customers,2,Premium
849,187,13,470.34999999999997,2019-11-13,2023-06-25,36.18076923076923,2,4,3,2.9000000000000004,Loyal Customers,3,High Value
850,320,8,242.01999999999998,2020-03-01,2023-02-12,30.252499999999998,1,2,1,1.25,Lost,0,Low Value
851,217,10,711.77,2019-05-04,2023-05-26,71.17699999999999,2,3,4,3.05,Loyal Customers,3,High Value
852,218,7,286.64,2019-07-11,2023-05-25,40.94857142857143,2,1,1,1.35,Lost,0,Low Value
853,19,12,419.78,2019-11-27,2023-12-10,34.98166666666666,5,4,2,3.55,Others,1,Mid Value
854,166,11,375.41,2019-03-10,2023-07-16,34.12818181818182,2,3,2,2.25,At Risk,0,Low Value
855,50,13,870.73,2019-05-23,2023-11-09,66.97923076923077,3,4,5,4.05,Loyal Customers,2,Premium
856,33,8,481.76,2020-06-13,2023-11-26,60.22,4,2,3,3.1,Potential Loyalists,1,Mid Value
857,47,6,252.82,2019-01-19,2023-11-12,42.13666666666666,3,1,1,1.6999999999999997,Potential Loyalists,0,Low Value
858,82,11,400.14,2019-07-12,2023-10-08,36.376363636363635,3,3,2,2.5999999999999996,Potential Loyalists,1,Mid Value
859,68,10,958.5,2019-09-01,2023-10-22,95.85,3,3,5,3.8,Loyal Customers,3,High Value
860,23,15,627.6700000000001,2019-01-09,2023-12-06,41.84466666666667,5,5,4,4.6,Champions,2,Premium
861,6,12,626.35,2019-02-26,2023-12-23,52.19583333333333,5,4,4,4.35,Champions,2,Premium
862,255,16,835.61,2019-04-02,2023-04-18,52.225625,1,5,5,3.6,Others,3,High Value
863,47,9,442.15,2019-12-15,2023-11-12,49.12777777777777,3,2,3,2.75,Potential Loyalists,1,Mid Value
864,48,9,317.59,2019-10-17,2023-11-11,35.28777777777778,3,2,1,1.9499999999999997,Potential Loyalists,0,Low Value
865,449,9,395.48,2019-02-12,2022-10-06,43.94222222222223,1,2,2,1.65,Lost,0,Low Value
866,158,8,362.83,2019-02-26,2023-07-24,45.35375,2,2,2,2.0,At Risk,0,Low Value
867,56,10,347.28999999999996,2019-04-01,2023-11-03,34.729,3,3,2,2.5999999999999996,Potential Loyalists,1,Mid Value
868,57,8,484.44,2019-03-27,2023-11-02,60.555,3,2,3,2.75,Potential Loyalists,1,Mid Value
869,186,12,498.13,2019-02-28,2023-06-26,41.51083333333333,2,4,3,2.9000000000000004,Loyal Customers,3,High Value
870,5,7,437.91999999999996,2019-12-01,2023-12-24,62.559999999999995,5,1,3,3.2,Potential Loyalists,1,Mid Value
871,6,7,542.05,2020-05-11,2023-12-23,77.43571428571428,5,1,3,3.2,Potential Loyalists,1,Mid Value
872,294,14,534.85,2019-01-11,2023-03-10,38.20357142857143,1,5,3,2.8000000000000003,Others,3,High Value
873,780,6,180.45,2019-10-13,2021-11-09,30.075,1,1,1,1.0,Lost,0,Low Value
874,383,7,402.92,2019-10-14,2022-12-11,57.56,1,1,2,1.4,Lost,0,Low Value
875,13,10,498.11,2019-01-12,2023-12-16,49.811,5,3,3,3.7,Loyal Customers,1,Mid Value
876,42,8,303.11,2019-09-05,2023-11-17,37.88875,4,2,1,2.3,Potential Loyalists,1,Mid Value
877,42,9,298.37,2019-05-25,2023-11-17,33.15222222222222,4,2,1,2.3,Potential Loyalists,1,Mid Value
878,10,12,690.81,2019-07-03,2023-12-19,57.567499999999995,5,4,4,4.35,Champions,2,Premium
879,69,15,859.01,2019-04-13,2023-10-21,57.26733333333333,3,5,5,4.3,Loyal Customers,2,Premium
880,403,7,445.45,2020-05-11,2022-11-21,63.635714285714286,1,1,3,1.8000000000000003,Others,0,Low Value
881,401,8,437.64,2019-01-22,2022-11-23,54.705,1,2,3,2.0500000000000003,Others,0,Low Value
882,101,9,465.86,2019-08-03,2023-09-19,51.76222222222222,2,2,3,2.4000000000000004,At Risk,0,Low Value
883,430,2,115.46,2022-04-25,2022-10-25,57.73,1,1,1,1.0,Lost,0,Low Value
884,192,9,456.26,2019-10-03,2023-06-20,50.69555555555556,2,2,3,2.4000000000000004,At Risk,0,Low Value
885,82,10,714.94,2019-03-09,2023-10-08,71.494,3,3,4,3.4,Loyal Customers,3,High Value
886,34,10,312.11,2019-11-09,2023-11-25,31.211000000000002,4,3,1,2.55,Potential Loyalists,1,Mid Value
887,44,12,850.8399999999999,2019-11-24,2023-11-15,70.90333333333332,4,4,5,4.4,Champions,2,Premium
888,110,8,285.54,2019-07-12,2023-09-10,35.6925,2,2,1,1.6,Lost,0,Low Value
889,22,4,190.16,2022-01-27,2023-12-07,47.54,5,1,1,2.4,Potential Loyalists,1,Mid Value
890,31,7,688.0899999999999,2019-08-01,2023-11-28,98.29857142857142,4,1,4,3.25,Others,1,Mid Value
891,10,13,498.9,2019-12-03,2023-12-19,38.37692307692308,5,4,3,3.95,Loyal Customers,2,Premium
892,237,11,509.68,2019-02-26,2023-05-06,46.334545454545456,2,3,3,2.6500000000000004,Loyal Customers,3,High Value
893,316,9,421.96,2019-06-02,2023-02-16,46.88444444444444,1,2,2,1.65,Lost,0,Low Value
894,64,13,490.5,2019-01-11,2023-10-26,37.73076923076923,3,4,3,3.25,Loyal Customers,3,High Value
895,28,11,762.0799999999999,2019-09-19,2023-12-01,69.27999999999999,4,3,4,3.75,Loyal Customers,2,Premium
896,179,11,464.53999999999996,2019-05-18,2023-07-03,42.23090909090909,2,3,3,2.6500000000000004,Loyal Customers,3,High Value
897,8,16,610.06,2019-03-11,2023-12-21,38.12875,5,5,4,4.6,Champions,2,Premium
898,19,10,324.3,2019-12-14,2023-12-10,32.43,5,3,2,3.3,Potential Loyalists,1,Mid Value
899,10,14,773.09,2019-11-24,2023-12-19,55.22071428571429,5,5,5,5.0,Champions,2,Premium
900,43,10,1179.7,2019-03-10,2023-11-16,117.97,4,3,5,4.15,Loyal Customers,2,Premium
901,75,12,660.8299999999999,2019-01-17,2023-10-15,55.06916666666666,3,4,4,3.65,Loyal Customers,3,High Value
902,38,9,451.66999999999996,2019-01-21,2023-11-21,50.18555555555555,4,2,3,3.1,Potential Loyalists,1,Mid Value
903,408,8,320.68,2019-01-07,2022-11-16,40.085,1,2,2,1.65,Lost,0,Low Value
904,13,16,877.27,2019-03-03,2023-12-16,54.829375,5,5,5,5.0,Champions,2,Premium
905,56,6,221.94,2019-12-07,2023-11-03,36.99,3,1,1,1.6999999999999997,Potential Loyalists,0,Low Value
906,10,15,807.3100000000001,2019-05-28,2023-12-19,53.82066666666667,5,5,5,5.0,Champions,2,Premium
907,44,5,265.37,2019-11-13,2023-11-15,53.074,4,1,1,2.05,Potential Loyalists,1,Mid Value
908,67,17,730.11,2019-09-14,2023-10-23,42.94764705882353,3,5,4,3.9,Loyal Customers,2,Premium
909,13,10,355.01,2019-02-04,2023-12-16,35.501,5,3,2,3.3,Potential Loyalists,1,Mid Value
910,55,9,248.57999999999998,2019-12-13,2023-11-04,27.619999999999997,3,2,1,1.9499999999999997,Potential Loyalists,0,Low Value
911,28,9,415.72,2020-08-13,2023-12-01,46.19111111111111,4,2,2,2.7,Potential Loyalists,1,Mid Value
912,155,7,376.09000000000003,2019-07-25,2023-07-27,53.72714285714286,2,1,2,1.75,Lost,0,Low Value
913,42,14,2580.2200000000003,2019-12-17,2023-11-17,184.3014285714286,4,5,5,4.65,Champions,2,Premium
914,96,4,112.58000000000001,2019-11-21,2023-09-24,28.145000000000003,2,1,1,1.35,Lost,0,Low Value
915,11,10,572.45,2019-04-13,2023-12-18,57.245000000000005,5,3,4,4.1,Loyal Customers,2,Premium
916,221,10,1880.02,2019-07-08,2023-05-22,188.002,2,3,5,3.45,Loyal Customers,3,High Value
917,48,16,930.03,2019-10-05,2023-11-11,58.126875,3,5,5,4.3,Loyal Customers,2,Premium
918,201,9,397.71000000000004,2019-01-24,2023-06-11,44.190000000000005,2,2,2,2.0,At Risk,0,Low Value
919,4,11,586.22,2019-04-04,2023-12-25,53.29272727272728,5,3,4,4.1,Loyal Customers,2,Premium
920,44,13,494.94,2019-08-22,2023-11-15,38.07230769230769,4,4,3,3.6,Loyal Customers,2,Premium
921,40,9,597.06,2019-11-06,2023-11-19,66.33999999999999,4,2,4,3.5,Others,1,Mid Value
922,56,7,206.21,2021-02-26,2023-11-03,29.458571428571428,3,1,1,1.6999999999999997,Potential Loyalists,0,Low Value
923,148,9,797.5,2019-06-27,2023-08-03,88.61111111111111,2,2,5,3.2,At Risk,3,High Value
924,780,3,565.53,2019-11-03,2021-11-09,188.51,1,1,4,2.2,Others,0,Low Value
925,31,18,1599.49,2019-07-27,2023-11-28,88.86055555555555,4,5,5,4.65,Champions,2,Premium
926,47,10,316.46,2019-11-01,2023-11-12,31.645999999999997,3,3,1,2.1999999999999997,Potential Loyalists,1,Mid Value
927,4,12,752.35,2019-05-19,2023-12-25,62.69583333333333,5,4,4,4.35,Champions,2,Premium
928,40,6,153.31,2019-04-22,2023-11-19,25.551666666666666,4,1,1,2.05,Potential Loyalists,1,Mid Value
929,35,15,790.04,2019-07-12,2023-11-24,52.669333333333334,4,5,5,4.65,Champions,2,Premium
930,7,19,616.1899999999999,2019-02-16,2023-12-22,32.43105263157894,5,5,4,4.6,Champions,2,Premium
931,34,10,612.88,2020-03-11,2023-11-25,61.288,4,3,4,3.75,Loyal Customers,2,Premium
932,26,6,439.78,2020-04-22,2023-12-03,73.29666666666667,4,1,3,2.85,Potential Loyalists,1,Mid Value
933,130,15,589.6800000000001,2019-04-25,2023-08-21,39.312000000000005,2,5,4,3.55,Loyal Customers,3,High Value
934,143,7,218.97,2019-12-13,2023-08-08,31.28142857142857,2,1,1,1.35,Lost,0,Low Value
935,47,11,501.83,2019-04-01,2023-11-12,45.62090909090909,3,3,3,3.0,Loyal Customers,3,High Value
936,19,10,799.12,2019-11-18,2023-12-10,79.912,5,3,5,4.5,Loyal Customers,2,Premium
937,10,6,262.8,2020-01-03,2023-12-19,43.800000000000004,5,1,1,2.4,Potential Loyalists,1,Mid Value
938,73,12,474.86,2019-02-10,2023-10-17,39.571666666666665,3,4,3,3.25,Loyal Customers,3,High Value
939,7,12,780.52,2019-05-02,2023-12-22,65.04333333333334,5,4,5,4.75,Champions,2,Premium
940,422,12,537.55,2019-03-14,2022-11-02,44.79583333333333,1,4,3,2.5500000000000003,Others,3,High Value
941,73,8,272.49,2019-11-07,2023-10-17,34.06125,3,2,1,1.9499999999999997,Potential Loyalists,0,Low Value
942,53,9,1207.27,2019-08-15,2023-11-06,134.14111111111112,3,2,5,3.55,At Risk,3,High Value
943,401,10,588.46,2019-07-13,2022-11-23,58.846000000000004,1,3,4,2.7,Others,3,High Value
944,1,7,333.46000000000004,2019-11-15,2023-12-28,47.63714285714286,5,1,2,2.8,Potential Loyalists,1,Mid Value
945,37,13,589.84,2019-10-11,2023-11-22,45.37230769230769,4,4,4,4.0,Champions,2,Premium
946,158,12,657.8,2019-06-15,2023-07-24,54.81666666666666,2,4,4,3.3,Loyal Customers,3,High Value
947,31,13,380.28999999999996,2019-03-26,2023-11-28,29.25307692307692,4,4,2,3.2,Others,1,Mid Value
948,295,10,300.2,2019-02-28,2023-03-09,30.02,1,3,1,1.5,Others,0,Low Value
949,282,9,399.48,2019-05-19,2023-03-22,44.38666666666667,1,2,2,1.65,Lost,0,Low Value
950,55,9,609.3,2020-06-23,2023-11-04,67.69999999999999,3,2,4,3.15,At Risk,3,High Value
951,24,15,743.38,2019-06-19,2023-12-05,49.55866666666667,5,5,4,4.6,Champions,2,Premium
952,144,6,466.71000000000004,2019-09-27,2023-08-07,77.78500000000001,2,1,3,2.1500000000000004,Others,0,Low Value
953,10,12,611.59,2019-10-11,2023-12-19,50.965833333333336,5,4,4,4.35,Champions,2,Premium
954,446,2,260.18,2021-09-04,2022-10-09,130.09,1,1,1,1.0,Lost,0,Low Value
955,37,15,1657.34,2021-04-09,2023-11-22,110.48933333333333,4,5,5,4.65,Champions,2,Premium
956,140,7,384.65999999999997,2019-10-08,2023-08-11,54.951428571428565,2,1,2,1.75,Lost,0,Low Value
957,2,10,785.16,2019-11-26,2023-12-27,78.51599999999999,5,3,5,4.5,Loyal Customers,2,Premium
958,43,10,827.0699999999999,2019-03-24,2023-11-16,82.707,4,3,5,4.15,Loyal Customers,2,Premium
959,31,10,349.42,2019-01-04,2023-11-28,34.942,4,3,2,2.95,Potential Loyalists,1,Mid Value
960,39,12,498.57,2019-02-15,2023-11-20,41.5475,4,4,3,3.6,Loyal Customers,2,Premium
961,20,18,1590.76,2019-10-07,2023-12-09,88.37555555555555,5,5,5,5.0,Champions,2,Premium
962,53,11,650.81,2019-03-25,2023-11-06,59.16454545454545,3,3,4,3.4,Loyal Customers,3,High Value
963,1,8,224.87,2019-01-27,2023-12-28,28.10875,5,2,1,2.65,Potential Loyalists,1,Mid Value
964,103,8,353.65,2019-02-23,2023-09-17,44.20625,2,2,2,2.0,At Risk,0,Low Value
965,307,7,903.73,2019-08-02,2023-02-25,129.1042857142857,1,1,5,2.6,Others,3,High Value
966,45,11,406.03,2019-09-04,2023-11-14,36.91181818181818,3,3,2,2.5999999999999996,Potential Loyalists,1,Mid Value
967,43,12,586.66,2019-06-14,2023-11-16,48.88833333333333,4,4,4,4.0,Champions,2,Premium
968,134,8,218.26,2021-05-14,2023-08-17,27.2825,2,2,1,1.6,Lost,0,Low Value
969,411,8,832.72,2020-04-11,2022-11-13,104.09,1,2,5,2.85,Others,3,High Value
970,9,10,417.32,2019-04-13,2023-12-20,41.732,5,3,2,3.3,Potential Loyalists,1,Mid Value
971,8,11,859.47,2019-01-21,2023-12-21,78.13363636363637,5,3,5,4.5,Loyal Customers,2,Premium
972,685,7,224.78,2019-02-06,2022-02-12,32.11142857142857,1,1,1,1.0,Lost,0,Low Value
973,40,11,924.99,2019-01-27,2023-11-19,84.09,4,3,5,4.15,Loyal Customers,2,Premium
974,371,10,321.95,2019-05-24,2022-12-23,32.195,1,3,2,1.9000000000000001,Others,0,Low Value
975,288,5,203.48000000000002,2019-11-27,2023-03-16,40.696000000000005,1,1,1,1.0,Lost,0,Low Value
976,51,11,525.71,2019-03-25,2023-11-08,47.791818181818186,3,3,3,3.0,Loyal Customers,3,High Value
977,85,8,217.34,2019-09-17,2023-10-05,27.1675,3,2,1,1.9499999999999997,Potential Loyalists,0,Low Value
978,204,8,460.25,2019-06-20,2023-06-08,57.53125,2,2,3,2.4000000000000004,At Risk,0,Low Value
979,55,12,461.14,2019-06-19,2023-11-04,38.428333333333335,3,4,3,3.25,Loyal Customers,3,High Value
980,27,9,443.98,2019-02-02,2023-12-02,49.33111111111111,4,2,3,3.1,Potential Loyalists,1,Mid Value
981,64,12,805.05,2019-06-11,2023-10-26,67.08749999999999,3,4,5,4.05,Loyal Customers,2,Premium
982,285,13,417.75,2019-07-06,2023-03-19,32.13461538461539,1,4,2,2.1500000000000004,Others,3,High Value
983,1,6,243.81,2019-10-13,2023-12-28,40.635,5,1,1,2.4,Potential Loyalists,1,Mid Value
984,23,14,446.96,2019-03-01,2023-12-06,31.925714285714285,5,5,3,4.2,Loyal Customers,2,Premium
985,318,12,527.18,2019-05-17,2023-02-14,43.931666666666665,1,4,3,2.5500000000000003,Others,3,High Value
986,181,9,292.97,2019-03-08,2023-07-01,32.55222222222223,2,2,1,1.6,Lost,0,Low Value
987,64,8,599.59,2019-08-12,2023-10-26,74.94875,3,2,4,3.15,At Risk,3,High Value
988,389,7,536.3,2019-08-04,2022-12-05,76.61428571428571,1,1,3,1.8000000000000003,Others,0,Low Value
989,44,15,437.7,2019-02-15,2023-11-15,29.18,4,5,3,3.85,Loyal Customers,2,Premium
990,38,13,718.6,2019-11-10,2023-11-21,55.276923076923076,4,4,4,4.0,Champions,2,Premium
991,43,10,506.23,2019-07-21,2023-11-16,50.623000000000005,4,3,3,3.35,Loyal Customers,1,Mid Value
992,58,11,743.75,2020-08-24,2023-11-01,67.61363636363636,3,3,4,3.4,Loyal Customers,3,High Value
993,11,7,569.38,2021-11-18,2023-12-18,81.34,5,1,4,3.6,Others,1,Mid Value
994,466,11,1172.49,2019-06-09,2022-09-19,106.59,1,3,5,3.1,Others,3,High Value
995,76,8,269.88,2019-05-04,2023-10-14,33.735,3,2,1,1.9499999999999997,Potential Loyalists,0,Low Value
996,404,8,258.55,2019-05-10,2022-11-20,32.31875,1,2,1,1.25,Lost,0,Low Value
997,179,11,376.2,2019-03-05,2023-07-03,34.199999999999996,2,3,2,2.25,At Risk,0,Low Value
998,15,16,859.55,2019-07-15,2023-12-14,53.721875,5,5,5,5.0,Champions,2,Premium
999,239,11,581.86,2019-01-05,2023-05-04,52.89636363636364,2,3,4,3.05,Loyal Customers,3,High Value
1000,40,13,718.86,2019-07-03,2023-11-19,55.29692307692308,4,4,4,4.0,Champions,2,Premium
1001,33,7,366.53999999999996,2020-11-01,2023-11-26,52.36285714285714,4,1,2,2.45,Potential Loyalists,1,Mid Value
1002,136,11,584.5799999999999,2020-01-10,2023-08-15,53.143636363636354,2,3,4,3.05,Loyal Customers,3,High Value
1003,40,7,443.77,2019-10-18,2023-11-19,63.395714285714284,4,1,3,2.85,Potential Loyalists,1,Mid Value
1004,1,17,673.06,2019-09-10,2023-12-28,39.59176470588235,5,5,4,4.6,Champions,2,Premium
1005,21,10,381.2,2019-12-18,2023-12-08,38.12,5,3,2,3.3,Potential Loyalists,1,Mid Value
1006,67,15,540.81,2019-05-15,2023-10-23,36.053999999999995,3,5,3,3.5,Loyal Customers,2,Premium
1007,52,14,396.71000000000004,2019-02-14,2023-11-07,28.336428571428574,3,5,2,3.0999999999999996,At Risk,2,Premium
1008,104,11,507.35,2019-09-19,2023-09-16,46.122727272727275,2,3,3,2.6500000000000004,Loyal Customers,3,High Value
1009,43,10,497.34999999999997,2019-04-28,2023-11-16,49.735,4,3,3,3.35,Loyal Customers,1,Mid Value
1010,80,7,306.31,2019-10-14,2023-10-10,43.75857142857143,3,1,1,1.6999999999999997,Potential Loyalists,0,Low Value
1011,48,15,520.08,2019-09-01,2023-11-11,34.672000000000004,3,5,3,3.5,Loyal Customers,2,Premium
1012,145,13,550.67,2019-06-25,2023-08-06,42.35923076923076,2,4,3,2.9000000000000004,Loyal Customers,3,High Value
1013,93,10,344.12,2019-08-16,2023-09-27,34.412,2,3,2,2.25,At Risk,0,Low Value
1014,40,8,489.62,2019-04-06,2023-11-19,61.2025,4,2,3,3.1,Potential Loyalists,1,Mid Value
1015,53,10,467.0,2019-05-28,2023-11-06,46.7,3,3,3,3.0,Loyal Customers,3,High Value
1016,105,7,633.55,2019-11-17,2023-09-15,90.50714285714285,2,1,4,2.55,Others,0,Low Value
1017,111,10,671.4,2019-03-03,2023-09-09,67.14,2,3,4,3.05,Loyal Customers,3,High Value
1018,38,12,968.36,2019-02-09,2023-11-21,80.69666666666667,4,4,5,4.4,Champions,2,Premium
1019,164,13,702.58,2019-01-23,2023-07-18,54.04461538461539,2,4,4,3.3,Loyal Customers,3,High Value
1020,375,6,176.79,2019-06-14,2022-12-19,29.465,1,1,1,1.0,Lost,0,Low Value
1021,220,12,552.62,2019-10-20,2023-05-23,46.05166666666667,2,4,3,2.9000000000000004,Loyal Customers,3,High Value
1022,20,17,641.37,2019-10-20,2023-12-09,37.72764705882353,5,5,4,4.6,Champions,2,Premium
1023,11,10,458.0,2019-01-10,2023-12-18,45.8,5,3,3,3.7,Loyal Customers,1,Mid Value
1024,37,16,1170.56,2019-02-04,2023-11-22,73.16,4,5,5,4.65,Champions,2,Premium
1025,14,10,355.55,2019-01-23,2023-12-15,35.555,5,3,2,3.3,Potential Loyalists,1,Mid Value
1026,51,15,837.95,2019-06-19,2023-11-08,55.86333333333334,3,5,5,4.3,Loyal Customers,2,Premium
1027,43,10,802.07,2019-12-09,2023-11-16,80.20700000000001,4,3,5,4.15,Loyal Customers,2,Premium
1028,4,10,856.51,2020-11-13,2023-12-25,85.651,5,3,5,4.5,Loyal Customers,2,Premium
1029,85,9,453.14,2019-10-12,2023-10-05,50.34888888888889,3,2,3,2.75,Potential Loyalists,1,Mid Value
1030,43,5,352.2,2020-05-28,2023-11-16,70.44,4,1,2,2.45,Potential Loyalists,1,Mid Value
1031,31,12,1096.13,2019-06-07,2023-11-28,91.34416666666668,4,4,5,4.4,Champions,2,Premium
1032,219,14,2599.28,2019-09-27,2023-05-24,185.66285714285715,2,5,5,3.95,Loyal Customers,3,High Value
1033,86,10,430.57,2020-03-23,2023-10-04,43.057,2,3,3,2.6500000000000004,Loyal Customers,3,High Value
1034,176,12,376.12,2019-06-08,2023-07-06,31.343333333333334,2,4,2,2.5,At Risk,3,High Value
1035,763,10,546.79,2019-04-07,2021-11-26,54.678999999999995,1,3,3,2.3000000000000003,Others,3,High Value
1036,65,9,285.07,2019-10-28,2023-10-25,31.674444444444443,3,2,1,1.9499999999999997,Potential Loyalists,0,Low Value
1037,37,13,568.66,2020-04-12,2023-11-22,43.74307692307692,4,4,4,4.0,Champions,2,Premium
1038,18,11,677.74,2019-08-11,2023-12-11,61.61272727272728,5,3,4,4.1,Loyal Customers,2,Premium
1039,22,7,346.75,2019-03-12,2023-12-07,49.535714285714285,5,1,2,2.8,Potential Loyalists,1,Mid Value
1040,12,7,549.86,2019-04-11,2023-12-17,78.55142857142857,5,1,3,3.2,Potential Loyalists,1,Mid Value
1041,64,10,393.56,2019-02-08,2023-10-26,39.356,3,3,2,2.5999999999999996,Potential Loyalists,1,Mid Value
1042,407,5,166.76,2019-03-06,2022-11-17,33.352,1,1,1,1.0,Lost,0,Low Value
1043,9,12,943.4,2019-11-14,2023-12-20,78.61666666666666,5,4,5,4.75,Champions,2,Premium
1044,250,11,602.88,2019-09-15,2023-04-23,54.807272727272725,1,3,4,2.7,Others,3,High Value
1045,9,15,1279.38,2019-11-04,2023-12-20,85.292,5,5,5,5.0,Champions,2,Premium
1046,78,9,1329.76,2019-04-17,2023-10-12,147.7511111111111,3,2,5,3.55,At Risk,3,High Value
1047,25,9,850.96,2019-10-26,2023-12-04,94.55111111111111,4,2,5,3.9,Others,2,Premium
1048,50,10,698.5,2019-12-24,2023-11-09,69.85,3,3,4,3.4,Loyal Customers,3,High Value
1049,118,12,448.51,2019-04-24,2023-09-02,37.37583333333333,2,4,3,2.9000000000000004,Loyal Customers,3,High Value
1050,15,13,738.77,2019-02-11,2023-12-14,56.82846153846154,5,4,4,4.35,Champions,2,Premium
1051,58,16,1918.98,2019-04-24,2023-11-01,119.93625,3,5,5,4.3,Loyal Customers,2,Premium
1052,39,12,443.03000000000003,2019-09-02,2023-11-20,36.91916666666667,4,4,3,3.6,Loyal Customers,2,Premium
1053,71,12,779.66,2019-01-17,2023-10-19,64.97166666666666,3,4,5,4.05,Loyal Customers,2,Premium
1054,39,11,379.66,2019-02-04,2023-11-20,34.514545454545456,4,3,2,2.95,Potential Loyalists,1,Mid Value
1055,727,11,611.33,2019-03-26,2022-01-01,55.57545454545455,1,3,4,2.7,Others,3,High Value
1056,43,9,581.42,2019-04-21,2023-11-16,64.60222222222222,4,2,4,3.5,Others,1,Mid Value
1057,5,6,201.8,2019-12-03,2023-12-24,33.63333333333333,5,1,1,2.4,Potential Loyalists,1,Mid Value
1058,49,13,1028.3,2019-11-07,2023-11-10,79.1,3,4,5,4.05,Loyal Customers,2,Premium
1059,83,9,313.35,2019-05-04,2023-10-07,34.81666666666667,3,2,1,1.9499999999999997,Potential Loyalists,0,Low Value
1060,508,11,552.55,2019-11-20,2022-08-08,50.23181818181818,1,3,3,2.3000000000000003,Others,3,High Value
1061,34,11,356.27,2019-04-18,2023-11-25,32.38818181818181,4,3,2,2.95,Potential Loyalists,1,Mid Value
1062,534,5,488.73,2019-10-28,2022-07-13,97.74600000000001,1,1,3,1.8000000000000003,Others,0,Low Value
1063,51,10,906.48,2019-11-01,2023-11-08,90.648,3,3,5,3.8,Loyal Customers,3,High Value
1064,33,12,856.14,2019-05-28,2023-11-26,71.345,4,4,5,4.4,Champions,2,Premium
1065,75,10,895.55,2020-05-02,2023-10-15,89.55499999999999,3,3,5,3.8,Loyal Customers,3,High Value
1066,33,5,207.54000000000002,2019-02-11,2023-11-26,41.508,4,1,1,2.05,Potential Loyalists,1,Mid Value
1067,46,9,313.17,2020-08-18,2023-11-13,34.79666666666667,3,2,1,1.9499999999999997,Potential Loyalists,0,Low Value
1068,26,6,323.27,2020-01-03,2023-12-03,53.87833333333333,4,1,2,2.45,Potential Loyalists,1,Mid Value
1069,36,10,327.63,2019-11-26,2023-11-23,32.763,4,3,2,2.95,Potential Loyalists,1,Mid Value
1070,585,11,601.68,2019-10-06,2022-05-23,54.698181818181816,1,3,4,2.7,Others,3,High Value
1071,34,7,371.19,2019-12-28,2023-11-25,53.027142857142856,4,1,2,2.45,Potential Loyalists,1,Mid Value
1072,6,11,414.02,2019-07-16,2023-12-23,37.63818181818181,5,3,2,3.3,Potential Loyalists,1,Mid Value
1073,78,9,334.86,2019-10-17,2023-10-12,37.20666666666667,3,2,2,2.3499999999999996,Potential Loyalists,1,Mid Value
1074,56,8,283.31,2019-04-22,2023-11-03,35.41375,3,2,1,1.9499999999999997,Potential Loyalists,0,Low Value
1075,44,16,613.14,2019-02-12,2023-11-15,38.32125,4,5,4,4.25,Champions,2,Premium
1076,9,7,352.89,2019-09-23,2023-12-20,50.41285714285714,5,1,2,2.8,Potential Loyalists,1,Mid Value
1077,74,14,823.19,2019-10-28,2023-10-16,58.799285714285716,3,5,5,4.3,Loyal Customers,2,Premium
1078,67,8,386.96000000000004,2019-04-06,2023-10-23,48.370000000000005,3,2,2,2.3499999999999996,Potential Loyalists,1,Mid Value
1079,50,15,620.45,2019-05-22,2023-11-09,41.36333333333334,3,5,4,3.9,Loyal Customers,2,Premium
1080,58,11,1143.07,2020-01-10,2023-11-01,103.91545454545454,3,3,5,3.8,Loyal Customers,3,High Value
1081,12,12,426.07,2019-05-05,2023-12-17,35.505833333333335,5,4,2,3.55,Others,1,Mid Value
1082,278,7,182.99,2019-05-27,2023-03-26,26.141428571428573,1,1,1,1.0,Lost,0,Low Value
1083,130,6,293.08,2019-06-12,2023-08-21,48.846666666666664,2,1,1,1.35,Lost,0,Low Value
1084,7,15,663.73,2019-05-15,2023-12-22,44.248666666666665,5,5,4,4.6,Champions,2,Premium
1085,803,13,499.84999999999997,2019-03-10,2021-10-17,38.449999999999996,1,4,3,2.5500000000000003,Others,3,High Value
1086,54,11,464.29,2019-10-16,2023-11-05,42.20818181818182,3,3,3,3.0,Loyal Customers,3,High Value
1087,300,11,576.16,2019-11-08,2023-03-04,52.378181818181815,1,3,4,2.7,Others,3,High Value
1088,9,10,674.46,2019-07-26,2023-12-20,67.446,5,3,4,4.1,Loyal Customers,2,Premium
1089,11,11,1057.33,2019-04-09,2023-12-18,96.12090909090908,5,3,5,4.5,Loyal Customers,2,Premium
1090,10,12,536.65,2019-10-16,2023-12-19,44.72083333333333,5,4,3,3.95,Loyal Customers,2,Premium
1091,126,9,337.61,2019-09-01,2023-08-25,37.51222222222222,2,2,2,2.0,At Risk,0,Low Value
1092,13,13,1093.63,2019-08-04,2023-12-16,84.12538461538462,5,4,5,4.75,Champions,2,Premium
1093,54,11,374.71,2019-08-02,2023-11-05,34.06454545454545,3,3,2,2.5999999999999996,Potential Loyalists,1,Mid Value
1094,12,10,798.89,2019-02-24,2023-12-17,79.889,5,3,5,4.5,Loyal Customers,2,Premium
1095,36,12,383.69,2019-06-16,2023-11-23,31.974166666666665,4,4,2,3.2,Others,1,Mid Value
1096,24,12,1359.97,2019-07-09,2023-12-05,113.33083333333333,5,4,5,4.75,Champions,2,Premium
1097,206,12,452.53000000000003,2019-11-20,2023-06-06,37.71083333333333,2,4,3,2.9000000000000004,Loyal Customers,3,High Value
1098,31,14,690.36,2019-07-14,2023-11-28,49.31142857142857,4,5,4,4.25,Champions,2,Premium
1099,260,6,603.0699999999999,2019-05-02,2023-04-13,100.51166666666666,1,1,4,2.2,Others,0,Low Value
1100,241,12,678.32,2019-01-14,2023-05-02,56.52666666666667,2,4,4,3.3,Loyal Customers,3,High Value
1101,6,7,1001.4,2020-01-23,2023-12-23,143.05714285714285,5,1,5,4.0,Others,1,Mid Value
1102,345,10,539.12,2019-01-10,2023-01-18,53.912,1,3,3,2.3000000000000003,Others,3,High Value
1103,135,8,262.41,2019-02-23,2023-08-16,32.80125,2,2,1,1.6,Lost,0,Low Value
1104,96,9,381.77,2019-12-19,2023-09-24,42.41888888888889,2,2,2,2.0,At Risk,0,Low Value
1105,69,8,869.3100000000001,2019-05-09,2023-10-21,108.66375000000001,3,2,5,3.55,At Risk,3,High Value
1106,5,12,351.28000000000003,2019-01-24,2023-12-24,29.273333333333337,5,4,2,3.55,Others,1,Mid Value
1107,62,4,93.8,2019-12-21,2023-10-28,23.45,3,1,1,1.6999999999999997,Potential Loyalists,0,Low Value
1108,373,13,1462.3600000000001,2019-11-11,2022-12-21,112.48923076923077,1,4,5,3.35,Others,3,High Value
1109,409,4,87.36,2019-11-11,2022-11-15,21.84,1,1,1,1.0,Lost,0,Low Value
1110,51,8,223.98999999999998,2019-11-09,2023-11-08,27.998749999999998,3,2,1,1.9499999999999997,Potential Loyalists,0,Low Value
1111,200,7,516.64,2019-11-08,2023-06-12,73.80571428571429,2,1,3,2.1500000000000004,Others,0,Low Value
1112,18,11,508.59,2019-01-04,2023-12-11,46.235454545454544,5,3,3,3.7,Loyal Customers,1,Mid Value
1113,115,8,251.04000000000002,2019-02-10,2023-09-05,31.380000000000003,2,2,1,1.6,Lost,0,Low Value
1114,50,14,1105.15,2019-09-11,2023-11-09,78.93928571428572,3,5,5,4.3,Loyal Customers,2,Premium
1115,106,9,331.24,2019-03-23,2023-09-14,36.80444444444444,2,2,2,2.0,At Risk,0,Low Value
1116,44,10,414.28,2019-01-21,2023-11-15,41.428,4,3,2,2.95,Potential Loyalists,1,Mid Value
1117,18,12,457.23,2019-08-19,2023-12-11,38.1025,5,4,3,3.95,Loyal Customers,2,Premium
1118,285,8,1458.29,2019-12-01,2023-03-19,182.28625,1,2,5,2.85,Others,3,High Value
1119,241,8,249.59,2019-04-18,2023-05-02,31.19875,2,2,1,1.6,Lost,0,Low Value
1120,107,4,157.91,2019-12-14,2023-09-13,39.4775,2,1,1,1.35,Lost,0,Low Value
1121,55,10,537.26,2019-07-08,2023-11-04,53.726,3,3,3,3.0,Loyal Customers,3,High Value
1122,45,14,512.31,2019-05-10,2023-11-14,36.59357142857142,3,5,3,3.5,Loyal Customers,2,Premium
1123,106,12,660.3,2019-03-20,2023-09-14,55.025,2,4,4,3.3,Loyal Customers,3,High Value
1124,55,14,451.97,2019-03-23,2023-11-04,32.28357142857143,3,5,3,3.5,Loyal Customers,2,Premium
1125,80,8,468.91,2019-11-07,2023-10-10,58.61375,3,2,3,2.75,Potential Loyalists,1,Mid Value
1126,419,9,433.36,2019-08-26,2022-11-05,48.15111111111111,1,2,3,2.0500000000000003,Others,0,Low Value
1127,69,12,425.85,2019-06-09,2023-10-21,35.487500000000004,3,4,2,2.8499999999999996,At Risk,1,Mid Value
1128,148,5,172.65,2021-02-18,2023-08-03,34.53,2,1,1,1.35,Lost,0,Low Value
1129,46,11,415.11,2020-04-07,2023-11-13,37.73727272727273,3,3,2,2.5999999999999996,Potential Loyalists,1,Mid Value
1130,55,12,456.88,2019-01-22,2023-11-04,38.07333333333333,3,4,3,3.25,Loyal Customers,3,High Value
1131,17,9,541.57,2021-11-03,2023-12-12,60.17444444444445,5,2,3,3.45,Potential Loyalists,1,Mid Value
1132,34,15,878.01,2019-04-21,2023-11-25,58.534,4,5,5,4.65,Champions,2,Premium
1133,52,13,625.8,2019-01-09,2023-11-07,48.138461538461534,3,4,4,3.65,Loyal Customers,3,High Value
1134,24,12,693.72,2019-06-27,2023-12-05,57.81,5,4,4,4.35,Champions,2,Premium
1135,37,8,1134.68,2019-12-07,2023-11-22,141.835,4,2,5,3.9,Others,2,Premium
1136,57,9,740.38,2019-06-01,2023-11-02,82.26444444444445,3,2,4,3.15,At Risk,3,High Value
1137,18,11,332.21000000000004,2019-11-17,2023-12-11,30.200909090909093,5,3,2,3.3,Potential Loyalists,1,Mid Value
1138,359,9,473.44,2020-07-07,2023-01-04,52.60444444444445,1,2,3,2.0500000000000003,Others,0,Low Value
1139,9,18,1153.68,2019-06-27,2023-12-20,64.09333333333333,5,5,5,5.0,Champions,2,Premium
1140,298,11,777.91,2019-12-06,2023-03-06,70.71909090909091,1,3,5,3.1,Others,3,High Value
1141,43,9,1045.58,2019-11-14,2023-11-16,116.17555555555555,4,2,5,3.9,Others,2,Premium
1142,344,11,338.91,2019-04-10,2023-01-19,30.810000000000002,1,3,2,1.9000000000000001,Others,0,Low Value
1143,7,11,723.03,2019-08-17,2023-12-22,65.73,5,3,4,4.1,Loyal Customers,2,Premium
1144,18,9,304.5,2019-11-26,2023-12-11,33.833333333333336,5,2,1,2.65,Potential Loyalists,1,Mid Value
1145,124,10,367.88,2019-02-02,2023-08-27,36.788,2,3,2,2.25,At Risk,0,Low Value
1146,55,10,880.48,2019-12-06,2023-11-04,88.048,3,3,5,3.8,Loyal Customers,3,High Value
1147,376,10,326.71,2019-06-05,2022-12-18,32.671,1,3,2,1.9000000000000001,Others,0,Low Value
1148,410,4,209.78,2019-05-03,2022-11-14,52.445,1,1,1,1.0,Lost,0,Low Value
1149,313,7,265.39,2019-04-25,2023-02-19,37.91285714285714,1,1,1,1.0,Lost,0,Low Value
1150,189,9,426.64,2019-03-03,2023-06-23,47.404444444444444,2,2,2,2.0,At Risk,0,Low Value
1151,55,7,238.03,2019-07-08,2023-11-04,34.004285714285714,3,1,1,1.6999999999999997,Potential Loyalists,0,Low Value
1152,22,18,579.03,2019-01-16,2023-12-07,32.16833333333333,5,5,4,4.6,Champions,2,Premium
1153,9,9,226.3,2020-03-13,2023-12-20,25.144444444444446,5,2,1,2.65,Potential Loyalists,1,Mid Value
1154,14,14,504.84000000000003,2019-06-23,2023-12-15,36.06,5,5,3,4.2,Loyal Customers,2,Premium
1155,136,9,287.06,2020-01-20,2023-08-15,31.895555555555557,2,2,1,1.6,Lost,0,Low Value
1156,505,10,516.44,2019-03-26,2022-08-11,51.644000000000005,1,3,3,2.3000000000000003,Others,3,High Value
1157,32,10,344.02,2019-03-02,2023-11-27,34.402,4,3,2,2.95,Potential Loyalists,1,Mid Value
1158,35,13,880.76,2019-06-01,2023-11-24,67.75076923076924,4,4,5,4.4,Champions,2,Premium
1159,1,14,519.78,2019-02-09,2023-12-28,37.12714285714286,5,5,3,4.2,Loyal Customers,2,Premium
1160,41,13,839.23,2019-10-28,2023-11-18,64.55615384615385,4,4,5,4.4,Champions,2,Premium
1161,49,10,450.48,2019-01-13,2023-11-10,45.048,3,3,3,3.0,Loyal Customers,3,High Value
1162,73,19,731.87,2019-01-18,2023-10-17,38.519473684210524,3,5,4,3.9,Loyal Customers,2,Premium
1163,126,8,478.47,2019-12-08,2023-08-25,59.80875,2,2,3,2.4000000000000004,At Risk,0,Low Value
1164,17,10,387.23,2019-11-26,2023-12-12,38.723,5,3,2,3.3,Potential Loyalists,1,Mid Value
1165,35,13,1776.1699999999998,2019-02-18,2023-11-24,136.62846153846152,4,4,5,4.4,Champions,2,Premium
1166,769,4,196.51999999999998,2020-07-21,2021-11-20,49.129999999999995,1,1,1,1.0,Lost,0,Low Value
1167,433,4,140.84,2019-11-25,2022-10-22,35.21,1,1,1,1.0,Lost,0,Low Value
1168,58,6,579.16,2019-11-23,2023-11-01,96.52666666666666,3,1,4,2.9,Others,1,Mid Value
1169,62,7,545.89,2019-01-20,2023-10-28,77.98428571428572,3,1,3,2.5,Potential Loyalists,1,Mid Value
1170,405,5,276.97,2020-01-19,2022-11-19,55.394000000000005,1,1,1,1.0,Lost,0,Low Value
1171,137,9,340.94,2019-05-09,2023-08-14,37.882222222222225,2,2,2,2.0,At Risk,0,Low Value
1172,245,10,604.4200000000001,2019-01-20,2023-04-28,60.44200000000001,2,3,4,3.05,Loyal Customers,3,High Value
1173,768,9,405.03999999999996,2019-01-06,2021-11-21,45.00444444444444,1,2,2,1.65,Lost,0,Low Value
1174,35,10,536.93,2019-11-23,2023-11-24,53.693,4,3,3,3.35,Loyal Customers,1,Mid Value
1175,9,16,1389.28,2019-09-03,2023-12-20,86.83,5,5,5,5.0,Champions,2,Premium
1176,33,12,551.92,2019-11-02,2023-11-26,45.99333333333333,4,4,3,3.6,Loyal Customers,2,Premium
1177,112,11,794.72,2019-03-19,2023-09-08,72.24727272727273,2,3,5,3.45,Loyal Customers,3,High Value
1178,347,5,202.43,2019-03-01,2023-01-16,40.486000000000004,1,1,1,1.0,Lost,0,Low Value
1179,7,9,469.12,2019-01-04,2023-12-22,52.12444444444444,5,2,3,3.45,Potential Loyalists,1,Mid Value
1180,134,10,488.55,2019-10-27,2023-08-17,48.855000000000004,2,3,3,2.6500000000000004,Loyal Customers,3,High Value
1181,16,9,569.0699999999999,2019-02-18,2023-12-13,63.22999999999999,5,2,4,3.85,Others,1,Mid Value
1182,26,19,688.73,2019-03-22,2023-12-03,36.24894736842106,4,5,4,4.25,Champions,2,Premium
1183,55,11,840.12,2019-12-21,2023-11-04,76.37454545454545,3,4,5,4.05,Loyal Customers,2,Premium
1184,318,8,324.86,2019-04-26,2023-02-14,40.6075,1,2,2,1.65,Lost,0,Low Value
1185,50,10,363.99,2019-10-03,2023-11-09,36.399,3,3,2,2.5999999999999996,Potential Loyalists,1,Mid Value
1186,142,13,630.13,2019-03-11,2023-08-09,48.47153846153846,2,4,4,3.3,Loyal Customers,3,High Value
1187,97,7,313.59,2019-01-15,2023-09-23,44.79857142857143,2,1,1,1.35,Lost,0,Low Value
1188,36,9,295.64,2019-11-08,2023-11-23,32.84888888888889,4,2,1,2.3,Potential Loyalists,1,Mid Value
1189,18,6,213.8,2019-12-16,2023-12-11,35.63333333333333,5,1,1,2.4,Potential Loyalists,1,Mid Value
1190,335,8,204.07,2019-03-16,2023-01-28,25.50875,1,2,1,1.25,Lost,0,Low Value
1191,74,10,373.8,2020-01-14,2023-10-16,37.38,3,3,2,2.5999999999999996,Potential Loyalists,1,Mid Value
1192,7,6,236.26999999999998,2019-09-16,2023-12-22,39.37833333333333,5,1,1,2.4,Potential Loyalists,1,Mid Value
1193,20,10,638.9,2019-01-28,2023-12-09,63.89,5,3,4,4.1,Loyal Customers,2,Premium
1194,118,10,769.88,2020-03-16,2023-09-02,76.988,2,3,5,3.45,Loyal Customers,3,High Value
1195,38,10,372.62,2019-05-02,2023-11-21,37.262,4,3,2,2.95,Potential Loyalists,1,Mid Value
1196,24,10,385.59000000000003,2019-11-27,2023-12-05,38.559000000000005,5,3,2,3.3,Potential Loyalists,1,Mid Value
1197,22,14,1368.43,2019-05-27,2023-12-07,97.745,5,5,5,5.0,Champions,2,Premium
1198,412,10,583.97,2019-02-23,2022-11-12,58.397000000000006,1,3,4,2.7,Others,3,High Value
1199,413,9,335.05,2019-11-26,2022-11-11,37.22777777777778,1,2,2,1.65,Lost,0,Low Value
1200,24,8,267.89,2019-08-22,2023-12-05,33.48625,5,2,1,2.65,Potential Loyalists,1,Mid Value
1201,20,11,381.68,2019-09-16,2023-12-09,34.698181818181816,5,4,2,3.55,Others,1,Mid Value
1202,11,14,987.1299999999999,2019-03-28,2023-12-18,70.50928571428571,5,5,5,5.0,Champions,2,Premium
1203,12,15,1206.38,2019-06-24,2023-12-17,80.42533333333334,5,5,5,5.0,Champions,2,Premium
1204,87,7,984.04,2019-12-04,2023-10-03,140.57714285714286,2,1,5,2.95,Others,3,High Value
1205,5,12,574.93,2019-06-17,2023-12-24,47.91083333333333,5,4,4,4.35,Champions,2,Premium
1206,32,10,986.04,2019-11-04,2023-11-27,98.604,4,3,5,4.15,Loyal Customers,2,Premium
1207,20,15,496.03,2019-01-24,2023-12-09,33.068666666666665,5,5,3,4.2,Loyal Customers,2,Premium
1208,18,11,756.06,2019-10-11,2023-12-11,68.73272727272727,5,4,4,4.35,Champions,2,Premium
1209,32,7,345.8,2019-12-02,2023-11-27,49.4,4,1,2,2.45,Potential Loyalists,1,Mid Value
1210,78,12,535.7,2019-03-09,2023-10-12,44.64166666666667,3,4,3,3.25,Loyal Customers,3,High Value
1211,41,9,619.85,2019-05-11,2023-11-18,68.87222222222222,4,2,4,3.5,Others,1,Mid Value
1212,48,12,458.59000000000003,2019-04-20,2023-11-11,38.215833333333336,3,4,3,3.25,Loyal Customers,3,High Value
1213,126,10,373.40999999999997,2019-01-28,2023-08-25,37.340999999999994,2,3,2,2.25,At Risk,0,Low Value
1214,19,11,618.5600000000001,2019-04-21,2023-12-10,56.23272727272728,5,4,4,4.35,Champions,2,Premium
1215,57,16,792.67,2019-11-25,2023-11-02,49.541875,3,5,5,4.3,Loyal Customers,2,Premium
1216,33,7,482.94,2019-12-24,2023-11-26,68.99142857142857,4,1,3,2.85,Potential Loyalists,1,Mid Value
1217,9,14,486.90000000000003,2019-06-25,2023-12-20,34.77857142857143,5,5,3,4.2,Loyal Customers,2,Premium
1218,11,9,675.84,2019-09-19,2023-12-18,75.09333333333333,5,2,4,3.85,Others,1,Mid Value
1219,103,9,359.01,2019-12-19,2023-09-17,39.89,2,2,2,2.0,At Risk,0,Low Value
1220,771,3,223.59,2020-02-05,2021-11-18,74.53,1,1,1,1.0,Lost,0,Low Value
1221,55,11,355.11,2019-09-10,2023-11-04,32.28272727272727,3,4,2,2.8499999999999996,At Risk,1,Mid Value
1222,33,9,399.35,2019-07-10,2023-11-26,44.37222222222223,4,2,2,2.7,Potential Loyalists,1,Mid Value
1223,64,13,854.3000000000001,2019-03-19,2023-10-26,65.71538461538462,3,4,5,4.05,Loyal Customers,2,Premium
1224,160,9,377.23,2019-02-03,2023-07-22,41.91444444444445,2,2,2,2.0,At Risk,0,Low Value
1225,154,10,459.41,2019-05-09,2023-07-28,45.941,2,3,3,2.6500000000000004,Loyal Customers,3,High Value
1226,31,9,299.43,2019-11-25,2023-11-28,33.27,4,2,1,2.3,Potential Loyalists,1,Mid Value
1227,158,13,762.98,2019-08-02,2023-07-24,58.690769230769234,2,4,4,3.3,Loyal Customers,3,High Value
1228,110,12,711.6700000000001,2019-03-03,2023-09-10,59.30583333333334,2,4,4,3.3,Loyal Customers,3,High Value
1229,28,10,324.24,2019-02-28,2023-12-01,32.424,4,3,2,2.95,Potential Loyalists,1,Mid Value
1230,14,19,1133.56,2019-06-09,2023-12-15,59.66105263157895,5,5,5,5.0,Champions,2,Premium
1231,423,8,782.13,2019-06-21,2022-11-01,97.76625,1,2,5,2.85,Others,3,High Value
1232,88,2,80.16,2020-05-02,2023-10-02,40.08,2,1,1,1.35,Lost,0,Low Value
1233,25,11,490.17,2019-11-11,2023-12-04,44.56090909090909,4,4,3,3.6,Loyal Customers,2,Premium
1234,368,5,248.99,2019-11-05,2022-12-26,49.798,1,1,1,1.0,Lost,0,Low Value
1235,316,14,634.32,2019-04-22,2023-02-16,45.30857142857143,1,5,4,3.2,Others,3,High Value
1236,40,6,248.64000000000001,2019-10-03,2023-11-19,41.440000000000005,4,1,1,2.05,Potential Loyalists,1,Mid Value
1237,34,15,480.68,2019-01-06,2023-11-25,32.04533333333333,4,5,3,3.85,Loyal Customers,2,Premium
1238,48,7,219.65,2019-06-10,2023-11-11,31.37857142857143,3,1,1,1.6999999999999997,Potential Loyalists,0,Low Value
1239,36,10,512.65,2019-09-05,2023-11-23,51.265,4,3,3,3.35,Loyal Customers,1,Mid Value
1240,205,10,491.75,2019-02-21,2023-06-07,49.175,2,3,3,2.6500000000000004,Loyal Customers,3,High Value
1241,8,11,489.5,2019-05-16,2023-12-21,44.5,5,4,3,3.95,Loyal Customers,2,Premium
1242,177,17,668.85,2019-04-23,2023-07-05,39.34411764705882,2,5,4,3.55,Loyal Customers,3,High Value
1243,56,10,544.42,2019-06-25,2023-11-03,54.44199999999999,3,3,3,3.0,Loyal Customers,3,High Value
1244,21,15,1291.05,2019-02-13,2023-12-08,86.07,5,5,5,5.0,Champions,2,Premium
1245,31,9,339.35,2019-02-25,2023-11-28,37.705555555555556,4,2,2,2.7,Potential Loyalists,1,Mid Value
1246,56,14,633.41,2019-04-26,2023-11-03,45.24357142857143,3,5,4,3.9,Loyal Customers,2,Premium
1247,15,11,695.12,2019-11-17,2023-12-14,63.192727272727275,5,4,4,4.35,Champions,2,Premium
1248,238,14,1023.1800000000001,2019-02-09,2023-05-05,73.08428571428571,2,5,5,3.95,Loyal Customers,3,High Value
1249,145,21,1269.52,2019-02-04,2023-08-06,60.45333333333333,2,5,5,3.95,Loyal Customers,3,High Value
1250,383,7,141.82,2020-02-09,2022-12-11,20.259999999999998,1,1,1,1.0,Lost,0,Low Value
1251,874,7,397.87,2019-02-01,2021-08-07,56.83857142857143,1,1,2,1.4,Lost,0,Low Value
1252,292,13,666.75,2019-05-10,2023-03-12,51.28846153846154,1,4,4,2.95,Others,3,High Value
1253,8,19,1017.62,2019-04-25,2023-12-21,53.55894736842105,5,5,5,5.0,Champions,2,Premium
1254,79,14,454.69,2019-04-14,2023-10-11,32.47785714285714,3,5,3,3.5,Loyal Customers,2,Premium
1255,79,10,385.2,2019-05-14,2023-10-11,38.519999999999996,3,3,2,2.5999999999999996,Potential Loyalists,1,Mid Value
1256,369,9,515.65,2019-05-24,2022-12-25,57.294444444444444,1,2,3,2.0500000000000003,Others,0,Low Value
1257,19,14,1155.8,2019-01-26,2023-12-10,82.55714285714285,5,5,5,5.0,Champions,2,Premium
1258,35,14,750.18,2019-06-20,2023-11-24,53.58428571428571,4,5,4,4.25,Champions,2,Premium
1259,103,14,1273.67,2019-11-07,2023-09-17,90.97642857142857,2,5,5,3.95,Loyal Customers,3,High Value
1260,777,6,337.26,2019-01-02,2021-11-12,56.21,1,1,2,1.4,Lost,0,Low Value
1261,476,8,317.15,2019-07-12,2022-09-09,39.64375,1,2,1,1.25,Lost,0,Low Value
1262,343,12,946.69,2019-08-13,2023-01-20,78.89083333333333,1,4,5,3.35,Others,3,High Value
1263,148,12,676.13,2019-01-15,2023-08-03,56.344166666666666,2,4,4,3.3,Loyal Customers,3,High Value
1264,111,9,528.86,2019-03-27,2023-09-09,58.76222222222222,2,2,3,2.4000000000000004,At Risk,0,Low Value
1265,217,6,683.09,2020-01-25,2023-05-26,113.84833333333334,2,1,4,2.55,Others,0,Low Value
1266,283,9,401.32,2019-05-02,2023-03-21,44.59111111111111,1,2,2,1.65,Lost,0,Low Value
1267,87,16,720.78,2019-02-09,2023-10-03,45.04875,2,5,4,3.55,Loyal Customers,3,High Value
1268,44,11,725.83,2019-02-11,2023-11-15,65.98454545454545,4,4,4,4.0,Champions,2,Premium
1269,9,16,685.9300000000001,2019-04-09,2023-12-20,42.870625000000004,5,5,4,4.6,Champions,2,Premium
1270,53,10,568.22,2019-02-04,2023-11-06,56.822,3,3,4,3.4,Loyal Customers,3,High Value
1271,31,15,1332.34,2019-02-11,2023-11-28,88.82266666666666,4,5,5,4.65,Champions,2,Premium
1272,340,7,322.45,2019-03-19,2023-01-23,46.06428571428571,1,1,2,1.4,Lost,0,Low Value
1273,56,9,747.88,2020-03-20,2023-11-03,83.09777777777778,3,2,4,3.15,At Risk,3,High Value
1274,8,8,217.45,2019-05-12,2023-12-21,27.18125,5,2,1,2.65,Potential Loyalists,1,Mid Value
1275,21,12,471.6,2019-06-27,2023-12-08,39.300000000000004,5,4,3,3.95,Loyal Customers,2,Premium
1276,35,11,442.78,2019-04-01,2023-11-24,40.25272727272727,4,4,3,3.6,Loyal Customers,2,Premium
1277,2,5,160.19,2022-10-18,2023-12-27,32.038,5,1,1,2.4,Potential Loyalists,1,Mid Value
1278,16,16,778.4300000000001,2019-05-11,2023-12-13,48.651875000000004,5,5,5,5.0,Champions,2,Premium
1279,284,13,469.88,2019-07-08,2023-03-20,36.144615384615385,1,4,3,2.5500000000000003,Others,3,High Value
1280,55,8,485.13,2019-08-21,2023-11-04,60.64125,3,2,3,2.75,Potential Loyalists,1,Mid Value
1281,10,13,1033.33,2019-02-18,2023-12-19,79.48692307692308,5,4,5,4.75,Champions,2,Premium
1282,4,14,787.62,2019-03-17,2023-12-25,56.25857142857143,5,5,5,5.0,Champions,2,Premium
1283,42,10,1073.17,2019-06-22,2023-11-17,107.31700000000001,4,3,5,4.15,Loyal Customers,2,Premium
1284,13,12,403.58,2019-11-20,2023-12-16,33.63166666666667,5,4,2,3.55,Others,1,Mid Value
1285,50,8,364.25,2019-05-21,2023-11-09,45.53125,3,2,2,2.3499999999999996,Potential Loyalists,1,Mid Value
1286,369,13,462.65999999999997,2019-01-01,2022-12-25,35.58923076923077,1,4,3,2.5500000000000003,Others,3,High Value
1287,74,12,1324.1200000000001,2019-07-08,2023-10-16,110.34333333333335,3,4,5,4.05,Loyal Customers,2,Premium
1288,10,6,266.12,2020-03-13,2023-12-19,44.35333333333333,5,1,1,2.4,Potential Loyalists,1,Mid Value
1289,11,10,386.18,2019-11-01,2023-12-18,38.618,5,3,2,3.3,Potential Loyalists,1,Mid Value
1290,84,16,759.5,2019-02-19,2023-10-06,47.46875,3,5,4,3.9,Loyal Customers,2,Premium
1291,27,6,231.2,2020-07-25,2023-12-02,38.53333333333333,4,1,1,2.05,Potential Loyalists,1,Mid Value
1292,143,12,799.58,2019-04-16,2023-08-08,66.63166666666667,2,4,5,3.7,Loyal Customers,3,High Value
1293,56,10,589.56,2020-02-09,2023-11-03,58.955999999999996,3,3,4,3.4,Loyal Customers,3,High Value
1294,136,12,822.18,2019-05-20,2023-08-15,68.515,2,4,5,3.7,Loyal Customers,3,High Value
1295,44,10,637.9300000000001,2019-12-13,2023-11-15,63.793000000000006,4,3,4,3.75,Loyal Customers,2,Premium
1296,391,5,284.71,2019-10-27,2022-12-03,56.94199999999999,1,1,1,1.0,Lost,0,Low Value
1297,39,10,659.87,2020-01-03,2023-11-20,65.987,4,3,4,3.75,Loyal Customers,2,Premium
1298,110,11,325.33,2019-03-07,2023-09-10,29.575454545454544,2,4,2,2.5,At Risk,3,High Value
1299,96,10,319.08,2020-11-04,2023-09-24,31.907999999999998,2,3,2,2.25,At Risk,0,Low Value
1300,42,10,839.57,2019-06-20,2023-11-17,83.95700000000001,4,3,5,4.15,Loyal Customers,2,Premium
1301,166,7,254.82,2019-12-22,2023-07-16,36.402857142857144,2,1,1,1.35,Lost,0,Low Value
1302,132,5,257.95,2019-11-10,2023-08-19,51.589999999999996,2,1,1,1.35,Lost,0,Low Value
1303,368,14,442.48999999999995,2019-02-01,2022-12-26,31.60642857142857,1,5,3,2.8000000000000003,Others,3,High Value
1304,370,10,359.22,2019-12-25,2022-12-24,35.922000000000004,1,3,2,1.9000000000000001,Others,0,Low Value
1305,313,6,453.06,2019-06-13,2023-02-19,75.51,1,1,3,1.8000000000000003,Others,0,Low Value
1306,36,10,385.7,2020-02-24,2023-11-23,38.57,4,3,2,2.95,Potential Loyalists,1,Mid Value
1307,179,5,1024.2,2019-06-13,2023-07-03,204.84,2,1,5,2.95,Others,3,High Value
1308,387,7,797.91,2019-03-16,2022-12-07,113.98714285714286,1,1,5,2.6,Others,3,High Value
1309,23,9,388.52,2019-03-06,2023-12-06,43.16888888888889,5,2,2,3.05,Potential Loyalists,1,Mid Value
1310,38,10,336.88,2019-07-17,2023-11-21,33.688,4,3,2,2.95,Potential Loyalists,1,Mid Value
1311,3,14,470.21999999999997,2019-01-17,2023-12-26,33.58714285714286,5,5,3,4.2,Loyal Customers,2,Premium
1312,140,14,498.59000000000003,2019-11-22,2023-08-11,35.61357142857143,2,5,3,3.1500000000000004,Loyal Customers,3,High Value
1313,4,9,500.08,2019-08-07,2023-12-25,55.56444444444444,5,2,3,3.45,Potential Loyalists,1,Mid Value
1314,88,9,851.6700000000001,2019-07-14,2023-10-02,94.63000000000001,2,2,5,3.2,At Risk,3,High Value
1315,25,9,429.97,2019-10-09,2023-12-04,47.77444444444445,4,2,3,3.1,Potential Loyalists,1,Mid Value
1316,20,9,238.76,2020-02-09,2023-12-09,26.528888888888886,5,2,1,2.65,Potential Loyalists,1,Mid Value
1317,36,13,913.44,2019-06-27,2023-11-23,70.26461538461538,4,4,5,4.4,Champions,2,Premium
1318,47,16,838.4499999999999,2019-05-23,2023-11-12,52.403124999999996,3,5,5,4.3,Loyal Customers,2,Premium
1319,3,11,1443.34,2020-03-26,2023-12-26,131.21272727272728,5,4,5,4.75,Champions,2,Premium
1320,88,11,680.74,2019-01-27,2023-10-02,61.88545454545454,2,4,4,3.3,Loyal Customers,3,High Value
1321,36,9,398.12,2019-06-07,2023-11-23,44.23555555555556,4,2,2,2.7,Potential Loyalists,1,Mid Value
1322,191,12,391.65,2019-05-02,2023-06-21,32.637499999999996,2,4,2,2.5,At Risk,3,High Value
1323,40,8,303.5,2020-07-20,2023-11-19,37.9375,4,2,1,2.3,Potential Loyalists,1,Mid Value
1324,13,17,759.3,2019-11-11,2023-12-16,44.66470588235294,5,5,4,4.6,Champions,2,Premium
1325,22,3,173.7,2020-10-01,2023-12-07,57.9,5,1,1,2.4,Potential Loyalists,1,Mid Value
1326,309,6,266.49,2019-02-28,2023-02-23,44.415,1,1,1,1.0,Lost,0,Low Value
1327,36,9,356.48,2019-03-09,2023-11-23,39.60888888888889,4,2,2,2.7,Potential Loyalists,1,Mid Value
1328,42,8,376.79999999999995,2020-11-28,2023-11-17,47.099999999999994,4,2,2,2.7,Potential Loyalists,1,Mid Value
1329,7,7,368.34,2019-09-04,2023-12-22,52.62,5,1,2,2.8,Potential Loyalists,1,Mid Value
1330,70,9,751.35,2019-11-03,2023-10-20,83.48333333333333,3,2,4,3.15,At Risk,3,High Value
1331,87,9,367.56,2020-10-02,2023-10-03,40.84,2,2,2,2.0,At Risk,0,Low Value
1332,19,11,424.67,2019-07-04,2023-12-10,38.60636363636364,5,4,2,3.55,Others,1,Mid Value
1333,254,13,457.03999999999996,2019-03-07,2023-04-19,35.15692307692307,1,4,3,2.5500000000000003,Others,3,High Value
1334,42,13,1180.49,2019-01-05,2023-11-17,90.80692307692308,4,4,5,4.4,Champions,2,Premium
1335,10,8,721.76,2019-10-15,2023-12-19,90.22,5,2,4,3.85,Others,1,Mid Value
1336,375,5,173.05,2019-10-27,2022-12-19,34.61,1,1,1,1.0,Lost,0,Low Value
1337,63,17,622.99,2019-02-05,2023-10-27,36.646470588235296,3,5,4,3.9,Loyal Customers,2,Premium
1338,56,10,264.53,2019-05-11,2023-11-03,26.452999999999996,3,3,1,2.1999999999999997,Potential Loyalists,1,Mid Value
1339,67,13,673.06,2019-01-19,2023-10-23,51.77384615384615,3,4,4,3.65,Loyal Customers,3,High Value
1340,248,11,475.12,2019-01-17,2023-04-25,43.192727272727275,1,4,3,2.5500000000000003,Others,3,High Value
1341,70,14,783.35,2019-06-23,2023-10-20,55.95357142857143,3,5,5,4.3,Loyal Customers,2,Premium
1342,34,14,1394.4099999999999,2019-01-24,2023-11-25,99.60071428571428,4,5,5,4.65,Champions,2,Premium
1343,416,9,447.27,2019-01-02,2022-11-08,49.696666666666665,1,2,3,2.0500000000000003,Others,0,Low Value
1344,49,16,874.51,2019-01-27,2023-11-10,54.656875,3,5,5,4.3,Loyal Customers,2,Premium
1345,42,7,193.35,2019-03-02,2023-11-17,27.62142857142857,4,1,1,2.05,Potential Loyalists,1,Mid Value
1346,380,15,579.92,2019-06-24,2022-12-14,38.66133333333333,1,5,4,3.2,Others,3,High Value
1347,206,6,267.51,2020-03-22,2023-06-06,44.585,2,1,1,1.35,Lost,0,Low Value
1348,187,9,704.6800000000001,2020-05-13,2023-06-25,78.29777777777778,2,2,4,2.8,At Risk,3,High Value
1349,80,9,753.21,2019-06-01,2023-10-10,83.69,3,2,4,3.15,At Risk,3,High Value
1350,10,16,1036.96,2019-07-17,2023-12-19,64.81,5,5,5,5.0,Champions,2,Premium
1351,94,10,554.58,2019-12-24,2023-09-26,55.458000000000006,2,3,3,2.6500000000000004,Loyal Customers,3,High Value
1352,502,10,487.79,2019-01-21,2022-08-14,48.779,1,3,3,2.3000000000000003,Others,3,High Value
1353,93,6,339.40999999999997,2021-02-25,2023-09-27,56.56833333333333,2,1,2,1.75,Lost,0,Low Value
1354,130,9,564.6999999999999,2019-11-10,2023-08-21,62.74444444444444,2,2,4,2.8,At Risk,3,High Value
1355,39,14,833.09,2019-06-18,2023-11-20,59.50642857142857,4,5,5,4.65,Champions,2,Premium
1356,52,9,511.48,2019-11-24,2023-11-07,56.83111111111111,3,2,3,2.75,Potential Loyalists,1,Mid Value
1357,47,10,621.1,2019-03-02,2023-11-12,62.11,3,3,4,3.4,Loyal Customers,3,High Value
1358,17,10,732.77,2019-12-07,2023-12-12,73.277,5,3,4,4.1,Loyal Customers,2,Premium
1359,40,7,201.84,2020-05-23,2023-11-19,28.834285714285716,4,1,1,2.05,Potential Loyalists,1,Mid Value
1360,7,13,949.37,2020-05-18,2023-12-22,73.02846153846154,5,4,5,4.75,Champions,2,Premium
1361,305,8,566.63,2019-08-18,2023-02-27,70.82875,1,2,4,2.45,Others,3,High Value
1362,317,6,285.57,2020-04-13,2023-02-15,47.595,1,1,1,1.0,Lost,0,Low Value
1363,786,8,419.57,2019-06-06,2021-11-03,52.44625,1,2,2,1.65,Lost,0,Low Value
1364,106,10,1328.34,2019-10-25,2023-09-14,132.834,2,3,5,3.45,Loyal Customers,3,High Value
1365,51,6,224.74,2020-07-11,2023-11-08,37.45666666666667,3,1,1,1.6999999999999997,Potential Loyalists,0,Low Value
1366,257,6,344.53,2021-08-20,2023-04-16,57.42166666666666,1,1,2,1.4,Lost,0,Low Value
1367,10,17,1253.17,2019-06-17,2023-12-19,73.71588235294118,5,5,5,5.0,Champions,2,Premium
1368,444,6,204.43,2019-10-03,2022-10-11,34.071666666666665,1,1,1,1.0,Lost,0,Low Value
1369,200,8,657.2,2019-08-02,2023-06-12,82.15,2,2,4,2.8,At Risk,3,High Value
1370,81,15,809.37,2019-09-22,2023-10-09,53.958,3,5,5,4.3,Loyal Customers,2,Premium
1371,261,11,1064.73,2019-01-02,2023-04-12,96.79363636363637,1,4,5,3.35,Others,3,High Value
1372,72,9,790.52,2019-11-21,2023-10-18,87.83555555555556,3,2,5,3.55,At Risk,3,High Value
1373,35,11,756.7,2019-11-07,2023-11-24,68.7909090909091,4,4,4,4.0,Champions,2,Premium
1374,8,13,774.23,2019-06-02,2023-12-21,59.55615384615385,5,4,5,4.75,Champions,2,Premium
1375,85,13,1034.78,2019-03-15,2023-10-05,79.59846153846154,3,5,5,4.3,Loyal Customers,2,Premium
1376,129,7,333.81,2019-04-23,2023-08-22,47.68714285714286,2,1,2,1.75,Lost,0,Low Value
1377,37,8,378.54,2019-07-15,2023-11-22,47.3175,4,2,2,2.7,Potential Loyalists,1,Mid Value
1378,41,13,1110.04,2019-05-20,2023-11-18,85.3876923076923,4,5,5,4.65,Champions,2,Premium
1379,36,4,181.04,2019-02-02,2023-11-23,45.26,4,1,1,2.05,Potential Loyalists,1,Mid Value
1380,17,9,298.9,2019-08-28,2023-12-12,33.21111111111111,5,2,1,2.65,Potential Loyalists,1,Mid Value
1381,23,4,128.0,2020-08-11,2023-12-06,32.0,5,1,1,2.4,Potential Loyalists,1,Mid Value
1382,6,5,427.37,2019-11-03,2023-12-23,85.474,5,1,3,3.2,Potential Loyalists,1,Mid Value
1383,39,11,659.96,2019-08-24,2023-11-20,59.99636363636364,4,4,4,4.0,Champions,2,Premium
1384,15,9,731.1700000000001,2019-06-26,2023-12-14,81.24111111111112,5,2,4,3.85,Others,1,Mid Value
1385,66,12,435.77,2019-03-12,2023-10-24,36.314166666666665,3,4,3,3.25,Loyal Customers,3,High Value
1386,20,6,239.91,2019-12-24,2023-12-09,39.985,5,1,1,2.4,Potential Loyalists,1,Mid Value
1387,223,12,353.65,2019-07-03,2023-05-20,29.47083333333333,2,4,2,2.5,At Risk,3,High Value
1388,83,11,370.78,2019-11-09,2023-10-07,33.70727272727272,3,4,2,2.8499999999999996,At Risk,1,Mid Value
1389,16,14,473.9,2019-01-10,2023-12-13,33.85,5,5,3,4.2,Loyal Customers,2,Premium
1390,48,11,405.27,2019-08-22,2023-11-11,36.842727272727274,3,4,2,2.8499999999999996,At Risk,1,Mid Value
1391,415,11,417.42,2019-02-13,2022-11-09,37.947272727272725,1,4,2,2.1500000000000004,Others,3,High Value
1392,5,14,1524.99,2019-02-27,2023-12-24,108.92785714285715,5,5,5,5.0,Champions,2,Premium
1393,24,10,328.68,2019-02-14,2023-12-05,32.868,5,3,2,3.3,Potential Loyalists,1,Mid Value
1394,377,8,269.78,2019-02-16,2022-12-17,33.7225,1,2,1,1.25,Lost,0,Low Value
1395,51,13,691.69,2019-11-05,2023-11-08,53.20692307692308,3,5,4,3.9,Loyal Customers,2,Premium
1396,396,7,312.93,2020-03-21,2022-11-28,44.70428571428572,1,1,1,1.0,Lost,0,Low Value
1397,39,13,1970.26,2019-08-27,2023-11-20,151.55846153846153,4,5,5,4.65,Champions,2,Premium
1398,368,10,358.2,2019-08-17,2022-12-26,35.82,1,3,2,1.9000000000000001,Others,0,Low Value
1399,6,14,1612.3999999999999,2019-11-16,2023-12-23,115.17142857142856,5,5,5,5.0,Champions,2,Premium
1400,49,12,1001.21,2019-02-11,2023-11-10,83.43416666666667,3,4,5,4.05,Loyal Customers,2,Premium
1401,173,8,346.8,2019-06-22,2023-07-09,43.35,2,2,2,2.0,At Risk,0,Low Value
1402,54,7,202.82,2020-03-11,2023-11-05,28.974285714285713,3,1,1,1.6999999999999997,Potential Loyalists,0,Low Value
1403,142,8,808.29,2019-08-21,2023-08-09,101.03625,2,2,5,3.2,At Risk,3,High Value
1404,191,10,586.78,2019-12-25,2023-06-21,58.678,2,3,4,3.05,Loyal Customers,3,High Value
1405,46,10,443.2,2019-06-05,2023-11-13,44.32,3,3,3,3.0,Loyal Customers,3,High Value
1406,1,5,443.46,2021-10-09,2023-12-28,88.692,5,1,3,3.2,Potential Loyalists,1,Mid Value
1407,32,10,588.04,2019-07-16,2023-11-27,58.803999999999995,4,3,4,3.75,Loyal Customers,2,Premium
1408,134,11,1182.53,2019-08-01,2023-08-17,107.50272727272727,2,4,5,3.7,Loyal Customers,3,High Value
1409,34,8,762.63,2019-04-11,2023-11-25,95.32875,4,2,4,3.5,Others,1,Mid Value
1410,12,12,1265.31,2019-03-25,2023-12-17,105.4425,5,4,5,4.75,Champions,2,Premium
1411,46,12,938.7,2019-07-11,2023-11-13,78.22500000000001,3,4,5,4.05,Loyal Customers,2,Premium
1412,76,12,522.57,2019-06-06,2023-10-14,43.54750000000001,3,4,3,3.25,Loyal Customers,3,High Value
1413,9,12,680.88,2019-08-20,2023-12-20,56.74,5,4,4,4.35,Champions,2,Premium
1414,175,10,532.99,2019-04-18,2023-07-07,53.299,2,3,3,2.6500000000000004,Loyal Customers,3,High Value
1415,42,11,331.71,2019-04-13,2023-11-17,30.155454545454543,4,4,2,3.2,Others,1,Mid Value
1416,25,9,472.90999999999997,2019-05-21,2023-12-04,52.54555555555555,4,2,3,3.1,Potential Loyalists,1,Mid Value
1417,8,12,718.6800000000001,2019-06-06,2023-12-21,59.89000000000001,5,4,4,4.35,Champions,2,Premium
1418,31,5,353.71,2019-09-08,2023-11-28,70.74199999999999,4,1,2,2.45,Potential Loyalists,1,Mid Value
1419,48,15,733.72,2019-08-09,2023-11-11,48.91466666666667,3,5,4,3.9,Loyal Customers,2,Premium
1420,142,6,541.9,2019-01-11,2023-08-09,90.31666666666666,2,1,3,2.1500000000000004,Others,0,Low Value
1421,9,9,437.81,2019-05-07,2023-12-20,48.64555555555555,5,2,3,3.45,Potential Loyalists,1,Mid Value
1422,360,12,532.6800000000001,2019-07-12,2023-01-03,44.39000000000001,1,4,3,2.5500000000000003,Others,3,High Value
1423,81,11,423.5,2019-04-13,2023-10-09,38.5,3,4,2,2.8499999999999996,At Risk,1,Mid Value
1424,51,9,533.23,2020-02-19,2023-11-08,59.24777777777778,3,2,3,2.75,Potential Loyalists,1,Mid Value
1425,10,6,283.34000000000003,2019-06-17,2023-12-19,47.223333333333336,5,1,1,2.4,Potential Loyalists,1,Mid Value
1426,112,9,369.06,2019-06-27,2023-09-08,41.00666666666667,2,2,2,2.0,At Risk,0,Low Value
1427,35,10,423.03,2019-09-07,2023-11-24,42.303,4,3,2,2.95,Potential Loyalists,1,Mid Value
1428,526,12,660.6,2019-07-04,2022-07-21,55.050000000000004,1,4,4,2.95,Others,3,High Value
1429,32,14,1068.8700000000001,2019-08-06,2023-11-27,76.34785714285715,4,5,5,4.65,Champions,2,Premium
1430,31,11,376.48,2019-08-25,2023-11-28,34.22545454545455,4,4,2,3.2,Others,1,Mid Value
1431,34,13,504.89,2019-05-17,2023-11-25,38.83769230769231,4,5,3,3.85,Loyal Customers,2,Premium
1432,48,14,513.89,2019-05-20,2023-11-11,36.70642857142857,3,5,3,3.5,Loyal Customers,2,Premium
1433,446,7,224.55,2019-11-25,2022-10-09,32.07857142857143,1,1,1,1.0,Lost,0,Low Value
1434,21,11,468.55,2020-02-16,2023-12-08,42.595454545454544,5,4,3,3.95,Loyal Customers,2,Premium
1435,55,6,406.48,2019-11-13,2023-11-04,67.74666666666667,3,1,2,2.0999999999999996,Potential Loyalists,0,Low Value
1436,25,6,285.7,2019-05-28,2023-12-04,47.61666666666667,4,1,1,2.05,Potential Loyalists,1,Mid Value
1437,43,6,326.14,2020-02-09,2023-11-16,54.35666666666666,4,1,2,2.45,Potential Loyalists,1,Mid Value
1438,42,7,621.06,2019-12-05,2023-11-17,88.72285714285714,4,1,4,3.25,Others,1,Mid Value
1439,43,13,550.92,2019-11-04,2023-11-16,42.378461538461536,4,5,3,3.85,Loyal Customers,2,Premium
1440,46,7,291.12,2019-02-11,2023-11-13,41.58857142857143,3,1,1,1.6999999999999997,Potential Loyalists,0,Low Value
1441,19,10,908.01,2019-08-01,2023-12-10,90.801,5,3,5,4.5,Loyal Customers,2,Premium
1442,225,10,294.8,2019-06-15,2023-05-18,29.48,2,3,1,1.85,Others,0,Low Value
1443,278,8,607.09,2019-02-01,2023-03-26,75.88625,1,2,4,2.45,Others,3,High Value
1444,76,9,558.84,2019-02-26,2023-10-14,62.093333333333334,3,2,4,3.15,At Risk,3,High Value
1445,34,13,543.07,2019-01-25,2023-11-25,41.77461538461539,4,5,3,3.85,Loyal Customers,2,Premium
1446,31,10,385.02,2019-08-19,2023-11-28,38.501999999999995,4,3,2,2.95,Potential Loyalists,1,Mid Value
1447,8,17,2506.85,2019-01-23,2023-12-21,147.46176470588236,5,5,5,5.0,Champions,2,Premium
1448,33,12,543.97,2019-03-13,2023-11-26,45.33083333333334,4,4,3,3.6,Loyal Customers,2,Premium
1449,26,8,542.75,2019-01-09,2023-12-03,67.84375,4,2,3,3.1,Potential Loyalists,1,Mid Value
1450,260,7,208.81,2020-08-12,2023-04-13,29.830000000000002,1,1,1,1.0,Lost,0,Low Value
1451,338,10,688.63,2019-03-08,2023-01-25,68.863,1,3,4,2.7,Others,3,High Value
1452,16,11,649.48,2019-08-27,2023-12-13,59.04363636363637,5,4,4,4.35,Champions,2,Premium
1453,21,12,742.49,2019-11-27,2023-12-08,61.87416666666667,5,4,4,4.35,Champions,2,Premium
1454,398,11,317.85,2019-07-06,2022-11-26,28.895454545454548,1,4,2,2.1500000000000004,Others,3,High Value
1455,1115,5,199.44,2019-08-09,2020-12-09,39.888,1,1,1,1.0,Lost,0,Low Value
1456,178,14,645.8299999999999,2019-01-05,2023-07-04,46.130714285714284,2,5,4,3.55,Loyal Customers,3,High Value
1457,69,8,371.88,2019-07-22,2023-10-21,46.485,3,2,2,2.3499999999999996,Potential Loyalists,1,Mid Value
1458,2,16,1217.4,2019-03-08,2023-12-27,76.0875,5,5,5,5.0,Champions,2,Premium
1459,46,7,336.67,2020-12-06,2023-11-13,48.09571428571429,3,1,2,2.0999999999999996,Potential Loyalists,0,Low Value
1460,43,14,1252.29,2019-10-16,2023-11-16,89.44928571428571,4,5,5,4.65,Champions,2,Premium
1461,58,11,918.46,2019-05-15,2023-11-01,83.49636363636364,3,4,5,4.05,Loyal Customers,2,Premium
1462,386,8,330.19,2019-07-19,2022-12-08,41.27375,1,2,2,1.65,Lost,0,Low Value
1463,73,9,426.65999999999997,2019-05-11,2023-10-17,47.406666666666666,3,2,2,2.3499999999999996,Potential Loyalists,1,Mid Value
1464,21,9,473.45,2019-11-22,2023-12-08,52.605555555555554,5,2,3,3.45,Potential Loyalists,1,Mid Value
1465,174,5,506.7,2020-01-07,2023-07-08,101.34,2,1,3,2.1500000000000004,Others,0,Low Value
1466,216,8,530.72,2019-01-14,2023-05-27,66.34,2,2,3,2.4000000000000004,At Risk,0,Low Value
1467,160,9,749.26,2019-04-12,2023-07-22,83.25111111111111,2,2,4,2.8,At Risk,3,High Value
1468,5,12,382.25,2019-01-01,2023-12-24,31.854166666666668,5,4,2,3.55,Others,1,Mid Value
1469,49,8,596.67,2019-03-26,2023-11-10,74.58375,3,2,4,3.15,At Risk,3,High Value
1470,778,7,263.92,2019-11-19,2021-11-11,37.70285714285715,1,1,1,1.0,Lost,0,Low Value
1471,50,12,642.88,2019-01-05,2023-11-09,53.57333333333333,3,4,4,3.65,Loyal Customers,3,High Value
1472,20,18,674.1999999999999,2019-12-22,2023-12-09,37.45555555555555,5,5,4,4.6,Champions,2,Premium
1473,23,10,434.21,2019-05-04,2023-12-06,43.421,5,3,3,3.7,Loyal Customers,1,Mid Value
1474,111,16,1246.41,2019-09-23,2023-09-09,77.900625,2,5,5,3.95,Loyal Customers,3,High Value
1475,50,7,277.13,2019-04-19,2023-11-09,39.589999999999996,3,1,1,1.6999999999999997,Potential Loyalists,0,Low Value
1476,802,6,261.59000000000003,2019-06-04,2021-10-18,43.598333333333336,1,1,1,1.0,Lost,0,Low Value
1477,26,12,559.4399999999999,2019-04-04,2023-12-03,46.62,4,4,4,4.0,Champions,2,Premium
1478,12,12,551.18,2019-07-02,2023-12-17,45.931666666666665,5,4,3,3.95,Loyal Customers,2,Premium
1479,38,16,1137.73,2019-11-13,2023-11-21,71.108125,4,5,5,4.65,Champions,2,Premium
1480,498,7,326.90999999999997,2019-09-06,2022-08-18,46.701428571428565,1,1,2,1.4,Lost,0,Low Value
1481,39,6,584.24,2019-12-04,2023-11-20,97.37333333333333,4,1,4,3.25,Others,1,Mid Value
1482,549,12,370.34000000000003,2019-05-11,2022-06-28,30.861666666666668,1,4,2,2.1500000000000004,Others,3,High Value
1483,415,7,353.74,2019-08-14,2022-11-09,50.534285714285716,1,1,2,1.4,Lost,0,Low Value
1484,12,9,328.51,2020-07-11,2023-12-17,36.50111111111111,5,2,2,3.05,Potential Loyalists,1,Mid Value
1485,53,4,697.8499999999999,2021-06-22,2023-11-06,174.46249999999998,3,1,4,2.9,Others,1,Mid Value
1486,270,6,222.31,2019-02-22,2023-04-03,37.05166666666667,1,1,1,1.0,Lost,0,Low Value
1487,139,6,974.03,2019-08-21,2023-08-12,162.33833333333334,2,1,5,2.95,Others,3,High Value
1488,47,7,470.15,2020-06-25,2023-11-12,67.16428571428571,3,1,3,2.5,Potential Loyalists,1,Mid Value
1489,512,7,296.28000000000003,2019-10-04,2022-08-04,42.32571428571429,1,1,1,1.0,Lost,0,Low Value
1490,422,7,213.76,2019-03-11,2022-11-02,30.537142857142857,1,1,1,1.0,Lost,0,Low Value
1491,373,13,473.8,2020-06-15,2022-12-21,36.44615384615385,1,5,3,2.8000000000000003,Others,3,High Value
1492,67,10,271.3,2019-09-21,2023-10-23,27.130000000000003,3,3,1,2.1999999999999997,Potential Loyalists,1,Mid Value
1493,24,2,93.5,2021-05-14,2023-12-05,46.75,5,1,1,2.4,Potential Loyalists,1,Mid Value
1494,2,12,500.16,2019-02-05,2023-12-27,41.68,5,4,3,3.95,Loyal Customers,2,Premium
1495,13,10,359.87,2019-05-08,2023-12-16,35.987,5,3,2,3.3,Potential Loyalists,1,Mid Value
1496,31,11,839.74,2019-05-12,2023-11-28,76.34,4,4,5,4.4,Champions,2,Premium
1497,144,9,351.43,2019-09-19,2023-08-07,39.04777777777778,2,2,2,2.0,At Risk,0,Low Value
1498,140,7,395.32,2019-02-26,2023-08-11,56.47428571428571,2,1,2,1.75,Lost,0,Low Value
1499,47,2,106.31,2019-12-12,2023-11-12,53.155,3,1,1,1.6999999999999997,Potential Loyalists,0,Low Value
1500,66,8,344.58,2019-10-02,2023-10-24,43.0725,3,2,2,2.3499999999999996,Potential Loyalists,1,Mid Value
1501,31,9,472.71000000000004,2019-01-17,2023-11-28,52.52333333333334,4,2,3,3.1,Potential Loyalists,1,Mid Value
1502,7,13,1022.28,2019-08-17,2023-12-22,78.63692307692307,5,5,5,5.0,Champions,2,Premium
1503,14,13,1148.31,2019-11-18,2023-12-15,88.33153846153846,5,5,5,5.0,Champions,2,Premium
1504,28,14,451.44,2019-11-03,2023-12-01,32.245714285714286,4,5,3,3.85,Loyal Customers,2,Premium
1505,37,9,444.32,2020-10-07,2023-11-22,49.36888888888889,4,2,3,3.1,Potential Loyalists,1,Mid Value
1506,19,8,353.24,2019-09-15,2023-12-10,44.155,5,2,2,3.05,Potential Loyalists,1,Mid Value
1507,47,6,475.95,2019-11-09,2023-11-12,79.325,3,1,3,2.5,Potential Loyalists,1,Mid Value
1508,3,12,736.9,2019-02-01,2023-12-26,61.40833333333333,5,4,4,4.35,Champions,2,Premium
1509,399,7,330.28999999999996,2019-11-23,2022-11-25,47.18428571428571,1,1,2,1.4,Lost,0,Low Value
1510,190,10,403.03,2019-03-12,2023-06-22,40.303,2,3,2,2.25,At Risk,0,Low Value
1511,33,8,708.4399999999999,2019-11-11,2023-11-26,88.55499999999999,4,2,4,3.5,Others,1,Mid Value
1512,103,5,239.34,2021-11-10,2023-09-17,47.868,2,1,1,1.35,Lost,0,Low Value
1513,208,5,172.57999999999998,2020-01-07,2023-06-04,34.516,2,1,1,1.35,Lost,0,Low Value
1514,38,10,596.51,2019-05-11,2023-11-21,59.650999999999996,4,3,4,3.75,Loyal Customers,2,Premium
1515,359,14,959.55,2020-08-28,2023-01-04,68.53928571428571,1,5,5,3.6,Others,3,High Value
1516,31,10,664.78,2019-11-10,2023-11-28,66.478,4,3,4,3.75,Loyal Customers,2,Premium
1517,20,12,483.04,2019-11-05,2023-12-09,40.25333333333334,5,4,3,3.95,Loyal Customers,2,Premium
1518,41,11,627.1899999999999,2019-02-06,2023-11-18,57.01727272727272,4,4,4,4.0,Champions,2,Premium
1519,5,7,178.99,2020-05-01,2023-12-24,25.57,5,1,1,2.4,Potential Loyalists,1,Mid Value
1520,84,14,417.85,2019-09-06,2023-10-06,29.84642857142857,3,5,2,3.0999999999999996,At Risk,2,Premium
1521,26,10,254.33,2019-05-23,2023-12-03,25.433,4,3,1,2.55,Potential Loyalists,1,Mid Value
1522,17,18,653.83,2019-01-20,2023-12-12,36.32388888888889,5,5,4,4.6,Champions,2,Premium
1523,432,7,945.78,2019-10-20,2022-10-23,135.11142857142858,1,1,5,2.6,Others,3,High Value
1524,87,9,416.34000000000003,2019-10-23,2023-10-03,46.260000000000005,2,2,2,2.0,At Risk,0,Low Value
1525,108,9,310.78,2019-11-20,2023-09-12,34.53111111111111,2,2,1,1.6,Lost,0,Low Value
1526,124,13,606.46,2019-02-16,2023-08-27,46.650769230769235,2,5,4,3.55,Loyal Customers,3,High Value
1527,24,5,197.60999999999999,2019-02-02,2023-12-05,39.522,5,1,1,2.4,Potential Loyalists,1,Mid Value
1528,449,7,545.6800000000001,2019-12-09,2022-10-06,77.95428571428572,1,1,3,1.8000000000000003,Others,0,Low Value
1529,10,8,603.4,2020-11-26,2023-12-19,75.425,5,2,4,3.85,Others,1,Mid Value
1530,133,8,374.96000000000004,2019-06-02,2023-08-18,46.870000000000005,2,2,2,2.0,At Risk,0,Low Value
1531,32,9,437.06,2019-07-23,2023-11-27,48.562222222222225,4,2,3,3.1,Potential Loyalists,1,Mid Value
1532,128,6,245.35,2019-01-10,2023-08-23,40.891666666666666,2,1,1,1.35,Lost,0,Low Value
1533,673,7,218.87,2019-12-15,2022-02-24,31.267142857142858,1,1,1,1.0,Lost,0,Low Value
1534,128,8,428.34999999999997,2020-06-16,2023-08-23,53.543749999999996,2,2,3,2.4000000000000004,At Risk,0,Low Value
1535,328,9,414.25,2019-04-26,2023-02-04,46.02777777777778,1,2,2,1.65,Lost,0,Low Value
1536,32,13,850.13,2019-10-28,2023-11-27,65.39461538461538,4,5,5,4.65,Champions,2,Premium
1537,43,13,707.95,2019-11-14,2023-11-16,54.45769230769231,4,5,4,4.25,Champions,2,Premium
1538,67,11,559.4,2020-01-08,2023-10-23,50.85454545454545,3,4,4,3.65,Loyal Customers,3,High Value
1539,262,6,276.1,2019-08-15,2023-04-11,46.01666666666667,1,1,1,1.0,Lost,0,Low Value
1540,58,10,832.7,2019-12-23,2023-11-01,83.27000000000001,3,3,5,3.8,Loyal Customers,3,High Value
1541,8,9,775.6500000000001,2019-11-04,2023-12-21,86.18333333333334,5,2,5,4.25,Others,2,Premium
1542,39,13,1195.57,2019-12-03,2023-11-20,91.96692307692307,4,5,5,4.65,Champions,2,Premium
1543,454,14,429.7,2019-05-11,2022-10-01,30.692857142857143,1,5,3,2.8000000000000003,Others,3,High Value
1544,446,14,667.25,2019-06-12,2022-10-09,47.660714285714285,1,5,4,3.2,Others,3,High Value
1545,367,7,327.27,2019-12-03,2022-12-27,46.75285714285714,1,1,2,1.4,Lost,0,Low Value
1546,22,8,746.69,2020-06-25,2023-12-07,93.33625,5,2,4,3.85,Others,1,Mid Value
1547,351,7,227.1,2019-03-18,2023-01-12,32.44285714285714,1,1,1,1.0,Lost,0,Low Value
1548,25,10,331.81,2019-02-26,2023-12-04,33.181,4,3,2,2.95,Potential Loyalists,1,Mid Value
1549,50,15,604.76,2019-10-09,2023-11-09,40.31733333333333,3,5,4,3.9,Loyal Customers,2,Premium
1550,34,6,320.35,2019-10-25,2023-11-25,53.39166666666667,4,1,2,2.45,Potential Loyalists,1,Mid Value
1551,971,6,285.21000000000004,2019-06-15,2021-05-02,47.535000000000004,1,1,1,1.0,Lost,0,Low Value
1552,51,15,918.03,2019-02-08,2023-11-08,61.202,3,5,5,4.3,Loyal Customers,2,Premium
1553,32,14,1050.9,2019-01-11,2023-11-27,75.06428571428572,4,5,5,4.65,Champions,2,Premium
1554,24,12,491.24,2019-04-17,2023-12-05,40.93666666666667,5,4,3,3.95,Loyal Customers,2,Premium
1555,43,8,709.4,2019-06-28,2023-11-16,88.675,4,2,4,3.5,Others,1,Mid Value
1556,56,7,503.98,2019-12-09,2023-11-03,71.99714285714286,3,1,3,2.5,Potential Loyalists,1,Mid Value
1557,45,12,1419.04,2019-07-23,2023-11-14,118.25333333333333,3,4,5,4.05,Loyal Customers,2,Premium
1558,228,7,254.70999999999998,2019-11-07,2023-05-15,36.387142857142855,2,1,1,1.35,Lost,0,Low Value
1559,164,9,2036.41,2019-09-22,2023-07-18,226.26777777777778,2,2,5,3.2,At Risk,3,High Value
1560,27,10,292.07,2019-06-23,2023-12-02,29.207,4,3,1,2.55,Potential Loyalists,1,Mid Value
1561,49,14,701.5,2019-03-01,2023-11-10,50.107142857142854,3,5,4,3.9,Loyal Customers,2,Premium
1562,10,12,566.41,2019-11-19,2023-12-19,47.20083333333333,5,4,4,4.35,Champions,2,Premium
1563,35,17,710.36,2019-03-10,2023-11-24,41.78588235294118,4,5,4,4.25,Champions,2,Premium
1564,381,13,481.4,2019-03-28,2022-12-13,37.03076923076923,1,5,3,2.8000000000000003,Others,3,High Value
1565,9,8,244.15,2019-03-17,2023-12-20,30.51875,5,2,1,2.65,Potential Loyalists,1,Mid Value
1566,7,12,369.0,2019-01-22,2023-12-22,30.75,5,4,2,3.55,Others,1,Mid Value
1567,3,5,244.32,2019-09-01,2023-12-26,48.864,5,1,1,2.4,Potential Loyalists,1,Mid Value
1568,78,13,1636.92,2019-12-27,2023-10-12,125.91692307692308,3,5,5,4.3,Loyal Customers,2,Premium
1569,42,10,458.52,2019-08-06,2023-11-17,45.852,4,3,3,3.35,Loyal Customers,1,Mid Value
1570,854,3,232.68,2019-08-21,2021-08-27,77.56,1,1,1,1.0,Lost,0,Low Value
1571,501,11,484.22,2019-09-16,2022-08-15,44.02,1,4,3,2.5500000000000003,Others,3,High Value
1572,73,9,210.4,2019-06-25,2023-10-17,23.37777777777778,3,2,1,1.9499999999999997,Potential Loyalists,0,Low Value
1573,22,11,922.1800000000001,2019-12-11,2023-12-07,83.83454545454546,5,4,5,4.75,Champions,2,Premium
1574,85,14,740.53,2019-02-02,2023-10-05,52.894999999999996,3,5,4,3.9,Loyal Customers,2,Premium
1575,95,7,288.52,2019-05-08,2023-09-25,41.21714285714285,2,1,1,1.35,Lost,0,Low Value
1576,343,9,388.37,2019-06-07,2023-01-20,43.15222222222222,1,2,2,1.65,Lost,0,Low Value
1577,17,10,415.01,2020-01-12,2023-12-12,41.501,5,3,2,3.3,Potential Loyalists,1,Mid Value
1578,64,7,285.49,2020-07-18,2023-10-26,40.784285714285716,3,1,1,1.6999999999999997,Potential Loyalists,0,Low Value
1579,66,8,397.64,2019-10-08,2023-10-24,49.705,3,2,2,2.3499999999999996,Potential Loyalists,1,Mid Value
1580,56,12,436.58,2019-08-12,2023-11-03,36.38166666666667,3,4,3,3.25,Loyal Customers,3,High Value
1581,374,11,762.87,2019-01-16,2022-12-20,69.35181818181819,1,4,4,2.95,Others,3,High Value
1582,49,7,769.99,2019-06-12,2023-11-10,109.99857142857142,3,1,5,3.3,Others,3,High Value
1583,236,10,351.94,2019-03-17,2023-05-07,35.194,2,3,2,2.25,At Risk,0,Low Value
1584,107,14,493.65999999999997,2019-11-08,2023-09-13,35.26142857142857,2,5,3,3.1500000000000004,Loyal Customers,3,High Value
1585,16,8,1113.29,2019-03-05,2023-12-13,139.16125,5,2,5,4.25,Others,2,Premium
1586,246,8,544.98,2019-01-11,2023-04-27,68.1225,2,2,3,2.4000000000000004,At Risk,0,Low Value
1587,45,9,616.25,2019-10-15,2023-11-14,68.47222222222223,3,2,4,3.15,At Risk,3,High Value
1588,31,9,459.13,2019-09-03,2023-11-28,51.01444444444444,4,2,3,3.1,Potential Loyalists,1,Mid Value
1589,39,13,856.82,2019-05-17,2023-11-20,65.90923076923077,4,5,5,4.65,Champions,2,Premium
1590,52,13,466.17,2019-01-10,2023-11-07,35.85923076923077,3,5,3,3.5,Loyal Customers,2,Premium
1591,33,7,235.0,2019-02-21,2023-11-26,33.57142857142857,4,1,1,2.05,Potential Loyalists,1,Mid Value
1592,69,21,839.84,2019-02-05,2023-10-21,39.992380952380955,3,5,5,4.3,Loyal Customers,2,Premium
1593,12,12,533.22,2019-07-07,2023-12-17,44.435,5,4,3,3.95,Loyal Customers,2,Premium
1594,22,11,1513.04,2019-10-22,2023-12-07,137.5490909090909,5,4,5,4.75,Champions,2,Premium
1595,11,11,414.13,2019-06-15,2023-12-18,37.64818181818182,5,4,2,3.55,Others,1,Mid Value
1596,50,10,936.4,2019-06-19,2023-11-09,93.64,3,3,5,3.8,Loyal Customers,3,High Value
1597,126,9,1040.53,2020-10-08,2023-08-25,115.61444444444444,2,2,5,3.2,At Risk,3,High Value
1598,55,9,331.26,2019-09-11,2023-11-04,36.806666666666665,3,2,2,2.3499999999999996,Potential Loyalists,1,Mid Value
1599,31,13,1608.06,2019-02-02,2023-11-28,123.69692307692307,4,5,5,4.65,Champions,2,Premium
1600,383,8,260.32,2019-05-27,2022-12-11,32.54,1,2,1,1.25,Lost,0,Low Value
1601,47,13,819.98,2019-01-11,2023-11-12,63.075384615384614,3,5,5,4.3,Loyal Customers,2,Premium
1602,6,12,490.43,2019-12-15,2023-12-23,40.869166666666665,5,4,3,3.95,Loyal Customers,2,Premium
1603,40,10,1070.83,2019-01-04,2023-11-19,107.083,4,3,5,4.15,Loyal Customers,2,Premium
1604,36,10,914.25,2019-10-01,2023-11-23,91.425,4,3,5,4.15,Loyal Customers,2,Premium
1605,88,11,356.09,2019-01-06,2023-10-02,32.37181818181818,2,4,2,2.5,At Risk,3,High Value
1606,764,10,689.27,2019-02-17,2021-11-25,68.92699999999999,1,3,4,2.7,Others,3,High Value
1607,49,10,415.56,2019-02-03,2023-11-10,41.556,3,3,2,2.5999999999999996,Potential Loyalists,1,Mid Value
1608,42,8,207.24,2019-03-04,2023-11-17,25.905,4,2,1,2.3,Potential Loyalists,1,Mid Value
1609,412,8,443.11,2019-03-08,2022-11-12,55.38875,1,2,3,2.0500000000000003,Others,0,Low Value
1610,258,5,158.38,2019-07-11,2023-04-15,31.676,1,1,1,1.0,Lost,0,Low Value
1611,105,10,492.41,2019-08-10,2023-09-15,49.241,2,3,3,2.6500000000000004,Loyal Customers,3,High Value
1612,149,12,464.68,2019-05-23,2023-08-02,38.723333333333336,2,4,3,2.9000000000000004,Loyal Customers,3,High Value
1613,499,5,162.14,2019-06-08,2022-08-17,32.428,1,1,1,1.0,Lost,0,Low Value
1614,7,11,783.03,2019-05-09,2023-12-22,71.18454545454546,5,4,5,4.75,Champions,2,Premium
1615,180,9,295.53,2019-11-12,2023-07-02,32.836666666666666,2,2,1,1.6,Lost,0,Low Value
1616,20,14,579.41,2019-07-17,2023-12-09,41.38642857142857,5,5,4,4.6,Champions,2,Premium
1617,95,14,1033.49,2019-07-12,2023-09-25,73.82071428571429,2,5,5,3.95,Loyal Customers,3,High Value
1618,107,10,453.5,2019-02-04,2023-09-13,45.35,2,3,3,2.6500000000000004,Loyal Customers,3,High Value
1619,391,4,162.13000000000002,2020-08-04,2022-12-03,40.532500000000006,1,1,1,1.0,Lost,0,Low Value
1620,22,9,648.12,2019-11-25,2023-12-07,72.01333333333334,5,2,4,3.85,Others,1,Mid Value
1621,52,8,424.0,2020-08-07,2023-11-07,53.0,3,2,2,2.3499999999999996,Potential Loyalists,1,Mid Value
1622,66,9,280.77,2019-10-03,2023-10-24,31.196666666666665,3,2,1,1.9499999999999997,Potential Loyalists,0,Low Value
1623,115,9,801.0500000000001,2019-04-24,2023-09-05,89.00555555555556,2,2,5,3.2,At Risk,3,High Value
1624,46,6,159.06,2019-11-06,2023-11-13,26.51,3,1,1,1.6999999999999997,Potential Loyalists,0,Low Value
1625,396,10,399.82,2019-05-26,2022-11-28,39.982,1,3,2,1.9000000000000001,Others,0,Low Value
1626,50,9,343.1,2019-06-19,2023-11-09,38.12222222222223,3,2,2,2.3499999999999996,Potential Loyalists,1,Mid Value
1627,47,11,1303.45,2019-11-03,2023-11-12,118.49545454545455,3,4,5,4.05,Loyal Customers,2,Premium
1628,55,10,547.1800000000001,2019-03-11,2023-11-04,54.718,3,3,3,3.0,Loyal Customers,3,High Value
1629,6,7,251.2,2019-10-06,2023-12-23,35.885714285714286,5,1,1,2.4,Potential Loyalists,1,Mid Value
1630,20,5,184.42,2019-07-11,2023-12-09,36.884,5,1,1,2.4,Potential Loyalists,1,Mid Value
1631,28,12,447.38,2019-06-21,2023-12-01,37.281666666666666,4,4,3,3.6,Loyal Customers,2,Premium
1632,316,8,292.55,2020-11-02,2023-02-16,36.56875,1,2,1,1.25,Lost,0,Low Value
1633,13,14,1059.33,2019-11-14,2023-12-16,75.66642857142857,5,5,5,5.0,Champions,2,Premium
1634,15,10,544.17,2019-03-27,2023-12-14,54.416999999999994,5,3,3,3.7,Loyal Customers,1,Mid Value
1635,154,16,723.38,2019-07-22,2023-07-28,45.21125,2,5,4,3.55,Loyal Customers,3,High Value
1636,40,13,598.51,2019-12-18,2023-11-19,46.03923076923077,4,5,4,4.25,Champions,2,Premium
1637,223,8,522.3,2019-02-04,2023-05-20,65.2875,2,2,3,2.4000000000000004,At Risk,0,Low Value
1638,32,11,538.32,2019-12-01,2023-11-27,48.938181818181825,4,4,3,3.6,Loyal Customers,2,Premium
1639,117,10,1010.05,2019-08-02,2023-09-03,101.005,2,3,5,3.45,Loyal Customers,3,High Value
1640,71,7,272.38,2019-05-22,2023-10-19,38.91142857142857,3,1,1,1.6999999999999997,Potential Loyalists,0,Low Value
1641,17,7,357.43,2019-10-25,2023-12-12,51.06142857142857,5,1,2,2.8,Potential Loyalists,1,Mid Value
1642,98,6,252.26,2019-07-08,2023-09-22,42.04333333333333,2,1,1,1.35,Lost,0,Low Value
1643,94,15,687.52,2019-01-25,2023-09-26,45.834666666666664,2,5,4,3.55,Loyal Customers,3,High Value
1644,52,13,1047.25,2019-08-01,2023-11-07,80.5576923076923,3,5,5,4.3,Loyal Customers,2,Premium
1645,389,10,1707.42,2019-03-01,2022-12-05,170.74200000000002,1,3,5,3.1,Others,3,High Value
1646,245,10,388.09,2019-11-27,2023-04-28,38.809,2,3,2,2.25,At Risk,0,Low Value
1647,134,15,909.9300000000001,2019-01-19,2023-08-17,60.662000000000006,2,5,5,3.95,Loyal Customers,3,High Value
1648,114,14,899.38,2019-04-22,2023-09-06,64.24142857142857,2,5,5,3.95,Loyal Customers,3,High Value
1649,106,12,445.72,2019-02-18,2023-09-14,37.14333333333334,2,4,3,2.9000000000000004,Loyal Customers,3,High Value
1650,184,4,299.42,2019-05-13,2023-06-28,74.855,2,1,1,1.35,Lost,0,Low Value
1651,32,14,671.52,2019-01-27,2023-11-27,47.965714285714284,4,5,4,4.25,Champions,2,Premium
1652,39,11,599.42,2019-10-18,2023-11-20,54.49272727272727,4,4,4,4.0,Champions,2,Premium
1653,12,8,255.73,2019-03-07,2023-12-17,31.96625,5,2,1,2.65,Potential Loyalists,1,Mid Value
1654,217,10,355.42,2019-11-10,2023-05-26,35.542,2,3,2,2.25,At Risk,0,Low Value
1655,87,13,1260.34,2019-03-23,2023-10-03,96.94923076923077,2,5,5,3.95,Loyal Customers,3,High Value
1656,17,12,496.40999999999997,2019-01-07,2023-12-12,41.3675,5,4,3,3.95,Loyal Customers,2,Premium
1657,57,9,250.67000000000002,2019-02-15,2023-11-02,27.852222222222224,3,2,1,1.9499999999999997,Potential Loyalists,0,Low Value
1658,397,6,429.79,2019-07-21,2022-11-27,71.63166666666667,1,1,3,1.8000000000000003,Others,0,Low Value
1659,44,8,772.12,2019-07-21,2023-11-15,96.515,4,2,5,3.9,Others,2,Premium
1660,430,8,294.53,2019-07-15,2022-10-25,36.81625,1,2,1,1.25,Lost,0,Low Value
1661,161,12,506.15,2019-08-06,2023-07-21,42.17916666666667,2,4,3,2.9000000000000004,Loyal Customers,3,High Value
1662,79,7,339.66,2019-11-16,2023-10-11,48.52285714285715,3,1,2,2.0999999999999996,Potential Loyalists,0,Low Value
1663,51,12,497.66999999999996,2019-07-25,2023-11-08,41.4725,3,4,3,3.25,Loyal Customers,3,High Value
1664,357,7,180.29999999999998,2019-01-22,2023-01-06,25.757142857142856,1,1,1,1.0,Lost,0,Low Value
1665,99,10,355.75,2019-01-16,2023-09-21,35.575,2,3,2,2.25,At Risk,0,Low Value
1666,397,4,206.56,2019-11-08,2022-11-27,51.64,1,1,1,1.0,Lost,0,Low Value
1667,41,12,482.84,2019-08-05,2023-11-18,40.236666666666665,4,4,3,3.6,Loyal Customers,2,Premium
1668,50,15,673.3,2019-01-02,2023-11-09,44.88666666666666,3,5,4,3.9,Loyal Customers,2,Premium
1669,81,9,519.94,2019-07-24,2023-10-09,57.77111111111112,3,2,3,2.75,Potential Loyalists,1,Mid Value
1670,52,7,309.42,2019-12-09,2023-11-07,44.20285714285715,3,1,1,1.6999999999999997,Potential Loyalists,0,Low Value
1671,119,13,536.0,2019-02-16,2023-09-01,41.23076923076923,2,5,3,3.1500000000000004,Loyal Customers,3,High Value
1672,2,6,313.3,2019-11-14,2023-12-27,52.21666666666667,5,1,1,2.4,Potential Loyalists,1,Mid Value
1673,618,10,373.68,2019-08-23,2022-04-20,37.368,1,3,2,1.9000000000000001,Others,0,Low Value
1674,240,12,552.47,2019-09-19,2023-05-03,46.03916666666667,2,4,3,2.9000000000000004,Loyal Customers,3,High Value
1675,35,11,764.3,2020-06-26,2023-11-24,69.48181818181818,4,4,4,4.0,Champions,2,Premium
1676,40,10,438.03,2019-01-14,2023-11-19,43.803,4,3,3,3.35,Loyal Customers,1,Mid Value
1677,163,6,307.1,2021-02-06,2023-07-19,51.18333333333334,2,1,1,1.35,Lost,0,Low Value
1678,806,6,371.34999999999997,2019-08-07,2021-10-14,61.89166666666666,1,1,2,1.4,Lost,0,Low Value
1679,34,9,409.48,2019-04-25,2023-11-25,45.49777777777778,4,2,2,2.7,Potential Loyalists,1,Mid Value
1680,180,6,200.81,2021-07-17,2023-07-02,33.468333333333334,2,1,1,1.35,Lost,0,Low Value
1681,18,9,684.41,2019-04-05,2023-12-11,76.04555555555555,5,2,4,3.85,Others,1,Mid Value
1682,42,9,575.6,2020-01-26,2023-11-17,63.955555555555556,4,2,4,3.5,Others,1,Mid Value
1683,9,8,1085.42,2021-11-18,2023-12-20,135.6775,5,2,5,4.25,Others,2,Premium
1684,284,8,304.53000000000003,2019-11-08,2023-03-20,38.066250000000004,1,2,1,1.25,Lost,0,Low Value
1685,291,7,531.46,2019-10-10,2023-03-13,75.92285714285715,1,1,3,1.8000000000000003,Others,0,Low Value
1686,10,6,164.93,2019-06-16,2023-12-19,27.488333333333333,5,1,1,2.4,Potential Loyalists,1,Mid Value
1687,26,8,344.18,2019-11-24,2023-12-03,43.0225,4,2,2,2.7,Potential Loyalists,1,Mid Value
1688,7,11,301.48,2020-03-03,2023-12-22,27.40727272727273,5,4,1,3.15,Others,1,Mid Value
1689,34,9,334.26,2019-02-25,2023-11-25,37.14,4,2,2,2.7,Potential Loyalists,1,Mid Value
1690,386,8,1131.05,2019-03-05,2022-12-08,141.38125,1,2,5,2.85,Others,3,High Value
1691,57,11,350.44,2019-10-27,2023-11-02,31.85818181818182,3,4,2,2.8499999999999996,At Risk,1,Mid Value
1692,113,10,790.37,2019-11-01,2023-09-07,79.037,2,3,5,3.45,Loyal Customers,3,High Value
1693,32,10,709.08,2019-02-01,2023-11-27,70.908,4,3,4,3.75,Loyal Customers,2,Premium
1694,48,5,319.24,2019-08-07,2023-11-11,63.848,3,1,2,2.0999999999999996,Potential Loyalists,0,Low Value
1695,1137,6,152.95999999999998,2019-08-22,2020-11-17,25.49333333333333,1,1,1,1.0,Lost,0,Low Value
1696,48,9,518.89,2019-11-28,2023-11-11,57.654444444444444,3,2,3,2.75,Potential Loyalists,1,Mid Value
1697,279,8,292.01,2019-05-23,2023-03-25,36.50125,1,2,1,1.25,Lost,0,Low Value
1698,6,14,634.28,2019-07-16,2023-12-23,45.30571428571428,5,5,4,4.6,Champions,2,Premium
1699,219,7,442.6,2019-02-18,2023-05-24,63.228571428571435,2,1,3,2.1500000000000004,Others,0,Low Value
1700,208,8,279.32,2019-04-17,2023-06-04,34.915,2,2,1,1.6,Lost,0,Low Value
1701,300,7,282.03,2019-08-27,2023-03-04,40.29,1,1,1,1.0,Lost,0,Low Value
1702,201,9,495.15,2019-03-17,2023-06-11,55.016666666666666,2,2,3,2.4000000000000004,At Risk,0,Low Value
1703,257,5,216.39,2019-11-20,2023-04-16,43.278,1,1,1,1.0,Lost,0,Low Value
1704,229,9,338.94,2019-11-08,2023-05-14,37.66,2,2,2,2.0,At Risk,0,Low Value
1705,31,12,407.28999999999996,2019-11-10,2023-11-28,33.94083333333333,4,4,2,3.2,Others,1,Mid Value
1706,367,13,559.76,2019-11-07,2022-12-27,43.058461538461536,1,5,4,3.2,Others,3,High Value
1707,75,9,471.54999999999995,2019-06-26,2023-10-15,52.39444444444444,3,2,3,2.75,Potential Loyalists,1,Mid Value
1708,3,8,270.84000000000003,2019-12-03,2023-12-26,33.855000000000004,5,2,1,2.65,Potential Loyalists,1,Mid Value
1709,118,14,880.9399999999999,2019-02-04,2023-09-02,62.92428571428571,2,5,5,3.95,Loyal Customers,3,High Value
1710,199,10,810.3199999999999,2020-02-14,2023-06-13,81.032,2,3,5,3.45,Loyal Customers,3,High Value
1711,33,8,361.42,2019-10-18,2023-11-26,45.1775,4,2,2,2.7,Potential Loyalists,1,Mid Value
1712,56,11,649.31,2020-05-12,2023-11-03,59.028181818181814,3,4,4,3.65,Loyal Customers,3,High Value
1713,55,8,329.65999999999997,2019-06-14,2023-11-04,41.207499999999996,3,2,2,2.3499999999999996,Potential Loyalists,1,Mid Value
1714,717,7,264.81,2019-07-24,2022-01-11,37.83,1,1,1,1.0,Lost,0,Low Value
1715,25,10,716.61,2019-06-24,2023-12-04,71.661,4,3,4,3.75,Loyal Customers,2,Premium
1716,473,13,1064.84,2019-01-07,2022-09-12,81.91076923076922,1,5,5,3.6,Others,3,High Value
1717,54,15,493.56,2019-04-03,2023-11-05,32.904,3,5,3,3.5,Loyal Customers,2,Premium
1718,55,12,1155.42,2019-09-08,2023-11-04,96.28500000000001,3,4,5,4.05,Loyal Customers,2,Premium
1719,225,11,739.5,2019-06-23,2023-05-18,67.22727272727273,2,4,4,3.3,Loyal Customers,3,High Value
1720,43,12,424.1,2019-01-27,2023-11-16,35.34166666666667,4,4,2,3.2,Others,1,Mid Value
1721,8,14,628.44,2019-04-28,2023-12-21,44.88857142857143,5,5,4,4.6,Champions,2,Premium
1722,34,12,333.23,2019-02-27,2023-11-25,27.769166666666667,4,4,2,3.2,Others,1,Mid Value
1723,1,10,779.27,2019-09-04,2023-12-28,77.92699999999999,5,3,5,4.5,Loyal Customers,2,Premium
1724,26,11,1053.02,2019-11-16,2023-12-03,95.72909090909091,4,4,5,4.4,Champions,2,Premium
1725,47,12,491.09000000000003,2019-02-19,2023-11-12,40.92416666666667,3,4,3,3.25,Loyal Customers,3,High Value
1726,1,10,537.11,2019-02-26,2023-12-28,53.711,5,3,3,3.7,Loyal Customers,1,Mid Value
1727,26,10,322.2,2019-11-24,2023-12-03,32.22,4,3,2,2.95,Potential Loyalists,1,Mid Value
1728,105,12,450.17,2019-05-21,2023-09-15,37.51416666666667,2,4,3,2.9000000000000004,Loyal Customers,3,High Value
1729,25,8,288.99,2019-09-25,2023-12-04,36.12375,4,2,1,2.3,Potential Loyalists,1,Mid Value
1730,47,10,503.61,2020-03-09,2023-11-12,50.361000000000004,3,3,3,3.0,Loyal Customers,3,High Value
1731,62,11,472.6,2019-05-07,2023-10-28,42.96363636363637,3,4,3,3.25,Loyal Customers,3,High Value
1732,93,14,526.29,2019-03-17,2023-09-27,37.59214285714285,2,5,3,3.1500000000000004,Loyal Customers,3,High Value
1733,360,18,661.36,2019-06-05,2023-01-03,36.742222222222225,1,5,4,3.2,Others,3,High Value
1734,44,13,355.5,2019-05-18,2023-11-15,27.346153846153847,4,5,2,3.45,Others,2,Premium
1735,19,9,677.35,2019-07-13,2023-12-10,75.26111111111112,5,2,4,3.85,Others,1,Mid Value
1736,19,7,255.65,2019-02-20,2023-12-10,36.52142857142857,5,1,1,2.4,Potential Loyalists,1,Mid Value
1737,404,5,335.54,2019-10-03,2022-11-20,67.108,1,1,2,1.4,Lost,0,Low Value
1738,411,11,332.4,2019-04-01,2022-11-13,30.218181818181815,1,4,2,2.1500000000000004,Others,3,High Value
1739,2,8,322.73,2019-08-09,2023-12-27,40.34125,5,2,2,3.05,Potential Loyalists,1,Mid Value
1740,57,10,472.9,2020-06-13,2023-11-02,47.29,3,3,3,3.0,Loyal Customers,3,High Value
1741,47,7,206.85,2019-11-14,2023-11-12,29.55,3,1,1,1.6999999999999997,Potential Loyalists,0,Low Value
1742,256,9,566.4,2019-04-04,2023-04-17,62.93333333333333,1,2,4,2.45,Others,3,High Value
1743,723,5,121.72,2019-11-01,2022-01-05,24.344,1,1,1,1.0,Lost,0,Low Value
1744,148,6,299.27,2020-01-05,2023-08-03,49.87833333333333,2,1,1,1.35,Lost,0,Low Value
1745,370,15,732.52,2019-08-07,2022-12-24,48.834666666666664,1,5,4,3.2,Others,3,High Value
1746,376,12,1011.14,2020-02-07,2022-12-18,84.26166666666667,1,4,5,3.35,Others,3,High Value
1747,42,11,764.1700000000001,2019-05-18,2023-11-17,69.47000000000001,4,4,4,4.0,Champions,2,Premium
1748,126,11,449.21999999999997,2019-12-08,2023-08-25,40.838181818181816,2,4,3,2.9000000000000004,Loyal Customers,3,High Value
1749,27,10,444.45,2019-09-09,2023-12-02,44.445,4,3,3,3.35,Loyal Customers,1,Mid Value
1750,80,13,652.12,2019-06-04,2023-10-10,50.16307692307692,3,5,4,3.9,Loyal Customers,2,Premium
1751,6,6,830.4300000000001,2020-01-19,2023-12-23,138.405,5,1,5,4.0,Others,1,Mid Value
1752,1153,5,377.71,2019-02-13,2020-11-01,75.542,1,1,2,1.4,Lost,0,Low Value
1753,219,12,475.23,2019-04-24,2023-05-24,39.6025,2,4,3,2.9000000000000004,Loyal Customers,3,High Value
1754,54,12,400.96999999999997,2019-11-19,2023-11-05,33.41416666666667,3,4,2,2.8499999999999996,At Risk,1,Mid Value
1755,89,8,341.05,2019-02-04,2023-10-01,42.63125,2,2,2,2.0,At Risk,0,Low Value
1756,22,11,552.8199999999999,2019-11-20,2023-12-07,50.25636363636363,5,4,3,3.95,Loyal Customers,2,Premium
1757,57,12,529.3,2019-01-14,2023-11-02,44.10833333333333,3,4,3,3.25,Loyal Customers,3,High Value
1758,318,7,288.17,2019-08-20,2023-02-14,41.167142857142856,1,1,1,1.0,Lost,0,Low Value
1759,34,6,210.47,2020-05-24,2023-11-25,35.07833333333333,4,1,1,2.05,Potential Loyalists,1,Mid Value
1760,52,17,605.21,2019-02-06,2023-11-07,35.60058823529412,3,5,4,3.9,Loyal Customers,2,Premium
1761,14,13,561.33,2019-05-13,2023-12-15,43.17923076923077,5,5,4,4.6,Champions,2,Premium
1762,9,9,643.27,2019-04-17,2023-12-20,71.47444444444444,5,2,4,3.85,Others,1,Mid Value
1763,208,6,160.15,2019-06-17,2023-06-04,26.691666666666666,2,1,1,1.35,Lost,0,Low Value
1764,268,11,562.38,2019-02-22,2023-04-05,51.125454545454545,1,4,4,2.95,Others,3,High Value
1765,240,7,397.07000000000005,2019-06-22,2023-05-03,56.72428571428572,2,1,2,1.75,Lost,0,Low Value
1766,58,9,2110.7200000000003,2020-10-16,2023-11-01,234.52444444444447,3,2,5,3.55,At Risk,3,High Value
1767,41,15,554.49,2019-01-28,2023-11-18,36.966,4,5,3,3.85,Loyal Customers,2,Premium
1768,252,6,434.62,2019-04-11,2023-04-21,72.43666666666667,1,1,3,1.8000000000000003,Others,0,Low Value
1769,45,12,397.49,2019-03-11,2023-11-14,33.12416666666667,3,4,2,2.8499999999999996,At Risk,1,Mid Value
1770,242,12,509.53000000000003,2019-03-04,2023-05-01,42.46083333333333,2,4,3,2.9000000000000004,Loyal Customers,3,High Value
1771,82,8,264.53000000000003,2020-11-01,2023-10-08,33.066250000000004,3,2,1,1.9499999999999997,Potential Loyalists,0,Low Value
1772,218,7,432.05999999999995,2019-11-15,2023-05-25,61.72285714285714,2,1,3,2.1500000000000004,Others,0,Low Value
1773,405,10,607.03,2019-11-25,2022-11-19,60.702999999999996,1,3,4,2.7,Others,3,High Value
1774,103,9,293.5,2019-05-15,2023-09-17,32.611111111111114,2,2,1,1.6,Lost,0,Low Value
1775,63,12,465.54,2019-11-20,2023-10-27,38.795,3,4,3,3.25,Loyal Customers,3,High Value
1776,32,13,903.4,2019-02-22,2023-11-27,69.49230769230769,4,5,5,4.65,Champions,2,Premium
1777,42,12,467.3,2019-11-20,2023-11-17,38.94166666666667,4,4,3,3.6,Loyal Customers,2,Premium
1778,133,4,240.61,2019-03-08,2023-08-18,60.1525,2,1,1,1.35,Lost,0,Low Value
1779,14,14,659.42,2019-12-01,2023-12-15,47.10142857142857,5,5,4,4.6,Champions,2,Premium
1780,124,9,334.96999999999997,2019-08-10,2023-08-27,37.218888888888884,2,2,2,2.0,At Risk,0,Low Value
1781,107,5,144.56,2020-12-13,2023-09-13,28.912,2,1,1,1.35,Lost,0,Low Value
1782,171,7,363.37,2019-09-06,2023-07-11,51.910000000000004,2,1,2,1.75,Lost,0,Low Value
1783,276,6,582.0699999999999,2019-02-18,2023-03-28,97.01166666666666,1,1,4,2.2,Others,0,Low Value
1784,1,14,525.2,2019-08-12,2023-12-28,37.51428571428572,5,5,3,4.2,Loyal Customers,2,Premium
1785,117,11,419.99,2019-08-22,2023-09-03,38.18090909090909,2,4,2,2.5,At Risk,3,High Value
1786,184,10,598.76,2019-04-02,2023-06-28,59.876,2,3,4,3.05,Loyal Customers,3,High Value
1787,80,10,937.48,2019-01-27,2023-10-10,93.748,3,3,5,3.8,Loyal Customers,3,High Value
1788,410,7,281.34,2020-07-01,2022-11-14,40.19142857142857,1,1,1,1.0,Lost,0,Low Value
1789,57,11,383.36,2019-08-14,2023-11-02,34.85090909090909,3,4,2,2.8499999999999996,At Risk,1,Mid Value
1790,39,10,727.93,2019-05-20,2023-11-20,72.79299999999999,4,3,4,3.75,Loyal Customers,2,Premium
1791,430,10,881.1,2019-07-09,2022-10-25,88.11,1,3,5,3.1,Others,3,High Value
1792,583,4,269.43,2019-11-09,2022-05-25,67.3575,1,1,1,1.0,Lost,0,Low Value
1793,42,9,422.9,2019-08-05,2023-11-17,46.98888888888889,4,2,2,2.7,Potential Loyalists,1,Mid Value
1794,40,16,1360.6899999999998,2019-05-18,2023-11-19,85.04312499999999,4,5,5,4.65,Champions,2,Premium
1795,409,11,348.68,2019-06-25,2022-11-15,31.69818181818182,1,4,2,2.1500000000000004,Others,3,High Value
1796,401,8,392.43,2020-06-26,2022-11-23,49.05375,1,2,2,1.65,Lost,0,Low Value
1797,24,11,585.33,2019-12-04,2023-12-05,53.21181818181819,5,4,4,4.35,Champions,2,Premium
1798,6,13,1009.01,2019-04-09,2023-12-23,77.61615384615385,5,5,5,5.0,Champions,2,Premium
1799,5,8,390.48,2019-10-12,2023-12-24,48.81,5,2,2,3.05,Potential Loyalists,1,Mid Value
1800,50,10,555.36,2019-08-27,2023-11-09,55.536,3,3,3,3.0,Loyal Customers,3,High Value
1801,146,6,497.94,2020-07-14,2023-08-05,82.99,2,1,3,2.1500000000000004,Others,0,Low Value
1802,129,15,791.3,2019-05-18,2023-08-22,52.75333333333333,2,5,5,3.95,Loyal Customers,3,High Value
1803,149,9,346.7,2019-10-13,2023-08-02,38.52222222222222,2,2,2,2.0,At Risk,0,Low Value
1804,43,5,322.46,2020-11-22,2023-11-16,64.49199999999999,4,1,2,2.45,Potential Loyalists,1,Mid Value
1805,75,12,3048.52,2020-05-23,2023-10-15,254.04333333333332,3,4,5,4.05,Loyal Customers,2,Premium
1806,412,7,248.67,2019-11-19,2022-11-12,35.52428571428571,1,1,1,1.0,Lost,0,Low Value
1807,48,7,287.08,2019-02-18,2023-11-11,41.01142857142857,3,1,1,1.6999999999999997,Potential Loyalists,0,Low Value
1808,52,16,821.27,2019-06-03,2023-11-07,51.329375,3,5,5,4.3,Loyal Customers,2,Premium
1809,34,13,532.17,2019-01-12,2023-11-25,40.93615384615384,4,5,3,3.85,Loyal Customers,2,Premium
1810,219,8,519.9300000000001,2019-07-15,2023-05-24,64.99125000000001,2,2,3,2.4000000000000004,At Risk,0,Low Value
1811,432,9,410.96,2019-12-24,2022-10-23,45.66222222222222,1,2,2,1.65,Lost,0,Low Value
1812,9,12,514.26,2019-04-10,2023-12-20,42.855,5,4,3,3.95,Loyal Customers,2,Premium
1813,302,9,702.21,2019-08-09,2023-03-02,78.02333333333334,1,2,4,2.45,Others,3,High Value
1814,144,5,111.07000000000001,2020-08-03,2023-08-07,22.214000000000002,2,1,1,1.35,Lost,0,Low Value
1815,128,7,286.55,2020-11-22,2023-08-23,40.93571428571429,2,1,1,1.35,Lost,0,Low Value
1816,290,6,367.13,2020-02-13,2023-03-14,61.18833333333333,1,1,2,1.4,Lost,0,Low Value
1817,26,2,67.23,2019-07-09,2023-12-03,33.615,4,1,1,2.05,Potential Loyalists,1,Mid Value
1818,16,14,586.01,2019-07-25,2023-12-13,41.85785714285714,5,5,4,4.6,Champions,2,Premium
1819,95,11,464.39,2019-07-09,2023-09-25,42.21727272727273,2,4,3,2.9000000000000004,Loyal Customers,3,High Value
1820,406,12,1010.85,2019-11-16,2022-11-18,84.2375,1,4,5,3.35,Others,3,High Value
1821,101,16,1537.8600000000001,2019-01-15,2023-09-19,96.11625000000001,2,5,5,3.95,Loyal Customers,3,High Value
1822,194,9,529.84,2019-12-20,2023-06-18,58.87111111111111,2,2,3,2.4000000000000004,At Risk,0,Low Value
1823,78,15,554.61,2019-06-13,2023-10-12,36.974000000000004,3,5,3,3.5,Loyal Customers,2,Premium
1824,44,13,524.53,2019-07-16,2023-11-15,40.348461538461535,4,5,3,3.85,Loyal Customers,2,Premium
1825,369,9,839.99,2019-11-06,2022-12-25,93.33222222222223,1,2,5,2.85,Others,3,High Value
1826,40,15,1055.21,2019-05-06,2023-11-19,70.34733333333334,4,5,5,4.65,Champions,2,Premium
1827,51,9,264.75,2020-01-21,2023-11-08,29.416666666666668,3,2,1,1.9499999999999997,Potential Loyalists,0,Low Value
1828,24,5,286.3,2019-01-14,2023-12-05,57.260000000000005,5,1,1,2.4,Potential Loyalists,1,Mid Value
1829,199,13,763.3199999999999,2019-09-07,2023-06-13,58.716923076923074,2,5,4,3.55,Loyal Customers,3,High Value
1830,763,6,298.07,2019-10-03,2021-11-26,49.678333333333335,1,1,1,1.0,Lost,0,Low Value
1831,40,9,528.27,2019-04-11,2023-11-19,58.696666666666665,4,2,3,3.1,Potential Loyalists,1,Mid Value
1832,692,8,248.48000000000002,2019-02-17,2022-02-05,31.060000000000002,1,2,1,1.25,Lost,0,Low Value
1833,46,9,832.5600000000001,2019-08-01,2023-11-13,92.50666666666667,3,2,5,3.55,At Risk,3,High Value
1834,276,14,1093.75,2019-09-01,2023-03-28,78.125,1,5,5,3.6,Others,3,High Value
1835,58,11,348.35,2019-10-11,2023-11-01,31.66818181818182,3,4,2,2.8499999999999996,At Risk,1,Mid Value
1836,250,7,202.4,2019-06-01,2023-04-23,28.914285714285715,1,1,1,1.0,Lost,0,Low Value
1837,49,14,982.21,2019-10-04,2023-11-10,70.15785714285714,3,5,5,4.3,Loyal Customers,2,Premium
1838,50,9,457.37,2019-11-20,2023-11-09,50.81888888888889,3,2,3,2.75,Potential Loyalists,1,Mid Value
1839,147,9,317.62,2019-01-17,2023-08-04,35.291111111111114,2,2,2,2.0,At Risk,0,Low Value
1840,19,13,1508.86,2019-04-24,2023-12-10,116.06615384615384,5,5,5,5.0,Champions,2,Premium
1841,320,4,213.49,2020-11-05,2023-02-12,53.3725,1,1,1,1.0,Lost,0,Low Value
1842,39,13,798.29,2020-11-25,2023-11-20,61.40692307692307,4,5,5,4.65,Champions,2,Premium
1843,49,9,265.98,2019-03-10,2023-11-10,29.553333333333335,3,2,1,1.9499999999999997,Potential Loyalists,0,Low Value
1844,36,11,359.53,2019-07-05,2023-11-23,32.68454545454545,4,4,2,3.2,Others,1,Mid Value
1845,42,14,514.14,2020-03-16,2023-11-17,36.72428571428571,4,5,3,3.85,Loyal Customers,2,Premium
1846,345,9,593.67,2019-02-28,2023-01-18,65.96333333333332,1,2,4,2.45,Others,3,High Value
1847,279,10,294.09000000000003,2019-01-13,2023-03-25,29.409000000000002,1,3,1,1.5,Others,0,Low Value
1848,377,11,422.29,2019-06-06,2022-12-17,38.39,1,4,2,2.1500000000000004,Others,3,High Value
1849,40,8,856.4,2019-01-02,2023-11-19,107.05,4,2,5,3.9,Others,2,Premium
1850,47,13,1028.02,2019-04-16,2023-11-12,79.07846153846154,3,5,5,4.3,Loyal Customers,2,Premium
1851,8,12,543.12,2019-02-17,2023-12-21,45.26,5,4,3,3.95,Loyal Customers,2,Premium
1852,4,14,767.4300000000001,2020-12-08,2023-12-25,54.816428571428574,5,5,5,5.0,Champions,2,Premium
1853,360,11,659.9300000000001,2020-05-21,2023-01-03,59.99363636363637,1,4,4,2.95,Others,3,High Value
1854,512,9,277.93,2019-06-08,2022-08-04,30.88111111111111,1,2,1,1.25,Lost,0,Low Value
1855,440,11,513.77,2019-06-25,2022-10-15,46.70636363636363,1,4,3,2.5500000000000003,Others,3,High Value
1856,34,9,422.12,2019-11-20,2023-11-25,46.90222222222222,4,2,2,2.7,Potential Loyalists,1,Mid Value
1857,8,12,601.44,2019-06-20,2023-12-21,50.120000000000005,5,4,4,4.35,Champions,2,Premium
1858,248,10,534.3,2019-01-13,2023-04-25,53.42999999999999,1,3,3,2.3000000000000003,Others,3,High Value
1859,141,14,745.28,2019-02-07,2023-08-10,53.23428571428571,2,5,4,3.55,Loyal Customers,3,High Value
1860,41,14,650.34,2019-07-09,2023-11-18,46.45285714285715,4,5,4,4.25,Champions,2,Premium
1861,86,10,2088.9399999999996,2019-09-04,2023-10-04,208.89399999999995,2,3,5,3.45,Loyal Customers,3,High Value
1862,464,9,602.46,2019-07-06,2022-09-21,66.94,1,2,4,2.45,Others,3,High Value
1863,416,9,616.46,2019-03-03,2022-11-08,68.49555555555555,1,2,4,2.45,Others,3,High Value
1864,92,7,232.01999999999998,2019-08-08,2023-09-28,33.145714285714284,2,1,1,1.35,Lost,0,Low Value
1865,57,6,268.19,2019-03-08,2023-11-02,44.69833333333333,3,1,1,1.6999999999999997,Potential Loyalists,0,Low Value
1866,8,10,346.38,2019-01-24,2023-12-21,34.638,5,3,2,3.3,Potential Loyalists,1,Mid Value
1867,10,11,679.56,2019-03-18,2023-12-19,61.778181818181814,5,4,4,4.35,Champions,2,Premium
1868,96,10,388.78999999999996,2019-04-25,2023-09-24,38.879,2,3,2,2.25,At Risk,0,Low Value
1869,142,10,719.44,2019-03-04,2023-08-09,71.944,2,3,4,3.05,Loyal Customers,3,High Value
1870,39,8,658.57,2019-02-03,2023-11-20,82.32125,4,2,4,3.5,Others,1,Mid Value
1871,95,9,415.92,2019-04-19,2023-09-25,46.21333333333334,2,2,2,2.0,At Risk,0,Low Value
1872,115,7,529.2,2019-02-21,2023-09-05,75.60000000000001,2,1,3,2.1500000000000004,Others,0,Low Value
1873,360,5,559.37,2020-08-25,2023-01-03,111.874,1,1,4,2.2,Others,0,Low Value
1874,113,15,647.35,2019-01-19,2023-09-07,43.156666666666666,2,5,4,3.55,Loyal Customers,3,High Value
1875,36,6,207.31,2020-08-13,2023-11-23,34.55166666666667,4,1,1,2.05,Potential Loyalists,1,Mid Value
1876,37,11,846.44,2019-02-07,2023-11-22,76.94909090909091,4,4,5,4.4,Champions,2,Premium
1877,9,11,573.83,2020-03-06,2023-12-20,52.16636363636364,5,4,4,4.35,Champions,2,Premium
1878,17,5,154.82999999999998,2019-11-24,2023-12-12,30.965999999999998,5,1,1,2.4,Potential Loyalists,1,Mid Value
1879,128,8,499.57,2019-06-13,2023-08-23,62.44625,2,2,3,2.4000000000000004,At Risk,0,Low Value
1880,4,13,390.87,2019-07-20,2023-12-25,30.06692307692308,5,5,2,3.8,Others,2,Premium
1881,47,16,1003.53,2019-08-11,2023-11-12,62.720625,3,5,5,4.3,Loyal Customers,2,Premium
1882,11,19,1023.76,2019-02-12,2023-12-18,53.8821052631579,5,5,5,5.0,Champions,2,Premium
1883,196,11,480.42,2020-02-21,2023-06-16,43.67454545454546,2,4,3,2.9000000000000004,Loyal Customers,3,High Value
1884,1,8,206.92000000000002,2019-11-14,2023-12-28,25.865000000000002,5,2,1,2.65,Potential Loyalists,1,Mid Value
1885,148,10,887.96,2019-04-08,2023-08-03,88.796,2,3,5,3.45,Loyal Customers,3,High Value
1886,225,4,139.54,2020-08-04,2023-05-18,34.885,2,1,1,1.35,Lost,0,Low Value
1887,25,15,745.51,2019-03-19,2023-12-04,49.70066666666666,4,5,4,4.25,Champions,2,Premium
1888,38,9,284.11,2019-05-12,2023-11-21,31.567777777777778,4,2,1,2.3,Potential Loyalists,1,Mid Value
1889,383,5,171.12,2019-10-22,2022-12-11,34.224000000000004,1,1,1,1.0,Lost,0,Low Value
1890,97,7,629.14,2019-06-27,2023-09-23,89.87714285714286,2,1,4,2.55,Others,0,Low Value
1891,95,13,506.31,2019-03-25,2023-09-25,38.94692307692308,2,5,3,3.1500000000000004,Loyal Customers,3,High Value
1892,38,10,556.3100000000001,2019-11-17,2023-11-21,55.63100000000001,4,3,4,3.75,Loyal Customers,2,Premium
1893,23,7,260.34,2019-04-03,2023-12-06,37.19142857142857,5,1,1,2.4,Potential Loyalists,1,Mid Value
1894,313,4,208.88,2020-12-04,2023-02-19,52.22,1,1,1,1.0,Lost,0,Low Value
1895,4,14,730.65,2019-03-27,2023-12-25,52.18928571428571,5,5,4,4.6,Champions,2,Premium
1896,42,9,359.22,2019-01-21,2023-11-17,39.913333333333334,4,2,2,2.7,Potential Loyalists,1,Mid Value
1897,54,10,1127.96,2019-11-05,2023-11-05,112.796,3,3,5,3.8,Loyal Customers,3,High Value
1898,49,7,195.4,2019-10-22,2023-11-10,27.914285714285715,3,1,1,1.6999999999999997,Potential Loyalists,0,Low Value
1899,73,13,749.18,2019-07-26,2023-10-17,57.629230769230766,3,5,4,3.9,Loyal Customers,2,Premium
1900,4,12,1273.67,2019-07-10,2023-12-25,106.13916666666667,5,4,5,4.75,Champions,2,Premium
1901,94,14,998.5600000000001,2019-07-06,2023-09-26,71.32571428571428,2,5,5,3.95,Loyal Customers,3,High Value
1902,283,16,793.09,2019-03-22,2023-03-21,49.568125,1,5,5,3.6,Others,3,High Value
1903,9,14,549.13,2019-06-14,2023-12-20,39.223571428571425,5,5,3,4.2,Loyal Customers,2,Premium
1904,463,13,561.63,2019-05-16,2022-09-22,43.20230769230769,1,5,4,3.2,Others,3,High Value
1905,38,8,253.65,2019-01-20,2023-11-21,31.70625,4,2,1,2.3,Potential Loyalists,1,Mid Value
1906,113,8,627.47,2019-11-03,2023-09-07,78.43375,2,2,4,2.8,At Risk,3,High Value
1907,253,9,1078.21,2019-11-13,2023-04-20,119.80111111111111,1,2,5,2.85,Others,3,High Value
1908,2,6,243.54,2019-11-23,2023-12-27,40.589999999999996,5,1,1,2.4,Potential Loyalists,1,Mid Value
1909,95,7,394.47,2019-08-06,2023-09-25,56.35285714285715,2,1,2,1.75,Lost,0,Low Value
1910,215,14,487.76,2019-07-25,2023-05-28,34.839999999999996,2,5,3,3.1500000000000004,Loyal Customers,3,High Value
1911,85,8,284.42,2019-07-11,2023-10-05,35.5525,3,2,1,1.9499999999999997,Potential Loyalists,0,Low Value
1912,28,6,293.03000000000003,2019-03-11,2023-12-01,48.83833333333334,4,1,1,2.05,Potential Loyalists,1,Mid Value
1913,5,10,537.74,2019-01-28,2023-12-24,53.774,5,3,3,3.7,Loyal Customers,1,Mid Value
1914,20,8,565.41,2019-11-14,2023-12-09,70.67625,5,2,4,3.85,Others,1,Mid Value
1915,73,6,405.63,2019-01-22,2023-10-17,67.605,3,1,2,2.0999999999999996,Potential Loyalists,0,Low Value
1916,206,5,1124.45,2019-08-14,2023-06-06,224.89000000000001,2,1,5,2.95,Others,3,High Value
1917,2,11,1141.15,2019-05-08,2023-12-27,103.7409090909091,5,4,5,4.75,Champions,2,Premium
1918,45,13,922.98,2019-05-11,2023-11-14,70.99846153846154,3,5,5,4.3,Loyal Customers,2,Premium
1919,51,14,497.63,2019-02-23,2023-11-08,35.545,3,5,3,3.5,Loyal Customers,2,Premium
1920,9,10,431.72,2019-11-05,2023-12-20,43.172000000000004,5,3,3,3.7,Loyal Customers,1,Mid Value
1921,129,14,412.45,2019-07-26,2023-08-22,29.460714285714285,2,5,2,2.75,At Risk,3,High Value
1922,401,16,904.64,2019-09-07,2022-11-23,56.54,1,5,5,3.6,Others,3,High Value
1923,287,16,1853.24,2019-01-24,2023-03-17,115.8275,1,5,5,3.6,Others,3,High Value
1924,248,10,804.34,2019-03-12,2023-04-25,80.434,1,3,5,3.1,Others,3,High Value
1925,42,13,764.09,2019-05-02,2023-11-17,58.776153846153846,4,5,4,4.25,Champions,2,Premium
1926,41,13,445.36,2019-02-25,2023-11-18,34.25846153846154,4,5,3,3.85,Loyal Customers,2,Premium
1927,130,14,782.72,2019-08-03,2023-08-21,55.90857142857143,2,5,5,3.95,Loyal Customers,3,High Value
1928,4,15,1303.92,2019-09-11,2023-12-25,86.92800000000001,5,5,5,5.0,Champions,2,Premium
1929,50,11,635.0699999999999,2019-08-06,2023-11-09,57.73363636363636,3,4,4,3.65,Loyal Customers,3,High Value
1930,671,6,471.5,2020-10-16,2022-02-26,78.58333333333333,1,1,3,1.8000000000000003,Others,0,Low Value
1931,57,13,1034.45,2019-03-27,2023-11-02,79.57307692307693,3,5,5,4.3,Loyal Customers,2,Premium
1932,481,3,140.47,2019-09-07,2022-09-04,46.82333333333333,1,1,1,1.0,Lost,0,Low Value
1933,201,5,197.54,2019-12-23,2023-06-11,39.507999999999996,2,1,1,1.35,Lost,0,Low Value
1934,13,11,688.96,2019-10-28,2023-12-16,62.63272727272727,5,4,4,4.35,Champions,2,Premium
1935,130,10,621.34,2019-02-22,2023-08-21,62.134,2,3,4,3.05,Loyal Customers,3,High Value
1936,13,13,844.22,2019-02-02,2023-12-16,64.94,5,5,5,5.0,Champions,2,Premium
1937,36,11,596.38,2019-09-05,2023-11-23,54.21636363636364,4,4,4,4.0,Champions,2,Premium
1938,54,4,185.41,2021-11-05,2023-11-05,46.3525,3,1,1,1.6999999999999997,Potential Loyalists,0,Low Value
1939,9,18,601.84,2019-11-01,2023-12-20,33.43555555555556,5,5,4,4.6,Champions,2,Premium
1940,58,5,122.22,2020-08-19,2023-11-01,24.444,3,1,1,1.6999999999999997,Potential Loyalists,0,Low Value
1941,14,14,514.24,2019-02-13,2023-12-15,36.73142857142857,5,5,3,4.2,Loyal Customers,2,Premium
1942,409,9,288.42,2019-06-06,2022-11-15,32.04666666666667,1,2,1,1.25,Lost,0,Low Value
1943,756,10,385.14,2019-01-05,2021-12-03,38.513999999999996,1,3,2,1.9000000000000001,Others,0,Low Value
1944,36,7,247.78,2019-12-16,2023-11-23,35.39714285714286,4,1,1,2.05,Potential Loyalists,1,Mid Value
1945,56,12,983.37,2020-06-03,2023-11-03,81.9475,3,4,5,4.05,Loyal Customers,2,Premium
1946,68,7,503.09,2019-11-06,2023-10-22,71.86999999999999,3,1,3,2.5,Potential Loyalists,1,Mid Value
1947,32,13,693.23,2019-01-04,2023-11-27,53.325384615384614,4,5,4,4.25,Champions,2,Premium
1948,103,9,540.99,2019-06-26,2023-09-17,60.11,2,2,3,2.4000000000000004,At Risk,0,Low Value
1949,8,4,143.98,2021-03-01,2023-12-21,35.995,5,1,1,2.4,Potential Loyalists,1,Mid Value
1950,65,8,953.49,2019-02-12,2023-10-25,119.18625,3,2,5,3.55,At Risk,3,High Value
1951,205,19,2561.66,2019-02-10,2023-06-07,134.8242105263158,2,5,5,3.95,Loyal Customers,3,High Value
1952,55,11,1498.1000000000001,2019-11-17,2023-11-04,136.19090909090912,3,4,5,4.05,Loyal Customers,2,Premium
1953,51,14,559.3199999999999,2019-04-07,2023-11-08,39.951428571428565,3,5,4,3.9,Loyal Customers,2,Premium
1954,310,10,709.88,2019-01-20,2023-02-22,70.988,1,3,4,2.7,Others,3,High Value
1955,227,9,1063.31,2019-02-18,2023-05-16,118.14555555555555,2,2,5,3.2,At Risk,3,High Value
1956,161,9,355.39,2019-03-21,2023-07-21,39.48777777777778,2,2,2,2.0,At Risk,0,Low Value
1957,79,7,177.74,2020-09-26,2023-10-11,25.391428571428573,3,1,1,1.6999999999999997,Potential Loyalists,0,Low Value
1958,12,10,502.78,2019-11-14,2023-12-17,50.278,5,3,3,3.7,Loyal Customers,1,Mid Value
1959,1,8,339.85,2019-12-11,2023-12-28,42.48125,5,2,2,3.05,Potential Loyalists,1,Mid Value
1960,53,9,278.7,2020-11-09,2023-11-06,30.966666666666665,3,2,1,1.9499999999999997,Potential Loyalists,0,Low Value
1961,383,7,343.3,2019-12-22,2022-12-11,49.042857142857144,1,1,2,1.4,Lost,0,Low Value
1962,344,7,425.93,2019-11-16,2023-01-19,60.847142857142856,1,1,2,1.4,Lost,0,Low Value
1963,408,10,691.34,2019-11-06,2022-11-16,69.134,1,3,4,2.7,Others,3,High Value
1964,8,19,1296.91,2019-03-05,2023-12-21,68.25842105263159,5,5,5,5.0,Champions,2,Premium
1965,160,10,454.8,2019-08-07,2023-07-22,45.480000000000004,2,3,3,2.6500000000000004,Loyal Customers,3,High Value
1966,140,9,364.15,2019-01-15,2023-08-11,40.46111111111111,2,2,2,2.0,At Risk,0,Low Value
1967,20,8,495.76,2019-03-05,2023-12-09,61.97,5,2,3,3.45,Potential Loyalists,1,Mid Value
1968,27,10,284.96,2019-03-10,2023-12-02,28.496,4,3,1,2.55,Potential Loyalists,1,Mid Value
1969,400,7,408.40999999999997,2019-01-03,2022-11-24,58.34428571428571,1,1,2,1.4,Lost,0,Low Value
1970,222,8,323.71,2019-10-05,2023-05-21,40.46375,2,2,2,2.0,At Risk,0,Low Value
1971,33,15,828.45,2019-04-17,2023-11-26,55.230000000000004,4,5,5,4.65,Champions,2,Premium
1972,106,8,656.1,2020-02-21,2023-09-14,82.0125,2,2,4,2.8,At Risk,3,High Value
1973,753,12,916.06,2019-02-21,2021-12-06,76.33833333333332,1,4,5,3.35,Others,3,High Value
1974,42,9,974.1700000000001,2020-05-15,2023-11-17,108.24111111111112,4,2,5,3.9,Others,2,Premium
1975,112,16,804.95,2019-01-20,2023-09-08,50.309375,2,5,5,3.95,Loyal Customers,3,High Value
1976,92,12,497.57,2019-05-24,2023-09-28,41.464166666666664,2,4,3,2.9000000000000004,Loyal Customers,3,High Value
1977,62,7,498.49,2019-04-16,2023-10-28,71.21285714285715,3,1,3,2.5,Potential Loyalists,1,Mid Value
1978,48,8,590.83,2019-01-11,2023-11-11,73.85375,3,2,4,3.15,At Risk,3,High Value
1979,217,12,556.12,2019-02-09,2023-05-26,46.343333333333334,2,4,4,3.3,Loyal Customers,3,High Value
1980,8,9,298.92,2020-09-02,2023-12-21,33.21333333333334,5,2,1,2.65,Potential Loyalists,1,Mid Value
1981,8,10,361.44,2019-11-17,2023-12-21,36.144,5,3,2,3.3,Potential Loyalists,1,Mid Value
1982,32,7,330.62,2020-06-24,2023-11-27,47.23142857142857,4,1,2,2.45,Potential Loyalists,1,Mid Value
1983,42,12,428.53000000000003,2019-03-05,2023-11-17,35.71083333333333,4,4,3,3.6,Loyal Customers,2,Premium
1984,476,9,319.67,2019-01-06,2022-09-09,35.51888888888889,1,2,2,1.65,Lost,0,Low Value
1985,416,12,468.84000000000003,2019-05-21,2022-11-08,39.07,1,4,3,2.5500000000000003,Others,3,High Value
1986,240,9,547.54,2020-07-05,2023-05-03,60.837777777777774,2,2,3,2.4000000000000004,At Risk,0,Low Value
1987,666,6,617.77,2019-03-17,2022-03-03,102.96166666666666,1,1,4,2.2,Others,0,Low Value
1988,6,16,1115.04,2019-02-16,2023-12-23,69.69,5,5,5,5.0,Champions,2,Premium
1989,56,8,389.59000000000003,2019-11-18,2023-11-03,48.698750000000004,3,2,2,2.3499999999999996,Potential Loyalists,1,Mid Value
1990,161,10,849.01,2019-10-07,2023-07-21,84.901,2,3,5,3.45,Loyal Customers,3,High Value
1991,49,12,480.57,2019-02-09,2023-11-10,40.0475,3,4,3,3.25,Loyal Customers,3,High Value
1992,200,6,335.44,2020-12-02,2023-06-12,55.906666666666666,2,1,2,1.75,Lost,0,Low Value
1993,251,13,394.61,2019-03-24,2023-04-22,30.354615384615386,1,5,2,2.4000000000000004,Others,3,High Value
1994,58,12,706.76,2019-05-27,2023-11-01,58.89666666666667,3,4,4,3.65,Loyal Customers,3,High Value
1995,381,10,860.3100000000001,2019-07-06,2022-12-13,86.031,1,3,5,3.1,Others,3,High Value
1996,69,9,807.46,2020-02-06,2023-10-21,89.71777777777778,3,2,5,3.55,At Risk,3,High Value
1997,179,11,599.76,2019-04-02,2023-07-03,54.52363636363636,2,4,4,3.3,Loyal Customers,3,High Value
1998,320,9,517.37,2019-11-12,2023-02-12,57.48555555555556,1,2,3,2.0500000000000003,Others,0,Low Value
1999,5,10,830.97,2019-04-22,2023-12-24,83.09700000000001,5,3,5,4.5,Loyal Customers,2,Premium
2000,64,11,367.78000000000003,2019-10-12,2023-10-26,33.43454545454546,3,4,2,2.8499999999999996,At Risk,1,Mid Value
2001,57,12,803.3399999999999,2019-04-23,2023-11-02,66.945,3,4,5,4.05,Loyal Customers,2,Premium
2002,130,13,584.71,2019-07-19,2023-08-21,44.97769230769231,2,5,4,3.55,Loyal Customers,3,High Value
2003,293,9,572.95,2019-01-21,2023-03-11,63.66111111111112,1,2,4,2.45,Others,3,High Value
2004,240,14,512.98,2019-02-28,2023-05-03,36.64142857142857,2,5,3,3.1500000000000004,Loyal Customers,3,High Value
2005,68,12,486.03,2019-04-20,2023-10-22,40.5025,3,4,3,3.25,Loyal Customers,3,High Value
2006,50,13,636.27,2019-08-20,2023-11-09,48.94384615384615,3,5,4,3.9,Loyal Customers,2,Premium
2007,7,16,734.3299999999999,2019-08-23,2023-12-22,45.895624999999995,5,5,4,4.6,Champions,2,Premium
2008,11,11,400.88,2019-02-15,2023-12-18,36.443636363636365,5,4,2,3.55,Others,1,Mid Value
2009,370,9,505.8,2019-05-19,2022-12-24,56.2,1,2,3,2.0500000000000003,Others,0,Low Value
2010,267,9,966.63,2019-03-16,2023-04-06,107.40333333333334,1,2,5,2.85,Others,3,High Value
2011,623,8,340.85,2019-11-24,2022-04-15,42.60625,1,2,2,1.65,Lost,0,Low Value
2012,36,10,746.77,2020-01-20,2023-11-23,74.67699999999999,4,3,4,3.75,Loyal Customers,2,Premium
2013,4,11,856.42,2019-08-07,2023-12-25,77.85636363636364,5,4,5,4.75,Champions,2,Premium
2014,49,7,352.28,2019-05-24,2023-11-10,50.325714285714284,3,1,2,2.0999999999999996,Potential Loyalists,0,Low Value
2015,46,13,789.36,2019-11-13,2023-11-13,60.72,3,5,5,4.3,Loyal Customers,2,Premium
2016,46,11,418.16,2019-08-22,2023-11-13,38.014545454545456,3,4,2,2.8499999999999996,At Risk,1,Mid Value
2017,44,8,316.33000000000004,2020-07-22,2023-11-15,39.541250000000005,4,2,1,2.3,Potential Loyalists,1,Mid Value
2018,34,16,820.0899999999999,2019-05-26,2023-11-25,51.255624999999995,4,5,5,4.65,Champions,2,Premium
2019,2,14,570.55,2019-04-01,2023-12-27,40.753571428571426,5,5,4,4.6,Champions,2,Premium
2020,38,12,492.0,2019-12-28,2023-11-21,41.0,4,4,3,3.6,Loyal Customers,2,Premium
2021,14,11,376.13,2019-05-24,2023-12-15,34.193636363636365,5,4,2,3.55,Others,1,Mid Value
2022,36,11,619.0600000000001,2019-11-10,2023-11-23,56.27818181818182,4,4,4,4.0,Champions,2,Premium
2023,159,7,406.28999999999996,2019-02-20,2023-07-23,58.04142857142857,2,1,2,1.75,Lost,0,Low Value
2024,58,10,1577.34,2019-10-04,2023-11-01,157.73399999999998,3,3,5,3.8,Loyal Customers,3,High Value
2025,65,9,291.4,2019-03-25,2023-10-25,32.37777777777777,3,2,1,1.9499999999999997,Potential Loyalists,0,Low Value
2026,482,4,134.91,2020-11-12,2022-09-03,33.7275,1,1,1,1.0,Lost,0,Low Value
2027,405,7,395.34000000000003,2019-02-19,2022-11-19,56.47714285714286,1,1,2,1.4,Lost,0,Low Value
2028,291,11,375.59999999999997,2019-08-18,2023-03-13,34.14545454545454,1,4,2,2.1500000000000004,Others,3,High Value
2029,129,6,271.71,2019-12-18,2023-08-22,45.285,2,1,1,1.35,Lost,0,Low Value
2030,105,6,343.89,2021-12-09,2023-09-15,57.315,2,1,2,1.75,Lost,0,Low Value
2031,2,7,187.06,2021-05-20,2023-12-27,26.722857142857144,5,1,1,2.4,Potential Loyalists,1,Mid Value
2032,109,6,163.18,2019-10-05,2023-09-11,27.19666666666667,2,1,1,1.35,Lost,0,Low Value
2033,266,11,406.91,2019-04-23,2023-04-07,36.99181818181818,1,4,2,2.1500000000000004,Others,3,High Value
2034,110,7,224.72,2019-05-06,2023-09-10,32.10285714285714,2,1,1,1.35,Lost,0,Low Value
2035,23,9,304.62,2019-10-04,2023-12-06,33.846666666666664,5,2,1,2.65,Potential Loyalists,1,Mid Value
2036,42,13,472.94,2019-02-11,2023-11-17,36.38,4,5,3,3.85,Loyal Customers,2,Premium
2037,202,13,677.78,2019-11-06,2023-06-10,52.136923076923075,2,5,4,3.55,Loyal Customers,3,High Value
2038,52,13,656.48,2019-04-17,2023-11-07,50.49846153846154,3,5,4,3.9,Loyal Customers,2,Premium
2039,444,8,444.15000000000003,2019-11-11,2022-10-11,55.518750000000004,1,2,3,2.0500000000000003,Others,0,Low Value
2040,62,12,519.03,2019-03-01,2023-10-28,43.2525,3,4,3,3.25,Loyal Customers,3,High Value
2041,98,15,560.93,2019-03-14,2023-09-22,37.39533333333333,2,5,4,3.55,Loyal Customers,3,High Value
2042,32,13,432.52,2019-11-15,2023-11-27,33.27076923076923,4,5,3,3.85,Loyal Customers,2,Premium
2043,51,9,374.8,2019-02-21,2023-11-08,41.644444444444446,3,2,2,2.3499999999999996,Potential Loyalists,1,Mid Value
2044,54,9,286.85,2020-10-26,2023-11-05,31.872222222222224,3,2,1,1.9499999999999997,Potential Loyalists,0,Low Value
2045,39,6,183.98,2019-11-13,2023-11-20,30.66333333333333,4,1,1,2.05,Potential Loyalists,1,Mid Value
2046,50,7,311.34000000000003,2019-02-15,2023-11-09,44.47714285714286,3,1,1,1.6999999999999997,Potential Loyalists,0,Low Value
2047,167,8,346.64,2019-02-13,2023-07-15,43.33,2,2,2,2.0,At Risk,0,Low Value
2048,24,5,418.64,2019-01-28,2023-12-05,83.728,5,1,2,2.8,Potential Loyalists,1,Mid Value
2049,42,7,566.75,2019-05-08,2023-11-17,80.96428571428571,4,1,4,3.25,Others,1,Mid Value
2050,174,10,378.21,2019-11-13,2023-07-08,37.821,2,3,2,2.25,At Risk,0,Low Value
2051,265,15,652.0699999999999,2019-01-28,2023-04-08,43.47133333333333,1,5,4,3.2,Others,3,High Value
2052,763,10,543.71,2019-08-19,2021-11-26,54.371,1,3,3,2.3000000000000003,Others,3,High Value
2053,37,9,658.17,2019-10-02,2023-11-22,73.13,4,2,4,3.5,Others,1,Mid Value
2054,66,12,1281.27,2019-11-19,2023-10-24,106.7725,3,4,5,4.05,Loyal Customers,2,Premium
2055,47,11,384.18,2019-01-24,2023-11-12,34.92545454545455,3,4,2,2.8499999999999996,At Risk,1,Mid Value
2056,102,9,320.79,2020-10-01,2023-09-18,35.64333333333334,2,2,2,2.0,At Risk,0,Low Value
2057,22,15,773.89,2019-06-13,2023-12-07,51.592666666666666,5,5,5,5.0,Champions,2,Premium
2058,85,11,738.6700000000001,2019-09-12,2023-10-05,67.15181818181819,3,4,4,3.65,Loyal Customers,3,High Value
2059,33,11,433.49,2019-03-19,2023-11-26,39.408181818181816,4,4,3,3.6,Loyal Customers,2,Premium
2060,143,12,668.1999999999999,2019-10-09,2023-08-08,55.68333333333333,2,4,4,3.3,Loyal Customers,3,High Value
2061,68,7,212.88,2020-01-04,2023-10-22,30.41142857142857,3,1,1,1.6999999999999997,Potential Loyalists,0,Low Value
2062,682,8,285.82,2019-09-07,2022-02-15,35.7275,1,2,1,1.25,Lost,0,Low Value
2063,206,7,214.84,2019-12-23,2023-06-06,30.69142857142857,2,1,1,1.35,Lost,0,Low Value
2064,17,9,318.88,2019-08-24,2023-12-12,35.43111111111111,5,2,2,3.05,Potential Loyalists,1,Mid Value
2065,4,10,594.3,2019-01-14,2023-12-25,59.42999999999999,5,3,4,4.1,Loyal Customers,2,Premium
2066,46,15,1335.3600000000001,2019-02-10,2023-11-13,89.02400000000002,3,5,5,4.3,Loyal Customers,2,Premium
2067,373,10,782.9,2019-04-21,2022-12-21,78.28999999999999,1,3,5,3.1,Others,3,High Value
2068,123,10,350.41,2019-03-02,2023-08-28,35.041000000000004,2,3,2,2.25,At Risk,0,Low Value
2069,377,9,368.8,2019-10-25,2022-12-17,40.97777777777778,1,2,2,1.65,Lost,0,Low Value
2070,76,6,195.56,2019-06-18,2023-10-14,32.593333333333334,3,1,1,1.6999999999999997,Potential Loyalists,0,Low Value
2071,141,8,313.91999999999996,2019-04-02,2023-08-10,39.239999999999995,2,2,1,1.6,Lost,0,Low Value
2072,67,9,579.91,2019-02-17,2023-10-23,64.43444444444444,3,2,4,3.15,At Risk,3,High Value
2073,6,12,471.81,2019-04-18,2023-12-23,39.3175,5,4,3,3.95,Loyal Customers,2,Premium
2074,52,6,312.15,2019-01-03,2023-11-07,52.025,3,1,1,1.6999999999999997,Potential Loyalists,0,Low Value
2075,36,8,453.3,2019-11-16,2023-11-23,56.6625,4,2,3,3.1,Potential Loyalists,1,Mid Value
2076,345,7,200.59,2019-06-01,2023-01-18,28.655714285714286,1,1,1,1.0,Lost,0,Low Value
2077,218,10,555.89,2019-04-07,2023-05-25,55.589,2,3,4,3.05,Loyal Customers,3,High Value
2078,23,13,501.65999999999997,2019-07-07,2023-12-06,38.58923076923077,5,5,3,4.2,Loyal Customers,2,Premium
2079,89,4,239.98000000000002,2020-05-16,2023-10-01,59.995000000000005,2,1,1,1.35,Lost,0,Low Value
2080,44,11,592.63,2019-04-20,2023-11-15,53.875454545454545,4,4,4,4.0,Champions,2,Premium
2081,356,7,308.63,2019-02-26,2023-01-07,44.089999999999996,1,1,1,1.0,Lost,0,Low Value
2082,28,7,309.49,2020-04-05,2023-12-01,44.212857142857146,4,1,1,2.05,Potential Loyalists,1,Mid Value
2083,31,10,522.12,2019-01-21,2023-11-28,52.212,4,3,3,3.35,Loyal Customers,1,Mid Value
2084,452,3,112.05000000000001,2019-12-14,2022-10-03,37.35,1,1,1,1.0,Lost,0,Low Value
2085,23,16,881.41,2019-03-28,2023-12-06,55.088125,5,5,5,5.0,Champions,2,Premium
2086,19,8,413.31,2019-10-13,2023-12-10,51.66375,5,2,2,3.05,Potential Loyalists,1,Mid Value
2087,298,7,276.99,2019-10-10,2023-03-06,39.57,1,1,1,1.0,Lost,0,Low Value
2088,42,9,687.27,2019-03-07,2023-11-17,76.36333333333333,4,2,4,3.5,Others,1,Mid Value
2089,4,13,635.94,2019-09-05,2023-12-25,48.91846153846154,5,5,4,4.6,Champions,2,Premium
2090,15,7,246.99,2019-11-25,2023-12-14,35.284285714285716,5,1,1,2.4,Potential Loyalists,1,Mid Value
2091,48,13,521.14,2019-01-07,2023-11-11,40.08769230769231,3,5,3,3.5,Loyal Customers,2,Premium
2092,417,12,421.24,2019-05-01,2022-11-07,35.10333333333333,1,4,2,2.1500000000000004,Others,3,High Value
2093,32,16,1207.67,2019-07-25,2023-11-27,75.479375,4,5,5,4.65,Champions,2,Premium
2094,475,5,181.66,2019-07-12,2022-09-10,36.332,1,1,1,1.0,Lost,0,Low Value
2095,31,8,341.93,2019-04-13,2023-11-28,42.74125,4,2,2,2.7,Potential Loyalists,1,Mid Value
2096,369,7,526.78,2019-12-15,2022-12-25,75.25428571428571,1,1,3,1.8000000000000003,Others,0,Low Value
2097,97,6,316.24,2020-08-18,2023-09-23,52.70666666666667,2,1,1,1.35,Lost,0,Low Value
2098,106,10,608.64,2020-03-08,2023-09-14,60.864,2,3,4,3.05,Loyal Customers,3,High Value
2099,1050,6,911.35,2019-01-24,2021-02-12,151.89166666666668,1,1,5,2.6,Others,3,High Value
2100,7,11,487.83,2019-01-06,2023-12-22,44.348181818181814,5,4,3,3.95,Loyal Customers,2,Premium
2101,57,14,518.76,2019-02-19,2023-11-02,37.05428571428571,3,5,3,3.5,Loyal Customers,2,Premium
2102,257,11,372.77,2019-01-16,2023-04-16,33.88818181818181,1,4,2,2.1500000000000004,Others,3,High Value
2103,33,11,721.5,2019-02-18,2023-11-26,65.5909090909091,4,4,4,4.0,Champions,2,Premium
2104,117,10,278.09999999999997,2019-01-03,2023-09-03,27.809999999999995,2,3,1,1.85,Others,0,Low Value
2105,48,13,1179.46,2019-05-02,2023-11-11,90.72769230769231,3,5,5,4.3,Loyal Customers,2,Premium
2106,27,18,887.89,2019-06-18,2023-12-02,49.32722222222222,4,5,5,4.65,Champions,2,Premium
2107,602,4,123.32,2019-01-06,2022-05-06,30.83,1,1,1,1.0,Lost,0,Low Value
2108,88,14,846.58,2019-03-10,2023-10-02,60.470000000000006,2,5,5,3.95,Loyal Customers,3,High Value
2109,16,7,495.97,2019-07-14,2023-12-13,70.85285714285715,5,1,3,3.2,Potential Loyalists,1,Mid Value
2110,56,18,1163.13,2019-01-21,2023-11-03,64.61833333333334,3,5,5,4.3,Loyal Customers,2,Premium
2111,2,10,1085.21,2019-11-27,2023-12-27,108.521,5,3,5,4.5,Loyal Customers,2,Premium
2112,52,5,293.59000000000003,2019-10-20,2023-11-07,58.718,3,1,1,1.6999999999999997,Potential Loyalists,0,Low Value
2113,35,10,698.95,2019-01-05,2023-11-24,69.89500000000001,4,3,4,3.75,Loyal Customers,2,Premium
2114,1,8,665.3,2020-08-05,2023-12-28,83.1625,5,2,4,3.85,Others,1,Mid Value
2115,215,5,156.86,2019-11-05,2023-05-28,31.372000000000003,2,1,1,1.35,Lost,0,Low Value
2116,26,14,690.9,2019-03-10,2023-12-03,49.35,4,5,4,4.25,Champions,2,Premium
2117,38,7,235.47,2019-03-18,2023-11-21,33.63857142857143,4,1,1,2.05,Potential Loyalists,1,Mid Value
2118,55,9,323.25,2020-09-15,2023-11-04,35.916666666666664,3,2,2,2.3499999999999996,Potential Loyalists,1,Mid Value
2119,45,13,415.98,2019-02-09,2023-11-14,31.99846153846154,3,5,2,3.0999999999999996,At Risk,2,Premium
2120,11,8,339.58000000000004,2019-10-03,2023-12-18,42.447500000000005,5,2,2,3.05,Potential Loyalists,1,Mid Value
2121,349,4,117.71,2019-11-02,2023-01-14,29.4275,1,1,1,1.0,Lost,0,Low Value
2122,24,15,866.5899999999999,2019-05-14,2023-12-05,57.77266666666666,5,5,5,5.0,Champions,2,Premium
2123,379,9,238.48,2019-03-04,2022-12-15,26.497777777777777,1,2,1,1.25,Lost,0,Low Value
2124,37,12,574.66,2019-09-17,2023-11-22,47.88833333333333,4,4,4,4.0,Champions,2,Premium
2125,170,18,569.84,2019-04-14,2023-07-12,31.65777777777778,2,5,4,3.55,Loyal Customers,3,High Value
2126,77,8,255.85,2019-05-07,2023-10-13,31.98125,3,2,1,1.9499999999999997,Potential Loyalists,0,Low Value
2127,46,9,262.82,2019-09-24,2023-11-13,29.202222222222222,3,2,1,1.9499999999999997,Potential Loyalists,0,Low Value
2128,228,7,269.53,2019-02-27,2023-05-15,38.50428571428571,2,1,1,1.35,Lost,0,Low Value
2129,190,7,216.79,2019-02-09,2023-06-22,30.97,2,1,1,1.35,Lost,0,Low Value
2130,113,10,1224.97,2019-02-18,2023-09-07,122.497,2,3,5,3.45,Loyal Customers,3,High Value
2131,409,13,527.28,2019-02-28,2022-11-15,40.559999999999995,1,5,3,2.8000000000000003,Others,3,High Value
2132,87,9,539.97,2019-04-03,2023-10-03,59.99666666666667,2,2,3,2.4000000000000004,At Risk,0,Low Value
2133,37,15,562.4300000000001,2019-11-25,2023-11-22,37.495333333333335,4,5,4,4.25,Champions,2,Premium
2134,77,10,676.87,2019-09-19,2023-10-13,67.687,3,3,4,3.4,Loyal Customers,3,High Value
2135,49,14,769.61,2019-02-11,2023-11-10,54.972142857142856,3,5,5,4.3,Loyal Customers,2,Premium
2136,35,9,541.42,2019-03-21,2023-11-24,60.157777777777774,4,2,3,3.1,Potential Loyalists,1,Mid Value
2137,44,6,202.56,2019-09-13,2023-11-15,33.76,4,1,1,2.05,Potential Loyalists,1,Mid Value
2138,33,9,299.03999999999996,2019-08-10,2023-11-26,33.22666666666666,4,2,1,2.3,Potential Loyalists,1,Mid Value
2139,70,14,2755.3100000000004,2019-08-20,2023-10-20,196.80785714285716,3,5,5,4.3,Loyal Customers,2,Premium
2140,35,8,452.24,2019-04-25,2023-11-24,56.53,4,2,3,3.1,Potential Loyalists,1,Mid Value
2141,418,10,266.6,2019-04-14,2022-11-06,26.660000000000004,1,3,1,1.5,Others,0,Low Value
2142,420,14,659.12,2019-03-04,2022-11-04,47.08,1,5,4,3.2,Others,3,High Value
2143,63,8,451.94,2019-02-19,2023-10-27,56.4925,3,2,3,2.75,Potential Loyalists,1,Mid Value
2144,220,12,472.38,2019-01-10,2023-05-23,39.365,2,4,3,2.9000000000000004,Loyal Customers,3,High Value
2145,69,10,406.40999999999997,2019-03-12,2023-10-21,40.641,3,3,2,2.5999999999999996,Potential Loyalists,1,Mid Value
2146,9,10,595.83,2019-02-14,2023-12-20,59.583000000000006,5,3,4,4.1,Loyal Customers,2,Premium
2147,42,13,657.13,2019-06-20,2023-11-17,50.54846153846154,4,5,4,4.25,Champions,2,Premium
2148,2,20,692.46,2019-03-05,2023-12-27,34.623000000000005,5,5,4,4.6,Champions,2,Premium
2149,215,6,259.27,2019-07-05,2023-05-28,43.211666666666666,2,1,1,1.35,Lost,0,Low Value
2150,2,10,707.1999999999999,2019-12-15,2023-12-27,70.72,5,3,4,4.1,Loyal Customers,2,Premium
2151,22,10,364.7,2019-01-28,2023-12-07,36.47,5,3,2,3.3,Potential Loyalists,1,Mid Value
2152,56,16,699.36,2019-04-02,2023-11-03,43.71,3,5,4,3.9,Loyal Customers,2,Premium
2153,2,13,1264.23,2019-04-27,2023-12-27,97.24846153846154,5,5,5,5.0,Champions,2,Premium
2154,53,8,325.61,2019-01-21,2023-11-06,40.70125,3,2,2,2.3499999999999996,Potential Loyalists,1,Mid Value
2155,35,8,362.23,2019-02-14,2023-11-24,45.27875,4,2,2,2.7,Potential Loyalists,1,Mid Value
2156,132,6,253.06,2020-06-16,2023-08-19,42.17666666666667,2,1,1,1.35,Lost,0,Low Value
2157,55,11,383.55,2019-02-04,2023-11-04,34.86818181818182,3,4,2,2.8499999999999996,At Risk,1,Mid Value
2158,19,14,690.35,2019-03-11,2023-12-10,49.31071428571429,5,5,4,4.6,Champions,2,Premium
2159,13,8,851.59,2019-11-08,2023-12-16,106.44875,5,2,5,4.25,Others,2,Premium
2160,621,7,709.55,2019-09-09,2022-04-17,101.36428571428571,1,1,4,2.2,Others,0,Low Value
2161,536,8,275.28,2019-02-08,2022-07-11,34.41,1,2,1,1.25,Lost,0,Low Value
2162,633,11,660.36,2019-07-06,2022-04-05,60.03272727272727,1,4,4,2.95,Others,3,High Value
2163,72,11,755.34,2019-03-27,2023-10-18,68.66727272727273,3,4,4,3.65,Loyal Customers,3,High Value
2164,298,16,657.75,2019-05-24,2023-03-06,41.109375,1,5,4,3.2,Others,3,High Value
2165,45,15,612.19,2019-01-05,2023-11-14,40.81266666666667,3,5,4,3.9,Loyal Customers,2,Premium
2166,104,12,589.46,2019-11-01,2023-09-16,49.12166666666667,2,4,4,3.3,Loyal Customers,3,High Value
2167,6,9,283.22,2021-06-14,2023-12-23,31.46888888888889,5,2,1,2.65,Potential Loyalists,1,Mid Value
2168,408,5,630.7,2019-01-25,2022-11-16,126.14000000000001,1,1,4,2.2,Others,0,Low Value
2169,44,10,497.59000000000003,2019-05-19,2023-11-15,49.759,4,3,3,3.35,Loyal Customers,1,Mid Value
2170,108,17,620.92,2019-02-03,2023-09-12,36.52470588235294,2,5,4,3.55,Loyal Customers,3,High Value
2171,418,12,785.37,2019-04-23,2022-11-06,65.4475,1,4,5,3.35,Others,3,High Value
2172,53,13,480.07,2019-02-02,2023-11-06,36.92846153846154,3,5,3,3.5,Loyal Customers,2,Premium
2173,71,10,538.75,2019-02-09,2023-10-19,53.875,3,3,3,3.0,Loyal Customers,3,High Value
2174,4,11,452.96000000000004,2019-02-26,2023-12-25,41.17818181818182,5,4,3,3.95,Loyal Customers,2,Premium
2175,20,18,656.25,2019-01-05,2023-12-09,36.458333333333336,5,5,4,4.6,Champions,2,Premium
2176,35,10,323.74,2020-11-08,2023-11-24,32.374,4,3,2,2.95,Potential Loyalists,1,Mid Value
2177,7,14,786.02,2019-02-15,2023-12-22,56.144285714285715,5,5,5,5.0,Champions,2,Premium
2178,55,14,594.21,2019-05-17,2023-11-04,42.44357142857143,3,5,4,3.9,Loyal Customers,2,Premium
2179,409,11,444.03,2019-02-11,2022-11-15,40.36636363636364,1,4,3,2.5500000000000003,Others,3,High Value
2180,42,10,1482.3400000000001,2019-08-16,2023-11-17,148.234,4,3,5,4.15,Loyal Customers,2,Premium
2181,7,17,1174.28,2019-01-08,2023-12-22,69.07529411764706,5,5,5,5.0,Champions,2,Premium
2182,78,10,585.75,2019-04-21,2023-10-12,58.575,3,3,4,3.4,Loyal Customers,3,High Value
2183,3,8,507.3,2019-06-08,2023-12-26,63.4125,5,2,3,3.45,Potential Loyalists,1,Mid Value
2184,7,7,334.76,2019-12-18,2023-12-22,47.82285714285714,5,1,2,2.8,Potential Loyalists,1,Mid Value
2185,375,12,1135.74,2019-01-15,2022-12-19,94.645,1,4,5,3.35,Others,3,High Value
2186,124,9,506.42,2019-05-04,2023-08-27,56.26888888888889,2,2,3,2.4000000000000004,At Risk,0,Low Value
2187,13,8,711.67,2020-05-14,2023-12-16,88.95875,5,2,4,3.85,Others,1,Mid Value
2188,36,8,466.32,2019-02-20,2023-11-23,58.29,4,2,3,3.1,Potential Loyalists,1,Mid Value
2189,6,9,279.59,2019-11-26,2023-12-23,31.06555555555555,5,2,1,2.65,Potential Loyalists,1,Mid Value
2190,47,8,235.54,2019-02-22,2023-11-12,29.4425,3,2,1,1.9499999999999997,Potential Loyalists,0,Low Value
2191,376,15,551.06,2019-04-02,2022-12-18,36.73733333333333,1,5,3,2.8000000000000003,Others,3,High Value
2192,1,7,525.7,2019-10-06,2023-12-28,75.10000000000001,5,1,3,3.2,Potential Loyalists,1,Mid Value
2193,11,10,639.07,2019-02-15,2023-12-18,63.907000000000004,5,3,4,4.1,Loyal Customers,2,Premium
2194,196,6,510.15,2020-05-17,2023-06-16,85.02499999999999,2,1,3,2.1500000000000004,Others,0,Low Value
2195,66,7,419.32,2019-11-03,2023-10-24,59.902857142857144,3,1,2,2.0999999999999996,Potential Loyalists,0,Low Value
2196,46,6,219.24,2021-09-26,2023-11-13,36.54,3,1,1,1.6999999999999997,Potential Loyalists,0,Low Value
2197,47,7,421.95,2019-04-17,2023-11-12,60.278571428571425,3,1,2,2.0999999999999996,Potential Loyalists,0,Low Value
2198,231,8,311.2,2019-01-03,2023-05-12,38.9,2,2,1,1.6,Lost,0,Low Value
2199,33,5,478.81,2019-01-25,2023-11-26,95.762,4,1,3,2.85,Potential Loyalists,1,Mid Value
2200,34,12,779.0699999999999,2019-02-17,2023-11-25,64.9225,4,4,5,4.4,Champions,2,Premium
2201,84,8,377.06,2019-02-21,2023-10-06,47.1325,3,2,2,2.3499999999999996,Potential Loyalists,1,Mid Value
2202,33,6,279.74,2019-09-05,2023-11-26,46.623333333333335,4,1,1,2.05,Potential Loyalists,1,Mid Value
2203,470,8,313.99,2019-09-25,2022-09-15,39.24875,1,2,1,1.25,Lost,0,Low Value
2204,318,7,441.89,2020-10-02,2023-02-14,63.12714285714286,1,1,3,1.8000000000000003,Others,0,Low Value
2205,5,12,386.76,2019-09-08,2023-12-24,32.23,5,4,2,3.55,Others,1,Mid Value
2206,449,7,426.29,2019-03-25,2022-10-06,60.89857142857143,1,1,2,1.4,Lost,0,Low Value
2207,20,12,301.27,2020-06-17,2023-12-09,25.105833333333333,5,4,1,3.15,Others,1,Mid Value
2208,1,12,530.8100000000001,2019-02-28,2023-12-28,44.234166666666674,5,4,3,3.95,Loyal Customers,2,Premium
2209,375,3,148.27,2019-10-19,2022-12-19,49.42333333333334,1,1,1,1.0,Lost,0,Low Value
2210,2,8,292.63,2019-05-23,2023-12-27,36.57875,5,2,1,2.65,Potential Loyalists,1,Mid Value
2211,20,15,763.69,2019-10-20,2023-12-09,50.912666666666674,5,5,4,4.6,Champions,2,Premium
2212,32,14,741.97,2019-02-14,2023-11-27,52.99785714285714,4,5,4,4.25,Champions,2,Premium
2213,328,3,204.49,2019-11-01,2023-02-04,68.16333333333334,1,1,1,1.0,Lost,0,Low Value
2214,114,11,669.39,2019-01-08,2023-09-06,60.85363636363636,2,4,4,3.3,Loyal Customers,3,High Value
2215,47,5,542.2,2019-12-05,2023-11-12,108.44000000000001,3,1,3,2.5,Potential Loyalists,1,Mid Value
2216,11,10,522.26,2019-08-01,2023-12-18,52.226,5,3,3,3.7,Loyal Customers,1,Mid Value
2217,39,16,488.04,2019-09-14,2023-11-20,30.5025,4,5,3,3.85,Loyal Customers,2,Premium
2218,37,9,474.26,2019-01-08,2023-11-22,52.69555555555556,4,2,3,3.1,Potential Loyalists,1,Mid Value
2219,53,10,643.73,2019-10-08,2023-11-06,64.373,3,3,4,3.4,Loyal Customers,3,High Value
2220,12,11,400.5,2019-05-28,2023-12-17,36.40909090909091,5,4,2,3.55,Others,1,Mid Value
2221,58,8,267.74,2019-12-19,2023-11-01,33.4675,3,2,1,1.9499999999999997,Potential Loyalists,0,Low Value
2222,143,10,351.65,2019-07-03,2023-08-08,35.165,2,3,2,2.25,At Risk,0,Low Value
2223,376,7,319.69,2019-11-07,2022-12-18,45.67,1,1,2,1.4,Lost,0,Low Value
2224,830,7,370.07,2019-05-12,2021-09-20,52.86714285714286,1,1,2,1.4,Lost,0,Low Value
2225,79,10,457.42,2020-03-21,2023-10-11,45.742000000000004,3,3,3,3.0,Loyal Customers,3,High Value
2226,43,7,247.14000000000001,2020-01-03,2023-11-16,35.30571428571429,4,1,1,2.05,Potential Loyalists,1,Mid Value
2227,42,11,785.26,2019-02-24,2023-11-17,71.38727272727273,4,4,5,4.4,Champions,2,Premium
2228,1,8,664.5999999999999,2019-11-15,2023-12-28,83.07499999999999,5,2,4,3.85,Others,1,Mid Value
2229,63,14,1127.18,2019-06-18,2023-10-27,80.51285714285714,3,5,5,4.3,Loyal Customers,2,Premium
2230,35,12,402.69,2019-08-16,2023-11-24,33.5575,4,4,2,3.2,Others,1,Mid Value
2231,28,14,538.44,2019-06-15,2023-12-01,38.46,4,5,3,3.85,Loyal Customers,2,Premium
2232,111,4,120.8,2020-11-07,2023-09-09,30.2,2,1,1,1.35,Lost,0,Low Value
2233,56,12,410.48,2019-02-17,2023-11-03,34.20666666666667,3,4,2,2.8499999999999996,At Risk,1,Mid Value
2234,141,12,838.01,2019-03-09,2023-08-10,69.83416666666666,2,4,5,3.7,Loyal Customers,3,High Value
2235,51,10,663.16,2019-06-25,2023-11-08,66.316,3,3,4,3.4,Loyal Customers,3,High Value
2236,38,7,815.5600000000001,2020-10-13,2023-11-21,116.50857142857144,4,1,5,3.65,Others,1,Mid Value
2237,31,10,799.49,2019-11-15,2023-11-28,79.949,4,3,5,4.15,Loyal Customers,2,Premium
2238,247,7,324.67,2019-04-15,2023-04-26,46.38142857142857,1,1,2,1.4,Lost,0,Low Value
2239,48,12,1477.67,2019-03-12,2023-11-11,123.13916666666667,3,4,5,4.05,Loyal Customers,2,Premium
2240,299,8,493.92,2019-03-26,2023-03-05,61.74,1,2,3,2.0500000000000003,Others,0,Low Value
2241,357,5,435.7,2020-01-18,2023-01-06,87.14,1,1,3,1.8000000000000003,Others,0,Low Value
2242,224,10,660.67,2019-02-25,2023-05-19,66.067,2,3,4,3.05,Loyal Customers,3,High Value
2243,380,9,254.41,2019-08-05,2022-12-14,28.267777777777777,1,2,1,1.25,Lost,0,Low Value
2244,72,11,366.64,2019-02-23,2023-10-18,33.33090909090909,3,4,2,2.8499999999999996,At Risk,1,Mid Value
2245,670,9,581.53,2019-11-20,2022-02-27,64.61444444444444,1,2,4,2.45,Others,3,High Value
2246,21,14,505.73,2019-04-21,2023-12-08,36.12357142857143,5,5,3,4.2,Loyal Customers,2,Premium
2247,78,12,1166.01,2019-12-10,2023-10-12,97.1675,3,4,5,4.05,Loyal Customers,2,Premium
2248,32,12,506.04,2019-12-12,2023-11-27,42.17,4,4,3,3.6,Loyal Customers,2,Premium
2249,412,9,526.94,2019-01-04,2022-11-12,58.5488888888889,1,2,3,2.0500000000000003,Others,0,Low Value
2250,753,3,77.94999999999999,2019-06-18,2021-12-06,25.98333333333333,1,1,1,1.0,Lost,0,Low Value
2251,11,9,361.03,2019-01-17,2023-12-18,40.114444444444445,5,2,2,3.05,Potential Loyalists,1,Mid Value
2252,330,10,636.17,2019-01-19,2023-02-02,63.617,1,3,4,2.7,Others,3,High Value
2253,85,13,788.24,2019-04-06,2023-10-05,60.63384615384616,3,5,5,4.3,Loyal Customers,2,Premium
2254,42,9,436.51,2019-02-16,2023-11-17,48.50111111111111,4,2,3,3.1,Potential Loyalists,1,Mid Value
2255,407,6,628.3299999999999,2020-01-18,2022-11-17,104.72166666666665,1,1,4,2.2,Others,0,Low Value
2256,49,10,1430.56,2019-07-19,2023-11-10,143.05599999999998,3,3,5,3.8,Loyal Customers,3,High Value
2257,36,13,853.96,2020-02-06,2023-11-23,65.68923076923078,4,5,5,4.65,Champions,2,Premium
2258,143,8,717.5899999999999,2021-08-13,2023-08-08,89.69874999999999,2,2,4,2.8,At Risk,3,High Value
2259,371,8,1771.81,2019-01-05,2022-12-23,221.47625,1,2,5,2.85,Others,3,High Value
2260,36,11,447.71,2019-11-10,2023-11-23,40.700909090909086,4,4,3,3.6,Loyal Customers,2,Premium
2261,47,7,600.8100000000001,2019-03-02,2023-11-12,85.83000000000001,3,1,4,2.9,Others,1,Mid Value
2262,38,8,276.85,2019-11-11,2023-11-21,34.60625,4,2,1,2.3,Potential Loyalists,1,Mid Value
2263,131,11,420.31,2019-01-19,2023-08-20,38.21,2,4,2,2.5,At Risk,3,High Value
2264,53,14,700.41,2019-10-23,2023-11-06,50.02928571428571,3,5,4,3.9,Loyal Customers,2,Premium
2265,378,11,633.8,2019-01-15,2022-12-16,57.61818181818182,1,4,4,2.95,Others,3,High Value
2266,376,10,366.2,2019-11-26,2022-12-18,36.62,1,3,2,1.9000000000000001,Others,0,Low Value
2267,50,6,341.90999999999997,2020-01-02,2023-11-09,56.98499999999999,3,1,2,2.0999999999999996,Potential Loyalists,0,Low Value
2268,241,8,481.14,2019-02-01,2023-05-02,60.1425,2,2,3,2.4000000000000004,At Risk,0,Low Value
2269,185,5,308.9,2020-05-09,2023-06-27,61.779999999999994,2,1,1,1.35,Lost,0,Low Value
2270,137,13,487.01,2019-12-04,2023-08-14,37.46230769230769,2,5,3,3.1500000000000004,Loyal Customers,3,High Value
2271,3,15,910.67,2019-03-07,2023-12-26,60.71133333333333,5,5,5,5.0,Champions,2,Premium
2272,40,9,380.15,2019-04-07,2023-11-19,42.23888888888889,4,2,2,2.7,Potential Loyalists,1,Mid Value
2273,66,7,219.97,2020-08-12,2023-10-24,31.424285714285713,3,1,1,1.6999999999999997,Potential Loyalists,0,Low Value
2274,33,6,1249.92,2019-05-12,2023-11-26,208.32000000000002,4,1,5,3.65,Others,1,Mid Value
2275,356,13,639.13,2019-01-08,2023-01-07,49.16384615384615,1,5,4,3.2,Others,3,High Value
2276,54,10,533.6,2019-01-23,2023-11-05,53.36,3,3,3,3.0,Loyal Customers,3,High Value
2277,7,10,1579.27,2019-12-06,2023-12-22,157.927,5,3,5,4.5,Loyal Customers,2,Premium
2278,38,14,651.12,2019-09-23,2023-11-21,46.50857142857143,4,5,4,4.25,Champions,2,Premium
2279,39,12,374.12,2019-08-11,2023-11-20,31.176666666666666,4,4,2,3.2,Others,1,Mid Value
2280,44,9,742.21,2020-04-04,2023-11-15,82.46777777777778,4,2,4,3.5,Others,1,Mid Value
2281,421,11,406.17,2019-03-18,2022-11-03,36.92454545454546,1,4,2,2.1500000000000004,Others,3,High Value
2282,5,20,588.91,2019-07-25,2023-12-24,29.4455,5,5,4,4.6,Champions,2,Premium
2283,346,5,305.55,2019-11-23,2023-01-17,61.11,1,1,1,1.0,Lost,0,Low Value
2284,43,13,703.8299999999999,2019-03-06,2023-11-16,54.14076923076922,4,5,4,4.25,Champions,2,Premium
2285,54,6,284.84,2021-03-12,2023-11-05,47.47333333333333,3,1,1,1.6999999999999997,Potential Loyalists,0,Low Value
2286,22,7,396.48,2019-11-11,2023-12-07,56.64,5,1,2,2.8,Potential Loyalists,1,Mid Value
2287,101,10,275.31,2019-03-27,2023-09-19,27.531,2,3,1,1.85,Others,0,Low Value
2288,63,16,788.07,2019-01-21,2023-10-27,49.254375,3,5,5,4.3,Loyal Customers,2,Premium
2289,1,10,680.64,2019-10-07,2023-12-28,68.064,5,3,4,4.1,Loyal Customers,2,Premium
2290,18,10,367.1,2020-02-12,2023-12-11,36.71,5,3,2,3.3,Potential Loyalists,1,Mid Value
2291,86,10,1239.97,2019-11-05,2023-10-04,123.997,2,3,5,3.45,Loyal Customers,3,High Value
2292,41,12,896.42,2019-02-20,2023-11-18,74.70166666666667,4,4,5,4.4,Champions,2,Premium
2293,140,9,327.07,2019-05-22,2023-08-11,36.34111111111111,2,2,2,2.0,At Risk,0,Low Value
2294,12,14,586.6899999999999,2019-10-20,2023-12-17,41.90642857142857,5,5,4,4.6,Champions,2,Premium
2295,8,12,637.91,2019-04-11,2023-12-21,53.159166666666664,5,4,4,4.35,Champions,2,Premium
2296,325,4,169.45999999999998,2020-10-03,2023-02-07,42.364999999999995,1,1,1,1.0,Lost,0,Low Value
2297,50,10,675.71,2019-11-27,2023-11-09,67.571,3,3,4,3.4,Loyal Customers,3,High Value
2298,3,5,266.48,2020-08-03,2023-12-26,53.29600000000001,5,1,1,2.4,Potential Loyalists,1,Mid Value
2299,56,7,533.22,2019-03-17,2023-11-03,76.17428571428572,3,1,3,2.5,Potential Loyalists,1,Mid Value
2300,264,8,323.78,2019-12-01,2023-04-09,40.4725,1,2,2,1.65,Lost,0,Low Value
2301,40,9,327.98,2019-09-11,2023-11-19,36.44222222222223,4,2,2,2.7,Potential Loyalists,1,Mid Value
2302,49,7,225.4,2019-04-26,2023-11-10,32.2,3,1,1,1.6999999999999997,Potential Loyalists,0,Low Value
2303,118,6,271.89,2020-09-07,2023-09-02,45.315,2,1,1,1.35,Lost,0,Low Value
2304,453,6,365.28,2019-10-04,2022-10-02,60.879999999999995,1,1,2,1.4,Lost,0,Low Value
2305,25,10,665.52,2019-03-12,2023-12-04,66.55199999999999,4,3,4,3.75,Loyal Customers,2,Premium
2306,6,11,381.37,2019-11-18,2023-12-23,34.67,5,4,2,3.55,Others,1,Mid Value
2307,14,14,439.52,2019-01-26,2023-12-15,31.39428571428571,5,5,3,4.2,Loyal Customers,2,Premium
2308,690,5,239.29,2019-03-11,2022-02-07,47.858,1,1,1,1.0,Lost,0,Low Value
2309,523,7,380.18,2019-09-08,2022-07-24,54.31142857142857,1,1,2,1.4,Lost,0,Low Value
2310,53,10,361.71,2019-04-03,2023-11-06,36.171,3,3,2,2.5999999999999996,Potential Loyalists,1,Mid Value
2311,85,10,454.49,2019-02-14,2023-10-05,45.449,3,3,3,3.0,Loyal Customers,3,High Value
2312,43,8,360.96000000000004,2020-11-24,2023-11-16,45.120000000000005,4,2,2,2.7,Potential Loyalists,1,Mid Value
2313,34,11,425.28999999999996,2019-09-03,2023-11-25,38.66272727272727,4,4,2,3.2,Others,1,Mid Value
2314,48,13,657.39,2019-02-07,2023-11-11,50.568461538461534,3,5,4,3.9,Loyal Customers,2,Premium
2315,679,9,347.63,2019-11-07,2022-02-18,38.62555555555556,1,2,2,1.65,Lost,0,Low Value
2316,4,12,416.76,2019-11-02,2023-12-25,34.73,5,4,2,3.55,Others,1,Mid Value
2317,12,9,433.32,2020-03-05,2023-12-17,48.14666666666667,5,2,3,3.45,Potential Loyalists,1,Mid Value
2318,87,8,815.92,2019-08-25,2023-10-03,101.99,2,2,5,3.2,At Risk,3,High Value
2319,41,6,518.71,2019-02-02,2023-11-18,86.45166666666667,4,1,3,2.85,Potential Loyalists,1,Mid Value
2320,159,9,978.35,2020-10-09,2023-07-23,108.70555555555556,2,2,5,3.2,At Risk,3,High Value
2321,131,16,907.2,2019-03-01,2023-08-20,56.7,2,5,5,3.95,Loyal Customers,3,High Value
2322,40,12,591.94,2019-03-18,2023-11-19,49.32833333333334,4,4,4,4.0,Champions,2,Premium
2323,81,15,929.14,2019-09-27,2023-10-09,61.94266666666667,3,5,5,4.3,Loyal Customers,2,Premium
2324,366,12,742.79,2019-11-09,2022-12-28,61.899166666666666,1,4,4,2.95,Others,3,High Value
2325,326,18,2506.5,2019-11-28,2023-02-06,139.25,1,5,5,3.6,Others,3,High Value
2326,189,7,249.89,2019-01-09,2023-06-23,35.69857142857143,2,1,1,1.35,Lost,0,Low Value
2327,199,6,204.43,2019-11-20,2023-06-13,34.071666666666665,2,1,1,1.35,Lost,0,Low Value
2328,35,15,485.17,2020-01-14,2023-11-24,32.34466666666667,4,5,3,3.85,Loyal Customers,2,Premium
2329,7,12,743.48,2019-03-06,2023-12-22,61.95666666666667,5,4,4,4.35,Champions,2,Premium
2330,117,12,656.3199999999999,2019-07-23,2023-09-03,54.69333333333333,2,4,4,3.3,Loyal Customers,3,High Value
2331,58,11,781.1,2019-02-28,2023-11-01,71.00909090909092,3,4,5,4.05,Loyal Customers,2,Premium
2332,84,11,627.44,2019-11-11,2023-10-06,57.040000000000006,3,4,4,3.65,Loyal Customers,3,High Value
2333,34,11,321.74,2019-09-21,2023-11-25,29.24909090909091,4,4,2,3.2,Others,1,Mid Value
2334,5,14,2318.69,2019-08-03,2023-12-24,165.62071428571429,5,5,5,5.0,Champions,2,Premium
2335,219,9,333.36,2019-09-10,2023-05-24,37.04,2,2,2,2.0,At Risk,0,Low Value
2336,186,8,340.65,2020-07-25,2023-06-26,42.58125,2,2,2,2.0,At Risk,0,Low Value
2337,268,9,557.58,2019-03-17,2023-04-05,61.95333333333334,1,2,4,2.45,Others,3,High Value
2338,15,8,509.12,2019-04-05,2023-12-14,63.64,5,2,3,3.45,Potential Loyalists,1,Mid Value
2339,38,8,204.36,2019-08-13,2023-11-21,25.545,4,2,1,2.3,Potential Loyalists,1,Mid Value
2340,39,11,976.7800000000001,2019-04-21,2023-11-20,88.79818181818183,4,4,5,4.4,Champions,2,Premium
2341,236,16,434.6,2019-06-03,2023-05-07,27.1625,2,5,3,3.1500000000000004,Loyal Customers,3,High Value
2342,167,10,714.77,2019-10-08,2023-07-15,71.477,2,3,4,3.05,Loyal Customers,3,High Value
2343,286,18,919.21,2019-01-07,2023-03-18,51.06722222222223,1,5,5,3.6,Others,3,High Value
2344,164,11,426.64,2019-11-21,2023-07-18,38.78545454545454,2,4,2,2.5,At Risk,3,High Value
2345,526,6,268.62,2019-03-13,2022-07-21,44.77,1,1,1,1.0,Lost,0,Low Value
2346,505,9,469.92,2019-07-26,2022-08-11,52.21333333333334,1,2,3,2.0500000000000003,Others,0,Low Value
2347,352,8,234.73000000000002,2019-09-25,2023-01-11,29.341250000000002,1,2,1,1.25,Lost,0,Low Value
2348,190,11,381.86,2019-03-25,2023-06-22,34.71454545454546,2,4,2,2.5,At Risk,3,High Value
2349,77,9,720.9499999999999,2020-12-06,2023-10-13,80.10555555555555,3,2,4,3.15,At Risk,3,High Value
2350,177,14,513.51,2019-02-28,2023-07-05,36.67928571428571,2,5,3,3.1500000000000004,Loyal Customers,3,High Value
2351,51,8,296.48,2019-11-28,2023-11-08,37.06,3,2,1,1.9499999999999997,Potential Loyalists,0,Low Value
2352,167,14,661.13,2019-03-24,2023-07-15,47.223571428571425,2,5,4,3.55,Loyal Customers,3,High Value
2353,41,4,462.18,2021-08-06,2023-11-18,115.545,4,1,3,2.85,Potential Loyalists,1,Mid Value
2354,33,8,543.25,2019-09-04,2023-11-26,67.90625,4,2,3,3.1,Potential Loyalists,1,Mid Value
2355,378,8,451.06,2019-11-25,2022-12-16,56.3825,1,2,3,2.0500000000000003,Others,0,Low Value
2356,442,8,301.53,2019-10-03,2022-10-13,37.69125,1,2,1,1.25,Lost,0,Low Value
2357,169,9,391.98,2020-04-09,2023-07-13,43.553333333333335,2,2,2,2.0,At Risk,0,Low Value
2358,175,12,822.73,2019-03-24,2023-07-07,68.56083333333333,2,4,5,3.7,Loyal Customers,3,High Value
2359,328,11,599.04,2019-11-14,2023-02-04,54.458181818181814,1,4,4,2.95,Others,3,High Value
2360,525,5,141.69,2020-10-01,2022-07-22,28.338,1,1,1,1.0,Lost,0,Low Value
2361,17,9,750.8100000000001,2019-11-06,2023-12-12,83.42333333333335,5,2,4,3.85,Others,1,Mid Value
2362,224,9,670.47,2019-03-17,2023-05-19,74.49666666666667,2,2,4,2.8,At Risk,3,High Value
2363,405,6,150.3,2020-06-01,2022-11-19,25.05,1,1,1,1.0,Lost,0,Low Value
2364,101,13,510.7,2019-05-18,2023-09-19,39.284615384615385,2,5,3,3.1500000000000004,Loyal Customers,3,High Value
2365,199,9,392.62,2019-09-24,2023-06-13,43.62444444444444,2,2,2,2.0,At Risk,0,Low Value
2366,84,9,295.5,2019-09-02,2023-10-06,32.833333333333336,3,2,1,1.9499999999999997,Potential Loyalists,0,Low Value
2367,33,7,679.41,2019-01-19,2023-11-26,97.05857142857143,4,1,4,3.25,Others,1,Mid Value
2368,45,12,369.03,2019-01-14,2023-11-14,30.752499999999998,3,4,2,2.8499999999999996,At Risk,1,Mid Value
2369,247,10,730.5500000000001,2019-08-15,2023-04-26,73.055,1,3,4,2.7,Others,3,High Value
2370,76,8,485.74,2019-11-08,2023-10-14,60.7175,3,2,3,2.75,Potential Loyalists,1,Mid Value
2371,46,8,340.08,2019-08-19,2023-11-13,42.51,3,2,2,2.3499999999999996,Potential Loyalists,1,Mid Value
2372,170,10,338.28999999999996,2019-06-04,2023-07-12,33.82899999999999,2,3,2,2.25,At Risk,0,Low Value
2373,205,11,638.17,2019-03-05,2023-06-07,58.01545454545454,2,4,4,3.3,Loyal Customers,3,High Value
2374,44,8,565.8100000000001,2019-02-24,2023-11-15,70.72625000000001,4,2,4,3.5,Others,1,Mid Value
2375,32,10,665.79,2019-11-20,2023-11-27,66.579,4,3,4,3.75,Loyal Customers,2,Premium
2376,27,12,812.72,2019-06-16,2023-12-02,67.72666666666667,4,4,5,4.4,Champions,2,Premium
2377,16,12,670.26,2019-03-14,2023-12-13,55.855,5,4,4,4.35,Champions,2,Premium
2378,38,8,299.89,2019-03-20,2023-11-21,37.48625,4,2,1,2.3,Potential Loyalists,1,Mid Value
2379,33,9,311.71000000000004,2019-07-16,2023-11-26,34.63444444444445,4,2,1,2.3,Potential Loyalists,1,Mid Value
2380,358,9,832.9200000000001,2019-11-08,2023-01-05,92.54666666666668,1,2,5,2.85,Others,3,High Value
2381,15,10,351.5,2019-02-21,2023-12-14,35.15,5,3,2,3.3,Potential Loyalists,1,Mid Value
2382,101,12,501.88,2020-02-09,2023-09-19,41.82333333333333,2,4,3,2.9000000000000004,Loyal Customers,3,High Value
2383,46,13,1050.4,2019-02-20,2023-11-13,80.80000000000001,3,5,5,4.3,Loyal Customers,2,Premium
2384,450,8,664.1,2020-03-02,2022-10-05,83.0125,1,2,4,2.45,Others,3,High Value
2385,24,9,523.43,2019-08-03,2023-12-05,58.15888888888888,5,2,3,3.45,Potential Loyalists,1,Mid Value
2386,31,18,725.01,2019-07-20,2023-11-28,40.278333333333336,4,5,4,4.25,Champions,2,Premium
2387,422,10,413.73,2019-10-17,2022-11-02,41.373000000000005,1,3,2,1.9000000000000001,Others,0,Low Value
2388,216,10,300.61,2019-02-28,2023-05-27,30.061,2,3,1,1.85,Others,0,Low Value
2389,4,8,697.94,2020-07-26,2023-12-25,87.2425,5,2,4,3.85,Others,1,Mid Value
2390,586,7,207.39,2019-08-20,2022-05-22,29.627142857142854,1,1,1,1.0,Lost,0,Low Value
2391,45,10,390.81,2019-01-05,2023-11-14,39.081,3,3,2,2.5999999999999996,Potential Loyalists,1,Mid Value
2392,277,8,277.82,2019-12-19,2023-03-27,34.7275,1,2,1,1.25,Lost,0,Low Value
2393,58,8,265.28,2020-08-24,2023-11-01,33.16,3,2,1,1.9499999999999997,Potential Loyalists,0,Low Value
2394,24,8,581.03,2019-07-08,2023-12-05,72.62875,5,2,4,3.85,Others,1,Mid Value
2395,374,11,1012.9,2019-01-27,2022-12-20,92.08181818181818,1,4,5,3.35,Others,3,High Value
2396,245,5,271.22,2020-04-20,2023-04-28,54.24400000000001,2,1,1,1.35,Lost,0,Low Value
2397,78,5,253.92,2020-03-08,2023-10-12,50.784,3,1,1,1.6999999999999997,Potential Loyalists,0,Low Value
2398,112,7,464.6,2020-05-22,2023-09-08,66.37142857142858,2,1,3,2.1500000000000004,Others,0,Low Value
2399,51,12,307.2,2019-04-13,2023-11-08,25.599999999999998,3,4,1,2.4499999999999997,Others,1,Mid Value
2400,82,7,321.91,2019-06-08,2023-10-08,45.987142857142864,3,1,2,2.0999999999999996,Potential Loyalists,0,Low Value
2401,18,6,177.73000000000002,2019-09-02,2023-12-11,29.62166666666667,5,1,1,2.4,Potential Loyalists,1,Mid Value
2402,71,8,313.76,2020-06-22,2023-10-19,39.22,3,2,1,1.9499999999999997,Potential Loyalists,0,Low Value
2403,54,10,341.49,2020-11-26,2023-11-05,34.149,3,3,2,2.5999999999999996,Potential Loyalists,1,Mid Value
2404,23,11,406.53,2019-11-24,2023-12-06,36.95727272727272,5,4,2,3.55,Others,1,Mid Value
2405,55,15,1299.56,2019-01-07,2023-11-04,86.63733333333333,3,5,5,4.3,Loyal Customers,2,Premium
2406,52,13,1260.82,2019-03-04,2023-11-07,96.98615384615384,3,5,5,4.3,Loyal Customers,2,Premium
2407,4,12,561.03,2019-08-08,2023-12-25,46.7525,5,4,4,4.35,Champions,2,Premium
2408,36,10,309.15999999999997,2019-05-23,2023-11-23,30.915999999999997,4,3,1,2.55,Potential Loyalists,1,Mid Value
2409,301,10,432.76,2019-08-15,2023-03-03,43.275999999999996,1,3,3,2.3000000000000003,Others,3,High Value
2410,13,11,824.67,2019-08-16,2023-12-16,74.97,5,4,5,4.75,Champions,2,Premium
2411,35,7,231.85,2021-01-10,2023-11-24,33.121428571428574,4,1,1,2.05,Potential Loyalists,1,Mid Value
2412,45,9,912.35,2019-11-02,2023-11-14,101.37222222222222,3,2,5,3.55,At Risk,3,High Value
2413,141,12,674.05,2019-09-22,2023-08-10,56.17083333333333,2,4,4,3.3,Loyal Customers,3,High Value
2414,52,11,506.92,2019-02-19,2023-11-07,46.083636363636366,3,4,3,3.25,Loyal Customers,3,High Value
2415,46,10,344.86,2020-05-27,2023-11-13,34.486000000000004,3,3,2,2.5999999999999996,Potential Loyalists,1,Mid Value
2416,228,11,667.11,2019-03-01,2023-05-15,60.64636363636364,2,4,4,3.3,Loyal Customers,3,High Value
2417,45,12,643.98,2019-03-26,2023-11-14,53.665,3,4,4,3.65,Loyal Customers,3,High Value
2418,178,16,715.86,2019-05-17,2023-07-04,44.74125,2,5,4,3.55,Loyal Customers,3,High Value
2419,1,8,232.71,2020-04-04,2023-12-28,29.08875,5,2,1,2.65,Potential Loyalists,1,Mid Value
2420,69,10,840.83,2019-01-02,2023-10-21,84.083,3,3,5,3.8,Loyal Customers,3,High Value
2421,429,7,290.81,2019-11-06,2022-10-26,41.544285714285714,1,1,1,1.0,Lost,0,Low Value
2422,12,6,125.77000000000001,2019-01-18,2023-12-17,20.96166666666667,5,1,1,2.4,Potential Loyalists,1,Mid Value
2423,158,9,458.82,2019-10-22,2023-07-24,50.98,2,2,3,2.4000000000000004,At Risk,0,Low Value
2424,6,8,294.22,2019-04-02,2023-12-23,36.7775,5,2,1,2.65,Potential Loyalists,1,Mid Value
2425,84,9,419.46999999999997,2019-04-06,2023-10-06,46.60777777777778,3,2,2,2.3499999999999996,Potential Loyalists,1,Mid Value
2426,673,9,1094.3899999999999,2020-04-25,2022-02-24,121.59888888888888,1,2,5,2.85,Others,3,High Value
2427,21,6,211.45,2020-02-24,2023-12-08,35.24166666666667,5,1,1,2.4,Potential Loyalists,1,Mid Value
2428,259,8,544.8,2019-02-01,2023-04-14,68.1,1,2,3,2.0500000000000003,Others,0,Low Value
2429,39,12,633.76,2019-04-09,2023-11-20,52.81333333333333,4,4,4,4.0,Champions,2,Premium
2430,22,9,643.31,2019-11-10,2023-12-07,71.47888888888889,5,2,4,3.85,Others,1,Mid Value
2431,44,7,289.67,2019-09-08,2023-11-15,41.38142857142857,4,1,1,2.05,Potential Loyalists,1,Mid Value
2432,33,10,250.87,2019-09-15,2023-11-26,25.087,4,3,1,2.55,Potential Loyalists,1,Mid Value
2433,215,8,278.42,2020-09-11,2023-05-28,34.8025,2,2,1,1.6,Lost,0,Low Value
2434,12,14,756.4399999999999,2019-03-10,2023-12-17,54.03142857142857,5,5,4,4.6,Champions,2,Premium
2435,224,6,422.73,2019-09-09,2023-05-19,70.455,2,1,2,1.75,Lost,0,Low Value
2436,246,8,249.6,2019-09-23,2023-04-27,31.2,2,2,1,1.6,Lost,0,Low Value
2437,168,6,303.36,2019-04-02,2023-07-14,50.56,2,1,1,1.35,Lost,0,Low Value
2438,140,7,320.04,2019-01-01,2023-08-11,45.720000000000006,2,1,2,1.75,Lost,0,Low Value
2439,3,10,327.37,2020-10-26,2023-12-26,32.737,5,3,2,3.3,Potential Loyalists,1,Mid Value
2440,35,9,373.72,2019-10-02,2023-11-24,41.52444444444445,4,2,2,2.7,Potential Loyalists,1,Mid Value
2441,48,12,1199.33,2019-08-06,2023-11-11,99.94416666666666,3,4,5,4.05,Loyal Customers,2,Premium
2442,6,12,439.0,2019-09-15,2023-12-23,36.583333333333336,5,4,3,3.95,Loyal Customers,2,Premium
2443,376,10,601.98,2019-04-14,2022-12-18,60.198,1,3,4,2.7,Others,3,High Value
2444,54,11,616.3,2019-03-15,2023-11-05,56.027272727272724,3,4,4,3.65,Loyal Customers,3,High Value
2445,117,10,537.65,2020-04-26,2023-09-03,53.765,2,3,3,2.6500000000000004,Loyal Customers,3,High Value
2446,641,8,233.81,2019-02-22,2022-03-28,29.22625,1,2,1,1.25,Lost,0,Low Value
2447,377,14,707.51,2019-01-10,2022-12-17,50.53642857142857,1,5,4,3.2,Others,3,High Value
2448,259,12,393.39,2020-11-23,2023-04-14,32.7825,1,4,2,2.1500000000000004,Others,3,High Value
2449,45,11,752.11,2019-03-27,2023-11-14,68.37363636363636,3,4,4,3.65,Loyal Customers,3,High Value
2450,47,16,1392.3600000000001,2019-09-01,2023-11-12,87.02250000000001,3,5,5,4.3,Loyal Customers,2,Premium
2451,7,12,647.76,2019-03-19,2023-12-22,53.98,5,4,4,4.35,Champions,2,Premium
2452,7,13,513.09,2019-10-21,2023-12-22,39.46846153846154,5,5,3,4.2,Loyal Customers,2,Premium
2453,4,14,455.5,2019-02-03,2023-12-25,32.535714285714285,5,5,3,4.2,Loyal Customers,2,Premium
2454,21,13,491.38,2019-11-09,2023-12-08,37.79846153846154,5,5,3,4.2,Loyal Customers,2,Premium
2455,405,10,1023.74,2019-02-18,2022-11-19,102.374,1,3,5,3.1,Others,3,High Value
2456,221,11,421.68,2019-04-14,2023-05-22,38.334545454545456,2,4,2,2.5,At Risk,3,High Value
2457,84,8,428.49,2019-09-01,2023-10-06,53.56125,3,2,3,2.75,Potential Loyalists,1,Mid Value
2458,1,14,1066.08,2019-01-28,2023-12-28,76.14857142857143,5,5,5,5.0,Champions,2,Premium
2459,476,10,769.57,2019-04-08,2022-09-09,76.95700000000001,1,3,5,3.1,Others,3,High Value
2460,505,9,288.53,2020-12-07,2022-08-11,32.05888888888889,1,2,1,1.25,Lost,0,Low Value
2461,562,6,543.2,2019-02-20,2022-06-15,90.53333333333335,1,1,3,1.8000000000000003,Others,0,Low Value
2462,52,11,997.9399999999999,2019-03-26,2023-11-07,90.72181818181818,3,4,5,4.05,Loyal Customers,2,Premium
2463,402,8,535.91,2019-04-23,2022-11-22,66.98875,1,2,3,2.0500000000000003,Others,0,Low Value
2464,22,8,273.17,2019-11-02,2023-12-07,34.14625,5,2,1,2.65,Potential Loyalists,1,Mid Value
2465,6,6,248.26,2020-09-26,2023-12-23,41.376666666666665,5,1,1,2.4,Potential Loyalists,1,Mid Value
2466,118,11,385.37,2019-09-03,2023-09-02,35.03363636363636,2,4,2,2.5,At Risk,3,High Value
2467,27,11,474.34,2019-12-17,2023-12-02,43.12181818181818,4,4,3,3.6,Loyal Customers,2,Premium
2468,787,7,370.33,2019-09-09,2021-11-02,52.90428571428571,1,1,2,1.4,Lost,0,Low Value
2469,24,8,242.87,2019-08-17,2023-12-05,30.35875,5,2,1,2.65,Potential Loyalists,1,Mid Value
2470,34,10,415.53999999999996,2019-11-02,2023-11-25,41.553999999999995,4,3,2,2.95,Potential Loyalists,1,Mid Value
2471,383,11,847.67,2019-03-11,2022-12-11,77.06090909090909,1,4,5,3.35,Others,3,High Value
2472,9,7,232.63,2020-04-10,2023-12-20,33.23285714285714,5,1,1,2.4,Potential Loyalists,1,Mid Value
2473,167,14,791.41,2019-04-13,2023-07-15,56.52928571428571,2,5,5,3.95,Loyal Customers,3,High Value
2474,45,14,560.27,2019-11-11,2023-11-14,40.019285714285715,3,5,4,3.9,Loyal Customers,2,Premium
2475,77,11,490.58,2019-02-01,2023-10-13,44.598181818181814,3,4,3,3.25,Loyal Customers,3,High Value
2476,150,10,558.26,2019-03-02,2023-08-01,55.826,2,3,4,3.05,Loyal Customers,3,High Value
2477,7,12,1192.2,2019-11-16,2023-12-22,99.35000000000001,5,4,5,4.75,Champions,2,Premium
2478,37,12,369.81,2019-12-10,2023-11-22,30.8175,4,4,2,3.2,Others,1,Mid Value
2479,100,9,424.82,2019-05-13,2023-09-20,47.20222222222222,2,2,2,2.0,At Risk,0,Low Value
2480,158,11,1136.56,2020-07-03,2023-07-24,103.32363636363635,2,4,5,3.7,Loyal Customers,3,High Value
2481,54,8,420.68,2019-10-12,2023-11-05,52.585,3,2,2,2.3499999999999996,Potential Loyalists,1,Mid Value
2482,35,10,493.38,2019-11-02,2023-11-24,49.338,4,3,3,3.35,Loyal Customers,1,Mid Value
2483,281,13,668.52,2019-03-13,2023-03-23,51.424615384615386,1,5,4,3.2,Others,3,High Value
2484,735,7,303.04,2019-10-19,2021-12-24,43.291428571428575,1,1,1,1.0,Lost,0,Low Value
2485,142,10,838.61,2019-01-12,2023-08-09,83.861,2,3,5,3.45,Loyal Customers,3,High Value
2486,65,6,410.15999999999997,2020-02-23,2023-10-25,68.36,3,1,2,2.0999999999999996,Potential Loyalists,0,Low Value
2487,111,8,419.45000000000005,2019-02-05,2023-09-09,52.431250000000006,2,2,2,2.0,At Risk,0,Low Value
2488,26,14,943.14,2019-11-05,2023-12-03,67.36714285714285,4,5,5,4.65,Champions,2,Premium
2489,106,7,314.39,2019-08-10,2023-09-14,44.91285714285714,2,1,1,1.35,Lost,0,Low Value
2490,23,9,448.23,2019-10-22,2023-12-06,49.803333333333335,5,2,3,3.45,Potential Loyalists,1,Mid Value
2491,731,6,514.98,2019-12-02,2021-12-28,85.83,1,1,3,1.8000000000000003,Others,0,Low Value
2492,68,9,372.86,2019-01-06,2023-10-22,41.42888888888889,3,2,2,2.3499999999999996,Potential Loyalists,1,Mid Value
2493,405,5,251.04,2020-04-25,2022-11-19,50.208,1,1,1,1.0,Lost,0,Low Value
2494,10,8,394.82,2019-04-18,2023-12-19,49.3525,5,2,2,3.05,Potential Loyalists,1,Mid Value
2495,14,8,397.0,2020-04-21,2023-12-15,49.625,5,2,2,3.05,Potential Loyalists,1,Mid Value
2496,415,12,977.67,2019-07-05,2022-11-09,81.4725,1,4,5,3.35,Others,3,High Value
2497,47,15,509.96999999999997,2019-11-04,2023-11-12,33.998,3,5,3,3.5,Loyal Customers,2,Premium
2498,5,11,685.73,2019-11-01,2023-12-24,62.33909090909091,5,4,4,4.35,Champions,2,Premium
2499,356,6,168.70999999999998,2020-01-26,2023-01-07,28.11833333333333,1,1,1,1.0,Lost,0,Low Value
2500,11,9,365.14,2019-05-20,2023-12-18,40.57111111111111,5,2,2,3.05,Potential Loyalists,1,Mid Value
2501,262,8,756.86,2019-04-23,2023-04-11,94.6075,1,2,4,2.45,Others,3,High Value
2502,191,13,622.11,2019-11-15,2023-06-21,47.854615384615386,2,5,4,3.55,Loyal Customers,3,High Value
2503,15,10,278.13,2019-08-01,2023-12-14,27.813,5,3,1,2.9,Potential Loyalists,1,Mid Value
2504,69,11,431.97,2019-01-27,2023-10-21,39.27,3,4,3,3.25,Loyal Customers,3,High Value
2505,390,11,1025.99,2019-01-25,2022-12-04,93.27181818181818,1,4,5,3.35,Others,3,High Value
2506,84,11,629.79,2020-04-06,2023-10-06,57.25363636363636,3,4,4,3.65,Loyal Customers,3,High Value
2507,126,10,594.57,2019-05-09,2023-08-25,59.45700000000001,2,3,4,3.05,Loyal Customers,3,High Value
2508,47,10,696.3199999999999,2019-05-09,2023-11-12,69.63199999999999,3,3,4,3.4,Loyal Customers,3,High Value
2509,224,7,738.24,2019-09-04,2023-05-19,105.46285714285715,2,1,4,2.55,Others,0,Low Value
2510,48,14,1552.16,2020-02-01,2023-11-11,110.86857142857143,3,5,5,4.3,Loyal Customers,2,Premium
2511,117,10,374.40000000000003,2019-10-14,2023-09-03,37.440000000000005,2,3,2,2.25,At Risk,0,Low Value
2512,5,14,758.4200000000001,2019-05-24,2023-12-24,54.17285714285715,5,5,4,4.6,Champions,2,Premium
2513,23,12,1207.8400000000001,2020-02-11,2023-12-06,100.65333333333335,5,4,5,4.75,Champions,2,Premium
2514,16,11,588.74,2019-06-04,2023-12-13,53.52181818181818,5,4,4,4.35,Champions,2,Premium
2515,227,5,299.98,2020-09-14,2023-05-16,59.996,2,1,1,1.35,Lost,0,Low Value
2516,461,8,464.13,2019-03-04,2022-09-24,58.01625,1,2,3,2.0500000000000003,Others,0,Low Value
2517,67,11,569.53,2019-07-22,2023-10-23,51.775454545454544,3,4,4,3.65,Loyal Customers,3,High Value
2518,18,11,705.25,2019-08-21,2023-12-11,64.11363636363636,5,4,4,4.35,Champions,2,Premium
2519,33,18,1017.97,2019-10-07,2023-11-26,56.55388888888889,4,5,5,4.65,Champions,2,Premium
2520,25,10,667.56,2019-09-24,2023-12-04,66.756,4,3,4,3.75,Loyal Customers,2,Premium
2521,40,9,255.66,2020-02-21,2023-11-19,28.406666666666666,4,2,1,2.3,Potential Loyalists,1,Mid Value
2522,58,9,382.77,2021-09-08,2023-11-01,42.53,3,2,2,2.3499999999999996,Potential Loyalists,1,Mid Value
2523,44,5,369.28,2020-11-12,2023-11-15,73.856,4,1,2,2.45,Potential Loyalists,1,Mid Value
2524,10,13,1161.8899999999999,2019-09-21,2023-12-19,89.37615384615384,5,5,5,5.0,Champions,2,Premium
2525,88,12,389.88,2019-11-07,2023-10-02,32.49,2,4,2,2.5,At Risk,3,High Value
2526,35,12,1075.57,2019-05-23,2023-11-24,89.63083333333333,4,4,5,4.4,Champions,2,Premium
2527,14,11,363.58,2020-05-06,2023-12-15,33.052727272727275,5,4,2,3.55,Others,1,Mid Value
2528,249,12,431.94,2019-01-05,2023-04-24,35.995,1,4,3,2.5500000000000003,Others,3,High Value
2529,7,14,521.33,2019-08-28,2023-12-22,37.237857142857145,5,5,3,4.2,Loyal Customers,2,Premium
2530,80,13,557.09,2020-11-26,2023-10-10,42.85307692307693,3,5,4,3.9,Loyal Customers,2,Premium
2531,38,9,615.19,2019-10-01,2023-11-21,68.35444444444445,4,2,4,3.5,Others,1,Mid Value
2532,523,6,395.54,2019-02-26,2022-07-24,65.92333333333333,1,1,2,1.4,Lost,0,Low Value
2533,18,6,226.46,2019-09-05,2023-12-11,37.74333333333333,5,1,1,2.4,Potential Loyalists,1,Mid Value
2534,378,6,411.8,2019-01-05,2022-12-16,68.63333333333334,1,1,2,1.4,Lost,0,Low Value
2535,56,9,542.38,2019-08-11,2023-11-03,60.26444444444444,3,2,3,2.75,Potential Loyalists,1,Mid Value
2536,38,6,185.37,2019-04-01,2023-11-21,30.895,4,1,1,2.05,Potential Loyalists,1,Mid Value
2537,139,16,578.01,2019-01-21,2023-08-12,36.125625,2,5,4,3.55,Loyal Customers,3,High Value
2538,38,7,440.61,2020-01-14,2023-11-21,62.94428571428572,4,1,3,2.85,Potential Loyalists,1,Mid Value
2539,23,13,512.13,2019-08-09,2023-12-06,39.394615384615385,5,5,3,4.2,Loyal Customers,2,Premium
2540,17,11,546.12,2019-10-26,2023-12-12,49.64727272727273,5,4,3,3.95,Loyal Customers,2,Premium
2541,48,13,410.7,2019-06-07,2023-11-11,31.592307692307692,3,5,2,3.0999999999999996,At Risk,2,Premium
2542,110,6,578.44,2019-03-24,2023-09-10,96.40666666666668,2,1,4,2.55,Others,0,Low Value
2543,10,12,553.95,2019-08-11,2023-12-19,46.1625,5,4,3,3.95,Loyal Customers,2,Premium
2544,111,11,704.27,2019-12-05,2023-09-09,64.02454545454545,2,4,4,3.3,Loyal Customers,3,High Value
2545,396,12,756.51,2019-10-15,2022-11-28,63.0425,1,4,4,2.95,Others,3,High Value
2546,50,10,319.76,2019-08-14,2023-11-09,31.976,3,3,2,2.5999999999999996,Potential Loyalists,1,Mid Value
2547,80,6,162.76,2019-07-16,2023-10-10,27.126666666666665,3,1,1,1.6999999999999997,Potential Loyalists,0,Low Value
2548,140,8,379.4,2019-09-22,2023-08-11,47.425,2,2,2,2.0,At Risk,0,Low Value
2549,103,4,129.56,2022-02-02,2023-09-17,32.39,2,1,1,1.35,Lost,0,Low Value
2550,3,8,369.90999999999997,2020-01-12,2023-12-26,46.238749999999996,5,2,2,3.05,Potential Loyalists,1,Mid Value
2551,5,10,621.0699999999999,2019-06-24,2023-12-24,62.10699999999999,5,3,4,4.1,Loyal Customers,2,Premium
2552,94,7,541.09,2019-01-19,2023-09-26,77.29857142857144,2,1,3,2.1500000000000004,Others,0,Low Value
2553,81,9,571.79,2019-07-07,2023-10-09,63.53222222222222,3,2,4,3.15,At Risk,3,High Value
2554,171,6,778.55,2020-10-21,2023-07-11,129.75833333333333,2,1,5,2.95,Others,3,High Value
2555,9,12,1587.02,2019-08-01,2023-12-20,132.25166666666667,5,4,5,4.75,Champions,2,Premium
2556,72,8,966.3000000000001,2019-02-01,2023-10-18,120.78750000000001,3,2,5,3.55,At Risk,3,High Value
2557,414,11,453.27,2019-01-11,2022-11-10,41.20636363636363,1,4,3,2.5500000000000003,Others,3,High Value
2558,13,16,990.01,2019-01-08,2023-12-16,61.875625,5,5,5,5.0,Champions,2,Premium
2559,210,4,158.12,2021-12-21,2023-06-02,39.53,2,1,1,1.35,Lost,0,Low Value
2560,3,9,302.21,2020-08-25,2023-12-26,33.57888888888888,5,2,1,2.65,Potential Loyalists,1,Mid Value
2561,4,15,873.53,2019-10-22,2023-12-25,58.23533333333333,5,5,5,5.0,Champions,2,Premium
2562,40,10,295.03000000000003,2020-10-12,2023-11-19,29.503000000000004,4,3,1,2.55,Potential Loyalists,1,Mid Value
2563,17,9,495.53,2019-10-11,2023-12-12,55.05888888888889,5,2,3,3.45,Potential Loyalists,1,Mid Value
2564,37,10,243.25,2019-10-19,2023-11-22,24.325,4,3,1,2.55,Potential Loyalists,1,Mid Value
2565,437,13,515.38,2019-08-05,2022-10-18,39.644615384615385,1,5,3,2.8000000000000003,Others,3,High Value
2566,32,9,719.46,2020-05-15,2023-11-27,79.94,4,2,4,3.5,Others,1,Mid Value
2567,94,12,459.52,2019-10-26,2023-09-26,38.29333333333333,2,4,3,2.9000000000000004,Loyal Customers,3,High Value
2568,434,7,317.17,2019-10-13,2022-10-21,45.31,1,1,1,1.0,Lost,0,Low Value
2569,16,7,243.19,2019-07-21,2023-12-13,34.74142857142857,5,1,1,2.4,Potential Loyalists,1,Mid Value
2570,276,5,677.9399999999999,2019-11-11,2023-03-28,135.588,1,1,4,2.2,Others,0,Low Value
2571,2,13,594.0,2019-08-13,2023-12-27,45.69230769230769,5,5,4,4.6,Champions,2,Premium
2572,62,8,361.59,2019-08-05,2023-10-28,45.19875,3,2,2,2.3499999999999996,Potential Loyalists,1,Mid Value
2573,68,17,1035.77,2019-03-20,2023-10-22,60.92764705882353,3,5,5,4.3,Loyal Customers,2,Premium
2574,815,6,388.45000000000005,2019-07-20,2021-10-05,64.74166666666667,1,1,2,1.4,Lost,0,Low Value
2575,922,7,489.96000000000004,2019-05-06,2021-06-20,69.99428571428572,1,1,3,1.8000000000000003,Others,0,Low Value
2576,166,8,293.07,2019-11-04,2023-07-16,36.63375,2,2,1,1.6,Lost,0,Low Value
2577,55,6,2063.71,2019-09-04,2023-11-04,343.95166666666665,3,1,5,3.3,Others,3,High Value
2578,133,11,424.19,2019-06-20,2023-08-18,38.56272727272727,2,4,2,2.5,At Risk,3,High Value
2579,168,9,229.85,2019-11-03,2023-07-14,25.538888888888888,2,2,1,1.6,Lost,0,Low Value
2580,63,15,516.96,2019-03-19,2023-10-27,34.464000000000006,3,5,3,3.5,Loyal Customers,2,Premium
2581,55,9,456.34999999999997,2019-06-08,2023-11-04,50.70555555555555,3,2,3,2.75,Potential Loyalists,1,Mid Value
2582,24,5,237.53,2019-03-28,2023-12-05,47.506,5,1,1,2.4,Potential Loyalists,1,Mid Value
2583,89,14,915.0400000000001,2019-07-22,2023-10-01,65.36,2,5,5,3.95,Loyal Customers,3,High Value
2584,14,13,715.77,2019-11-09,2023-12-15,55.059230769230766,5,5,4,4.6,Champions,2,Premium
2585,104,7,363.63,2019-10-02,2023-09-16,51.94714285714286,2,1,2,1.75,Lost,0,Low Value
2586,43,9,347.47,2019-10-20,2023-11-16,38.607777777777784,4,2,2,2.7,Potential Loyalists,1,Mid Value
2587,51,9,344.47,2019-12-03,2023-11-08,38.27444444444445,3,2,2,2.3499999999999996,Potential Loyalists,1,Mid Value
2588,233,15,1334.28,2019-05-06,2023-05-10,88.952,2,5,5,3.95,Loyal Customers,3,High Value
2589,34,9,293.15,2019-09-19,2023-11-25,32.57222222222222,4,2,1,2.3,Potential Loyalists,1,Mid Value
2590,57,8,293.76,2019-06-16,2023-11-02,36.72,3,2,1,1.9499999999999997,Potential Loyalists,0,Low Value
2591,27,12,648.16,2019-09-10,2023-12-02,54.01333333333333,4,4,4,4.0,Champions,2,Premium
2592,1173,5,98.39,2019-08-22,2020-10-12,19.678,1,1,1,1.0,Lost,0,Low Value
2593,354,11,418.15,2019-04-26,2023-01-09,38.01363636363636,1,4,2,2.1500000000000004,Others,3,High Value
2594,55,7,539.74,2019-11-07,2023-11-04,77.10571428571428,3,1,3,2.5,Potential Loyalists,1,Mid Value
2595,18,16,1319.33,2019-10-16,2023-12-11,82.458125,5,5,5,5.0,Champions,2,Premium
2596,34,16,630.78,2020-04-24,2023-11-25,39.42375,4,5,4,4.25,Champions,2,Premium
2597,18,10,675.01,2021-06-07,2023-12-11,67.501,5,3,4,4.1,Loyal Customers,2,Premium
2598,96,8,550.69,2019-05-28,2023-09-24,68.83625,2,2,3,2.4000000000000004,At Risk,0,Low Value
2599,79,10,337.14,2019-03-20,2023-10-11,33.714,3,3,2,2.5999999999999996,Potential Loyalists,1,Mid Value
2600,57,11,691.16,2019-06-04,2023-11-02,62.83272727272727,3,4,4,3.65,Loyal Customers,3,High Value
2601,50,8,272.55,2019-01-24,2023-11-09,34.06875,3,2,1,1.9499999999999997,Potential Loyalists,0,Low Value
2602,55,7,604.16,2020-06-02,2023-11-04,86.30857142857143,3,1,4,2.9,Others,1,Mid Value
2603,6,9,386.73,2020-03-23,2023-12-23,42.97,5,2,2,3.05,Potential Loyalists,1,Mid Value
2604,54,8,428.75,2019-10-22,2023-11-05,53.59375,3,2,3,2.75,Potential Loyalists,1,Mid Value
2605,55,14,829.4300000000001,2019-06-13,2023-11-04,59.245000000000005,3,5,5,4.3,Loyal Customers,2,Premium
2606,13,12,601.66,2019-10-26,2023-12-16,50.13833333333333,5,4,4,4.35,Champions,2,Premium
2607,148,12,470.65999999999997,2020-03-22,2023-08-03,39.221666666666664,2,4,3,2.9000000000000004,Loyal Customers,3,High Value
2608,207,8,353.81,2019-11-22,2023-06-05,44.22625,2,2,2,2.0,At Risk,0,Low Value
2609,52,14,481.28999999999996,2019-11-16,2023-11-07,34.37785714285714,3,5,3,3.5,Loyal Customers,2,Premium
2610,139,10,1475.6100000000001,2019-09-20,2023-08-12,147.561,2,3,5,3.45,Loyal Customers,3,High Value
2611,26,17,1105.1,2019-05-06,2023-12-03,65.00588235294117,4,5,5,4.65,Champions,2,Premium
2612,393,13,555.95,2019-01-04,2022-12-01,42.76538461538462,1,5,4,3.2,Others,3,High Value
2613,256,11,410.29,2020-03-06,2023-04-17,37.299090909090914,1,4,2,2.1500000000000004,Others,3,High Value
2614,58,6,222.74,2019-12-26,2023-11-01,37.123333333333335,3,1,1,1.6999999999999997,Potential Loyalists,0,Low Value
2615,51,9,958.98,2019-03-03,2023-11-08,106.55333333333334,3,2,5,3.55,At Risk,3,High Value
2616,3,18,984.33,2019-01-07,2023-12-26,54.685,5,5,5,5.0,Champions,2,Premium
2617,79,12,657.31,2019-05-26,2023-10-11,54.77583333333333,3,4,4,3.65,Loyal Customers,3,High Value
2618,367,10,337.85,2019-04-26,2022-12-27,33.785000000000004,1,3,2,1.9000000000000001,Others,0,Low Value
2619,125,9,310.65999999999997,2019-07-02,2023-08-26,34.51777777777777,2,2,1,1.6,Lost,0,Low Value
2620,44,15,931.85,2019-04-27,2023-11-15,62.123333333333335,4,5,5,4.65,Champions,2,Premium
2621,371,11,1068.96,2019-07-24,2022-12-23,97.17818181818183,1,4,5,3.35,Others,3,High Value
2622,14,9,892.93,2019-12-13,2023-12-15,99.21444444444444,5,2,5,4.25,Others,2,Premium
2623,284,8,535.34,2020-04-11,2023-03-20,66.9175,1,2,3,2.0500000000000003,Others,0,Low Value
2624,69,16,1001.84,2019-01-02,2023-10-21,62.615,3,5,5,4.3,Loyal Customers,2,Premium
2625,289,9,578.01,2019-11-23,2023-03-15,64.22333333333333,1,2,4,2.45,Others,3,High Value
2626,18,10,739.04,2020-01-21,2023-12-11,73.904,5,3,4,4.1,Loyal Customers,2,Premium
2627,20,12,488.90999999999997,2019-02-28,2023-12-09,40.7425,5,4,3,3.95,Loyal Customers,2,Premium
2628,142,5,275.02,2019-10-18,2023-08-09,55.004,2,1,1,1.35,Lost,0,Low Value
2629,31,11,495.0,2019-07-04,2023-11-28,45.0,4,4,3,3.6,Loyal Customers,2,Premium
2630,178,15,535.55,2019-08-07,2023-07-04,35.70333333333333,2,5,3,3.1500000000000004,Loyal Customers,3,High Value
2631,38,7,294.92,2020-09-10,2023-11-21,42.13142857142857,4,1,1,2.05,Potential Loyalists,1,Mid Value
2632,49,6,436.65,2019-02-22,2023-11-10,72.77499999999999,3,1,3,2.5,Potential Loyalists,1,Mid Value
2633,56,18,1105.97,2020-07-07,2023-11-03,61.44277777777778,3,5,5,4.3,Loyal Customers,2,Premium
2634,70,12,459.40999999999997,2019-01-10,2023-10-20,38.284166666666664,3,4,3,3.25,Loyal Customers,3,High Value
2635,525,8,285.13,2019-11-05,2022-07-22,35.64125,1,2,1,1.25,Lost,0,Low Value
2636,51,15,738.4499999999999,2019-01-15,2023-11-08,49.23,3,5,4,3.9,Loyal Customers,2,Premium
2637,100,9,700.19,2020-04-26,2023-09-20,77.7988888888889,2,2,4,2.8,At Risk,3,High Value
2638,4,10,934.54,2019-11-04,2023-12-25,93.454,5,3,5,4.5,Loyal Customers,2,Premium
2639,515,3,215.93,2021-01-26,2022-08-01,71.97666666666667,1,1,1,1.0,Lost,0,Low Value
2640,38,12,787.34,2019-04-05,2023-11-21,65.61166666666666,4,4,5,4.4,Champions,2,Premium
2641,344,2,61.97,2020-10-18,2023-01-19,30.985,1,1,1,1.0,Lost,0,Low Value
2642,422,7,268.42,2019-02-04,2022-11-02,38.34571428571429,1,1,1,1.0,Lost,0,Low Value
2643,112,11,429.53,2019-05-02,2023-09-08,39.04818181818182,2,4,3,2.9000000000000004,Loyal Customers,3,High Value
2644,42,9,576.42,2020-09-08,2023-11-17,64.04666666666667,4,2,4,3.5,Others,1,Mid Value
2645,376,13,443.67,2019-02-04,2022-12-18,34.128461538461536,1,5,3,2.8000000000000003,Others,3,High Value
2646,6,9,348.47,2019-01-12,2023-12-23,38.71888888888889,5,2,2,3.05,Potential Loyalists,1,Mid Value
2647,18,8,500.51,2019-02-15,2023-12-11,62.56375,5,2,3,3.45,Potential Loyalists,1,Mid Value
2648,69,6,249.91,2021-03-08,2023-10-21,41.651666666666664,3,1,1,1.6999999999999997,Potential Loyalists,0,Low Value
2649,44,11,789.25,2019-02-27,2023-11-15,71.75,4,4,5,4.4,Champions,2,Premium
2650,43,9,622.86,2019-12-28,2023-11-16,69.20666666666666,4,2,4,3.5,Others,1,Mid Value
2651,11,9,556.98,2019-09-05,2023-12-18,61.88666666666667,5,2,4,3.85,Others,1,Mid Value
2652,245,8,524.36,2019-07-13,2023-04-28,65.545,2,2,3,2.4000000000000004,At Risk,0,Low Value
2653,219,9,281.09000000000003,2019-11-13,2023-05-24,31.232222222222227,2,2,1,1.6,Lost,0,Low Value
2654,22,8,538.27,2019-02-10,2023-12-07,67.28375,5,2,3,3.45,Potential Loyalists,1,Mid Value
2655,33,9,275.33,2019-12-04,2023-11-26,30.59222222222222,4,2,1,2.3,Potential Loyalists,1,Mid Value
2656,8,15,796.72,2019-05-16,2023-12-21,53.11466666666667,5,5,5,5.0,Champions,2,Premium
2657,7,16,756.84,2019-03-22,2023-12-22,47.3025,5,5,4,4.6,Champions,2,Premium
2658,19,8,572.45,2019-05-24,2023-12-10,71.55625,5,2,4,3.85,Others,1,Mid Value
2659,100,8,322.37,2019-10-23,2023-09-20,40.29625,2,2,2,2.0,At Risk,0,Low Value
2660,68,14,909.0,2019-07-07,2023-10-22,64.92857142857143,3,5,5,4.3,Loyal Customers,2,Premium
2661,41,12,2954.21,2019-08-12,2023-11-18,246.18416666666667,4,4,5,4.4,Champions,2,Premium
2662,45,14,752.95,2019-05-20,2023-11-14,53.78214285714286,3,5,4,3.9,Loyal Customers,2,Premium
2663,48,10,341.73,2019-10-09,2023-11-11,34.173,3,3,2,2.5999999999999996,Potential Loyalists,1,Mid Value
2664,265,8,423.95000000000005,2019-06-03,2023-04-08,52.993750000000006,1,2,2,1.65,Lost,0,Low Value
2665,401,13,513.5,2019-11-12,2022-11-23,39.5,1,5,3,2.8000000000000003,Others,3,High Value
2666,1073,10,363.38,2019-09-13,2021-01-20,36.338,1,3,2,1.9000000000000001,Others,0,Low Value
2667,372,12,508.97,2019-02-06,2022-12-22,42.41416666666667,1,4,3,2.5500000000000003,Others,3,High Value
2668,138,8,284.3,2020-12-22,2023-08-13,35.5375,2,2,1,1.6,Lost,0,Low Value
2669,140,10,390.46,2020-06-19,2023-08-11,39.046,2,3,2,2.25,At Risk,0,Low Value
2670,2,18,792.17,2019-01-25,2023-12-27,44.00944444444444,5,5,5,5.0,Champions,2,Premium
2671,32,12,520.38,2020-08-20,2023-11-27,43.365,4,4,3,3.6,Loyal Customers,2,Premium
2672,17,8,282.02,2019-08-25,2023-12-12,35.2525,5,2,1,2.65,Potential Loyalists,1,Mid Value
2673,45,13,487.6,2019-01-01,2023-11-14,37.50769230769231,3,5,3,3.5,Loyal Customers,2,Premium
2674,57,16,576.48,2019-03-15,2023-11-02,36.03,3,5,4,3.9,Loyal Customers,2,Premium
2675,35,8,410.33,2019-11-14,2023-11-24,51.29125,4,2,2,2.7,Potential Loyalists,1,Mid Value
2676,63,11,510.03,2019-03-20,2023-10-27,46.36636363636364,3,4,3,3.25,Loyal Customers,3,High Value
2677,398,7,364.49,2019-01-22,2022-11-26,52.07,1,1,2,1.4,Lost,0,Low Value
2678,427,9,871.1600000000001,2019-11-03,2022-10-28,96.79555555555557,1,2,5,2.85,Others,3,High Value
2679,2,11,397.65,2019-02-11,2023-12-27,36.15,5,4,2,3.55,Others,1,Mid Value
2680,21,9,855.99,2019-02-17,2023-12-08,95.11,5,2,5,4.25,Others,2,Premium
2681,10,4,184.34,2019-12-10,2023-12-19,46.085,5,1,1,2.4,Potential Loyalists,1,Mid Value
2682,42,17,2036.6,2019-02-19,2023-11-17,119.8,4,5,5,4.65,Champions,2,Premium
2683,44,6,290.4,2019-09-20,2023-11-15,48.4,4,1,1,2.05,Potential Loyalists,1,Mid Value
2684,53,8,434.61,2019-07-04,2023-11-06,54.32625,3,2,3,2.75,Potential Loyalists,1,Mid Value
2685,21,17,542.87,2019-01-19,2023-12-08,31.933529411764706,5,5,3,4.2,Loyal Customers,2,Premium
2686,2,9,490.58,2019-02-28,2023-12-27,54.50888888888889,5,2,3,3.45,Potential Loyalists,1,Mid Value
2687,22,9,335.89,2019-10-04,2023-12-07,37.32111111111111,5,2,2,3.05,Potential Loyalists,1,Mid Value
2688,52,8,737.17,2019-12-24,2023-11-07,92.14625,3,2,4,3.15,At Risk,3,High Value
2689,55,13,378.81,2019-06-16,2023-11-04,29.13923076923077,3,5,2,3.0999999999999996,At Risk,2,Premium
2690,37,9,496.56,2020-06-26,2023-11-22,55.17333333333333,4,2,3,3.1,Potential Loyalists,1,Mid Value
2691,40,16,1009.64,2019-11-04,2023-11-19,63.1025,4,5,5,4.65,Champions,2,Premium
2692,46,11,757.04,2019-08-08,2023-11-13,68.82181818181817,3,4,4,3.65,Loyal Customers,3,High Value
2693,35,12,1234.67,2019-04-20,2023-11-24,102.88916666666667,4,4,5,4.4,Champions,2,Premium
2694,27,10,660.95,2020-06-15,2023-12-02,66.095,4,3,4,3.75,Loyal Customers,2,Premium
2695,312,16,575.55,2019-04-15,2023-02-20,35.971875,1,5,4,3.2,Others,3,High Value
2696,35,13,1694.97,2019-06-19,2023-11-24,130.3823076923077,4,5,5,4.65,Champions,2,Premium
2697,355,15,506.12,2019-08-19,2023-01-08,33.74133333333334,1,5,3,2.8000000000000003,Others,3,High Value
2698,63,11,403.01,2020-02-11,2023-10-27,36.63727272727272,3,4,2,2.8499999999999996,At Risk,1,Mid Value
2699,19,11,359.96,2019-03-19,2023-12-10,32.72363636363636,5,4,2,3.55,Others,1,Mid Value
2700,49,7,628.37,2019-11-05,2023-11-10,89.76714285714286,3,1,4,2.9,Others,1,Mid Value
2701,27,7,236.39999999999998,2019-01-10,2023-12-02,33.771428571428565,4,1,1,2.05,Potential Loyalists,1,Mid Value
2702,75,14,483.68,2019-04-12,2023-10-15,34.54857142857143,3,5,3,3.5,Loyal Customers,2,Premium
2703,187,7,222.54000000000002,2019-05-22,2023-06-25,31.791428571428575,2,1,1,1.35,Lost,0,Low Value
2704,99,8,286.84000000000003,2020-01-04,2023-09-21,35.855000000000004,2,2,1,1.6,Lost,0,Low Value
2705,10,17,2574.62,2019-01-15,2023-12-19,151.44823529411764,5,5,5,5.0,Champions,2,Premium
2706,104,12,439.24,2019-11-16,2023-09-16,36.60333333333333,2,4,3,2.9000000000000004,Loyal Customers,3,High Value
2707,506,12,855.22,2019-01-07,2022-08-10,71.26833333333333,1,4,5,3.35,Others,3,High Value
2708,33,11,600.72,2019-04-13,2023-11-26,54.6109090909091,4,4,4,4.0,Champions,2,Premium
2709,50,16,1285.11,2019-01-20,2023-11-09,80.319375,3,5,5,4.3,Loyal Customers,2,Premium
2710,44,8,471.76,2019-01-26,2023-11-15,58.97,4,2,3,3.1,Potential Loyalists,1,Mid Value
2711,47,13,553.25,2019-05-02,2023-11-12,42.55769230769231,3,5,3,3.5,Loyal Customers,2,Premium
2712,52,9,535.16,2019-06-21,2023-11-07,59.462222222222216,3,2,3,2.75,Potential Loyalists,1,Mid Value
2713,6,16,989.38,2019-11-17,2023-12-23,61.83625,5,5,5,5.0,Champions,2,Premium
2714,3,10,311.43,2019-07-11,2023-12-26,31.143,5,3,1,2.9,Potential Loyalists,1,Mid Value
2715,12,14,537.18,2019-05-22,2023-12-17,38.37,5,5,3,4.2,Loyal Customers,2,Premium
2716,33,11,732.72,2019-06-22,2023-11-26,66.61090909090909,4,4,4,4.0,Champions,2,Premium
2717,158,10,541.5600000000001,2019-11-01,2023-07-24,54.156000000000006,2,3,3,2.6500000000000004,Loyal Customers,3,High Value
2718,54,14,1046.39,2019-02-10,2023-11-05,74.74214285714287,3,5,5,4.3,Loyal Customers,2,Premium
2719,95,16,628.41,2019-04-07,2023-09-25,39.275625,2,5,4,3.55,Loyal Customers,3,High Value
2720,339,14,482.41,2019-06-03,2023-01-24,34.457857142857144,1,5,3,2.8000000000000003,Others,3,High Value
2721,13,16,488.36,2019-04-19,2023-12-16,30.5225,5,5,3,4.2,Loyal Customers,2,Premium
2722,357,10,1118.95,2019-04-26,2023-01-06,111.89500000000001,1,3,5,3.1,Others,3,High Value
2723,351,8,305.51,2019-11-01,2023-01-12,38.18875,1,2,1,1.25,Lost,0,Low Value
2724,571,9,712.67,2019-10-09,2022-06-06,79.18555555555555,1,2,4,2.45,Others,3,High Value
2725,33,12,666.83,2019-06-03,2023-11-26,55.56916666666667,4,4,4,4.0,Champions,2,Premium
2726,5,13,1010.76,2019-02-07,2023-12-24,77.75076923076924,5,5,5,5.0,Champions,2,Premium
2727,299,15,836.84,2019-06-08,2023-03-05,55.78933333333334,1,5,5,3.6,Others,3,High Value
2728,49,9,400.23,2019-06-04,2023-11-10,44.47,3,2,2,2.3499999999999996,Potential Loyalists,1,Mid Value
2729,368,5,214.19,2019-01-18,2022-12-26,42.838,1,1,1,1.0,Lost,0,Low Value
2730,137,9,634.49,2019-02-03,2023-08-14,70.49888888888889,2,2,4,2.8,At Risk,3,High Value
2731,46,14,783.51,2020-01-12,2023-11-13,55.964999999999996,3,5,5,4.3,Loyal Customers,2,Premium
2732,54,8,416.16999999999996,2019-06-28,2023-11-05,52.021249999999995,3,2,2,2.3499999999999996,Potential Loyalists,1,Mid Value
2733,50,12,1544.97,2020-01-25,2023-11-09,128.7475,3,4,5,4.05,Loyal Customers,2,Premium
2734,285,6,165.07,2019-09-16,2023-03-19,27.511666666666667,1,1,1,1.0,Lost,0,Low Value
2735,502,6,368.45,2019-11-20,2022-08-14,61.40833333333333,1,1,2,1.4,Lost,0,Low Value
2736,35,13,964.42,2019-01-06,2023-11-24,74.18615384615384,4,5,5,4.65,Champions,2,Premium
2737,522,7,297.58,2019-03-16,2022-07-25,42.51142857142857,1,1,1,1.0,Lost,0,Low Value
2738,196,8,374.59999999999997,2019-08-14,2023-06-16,46.824999999999996,2,2,2,2.0,At Risk,0,Low Value
2739,206,7,660.12,2019-07-26,2023-06-06,94.30285714285715,2,1,4,2.55,Others,0,Low Value
2740,14,8,416.93,2019-05-28,2023-12-15,52.11625,5,2,2,3.05,Potential Loyalists,1,Mid Value
2741,690,8,349.42,2019-06-20,2022-02-07,43.6775,1,2,2,1.65,Lost,0,Low Value
2742,695,5,170.13,2019-04-21,2022-02-02,34.025999999999996,1,1,1,1.0,Lost,0,Low Value
2743,43,9,419.48,2019-02-13,2023-11-16,46.60888888888889,4,2,2,2.7,Potential Loyalists,1,Mid Value
2744,109,9,439.36,2019-10-11,2023-09-11,48.81777777777778,2,2,3,2.4000000000000004,At Risk,0,Low Value
2745,50,8,593.36,2020-02-08,2023-11-09,74.17,3,2,4,3.15,At Risk,3,High Value
2746,23,11,809.54,2019-07-08,2023-12-06,73.59454545454545,5,4,5,4.75,Champions,2,Premium
2747,160,10,787.3199999999999,2019-08-04,2023-07-22,78.732,2,3,5,3.45,Loyal Customers,3,High Value
2748,54,7,263.03,2019-09-23,2023-11-05,37.575714285714284,3,1,1,1.6999999999999997,Potential Loyalists,0,Low Value
2749,41,8,410.58,2020-11-06,2023-11-18,51.3225,4,2,2,2.7,Potential Loyalists,1,Mid Value
2750,10,9,365.91,2020-10-19,2023-12-19,40.656666666666666,5,2,2,3.05,Potential Loyalists,1,Mid Value
2751,12,14,551.85,2019-11-02,2023-12-17,39.417857142857144,5,5,3,4.2,Loyal Customers,2,Premium
2752,25,15,1130.25,2019-03-15,2023-12-04,75.35,4,5,5,4.65,Champions,2,Premium
2753,35,9,310.64,2019-02-07,2023-11-24,34.51555555555555,4,2,1,2.3,Potential Loyalists,1,Mid Value
2754,75,8,735.26,2019-12-17,2023-10-15,91.9075,3,2,4,3.15,At Risk,3,High Value
2755,300,15,705.88,2019-02-07,2023-03-04,47.05866666666667,1,5,4,3.2,Others,3,High Value
2756,149,12,1770.57,2019-10-17,2023-08-02,147.54749999999999,2,4,5,3.7,Loyal Customers,3,High Value
2757,35,7,278.11,2019-01-09,2023-11-24,39.730000000000004,4,1,1,2.05,Potential Loyalists,1,Mid Value
2758,37,13,550.11,2019-08-06,2023-11-22,42.316153846153846,4,5,3,3.85,Loyal Customers,2,Premium
2759,4,11,368.77,2019-05-07,2023-12-25,33.52454545454545,5,4,2,3.55,Others,1,Mid Value
2760,23,13,556.48,2019-03-10,2023-12-06,42.80615384615385,5,5,4,4.6,Champions,2,Premium
2761,26,5,182.05,2020-12-08,2023-12-03,36.410000000000004,4,1,1,2.05,Potential Loyalists,1,Mid Value
2762,188,14,1103.6299999999999,2019-03-14,2023-06-24,78.83071428571428,2,5,5,3.95,Loyal Customers,3,High Value
2763,257,10,575.18,2019-11-08,2023-04-16,57.517999999999994,1,3,4,2.7,Others,3,High Value
2764,51,10,327.83,2019-09-08,2023-11-08,32.783,3,3,2,2.5999999999999996,Potential Loyalists,1,Mid Value
2765,565,6,200.75,2019-12-10,2022-06-12,33.458333333333336,1,1,1,1.0,Lost,0,Low Value
2766,237,10,300.96,2019-12-13,2023-05-06,30.095999999999997,2,3,1,1.85,Others,0,Low Value
2767,106,11,407.34000000000003,2019-10-10,2023-09-14,37.03090909090909,2,4,2,2.5,At Risk,3,High Value
2768,68,6,292.08,2020-04-13,2023-10-22,48.68,3,1,1,1.6999999999999997,Potential Loyalists,0,Low Value
2769,31,10,310.09000000000003,2019-01-06,2023-11-28,31.009000000000004,4,3,1,2.55,Potential Loyalists,1,Mid Value
2770,35,10,540.61,2019-10-23,2023-11-24,54.061,4,3,3,3.35,Loyal Customers,1,Mid Value
2771,414,7,273.11,2019-01-19,2022-11-10,39.01571428571429,1,1,1,1.0,Lost,0,Low Value
2772,35,13,627.0600000000001,2019-11-28,2023-11-24,48.23538461538462,4,5,4,4.25,Champions,2,Premium
2773,31,12,662.77,2019-11-22,2023-11-28,55.23083333333333,4,4,4,4.0,Champions,2,Premium
2774,76,9,361.88,2019-10-16,2023-10-14,40.208888888888886,3,2,2,2.3499999999999996,Potential Loyalists,1,Mid Value
2775,500,9,588.02,2019-08-10,2022-08-16,65.33555555555556,1,2,4,2.45,Others,3,High Value
2776,2,16,902.83,2019-05-13,2023-12-27,56.426875,5,5,5,5.0,Champions,2,Premium
2777,81,11,676.75,2019-08-11,2023-10-09,61.52272727272727,3,4,4,3.65,Loyal Customers,3,High Value
2778,18,13,449.4,2019-08-19,2023-12-11,34.56923076923077,5,5,3,4.2,Loyal Customers,2,Premium
2779,23,10,796.73,2019-01-18,2023-12-06,79.673,5,3,5,4.5,Loyal Customers,2,Premium
2780,34,12,641.63,2019-01-26,2023-11-25,53.469166666666666,4,4,4,4.0,Champions,2,Premium
2781,53,16,653.58,2019-02-03,2023-11-06,40.84875,3,5,4,3.9,Loyal Customers,2,Premium
2782,40,14,648.1999999999999,2019-04-08,2023-11-19,46.3,4,5,4,4.25,Champions,2,Premium
2783,200,6,217.89,2020-08-05,2023-06-12,36.315,2,1,1,1.35,Lost,0,Low Value
2784,19,9,730.74,2019-11-09,2023-12-10,81.19333333333333,5,2,4,3.85,Others,1,Mid Value
2785,21,4,412.12,2020-11-15,2023-12-08,103.03,5,1,2,2.8,Potential Loyalists,1,Mid Value
2786,56,17,1085.66,2019-02-08,2023-11-03,63.862352941176475,3,5,5,4.3,Loyal Customers,2,Premium
2787,5,6,568.79,2020-07-09,2023-12-24,94.79833333333333,5,1,4,3.6,Others,1,Mid Value
2788,177,15,557.9,2019-11-02,2023-07-05,37.193333333333335,2,5,4,3.55,Loyal Customers,3,High Value
2789,523,11,387.89,2019-11-07,2022-07-24,35.26272727272727,1,4,2,2.1500000000000004,Others,3,High Value
2790,317,14,1537.62,2019-02-28,2023-02-15,109.83,1,5,5,3.6,Others,3,High Value
2791,36,9,374.01,2019-02-09,2023-11-23,41.556666666666665,4,2,2,2.7,Potential Loyalists,1,Mid Value
2792,415,5,210.71,2021-09-17,2022-11-09,42.142,1,1,1,1.0,Lost,0,Low Value
2793,42,17,937.99,2019-01-15,2023-11-17,55.17588235294118,4,5,5,4.65,Champions,2,Premium
2794,42,11,731.78,2019-06-07,2023-11-17,66.52545454545454,4,4,4,4.0,Champions,2,Premium
2795,44,13,1388.1599999999999,2019-03-15,2023-11-15,106.78153846153845,4,5,5,4.65,Champions,2,Premium
2796,18,12,771.9300000000001,2019-06-21,2023-12-11,64.3275,5,4,5,4.75,Champions,2,Premium
2797,73,14,765.65,2019-07-01,2023-10-17,54.68928571428571,3,5,5,4.3,Loyal Customers,2,Premium
2798,205,12,395.69,2019-03-17,2023-06-07,32.97416666666667,2,4,2,2.5,At Risk,3,High Value
2799,421,13,762.47,2019-05-01,2022-11-03,58.651538461538465,1,5,4,3.2,Others,3,High Value
2800,43,10,854.78,2019-04-14,2023-11-16,85.478,4,3,5,4.15,Loyal Customers,2,Premium
2801,54,6,472.55,2019-07-28,2023-11-05,78.75833333333334,3,1,3,2.5,Potential Loyalists,1,Mid Value
2802,240,8,394.4,2019-05-18,2023-05-03,49.3,2,2,2,2.0,At Risk,0,Low Value
2803,9,10,679.78,2019-12-17,2023-12-20,67.978,5,3,4,4.1,Loyal Customers,2,Premium
2804,422,9,391.76,2019-02-17,2022-11-02,43.528888888888886,1,2,2,1.65,Lost,0,Low Value
2805,41,14,551.47,2019-09-17,2023-11-18,39.39071428571429,4,5,3,3.85,Loyal Customers,2,Premium
2806,35,12,704.69,2019-04-15,2023-11-24,58.72416666666667,4,4,4,4.0,Champions,2,Premium
2807,125,13,719.21,2019-03-22,2023-08-26,55.323846153846155,2,5,4,3.55,Loyal Customers,3,High Value
2808,4,10,598.67,2019-02-04,2023-12-25,59.867,5,3,4,4.1,Loyal Customers,2,Premium
2809,28,10,400.40999999999997,2019-06-20,2023-12-01,40.041,4,3,2,2.95,Potential Loyalists,1,Mid Value
2810,45,11,421.34000000000003,2020-06-04,2023-11-14,38.303636363636365,3,4,2,2.8499999999999996,At Risk,1,Mid Value
2811,11,9,535.5,2019-10-13,2023-12-18,59.5,5,2,3,3.45,Potential Loyalists,1,Mid Value
2812,44,9,378.27,2019-07-14,2023-11-15,42.03,4,2,2,2.7,Potential Loyalists,1,Mid Value
2813,35,6,171.36,2019-04-21,2023-11-24,28.560000000000002,4,1,1,2.05,Potential Loyalists,1,Mid Value
2814,18,8,325.82,2019-11-16,2023-12-11,40.7275,5,2,2,3.05,Potential Loyalists,1,Mid Value
2815,33,13,455.72999999999996,2019-08-27,2023-11-26,35.05615384615384,4,5,3,3.85,Loyal Customers,2,Premium
2816,210,7,254.67000000000002,2019-01-26,2023-06-02,36.38142857142857,2,1,1,1.35,Lost,0,Low Value
2817,32,6,767.4,2019-11-11,2023-11-27,127.89999999999999,4,1,5,3.65,Others,1,Mid Value
2818,1,12,666.45,2019-03-16,2023-12-28,55.5375,5,4,4,4.35,Champions,2,Premium
2819,45,9,902.31,2020-03-06,2023-11-14,100.25666666666666,3,2,5,3.55,At Risk,3,High Value
2820,1314,3,181.85,2019-04-05,2020-05-24,60.61666666666667,1,1,1,1.0,Lost,0,Low Value
2821,70,7,494.07,2019-02-16,2023-10-20,70.58142857142857,3,1,3,2.5,Potential Loyalists,1,Mid Value
2822,200,8,363.69,2019-12-08,2023-06-12,45.46125,2,2,2,2.0,At Risk,0,Low Value
2823,58,7,327.79,2019-11-06,2023-11-01,46.82714285714286,3,1,2,2.0999999999999996,Potential Loyalists,0,Low Value
2824,4,14,416.65,2019-10-22,2023-12-25,29.760714285714283,5,5,2,3.8,Others,2,Premium
2825,26,7,352.7,2020-10-22,2023-12-03,50.385714285714286,4,1,2,2.45,Potential Loyalists,1,Mid Value
2826,52,15,495.92,2019-01-27,2023-11-07,33.06133333333334,3,5,3,3.5,Loyal Customers,2,Premium
2827,8,11,565.85,2019-11-05,2023-12-21,51.440909090909095,5,4,4,4.35,Champions,2,Premium
2828,51,12,442.86,2019-02-02,2023-11-08,36.905,3,4,3,3.25,Loyal Customers,3,High Value
2829,2,14,1446.9,2019-11-04,2023-12-27,103.35000000000001,5,5,5,5.0,Champions,2,Premium
2830,54,7,259.74,2019-02-11,2023-11-05,37.105714285714285,3,1,1,1.6999999999999997,Potential Loyalists,0,Low Value
2831,16,6,289.32,2021-08-12,2023-12-13,48.22,5,1,1,2.4,Potential Loyalists,1,Mid Value
2832,20,8,716.53,2019-11-20,2023-12-09,89.56625,5,2,4,3.85,Others,1,Mid Value
2833,53,13,817.59,2019-03-19,2023-11-06,62.89153846153847,3,5,5,4.3,Loyal Customers,2,Premium
2834,8,12,444.43,2019-10-10,2023-12-21,37.035833333333336,5,4,3,3.95,Loyal Customers,2,Premium
2835,33,9,354.15999999999997,2019-03-28,2023-11-26,39.35111111111111,4,2,2,2.7,Potential Loyalists,1,Mid Value
2836,7,7,345.03,2019-03-25,2023-12-22,49.29,5,1,2,2.8,Potential Loyalists,1,Mid Value
2837,52,9,512.49,2020-03-13,2023-11-07,56.943333333333335,3,2,3,2.75,Potential Loyalists,1,Mid Value
2838,126,9,525.52,2019-01-18,2023-08-25,58.39111111111111,2,2,3,2.4000000000000004,At Risk,0,Low Value
2839,36,5,144.37,2020-02-09,2023-11-23,28.874000000000002,4,1,1,2.05,Potential Loyalists,1,Mid Value
2840,10,12,1266.72,2019-08-15,2023-12-19,105.56,5,4,5,4.75,Champions,2,Premium
2841,188,9,297.12,2019-08-20,2023-06-24,33.013333333333335,2,2,1,1.6,Lost,0,Low Value
2842,14,14,518.75,2019-05-20,2023-12-15,37.05357142857143,5,5,3,4.2,Loyal Customers,2,Premium
2843,15,8,697.53,2019-12-09,2023-12-14,87.19125,5,2,4,3.85,Others,1,Mid Value
2844,701,6,110.61,2019-08-12,2022-01-27,18.435,1,1,1,1.0,Lost,0,Low Value
2845,319,11,807.23,2019-11-17,2023-02-13,73.38454545454546,1,4,5,3.35,Others,3,High Value
2846,20,8,539.74,2019-05-05,2023-12-09,67.4675,5,2,3,3.45,Potential Loyalists,1,Mid Value
2847,42,7,286.13,2020-08-26,2023-11-17,40.87571428571429,4,1,1,2.05,Potential Loyalists,1,Mid Value
2848,9,12,418.03,2019-05-17,2023-12-20,34.83583333333333,5,4,2,3.55,Others,1,Mid Value
2849,131,11,718.3000000000001,2019-06-07,2023-08-20,65.30000000000001,2,4,4,3.3,Loyal Customers,3,High Value
2850,366,9,645.09,2019-03-25,2022-12-28,71.67666666666668,1,2,4,2.45,Others,3,High Value
2851,31,17,1427.6599999999999,2019-07-21,2023-11-28,83.97999999999999,4,5,5,4.65,Champions,2,Premium
2852,34,12,474.62,2019-05-12,2023-11-25,39.55166666666667,4,4,3,3.6,Loyal Customers,2,Premium
2853,79,11,386.56,2019-09-13,2023-10-11,35.14181818181818,3,4,2,2.8499999999999996,At Risk,1,Mid Value
2854,26,15,2697.17,2019-02-24,2023-12-03,179.81133333333335,4,5,5,4.65,Champions,2,Premium
2855,324,11,376.49,2019-11-19,2023-02-08,34.22636363636364,1,4,2,2.1500000000000004,Others,3,High Value
2856,47,13,384.68,2019-01-03,2023-11-12,29.590769230769233,3,5,2,3.0999999999999996,At Risk,2,Premium
2857,137,13,1566.18,2019-01-16,2023-08-14,120.47538461538463,2,5,5,3.95,Loyal Customers,3,High Value
2858,50,11,441.97,2019-05-22,2023-11-09,40.17909090909091,3,4,3,3.25,Loyal Customers,3,High Value
2859,36,9,253.37,2019-10-28,2023-11-23,28.15222222222222,4,2,1,2.3,Potential Loyalists,1,Mid Value
2860,129,12,742.78,2019-10-28,2023-08-22,61.89833333333333,2,4,4,3.3,Loyal Customers,3,High Value
2861,52,10,723.39,2019-11-05,2023-11-07,72.339,3,3,4,3.4,Loyal Customers,3,High Value
2862,20,6,294.88,2019-06-14,2023-12-09,49.14666666666667,5,1,1,2.4,Potential Loyalists,1,Mid Value
2863,92,13,484.56,2019-01-09,2023-09-28,37.27384615384615,2,5,3,3.1500000000000004,Loyal Customers,3,High Value
2864,10,14,476.35,2019-09-10,2023-12-19,34.025,5,5,3,4.2,Loyal Customers,2,Premium
2865,44,10,276.25,2019-08-13,2023-11-15,27.625,4,3,1,2.55,Potential Loyalists,1,Mid Value
2866,32,7,365.66,2019-04-18,2023-11-27,52.237142857142864,4,1,2,2.45,Potential Loyalists,1,Mid Value
2867,80,9,506.58,2019-04-13,2023-10-10,56.28666666666666,3,2,3,2.75,Potential Loyalists,1,Mid Value
2868,36,10,438.4,2019-11-10,2023-11-23,43.839999999999996,4,3,3,3.35,Loyal Customers,1,Mid Value
2869,57,13,725.2,2019-09-05,2023-11-02,55.784615384615385,3,5,4,3.9,Loyal Customers,2,Premium
2870,228,14,1100.8600000000001,2019-05-16,2023-05-15,78.63285714285715,2,5,5,3.95,Loyal Customers,3,High Value
2871,3,6,205.85,2019-01-16,2023-12-26,34.30833333333333,5,1,1,2.4,Potential Loyalists,1,Mid Value
2872,45,12,1095.85,2019-05-28,2023-11-14,91.32083333333333,3,4,5,4.05,Loyal Customers,2,Premium
2873,272,11,450.59000000000003,2019-07-08,2023-04-01,40.96272727272728,1,4,3,2.5500000000000003,Others,3,High Value
2874,514,11,786.74,2019-05-27,2022-08-02,71.52181818181818,1,4,5,3.35,Others,3,High Value
2875,42,7,194.04,2019-09-26,2023-11-17,27.72,4,1,1,2.05,Potential Loyalists,1,Mid Value
2876,149,6,251.76999999999998,2019-02-02,2023-08-02,41.961666666666666,2,1,1,1.35,Lost,0,Low Value
2877,3,11,803.3,2019-07-25,2023-12-26,73.02727272727272,5,4,5,4.75,Champions,2,Premium
2878,13,9,289.26,2019-05-13,2023-12-16,32.14,5,2,1,2.65,Potential Loyalists,1,Mid Value
2879,41,10,603.62,2019-02-10,2023-11-18,60.362,4,3,4,3.75,Loyal Customers,2,Premium
2880,128,15,872.92,2019-11-13,2023-08-23,58.19466666666666,2,5,5,3.95,Loyal Customers,3,High Value
2881,5,10,437.51,2019-05-11,2023-12-24,43.751,5,3,3,3.7,Loyal Customers,1,Mid Value
2882,125,11,1164.2199999999998,2019-06-24,2023-08-26,105.8381818181818,2,4,5,3.7,Loyal Customers,3,High Value
2883,35,17,793.26,2019-10-02,2023-11-24,46.66235294117647,4,5,5,4.65,Champions,2,Premium
2884,52,11,358.31,2019-12-08,2023-11-07,32.57363636363636,3,4,2,2.8499999999999996,At Risk,1,Mid Value
2885,156,8,725.5899999999999,2019-03-16,2023-07-26,90.69874999999999,2,2,4,2.8,At Risk,3,High Value
2886,72,13,731.52,2019-06-07,2023-10-18,56.27076923076923,3,5,4,3.9,Loyal Customers,2,Premium
2887,72,9,468.99,2019-01-17,2023-10-18,52.11,3,2,3,2.75,Potential Loyalists,1,Mid Value
2888,48,12,500.18,2019-03-05,2023-11-11,41.681666666666665,3,4,3,3.25,Loyal Customers,3,High Value
2889,383,14,489.88,2020-11-11,2022-12-11,34.99142857142857,1,5,3,2.8000000000000003,Others,3,High Value
2890,63,6,162.45,2019-03-10,2023-10-27,27.075,3,1,1,1.6999999999999997,Potential Loyalists,0,Low Value
2891,143,7,448.86,2019-02-07,2023-08-08,64.12285714285714,2,1,3,2.1500000000000004,Others,0,Low Value
2892,75,8,281.78,2019-01-17,2023-10-15,35.2225,3,2,1,1.9499999999999997,Potential Loyalists,0,Low Value
2893,191,9,361.43,2019-11-01,2023-06-21,40.15888888888889,2,2,2,2.0,At Risk,0,Low Value
2894,329,10,427.99,2019-04-05,2023-02-03,42.799,1,3,3,2.3000000000000003,Others,3,High Value
2895,33,8,301.89,2019-03-27,2023-11-26,37.73625,4,2,1,2.3,Potential Loyalists,1,Mid Value
2896,58,10,406.07,2019-02-19,2023-11-01,40.607,3,3,2,2.5999999999999996,Potential Loyalists,1,Mid Value
2897,11,10,421.65999999999997,2019-11-15,2023-12-18,42.166,5,3,2,3.3,Potential Loyalists,1,Mid Value
2898,32,9,412.26,2019-06-17,2023-11-27,45.806666666666665,4,2,2,2.7,Potential Loyalists,1,Mid Value
2899,32,7,349.59000000000003,2019-12-10,2023-11-27,49.941428571428574,4,1,2,2.45,Potential Loyalists,1,Mid Value
2900,57,7,350.2,2019-05-25,2023-11-02,50.028571428571425,3,1,2,2.0999999999999996,Potential Loyalists,0,Low Value
2901,5,9,938.35,2019-11-22,2023-12-24,104.26111111111112,5,2,5,4.25,Others,2,Premium
2902,31,16,696.23,2020-11-15,2023-11-28,43.514375,4,5,4,4.25,Champions,2,Premium
2903,779,9,821.9200000000001,2019-08-17,2021-11-10,91.32444444444445,1,2,5,2.85,Others,3,High Value
2904,326,10,399.06,2019-04-06,2023-02-06,39.906,1,3,2,1.9000000000000001,Others,0,Low Value
2905,14,8,270.17,2020-09-16,2023-12-15,33.77125,5,2,1,2.65,Potential Loyalists,1,Mid Value
2906,57,7,240.21,2019-03-04,2023-11-02,34.315714285714286,3,1,1,1.6999999999999997,Potential Loyalists,0,Low Value
2907,308,14,799.71,2019-01-13,2023-02-24,57.12214285714286,1,5,5,3.6,Others,3,High Value
2908,753,9,675.8,2019-07-05,2021-12-06,75.08888888888889,1,2,4,2.45,Others,3,High Value
2909,278,12,457.11,2019-11-07,2023-03-26,38.0925,1,4,3,2.5500000000000003,Others,3,High Value
2910,51,7,255.54,2019-01-05,2023-11-08,36.505714285714284,3,1,1,1.6999999999999997,Potential Loyalists,0,Low Value
2911,323,10,371.04,2019-06-20,2023-02-09,37.104,1,3,2,1.9000000000000001,Others,0,Low Value
2912,127,9,360.76,2019-05-22,2023-08-24,40.08444444444444,2,2,2,2.0,At Risk,0,Low Value
2913,25,16,1586.45,2019-05-19,2023-12-04,99.153125,4,5,5,4.65,Champions,2,Premium
2914,42,12,1378.97,2019-05-21,2023-11-17,114.91416666666667,4,4,5,4.4,Champions,2,Premium
2915,35,11,344.99,2019-08-11,2023-11-24,31.362727272727273,4,4,2,3.2,Others,1,Mid Value
2916,251,7,245.45,2019-07-07,2023-04-22,35.06428571428571,1,1,1,1.0,Lost,0,Low Value
2917,100,7,1432.8600000000001,2019-10-19,2023-09-20,204.69428571428574,2,1,5,2.95,Others,3,High Value
2918,268,8,1104.94,2019-11-20,2023-04-05,138.1175,1,2,5,2.85,Others,3,High Value
2919,66,10,337.21,2019-03-04,2023-10-24,33.721,3,3,2,2.5999999999999996,Potential Loyalists,1,Mid Value
2920,341,11,778.52,2019-01-19,2023-01-22,70.77454545454545,1,4,5,3.35,Others,3,High Value
2921,77,9,364.23,2019-04-21,2023-10-13,40.47,3,2,2,2.3499999999999996,Potential Loyalists,1,Mid Value
2922,99,8,464.95,2020-04-09,2023-09-21,58.11875,2,2,3,2.4000000000000004,At Risk,0,Low Value
2923,220,4,213.04000000000002,2021-06-19,2023-05-23,53.260000000000005,2,1,1,1.35,Lost,0,Low Value
2924,38,12,787.0600000000001,2019-10-05,2023-11-21,65.58833333333334,4,4,5,4.4,Champions,2,Premium
2925,1,13,786.09,2019-08-25,2023-12-28,60.46846153846154,5,5,5,5.0,Champions,2,Premium
2926,64,11,391.71,2019-02-05,2023-10-26,35.61,3,4,2,2.8499999999999996,At Risk,1,Mid Value
2927,98,10,442.71,2019-01-22,2023-09-22,44.271,2,3,3,2.6500000000000004,Loyal Customers,3,High Value
2928,104,10,561.79,2019-04-23,2023-09-16,56.178999999999995,2,3,4,3.05,Loyal Customers,3,High Value
2929,19,9,302.09,2019-02-14,2023-12-10,33.565555555555555,5,2,1,2.65,Potential Loyalists,1,Mid Value
2930,35,12,483.94,2019-11-19,2023-11-24,40.32833333333333,4,4,3,3.6,Loyal Customers,2,Premium
2931,38,12,1071.72,2019-06-17,2023-11-21,89.31,4,4,5,4.4,Champions,2,Premium
2932,44,10,311.23,2019-03-13,2023-11-15,31.123,4,3,1,2.55,Potential Loyalists,1,Mid Value
2933,630,8,251.07,2019-11-21,2022-04-08,31.38375,1,2,1,1.25,Lost,0,Low Value
2934,50,9,323.92,2019-03-14,2023-11-09,35.99111111111111,3,2,2,2.3499999999999996,Potential Loyalists,1,Mid Value
2935,36,10,645.72,2019-06-26,2023-11-23,64.572,4,3,4,3.75,Loyal Customers,2,Premium
2936,53,13,697.97,2019-10-20,2023-11-06,53.690000000000005,3,5,4,3.9,Loyal Customers,2,Premium
2937,51,6,302.2,2019-08-07,2023-11-08,50.36666666666667,3,1,1,1.6999999999999997,Potential Loyalists,0,Low Value
2938,49,10,923.8399999999999,2019-01-09,2023-11-10,92.38399999999999,3,3,5,3.8,Loyal Customers,3,High Value
2939,204,5,280.36,2020-08-03,2023-06-08,56.072,2,1,1,1.35,Lost,0,Low Value
2940,234,10,538.0699999999999,2019-11-21,2023-05-09,53.806999999999995,2,3,3,2.6500000000000004,Loyal Customers,3,High Value
2941,81,7,289.68,2019-09-26,2023-10-09,41.38285714285714,3,1,1,1.6999999999999997,Potential Loyalists,0,Low Value
2942,53,6,245.18,2020-04-07,2023-11-06,40.86333333333334,3,1,1,1.6999999999999997,Potential Loyalists,0,Low Value
2943,58,14,804.73,2019-04-11,2023-11-01,57.480714285714285,3,5,5,4.3,Loyal Customers,2,Premium
2944,47,12,425.53000000000003,2019-11-06,2023-11-12,35.46083333333333,3,4,2,2.8499999999999996,At Risk,1,Mid Value
2945,3,9,348.21999999999997,2019-12-11,2023-12-26,38.691111111111105,5,2,2,3.05,Potential Loyalists,1,Mid Value
2946,50,10,329.81,2019-08-16,2023-11-09,32.981,3,3,2,2.5999999999999996,Potential Loyalists,1,Mid Value
2947,131,7,603.45,2019-06-18,2023-08-20,86.20714285714287,2,1,4,2.55,Others,0,Low Value
2948,23,12,376.03999999999996,2019-10-17,2023-12-06,31.336666666666662,5,4,2,3.55,Others,1,Mid Value
2949,53,17,706.77,2019-10-17,2023-11-06,41.57470588235294,3,5,4,3.9,Loyal Customers,2,Premium
2950,530,8,457.92,2019-12-12,2022-07-17,57.24,1,2,3,2.0500000000000003,Others,0,Low Value
2951,399,12,503.51,2019-12-01,2022-11-25,41.95916666666667,1,4,3,2.5500000000000003,Others,3,High Value
2952,158,11,584.22,2019-05-07,2023-07-24,53.1109090909091,2,4,4,3.3,Loyal Customers,3,High Value
2953,33,5,256.75,2021-03-13,2023-11-26,51.35,4,1,1,2.05,Potential Loyalists,1,Mid Value
2954,37,9,867.46,2019-01-15,2023-11-22,96.38444444444445,4,2,5,3.9,Others,2,Premium
2955,49,16,420.76,2019-05-15,2023-11-10,26.2975,3,5,2,3.0999999999999996,At Risk,2,Premium
2956,45,10,705.77,2020-11-20,2023-11-14,70.577,3,3,4,3.4,Loyal Customers,3,High Value
2957,38,11,627.38,2020-12-03,2023-11-21,57.03454545454545,4,4,4,4.0,Champions,2,Premium
2958,39,10,1578.5800000000002,2019-01-24,2023-11-20,157.858,4,3,5,4.15,Loyal Customers,2,Premium
2959,18,15,473.40999999999997,2019-04-15,2023-12-11,31.560666666666666,5,5,3,4.2,Loyal Customers,2,Premium
2960,116,3,142.29,2021-01-13,2023-09-04,47.43,2,1,1,1.35,Lost,0,Low Value
2961,5,8,306.21999999999997,2019-12-21,2023-12-24,38.277499999999996,5,2,1,2.65,Potential Loyalists,1,Mid Value
2962,34,14,703.79,2019-07-25,2023-11-25,50.270714285714284,4,5,4,4.25,Champions,2,Premium
2963,53,6,346.18,2019-09-02,2023-11-06,57.696666666666665,3,1,2,2.0999999999999996,Potential Loyalists,0,Low Value
2964,327,12,1215.55,2019-01-18,2023-02-05,101.29583333333333,1,4,5,3.35,Others,3,High Value
2965,42,13,445.02,2019-07-07,2023-11-17,34.23230769230769,4,5,3,3.85,Loyal Customers,2,Premium
2966,35,9,336.25,2019-08-13,2023-11-24,37.361111111111114,4,2,2,2.7,Potential Loyalists,1,Mid Value
2967,378,12,450.88,2019-11-13,2022-12-16,37.57333333333333,1,4,3,2.5500000000000003,Others,3,High Value
2968,113,12,364.38,2019-06-01,2023-09-07,30.365,2,4,2,2.5,At Risk,3,High Value
2969,534,14,1173.42,2019-06-21,2022-07-13,83.8157142857143,1,5,5,3.6,Others,3,High Value
2970,36,7,593.3,2019-08-26,2023-11-23,84.75714285714285,4,1,4,3.25,Others,1,Mid Value
2971,52,8,311.87,2019-01-26,2023-11-07,38.98375,3,2,1,1.9499999999999997,Potential Loyalists,0,Low Value
2972,375,6,207.39,2019-10-04,2022-12-19,34.565,1,1,1,1.0,Lost,0,Low Value
2973,306,9,840.94,2019-03-03,2023-02-26,93.43777777777778,1,2,5,2.85,Others,3,High Value
2974,45,9,444.33,2019-11-02,2023-11-14,49.37,3,2,3,2.75,Potential Loyalists,1,Mid Value
2975,42,8,473.22,2019-09-20,2023-11-17,59.1525,4,2,3,3.1,Potential Loyalists,1,Mid Value
2976,767,7,808.79,2019-06-12,2021-11-22,115.54142857142857,1,1,5,2.6,Others,3,High Value
2977,4,12,725.23,2019-03-13,2023-12-25,60.435833333333335,5,4,4,4.35,Champions,2,Premium
2978,16,16,514.16,2019-03-13,2023-12-13,32.135,5,5,3,4.2,Loyal Customers,2,Premium
2979,398,13,500.97,2019-11-21,2022-11-26,38.53615384615385,1,5,3,2.8000000000000003,Others,3,High Value
2980,355,6,576.8199999999999,2019-05-06,2023-01-08,96.13666666666666,1,1,4,2.2,Others,0,Low Value
2981,374,10,331.94,2019-10-06,2022-12-20,33.194,1,3,2,1.9000000000000001,Others,0,Low Value
2982,428,11,577.37,2019-01-19,2022-10-27,52.48818181818182,1,4,4,2.95,Others,3,High Value
2983,36,4,167.37,2019-11-03,2023-11-23,41.8425,4,1,1,2.05,Potential Loyalists,1,Mid Value
2984,154,11,1106.08,2019-02-20,2023-07-28,100.55272727272727,2,4,5,3.7,Loyal Customers,3,High Value
2985,37,10,336.21,2020-09-06,2023-11-22,33.620999999999995,4,3,2,2.95,Potential Loyalists,1,Mid Value
2986,407,6,224.21,2020-08-13,2022-11-17,37.36833333333333,1,1,1,1.0,Lost,0,Low Value
2987,880,7,323.39,2019-03-12,2021-08-01,46.19857142857143,1,1,2,1.4,Lost,0,Low Value
2988,419,10,296.09999999999997,2019-10-09,2022-11-05,29.609999999999996,1,3,1,1.5,Others,0,Low Value
2989,10,16,640.0,2019-11-06,2023-12-19,40.0,5,5,4,4.6,Champions,2,Premium
2990,184,7,870.36,2019-08-01,2023-06-28,124.33714285714287,2,1,5,2.95,Others,3,High Value
2991,160,9,612.39,2019-07-15,2023-07-22,68.04333333333334,2,2,4,2.8,At Risk,3,High Value
2992,36,16,585.71,2019-06-01,2023-11-23,36.606875,4,5,4,4.25,Champions,2,Premium
2993,34,12,540.76,2019-08-10,2023-11-25,45.06333333333333,4,4,3,3.6,Loyal Customers,2,Premium
2994,14,11,462.57,2019-11-27,2023-12-15,42.051818181818184,5,4,3,3.95,Loyal Customers,2,Premium
2995,619,4,227.82,2020-04-19,2022-04-19,56.955,1,1,1,1.0,Lost,0,Low Value
2996,50,11,680.79,2019-12-11,2023-11-09,61.88999999999999,3,4,4,3.65,Loyal Customers,3,High Value
2997,14,9,418.68,2019-11-12,2023-12-15,46.52,5,2,2,3.05,Potential Loyalists,1,Mid Value
2998,427,6,411.16,2019-10-04,2022-10-28,68.52666666666667,1,1,2,1.4,Lost,0,Low Value
2999,17,10,511.73,2019-02-15,2023-12-12,51.173,5,3,3,3.7,Loyal Customers,1,Mid Value
3000,38,10,413.38,2019-12-21,2023-11-21,41.338,4,3,2,2.95,Potential Loyalists,1,Mid Value
3001,31,12,487.2,2019-09-25,2023-11-28,40.6,4,4,3,3.6,Loyal Customers,2,Premium
3002,20,14,618.4399999999999,2019-08-27,2023-12-09,44.17428571428571,5,5,4,4.6,Champions,2,Premium
3003,28,15,527.4,2019-01-26,2023-12-01,35.16,4,5,3,3.85,Loyal Customers,2,Premium
3004,33,17,766.12,2019-04-17,2023-11-26,45.06588235294117,4,5,5,4.65,Champions,2,Premium
3005,408,6,625.3000000000001,2019-12-11,2022-11-16,104.21666666666668,1,1,4,2.2,Others,0,Low Value
3006,18,5,189.93,2022-02-08,2023-12-11,37.986000000000004,5,1,1,2.4,Potential Loyalists,1,Mid Value
3007,203,12,421.62,2019-04-28,2023-06-09,35.135,2,4,2,2.5,At Risk,3,High Value
3008,31,11,474.17,2019-04-04,2023-11-28,43.10636363636364,4,4,3,3.6,Loyal Customers,2,Premium
3009,48,14,529.28,2019-07-10,2023-11-11,37.80571428571428,3,5,3,3.5,Loyal Customers,2,Premium
3010,52,6,481.83,2019-12-20,2023-11-07,80.30499999999999,3,1,3,2.5,Potential Loyalists,1,Mid Value
3011,175,9,307.95,2021-11-10,2023-07-07,34.21666666666667,2,2,1,1.6,Lost,0,Low Value
3012,384,9,464.75,2019-03-06,2022-12-10,51.638888888888886,1,2,3,2.0500000000000003,Others,0,Low Value
3013,33,9,371.42,2019-11-09,2023-11-26,41.26888888888889,4,2,2,2.7,Potential Loyalists,1,Mid Value
3014,278,7,442.36,2019-09-08,2023-03-26,63.19428571428572,1,1,3,1.8000000000000003,Others,0,Low Value
3015,15,7,418.55,2019-05-12,2023-12-14,59.792857142857144,5,1,2,2.8,Potential Loyalists,1,Mid Value
3016,21,14,454.18,2019-12-21,2023-12-08,32.441428571428574,5,5,3,4.2,Loyal Customers,2,Premium
3017,18,13,536.34,2019-04-12,2023-12-11,41.25692307692308,5,5,3,4.2,Loyal Customers,2,Premium
3018,22,9,429.45,2019-07-05,2023-12-07,47.71666666666667,5,2,3,3.45,Potential Loyalists,1,Mid Value
3019,16,10,446.41,2019-06-20,2023-12-13,44.641000000000005,5,3,3,3.7,Loyal Customers,1,Mid Value
3020,43,13,949.48,2019-02-09,2023-11-16,73.03692307692307,4,5,5,4.65,Champions,2,Premium
3021,154,13,627.38,2020-04-12,2023-07-28,48.26,2,5,4,3.55,Loyal Customers,3,High Value
3022,7,14,500.63,2019-01-02,2023-12-22,35.75928571428572,5,5,3,4.2,Loyal Customers,2,Premium
3023,606,6,385.47,2019-12-09,2022-05-02,64.245,1,1,2,1.4,Lost,0,Low Value
3024,400,14,731.46,2019-06-26,2022-11-24,52.24714285714286,1,5,4,3.2,Others,3,High Value
3025,73,17,1229.7,2019-08-04,2023-10-17,72.33529411764707,3,5,5,4.3,Loyal Customers,2,Premium
3026,19,12,609.87,2019-09-14,2023-12-10,50.8225,5,4,4,4.35,Champions,2,Premium
3027,147,8,681.52,2019-05-06,2023-08-04,85.19,2,2,4,2.8,At Risk,3,High Value
3028,137,17,985.67,2019-01-16,2023-08-14,57.980588235294114,2,5,5,3.95,Loyal Customers,3,High Value
3029,115,11,383.56,2019-08-06,2023-09-05,34.86909090909091,2,4,2,2.5,At Risk,3,High Value
3030,40,9,323.15999999999997,2019-10-24,2023-11-19,35.906666666666666,4,2,2,2.7,Potential Loyalists,1,Mid Value
3031,22,9,362.08,2020-02-24,2023-12-07,40.23111111111111,5,2,2,3.05,Potential Loyalists,1,Mid Value
3032,21,8,361.41,2019-10-23,2023-12-08,45.17625,5,2,2,3.05,Potential Loyalists,1,Mid Value
3033,210,5,182.71,2021-10-23,2023-06-02,36.542,2,1,1,1.35,Lost,0,Low Value
3034,41,12,429.58,2019-01-22,2023-11-18,35.79833333333333,4,4,3,3.6,Loyal Customers,2,Premium
3035,341,10,742.77,2019-10-06,2023-01-22,74.277,1,3,4,2.7,Others,3,High Value
3036,77,10,573.43,2019-02-03,2023-10-13,57.342999999999996,3,3,4,3.4,Loyal Customers,3,High Value
3037,41,14,600.39,2019-04-17,2023-11-18,42.885,4,5,4,4.25,Champions,2,Premium
3038,14,11,436.53000000000003,2019-06-07,2023-12-15,39.68454545454546,5,4,3,3.95,Loyal Customers,2,Premium
3039,31,6,592.02,2020-11-07,2023-11-28,98.67,4,1,4,3.25,Others,1,Mid Value
3040,331,4,96.68,2020-01-12,2023-02-01,24.17,1,1,1,1.0,Lost,0,Low Value
3041,33,11,450.37,2019-11-01,2023-11-26,40.942727272727275,4,4,3,3.6,Loyal Customers,2,Premium
3042,187,7,263.01,2019-05-08,2023-06-25,37.57285714285714,2,1,1,1.35,Lost,0,Low Value
3043,38,13,846.0999999999999,2019-05-11,2023-11-21,65.08461538461538,4,5,5,4.65,Champions,2,Premium
3044,45,13,405.68,2019-02-18,2023-11-14,31.206153846153846,3,5,2,3.0999999999999996,At Risk,2,Premium
3045,379,10,360.56,2019-03-24,2022-12-15,36.056,1,3,2,1.9000000000000001,Others,0,Low Value
3046,9,9,372.0,2019-11-15,2023-12-20,41.333333333333336,5,2,2,3.05,Potential Loyalists,1,Mid Value
3047,36,10,637.08,2019-03-12,2023-11-23,63.708000000000006,4,3,4,3.75,Loyal Customers,2,Premium
3048,25,7,377.65999999999997,2019-11-18,2023-12-04,53.951428571428565,4,1,2,2.45,Potential Loyalists,1,Mid Value
3049,192,9,416.72,2019-02-03,2023-06-20,46.30222222222223,2,2,2,2.0,At Risk,0,Low Value
3050,5,11,355.39,2019-04-03,2023-12-24,32.308181818181815,5,4,2,3.55,Others,1,Mid Value
3051,7,10,493.98,2020-08-07,2023-12-22,49.398,5,3,3,3.7,Loyal Customers,1,Mid Value
3052,178,6,414.18,2019-02-22,2023-07-04,69.03,2,1,2,1.75,Lost,0,Low Value
3053,462,8,455.74,2019-09-12,2022-09-23,56.9675,1,2,3,2.0500000000000003,Others,0,Low Value
3054,21,15,1632.25,2019-10-16,2023-12-08,108.81666666666666,5,5,5,5.0,Champions,2,Premium
3055,337,6,716.97,2019-06-13,2023-01-26,119.495,1,1,4,2.2,Others,0,Low Value
3056,331,3,162.89999999999998,2019-07-07,2023-02-01,54.29999999999999,1,1,1,1.0,Lost,0,Low Value
3057,3,7,258.21000000000004,2020-09-02,2023-12-26,36.88714285714286,5,1,1,2.4,Potential Loyalists,1,Mid Value
3058,54,11,514.99,2020-05-11,2023-11-05,46.81727272727273,3,4,3,3.25,Loyal Customers,3,High Value
3059,28,6,232.26,2019-12-15,2023-12-01,38.71,4,1,1,2.05,Potential Loyalists,1,Mid Value
3060,171,8,309.84000000000003,2019-03-11,2023-07-11,38.730000000000004,2,2,1,1.6,Lost,0,Low Value
3061,13,13,530.37,2020-09-21,2023-12-16,40.79769230769231,5,5,3,4.2,Loyal Customers,2,Premium
3062,22,13,545.73,2020-11-01,2023-12-07,41.97923076923077,5,5,3,4.2,Loyal Customers,2,Premium
3063,37,10,1113.72,2019-01-01,2023-11-22,111.372,4,3,5,4.15,Loyal Customers,2,Premium
3064,19,9,300.21,2019-09-18,2023-12-10,33.35666666666666,5,2,1,2.65,Potential Loyalists,1,Mid Value
3065,58,12,392.74,2019-11-02,2023-11-01,32.72833333333333,3,4,2,2.8499999999999996,At Risk,1,Mid Value
3066,53,14,892.09,2019-11-02,2023-11-06,63.72071428571429,3,5,5,4.3,Loyal Customers,2,Premium
3067,35,11,922.04,2019-11-01,2023-11-24,83.82181818181817,4,4,5,4.4,Champions,2,Premium
3068,396,2,118.14000000000001,2022-11-19,2022-11-28,59.07000000000001,1,1,1,1.0,Lost,0,Low Value
3069,15,11,351.7,2019-03-11,2023-12-14,31.972727272727273,5,4,2,3.55,Others,1,Mid Value
3070,56,12,639.71,2019-07-27,2023-11-03,53.30916666666667,3,4,4,3.65,Loyal Customers,3,High Value
3071,49,11,572.21,2019-11-09,2023-11-10,52.01909090909091,3,4,4,3.65,Loyal Customers,3,High Value
3072,44,10,388.52,2020-05-12,2023-11-15,38.852,4,3,2,2.95,Potential Loyalists,1,Mid Value
3073,384,9,1783.5100000000002,2019-01-28,2022-12-10,198.16777777777781,1,2,5,2.85,Others,3,High Value
3074,173,8,494.76,2019-12-27,2023-07-09,61.845,2,2,3,2.4000000000000004,At Risk,0,Low Value
3075,37,15,631.6,2019-09-24,2023-11-22,42.10666666666667,4,5,4,4.25,Champions,2,Premium
3076,322,8,588.33,2019-01-18,2023-02-10,73.54125,1,2,4,2.45,Others,3,High Value
3077,74,11,419.9,2019-09-26,2023-10-16,38.17272727272727,3,4,2,2.8499999999999996,At Risk,1,Mid Value
3078,85,11,1014.8000000000001,2019-10-01,2023-10-05,92.25454545454546,3,4,5,4.05,Loyal Customers,2,Premium
3079,266,12,583.7,2019-08-04,2023-04-07,48.64166666666667,1,4,4,2.95,Others,3,High Value
3080,110,11,604.88,2020-06-21,2023-09-10,54.98909090909091,2,4,4,3.3,Loyal Customers,3,High Value
3081,37,15,638.41,2019-08-13,2023-11-22,42.56066666666666,4,5,4,4.25,Champions,2,Premium
3082,186,9,290.25,2019-05-02,2023-06-26,32.25,2,2,1,1.6,Lost,0,Low Value
3083,186,11,518.86,2020-10-22,2023-06-26,47.16909090909091,2,4,3,2.9000000000000004,Loyal Customers,3,High Value
3084,169,9,747.6899999999999,2020-07-27,2023-07-13,83.07666666666665,2,2,4,2.8,At Risk,3,High Value
3085,24,14,429.26,2019-01-09,2023-12-05,30.66142857142857,5,5,3,4.2,Loyal Customers,2,Premium
3086,411,8,259.5,2019-04-17,2022-11-13,32.4375,1,2,1,1.25,Lost,0,Low Value
3087,185,12,568.76,2019-03-11,2023-06-27,47.39666666666667,2,4,4,3.3,Loyal Customers,3,High Value
3088,26,11,1226.6399999999999,2019-11-15,2023-12-03,111.51272727272726,4,4,5,4.4,Champions,2,Premium
3089,49,15,1319.91,2019-03-18,2023-11-10,87.994,3,5,5,4.3,Loyal Customers,2,Premium
3090,25,8,198.47,2019-02-01,2023-12-04,24.80875,4,2,1,2.3,Potential Loyalists,1,Mid Value
3091,40,5,386.36,2019-08-26,2023-11-19,77.272,4,1,2,2.45,Potential Loyalists,1,Mid Value
3092,1061,7,418.18,2019-07-18,2021-02-01,59.74,1,1,2,1.4,Lost,0,Low Value
3093,36,13,583.3100000000001,2019-05-02,2023-11-23,44.870000000000005,4,5,4,4.25,Champions,2,Premium
3094,57,10,637.77,2019-05-09,2023-11-02,63.777,3,3,4,3.4,Loyal Customers,3,High Value
3095,18,9,687.97,2019-01-25,2023-12-11,76.44111111111111,5,2,4,3.85,Others,1,Mid Value
3096,102,10,431.07,2019-01-11,2023-09-18,43.107,2,3,3,2.6500000000000004,Loyal Customers,3,High Value
3097,191,7,590.59,2020-08-15,2023-06-21,84.37,2,1,4,2.55,Others,0,Low Value
3098,56,12,633.88,2019-09-15,2023-11-03,52.82333333333333,3,4,4,3.65,Loyal Customers,3,High Value
3099,27,9,296.22,2019-04-18,2023-12-02,32.913333333333334,4,2,1,2.3,Potential Loyalists,1,Mid Value
3100,38,16,1315.23,2019-09-14,2023-11-21,82.201875,4,5,5,4.65,Champions,2,Premium
3101,57,6,170.43,2019-09-26,2023-11-02,28.405,3,1,1,1.6999999999999997,Potential Loyalists,0,Low Value
3102,44,11,520.03,2019-03-06,2023-11-15,47.275454545454544,4,4,3,3.6,Loyal Customers,2,Premium
3103,46,7,240.57,2019-08-25,2023-11-13,34.36714285714286,3,1,1,1.6999999999999997,Potential Loyalists,0,Low Value
3104,64,8,310.75,2020-07-09,2023-10-26,38.84375,3,2,1,1.9499999999999997,Potential Loyalists,0,Low Value
3105,47,7,349.93,2020-10-13,2023-11-12,49.99,3,1,2,2.0999999999999996,Potential Loyalists,0,Low Value
3106,38,14,583.63,2019-02-11,2023-11-21,41.68785714285714,4,5,4,4.25,Champions,2,Premium
3107,205,8,512.99,2019-05-01,2023-06-07,64.12375,2,2,3,2.4000000000000004,At Risk,0,Low Value
3108,68,8,768.07,2020-07-11,2023-10-22,96.00875,3,2,5,3.55,At Risk,3,High Value
3109,397,14,581.12,2019-05-16,2022-11-27,41.50857142857143,1,5,4,3.2,Others,3,High Value
3110,23,16,935.26,2019-04-22,2023-12-06,58.45375,5,5,5,5.0,Champions,2,Premium
3111,17,13,845.65,2019-02-04,2023-12-12,65.05,5,5,5,5.0,Champions,2,Premium
3112,14,10,543.96,2019-11-02,2023-12-15,54.396,5,3,3,3.7,Loyal Customers,1,Mid Value
3113,3,13,808.48,2019-06-14,2023-12-26,62.190769230769234,5,5,5,5.0,Champions,2,Premium
3114,34,12,667.5699999999999,2019-12-02,2023-11-25,55.63083333333333,4,4,4,4.0,Champions,2,Premium
3115,75,8,214.3,2019-01-05,2023-10-15,26.7875,3,2,1,1.9499999999999997,Potential Loyalists,0,Low Value
3116,9,16,1032.9099999999999,2019-12-15,2023-12-20,64.55687499999999,5,5,5,5.0,Champions,2,Premium
3117,56,11,442.76,2019-01-10,2023-11-03,40.25090909090909,3,4,3,3.25,Loyal Customers,3,High Value
3118,373,9,553.99,2019-11-17,2022-12-21,61.55444444444444,1,2,3,2.0500000000000003,Others,0,Low Value
3119,198,6,211.59,2019-11-08,2023-06-14,35.265,2,1,1,1.35,Lost,0,Low Value
3120,41,7,1123.1599999999999,2020-11-03,2023-11-18,160.45142857142855,4,1,5,3.65,Others,1,Mid Value
3121,52,14,791.56,2019-09-09,2023-11-07,56.54,3,5,5,4.3,Loyal Customers,2,Premium
3122,74,10,417.33000000000004,2019-08-28,2023-10-16,41.733000000000004,3,3,2,2.5999999999999996,Potential Loyalists,1,Mid Value
3123,28,12,967.0899999999999,2019-08-21,2023-12-01,80.59083333333332,4,4,5,4.4,Champions,2,Premium
3124,195,15,736.37,2019-06-17,2023-06-17,49.09133333333333,2,5,4,3.55,Loyal Customers,3,High Value
3125,6,10,422.56,2019-03-08,2023-12-23,42.256,5,3,2,3.3,Potential Loyalists,1,Mid Value
3126,147,15,2572.85,2019-01-05,2023-08-04,171.52333333333334,2,5,5,3.95,Loyal Customers,3,High Value
3127,47,12,983.3000000000001,2019-04-06,2023-11-12,81.94166666666668,3,4,5,4.05,Loyal Customers,2,Premium
3128,56,8,377.61,2019-01-26,2023-11-03,47.20125,3,2,2,2.3499999999999996,Potential Loyalists,1,Mid Value
3129,154,7,472.96999999999997,2020-01-20,2023-07-28,67.56714285714285,2,1,3,2.1500000000000004,Others,0,Low Value
3130,14,5,220.08,2019-11-06,2023-12-15,44.016000000000005,5,1,1,2.4,Potential Loyalists,1,Mid Value
3131,228,7,379.38,2019-12-26,2023-05-15,54.19714285714286,2,1,2,1.75,Lost,0,Low Value
3132,28,7,239.26999999999998,2019-02-03,2023-12-01,34.18142857142857,4,1,1,2.05,Potential Loyalists,1,Mid Value
3133,173,8,898.29,2019-07-25,2023-07-09,112.28625,2,2,5,3.2,At Risk,3,High Value
3134,1,6,212.9,2019-12-26,2023-12-28,35.483333333333334,5,1,1,2.4,Potential Loyalists,1,Mid Value
3135,408,6,319.09,2019-04-16,2022-11-16,53.181666666666665,1,1,2,1.4,Lost,0,Low Value
3136,32,3,176.14,2021-10-28,2023-11-27,58.71333333333333,4,1,1,2.05,Potential Loyalists,1,Mid Value
3137,5,10,837.81,2019-01-25,2023-12-24,83.78099999999999,5,3,5,4.5,Loyal Customers,2,Premium
3138,54,9,246.48,2019-11-07,2023-11-05,27.386666666666667,3,2,1,1.9499999999999997,Potential Loyalists,0,Low Value
3139,131,8,327.18,2019-09-14,2023-08-20,40.8975,2,2,2,2.0,At Risk,0,Low Value
3140,37,9,357.45000000000005,2019-08-10,2023-11-22,39.71666666666667,4,2,2,2.7,Potential Loyalists,1,Mid Value
3141,11,9,1010.0,2019-11-12,2023-12-18,112.22222222222223,5,2,5,4.25,Others,2,Premium
3142,127,14,794.39,2019-01-01,2023-08-24,56.74214285714286,2,5,5,3.95,Loyal Customers,3,High Value
3143,87,10,546.2,2019-11-26,2023-10-03,54.620000000000005,2,3,3,2.6500000000000004,Loyal Customers,3,High Value
3144,44,14,597.27,2019-01-05,2023-11-15,42.662142857142854,4,5,4,4.25,Champions,2,Premium
3145,5,11,392.71,2019-02-12,2023-12-24,35.700909090909086,5,4,2,3.55,Others,1,Mid Value
3146,34,9,328.03000000000003,2019-03-26,2023-11-25,36.44777777777778,4,2,2,2.7,Potential Loyalists,1,Mid Value
3147,35,11,371.56,2019-01-23,2023-11-24,33.77818181818182,4,4,2,3.2,Others,1,Mid Value
3148,57,6,345.90999999999997,2019-01-12,2023-11-02,57.651666666666664,3,1,2,2.0999999999999996,Potential Loyalists,0,Low Value
3149,33,8,294.27,2019-12-16,2023-11-26,36.78375,4,2,1,2.3,Potential Loyalists,1,Mid Value
3150,42,11,722.0600000000001,2019-08-12,2023-11-17,65.64181818181818,4,4,4,4.0,Champions,2,Premium
3151,68,7,565.6500000000001,2019-03-19,2023-10-22,80.80714285714286,3,1,4,2.9,Others,1,Mid Value
3152,10,11,689.15,2019-10-01,2023-12-19,62.65,5,4,4,4.35,Champions,2,Premium
3153,804,3,153.41,2020-11-01,2021-10-16,51.13666666666666,1,1,1,1.0,Lost,0,Low Value
3154,270,8,361.41,2019-04-05,2023-04-03,45.17625,1,2,2,1.65,Lost,0,Low Value
3155,52,12,634.57,2019-01-01,2023-11-07,52.880833333333335,3,4,4,3.65,Loyal Customers,3,High Value
3156,452,6,183.03,2020-10-02,2022-10-03,30.505,1,1,1,1.0,Lost,0,Low Value
3157,267,6,188.92000000000002,2021-04-17,2023-04-06,31.486666666666668,1,1,1,1.0,Lost,0,Low Value
3158,41,12,513.01,2019-01-27,2023-11-18,42.75083333333333,4,4,3,3.6,Loyal Customers,2,Premium
3159,51,5,1065.3300000000002,2019-12-25,2023-11-08,213.06600000000003,3,1,5,3.3,Others,3,High Value
3160,314,10,482.15,2019-01-25,2023-02-18,48.214999999999996,1,3,3,2.3000000000000003,Others,3,High Value
3161,123,8,356.32,2019-02-12,2023-08-28,44.54,2,2,2,2.0,At Risk,0,Low Value
3162,110,10,604.36,2019-04-02,2023-09-10,60.436,2,3,4,3.05,Loyal Customers,3,High Value
3163,477,9,401.33,2019-03-27,2022-09-08,44.59222222222222,1,2,2,1.65,Lost,0,Low Value
3164,762,13,785.41,2019-01-05,2021-11-27,60.41615384615385,1,5,5,3.6,Others,3,High Value
3165,10,10,385.99,2019-02-01,2023-12-19,38.599000000000004,5,3,2,3.3,Potential Loyalists,1,Mid Value
3166,58,10,435.28999999999996,2019-09-21,2023-11-01,43.528999999999996,3,3,3,3.0,Loyal Customers,3,High Value
3167,252,18,1070.94,2019-12-14,2023-04-21,59.49666666666667,1,5,5,3.6,Others,3,High Value
3168,10,11,932.11,2019-04-24,2023-12-19,84.73727272727272,5,4,5,4.75,Champions,2,Premium
3169,16,6,475.21,2019-11-18,2023-12-13,79.20166666666667,5,1,3,3.2,Potential Loyalists,1,Mid Value
3170,50,11,869.61,2019-11-15,2023-11-09,79.05545454545455,3,4,5,4.05,Loyal Customers,2,Premium
3171,283,6,279.47,2019-12-14,2023-03-21,46.57833333333334,1,1,1,1.0,Lost,0,Low Value
3172,313,11,1777.7,2019-06-08,2023-02-19,161.60909090909092,1,4,5,3.35,Others,3,High Value
3173,13,7,279.12,2019-12-01,2023-12-16,39.87428571428571,5,1,1,2.4,Potential Loyalists,1,Mid Value
3174,16,14,949.02,2019-05-04,2023-12-13,67.78714285714285,5,5,5,5.0,Champions,2,Premium
3175,72,7,215.6,2019-11-06,2023-10-18,30.8,3,1,1,1.6999999999999997,Potential Loyalists,0,Low Value
3176,87,8,329.91999999999996,2019-02-03,2023-10-03,41.239999999999995,2,2,2,2.0,At Risk,0,Low Value
3177,256,3,173.45,2022-08-04,2023-04-17,57.81666666666666,1,1,1,1.0,Lost,0,Low Value
3178,5,5,226.51,2020-04-05,2023-12-24,45.302,5,1,1,2.4,Potential Loyalists,1,Mid Value
3179,9,11,371.83,2019-06-04,2023-12-20,33.802727272727275,5,4,2,3.55,Others,1,Mid Value
3180,321,11,932.9,2019-03-07,2023-02-11,84.80909090909091,1,4,5,3.35,Others,3,High Value
3181,77,6,181.81,2019-12-25,2023-10-13,30.301666666666666,3,1,1,1.6999999999999997,Potential Loyalists,0,Low Value
3182,21,11,489.65,2019-07-24,2023-12-08,44.51363636363636,5,4,3,3.95,Loyal Customers,2,Premium
3183,54,5,249.5,2019-02-20,2023-11-05,49.9,3,1,1,1.6999999999999997,Potential Loyalists,0,Low Value
3184,326,9,356.03999999999996,2020-02-10,2023-02-06,39.559999999999995,1,2,2,1.65,Lost,0,Low Value
3185,239,9,496.47,2019-03-15,2023-05-04,55.163333333333334,2,2,3,2.4000000000000004,At Risk,0,Low Value
3186,32,11,672.66,2019-04-04,2023-11-27,61.15090909090909,4,4,4,4.0,Champions,2,Premium
3187,401,6,334.31,2019-11-06,2022-11-23,55.718333333333334,1,1,2,1.4,Lost,0,Low Value
3188,32,14,643.98,2019-03-08,2023-11-27,45.99857142857143,4,5,4,4.25,Champions,2,Premium
3189,382,7,1108.01,2019-08-11,2022-12-12,158.28714285714287,1,1,5,2.6,Others,3,High Value
3190,43,5,184.28,2019-02-24,2023-11-16,36.856,4,1,1,2.05,Potential Loyalists,1,Mid Value
3191,533,5,2047.2,2019-09-23,2022-07-14,409.44,1,1,5,2.6,Others,3,High Value
3192,562,5,215.09,2019-03-18,2022-06-15,43.018,1,1,1,1.0,Lost,0,Low Value
3193,163,5,239.88,2020-11-16,2023-07-19,47.976,2,1,1,1.35,Lost,0,Low Value
3194,77,10,585.0799999999999,2019-05-15,2023-10-13,58.507999999999996,3,3,4,3.4,Loyal Customers,3,High Value
3195,6,14,398.92,2019-05-19,2023-12-23,28.494285714285716,5,5,2,3.8,Others,2,Premium
3196,500,10,444.11,2019-05-25,2022-08-16,44.411,1,3,3,2.3000000000000003,Others,3,High Value
3197,170,9,568.8,2020-12-19,2023-07-12,63.199999999999996,2,2,4,2.8,At Risk,3,High Value
3198,74,12,461.36,2019-03-19,2023-10-16,38.446666666666665,3,4,3,3.25,Loyal Customers,3,High Value
3199,6,13,1513.66,2019-09-19,2023-12-23,116.43538461538462,5,5,5,5.0,Champions,2,Premium
3200,306,6,332.65000000000003,2019-01-10,2023-02-26,55.44166666666667,1,1,2,1.4,Lost,0,Low Value
3201,11,11,859.9300000000001,2019-08-04,2023-12-18,78.17545454545456,5,4,5,4.75,Champions,2,Premium
3202,374,6,422.35,2020-04-05,2022-12-20,70.39166666666667,1,1,2,1.4,Lost,0,Low Value
3203,764,5,197.66,2019-11-15,2021-11-25,39.532,1,1,1,1.0,Lost,0,Low Value
3204,157,10,307.09000000000003,2019-08-08,2023-07-25,30.709000000000003,2,3,1,1.85,Others,0,Low Value
3205,21,17,755.76,2019-04-22,2023-12-08,44.45647058823529,5,5,4,4.6,Champions,2,Premium
3206,54,11,980.6400000000001,2019-03-17,2023-11-05,89.14909090909092,3,4,5,4.05,Loyal Customers,2,Premium
3207,340,11,795.63,2019-02-28,2023-01-23,72.33,1,4,5,3.35,Others,3,High Value
3208,387,11,1093.78,2019-02-11,2022-12-07,99.43454545454546,1,4,5,3.35,Others,3,High Value
3209,165,11,799.09,2019-04-21,2023-07-17,72.64454545454545,2,4,5,3.7,Loyal Customers,3,High Value
3210,42,8,491.95,2019-09-28,2023-11-17,61.49375,4,2,3,3.1,Potential Loyalists,1,Mid Value
3211,70,7,692.03,2020-09-11,2023-10-20,98.86142857142856,3,1,4,2.9,Others,1,Mid Value
3212,116,5,158.67,2021-01-20,2023-09-04,31.733999999999998,2,1,1,1.35,Lost,0,Low Value
3213,69,13,1043.49,2019-08-04,2023-10-21,80.26846153846154,3,5,5,4.3,Loyal Customers,2,Premium
3214,76,11,700.15,2019-04-11,2023-10-14,63.65,3,4,4,3.65,Loyal Customers,3,High Value
3215,16,12,503.0,2019-11-20,2023-12-13,41.916666666666664,5,4,3,3.95,Loyal Customers,2,Premium
3216,17,7,288.36,2019-11-17,2023-12-12,41.19428571428572,5,1,1,2.4,Potential Loyalists,1,Mid Value
3217,173,7,329.66999999999996,2020-11-11,2023-07-09,47.09571428571428,2,1,2,1.75,Lost,0,Low Value
3218,362,9,561.98,2019-11-14,2023-01-01,62.44222222222223,1,2,4,2.45,Others,3,High Value
3219,135,7,407.16,2019-10-15,2023-08-16,58.16571428571429,2,1,2,1.75,Lost,0,Low Value
3220,43,6,194.05,2019-11-25,2023-11-16,32.34166666666667,4,1,1,2.05,Potential Loyalists,1,Mid Value
3221,19,4,229.98,2019-11-02,2023-12-10,57.495,5,1,1,2.4,Potential Loyalists,1,Mid Value
3222,33,9,371.26,2019-06-18,2023-11-26,41.25111111111111,4,2,2,2.7,Potential Loyalists,1,Mid Value
3223,58,9,576.25,2019-06-22,2023-11-01,64.02777777777777,3,2,4,3.15,At Risk,3,High Value
3224,207,7,306.18,2019-06-19,2023-06-05,43.74,2,1,1,1.35,Lost,0,Low Value
3225,7,11,1090.05,2019-03-06,2023-12-22,99.09545454545454,5,4,5,4.75,Champions,2,Premium
3226,399,8,1073.34,2019-02-20,2022-11-25,134.1675,1,2,5,2.85,Others,3,High Value
3227,45,10,1621.77,2019-01-06,2023-11-14,162.177,3,3,5,3.8,Loyal Customers,3,High Value
3228,54,12,381.01,2019-03-13,2023-11-05,31.750833333333333,3,4,2,2.8499999999999996,At Risk,1,Mid Value
3229,241,7,271.47,2019-08-24,2023-05-02,38.78142857142858,2,1,1,1.35,Lost,0,Low Value
3230,751,9,296.56,2019-02-15,2021-12-08,32.95111111111111,1,2,1,1.25,Lost,0,Low Value
3231,39,9,865.49,2019-05-22,2023-11-20,96.16555555555556,4,2,5,3.9,Others,2,Premium
3232,27,11,931.37,2019-10-20,2023-12-02,84.67,4,4,5,4.4,Champions,2,Premium
3233,18,8,582.96,2019-07-23,2023-12-11,72.87,5,2,4,3.85,Others,1,Mid Value
3234,16,14,1017.41,2019-01-12,2023-12-13,72.67214285714286,5,5,5,5.0,Champions,2,Premium
3235,15,12,451.27,2019-11-08,2023-12-14,37.60583333333333,5,4,3,3.95,Loyal Customers,2,Premium
3236,3,13,434.33,2019-03-27,2023-12-26,33.41,5,5,3,4.2,Loyal Customers,2,Premium
3237,272,9,728.04,2019-10-01,2023-04-01,80.89333333333333,1,2,4,2.45,Others,3,High Value
3238,137,9,317.1,2019-12-15,2023-08-14,35.233333333333334,2,2,1,1.6,Lost,0,Low Value
3239,362,13,1320.33,2019-09-07,2023-01-01,101.56384615384614,1,5,5,3.6,Others,3,High Value
3240,407,10,482.55,2019-02-10,2022-11-17,48.255,1,3,3,2.3000000000000003,Others,3,High Value
3241,129,4,166.07,2021-10-01,2023-08-22,41.5175,2,1,1,1.35,Lost,0,Low Value
3242,68,9,476.94,2019-07-23,2023-10-22,52.99333333333333,3,2,3,2.75,Potential Loyalists,1,Mid Value
3243,24,9,410.89,2019-01-02,2023-12-05,45.654444444444444,5,2,2,3.05,Potential Loyalists,1,Mid Value
3244,763,9,280.11,2019-11-08,2021-11-26,31.123333333333335,1,2,1,1.25,Lost,0,Low Value
3245,54,7,488.45,2019-11-08,2023-11-05,69.77857142857142,3,1,3,2.5,Potential Loyalists,1,Mid Value
3246,2,11,527.79,2019-10-27,2023-12-27,47.98090909090909,5,4,3,3.95,Loyal Customers,2,Premium
3247,6,9,959.62,2019-10-10,2023-12-23,106.62444444444445,5,2,5,4.25,Others,2,Premium
3248,118,9,293.31,2019-03-02,2023-09-02,32.59,2,2,1,1.6,Lost,0,Low Value
3249,118,8,397.88,2019-02-02,2023-09-02,49.735,2,2,2,2.0,At Risk,0,Low Value
3250,107,6,148.18,2019-06-08,2023-09-13,24.69666666666667,2,1,1,1.35,Lost,0,Low Value
3251,118,11,329.91,2019-09-24,2023-09-02,29.991818181818186,2,4,2,2.5,At Risk,3,High Value
3252,15,8,565.99,2019-10-19,2023-12-14,70.74875,5,2,4,3.85,Others,1,Mid Value
3253,99,6,207.58999999999997,2019-02-02,2023-09-21,34.59833333333333,2,1,1,1.35,Lost,0,Low Value
3254,160,10,591.9300000000001,2019-02-02,2023-07-22,59.193000000000005,2,3,4,3.05,Loyal Customers,3,High Value
3255,55,5,279.21,2021-11-22,2023-11-04,55.842,3,1,1,1.6999999999999997,Potential Loyalists,0,Low Value
3256,13,10,319.43,2019-11-15,2023-12-16,31.943,5,3,2,3.3,Potential Loyalists,1,Mid Value
3257,40,7,181.71,2019-05-12,2023-11-19,25.958571428571428,4,1,1,2.05,Potential Loyalists,1,Mid Value
3258,66,12,429.83,2019-03-27,2023-10-24,35.81916666666667,3,4,3,3.25,Loyal Customers,3,High Value
3259,301,10,805.92,2019-02-05,2023-03-03,80.592,1,3,5,3.1,Others,3,High Value
3260,23,12,1382.08,2019-04-17,2023-12-06,115.17333333333333,5,4,5,4.75,Champions,2,Premium
3261,8,9,408.56,2019-08-12,2023-12-21,45.39555555555555,5,2,2,3.05,Potential Loyalists,1,Mid Value
3262,69,6,410.94,2019-10-14,2023-10-21,68.49,3,1,2,2.0999999999999996,Potential Loyalists,0,Low Value
3263,396,11,1471.01,2019-02-20,2022-11-28,133.7281818181818,1,4,5,3.35,Others,3,High Value
3264,401,8,584.38,2019-01-20,2022-11-23,73.0475,1,2,4,2.45,Others,3,High Value
3265,33,12,799.88,2019-03-14,2023-11-26,66.65666666666667,4,4,5,4.4,Champions,2,Premium
3266,15,15,690.36,2019-01-15,2023-12-14,46.024,5,5,4,4.6,Champions,2,Premium
3267,285,13,831.03,2019-11-12,2023-03-19,63.925384615384615,1,5,5,3.6,Others,3,High Value
3268,43,13,768.59,2019-02-20,2023-11-16,59.12230769230769,4,5,5,4.65,Champions,2,Premium
3269,54,10,755.9699999999999,2019-06-14,2023-11-05,75.597,3,3,4,3.4,Loyal Customers,3,High Value
3270,51,14,534.26,2020-05-16,2023-11-08,38.16142857142857,3,5,3,3.5,Loyal Customers,2,Premium
3271,11,13,1068.88,2019-06-04,2023-12-18,82.22153846153847,5,5,5,5.0,Champions,2,Premium
3272,339,5,165.60999999999999,2020-03-22,2023-01-24,33.122,1,1,1,1.0,Lost,0,Low Value
3273,374,12,711.36,2019-07-12,2022-12-20,59.28,1,4,4,2.95,Others,3,High Value
3274,345,6,140.03,2019-05-20,2023-01-18,23.338333333333335,1,1,1,1.0,Lost,0,Low Value
3275,71,16,626.32,2019-03-20,2023-10-19,39.145,3,5,4,3.9,Loyal Customers,2,Premium
3276,386,9,276.32,2019-02-27,2022-12-08,30.702222222222222,1,2,1,1.25,Lost,0,Low Value
3277,58,4,208.01999999999998,2019-03-19,2023-11-01,52.004999999999995,3,1,1,1.6999999999999997,Potential Loyalists,0,Low Value
3278,2,16,630.83,2019-03-05,2023-12-27,39.426875,5,5,4,4.6,Champions,2,Premium
3279,57,14,893.74,2019-10-17,2023-11-02,63.83857142857143,3,5,5,4.3,Loyal Customers,2,Premium
3280,17,9,641.38,2019-11-12,2023-12-12,71.26444444444445,5,2,4,3.85,Others,1,Mid Value
3281,51,10,473.55,2019-07-02,2023-11-08,47.355000000000004,3,3,3,3.0,Loyal Customers,3,High Value
3282,166,8,513.14,2019-12-17,2023-07-16,64.1425,2,2,3,2.4000000000000004,At Risk,0,Low Value
3283,20,10,881.99,2019-02-15,2023-12-09,88.199,5,3,5,4.5,Loyal Customers,2,Premium
3284,35,11,251.46,2019-02-07,2023-11-24,22.86,4,4,1,2.8,Others,1,Mid Value
3285,21,15,772.37,2019-03-03,2023-12-08,51.49133333333334,5,5,5,5.0,Champions,2,Premium
3286,503,6,159.54,2019-01-18,2022-08-13,26.59,1,1,1,1.0,Lost,0,Low Value
3287,2,11,1266.93,2020-03-07,2023-12-27,115.17545454545456,5,4,5,4.75,Champions,2,Premium
3288,340,8,449.03,2019-10-23,2023-01-23,56.12875,1,2,3,2.0500000000000003,Others,0,Low Value
3289,79,8,296.53,2019-01-02,2023-10-11,37.06625,3,2,1,1.9499999999999997,Potential Loyalists,0,Low Value
3290,383,10,985.92,2019-01-28,2022-12-11,98.592,1,3,5,3.1,Others,3,High Value
3291,751,8,443.22,2019-11-20,2021-12-08,55.4025,1,2,3,2.0500000000000003,Others,0,Low Value
3292,20,14,483.5,2019-02-27,2023-12-09,34.535714285714285,5,5,3,4.2,Loyal Customers,2,Premium
3293,52,9,594.8,2020-05-28,2023-11-07,66.08888888888889,3,2,4,3.15,At Risk,3,High Value
3294,281,6,215.74,2020-08-22,2023-03-23,35.95666666666667,1,1,1,1.0,Lost,0,Low Value
3295,106,12,918.4100000000001,2019-01-09,2023-09-14,76.53416666666668,2,4,5,3.7,Loyal Customers,3,High Value
3296,87,16,1167.42,2019-10-18,2023-10-03,72.96375,2,5,5,3.95,Loyal Customers,3,High Value
3297,38,14,794.59,2019-07-01,2023-11-21,56.75642857142857,4,5,5,4.65,Champions,2,Premium
3298,102,11,431.51,2019-10-16,2023-09-18,39.22818181818182,2,4,3,2.9000000000000004,Loyal Customers,3,High Value
3299,5,8,440.63,2019-02-02,2023-12-24,55.07875,5,2,3,3.45,Potential Loyalists,1,Mid Value
3300,32,9,375.16,2019-11-05,2023-11-27,41.684444444444445,4,2,2,2.7,Potential Loyalists,1,Mid Value
3301,320,10,714.38,2019-11-09,2023-02-12,71.438,1,3,4,2.7,Others,3,High Value
3302,92,10,283.59000000000003,2019-07-09,2023-09-28,28.359,2,3,1,1.85,Others,0,Low Value
3303,484,6,171.53,2019-08-20,2022-09-01,28.588333333333335,1,1,1,1.0,Lost,0,Low Value
3304,96,17,809.04,2019-05-13,2023-09-24,47.59058823529411,2,5,5,3.95,Loyal Customers,3,High Value
3305,54,8,289.2,2020-02-01,2023-11-05,36.15,3,2,1,1.9499999999999997,Potential Loyalists,0,Low Value
3306,8,15,832.47,2019-06-24,2023-12-21,55.498000000000005,5,5,5,5.0,Champions,2,Premium
3307,107,14,1544.58,2019-10-05,2023-09-13,110.32714285714285,2,5,5,3.95,Loyal Customers,3,High Value
3308,200,8,559.66,2019-10-25,2023-06-12,69.9575,2,2,4,2.8,At Risk,3,High Value
3309,22,10,634.37,2019-01-09,2023-12-07,63.437,5,3,4,4.1,Loyal Customers,2,Premium
3310,31,7,233.97,2019-11-05,2023-11-28,33.424285714285716,4,1,1,2.05,Potential Loyalists,1,Mid Value
3311,20,10,403.57,2020-04-01,2023-12-09,40.357,5,3,2,3.3,Potential Loyalists,1,Mid Value
3312,43,15,999.5,2019-02-24,2023-11-16,66.63333333333334,4,5,5,4.65,Champions,2,Premium
3313,415,12,1130.5,2019-12-27,2022-11-09,94.20833333333333,1,4,5,3.35,Others,3,High Value
3314,52,7,597.54,2019-02-20,2023-11-07,85.36285714285714,3,1,4,2.9,Others,1,Mid Value
3315,76,6,254.58999999999997,2019-07-02,2023-10-14,42.431666666666665,3,1,1,1.6999999999999997,Potential Loyalists,0,Low Value
3316,42,10,403.44,2019-06-17,2023-11-17,40.344,4,3,2,2.95,Potential Loyalists,1,Mid Value
3317,147,14,501.94000000000005,2019-08-05,2023-08-04,35.85285714285715,2,5,3,3.1500000000000004,Loyal Customers,3,High Value
3318,691,2,32.83,2021-11-08,2022-02-06,16.415,1,1,1,1.0,Lost,0,Low Value
3319,168,14,818.11,2019-04-15,2023-07-14,58.43642857142857,2,5,5,3.95,Loyal Customers,3,High Value
3320,17,7,209.44,2019-11-07,2023-12-12,29.919999999999998,5,1,1,2.4,Potential Loyalists,1,Mid Value
3321,416,10,792.09,2019-03-26,2022-11-08,79.209,1,3,5,3.1,Others,3,High Value
3322,40,9,935.3,2019-11-11,2023-11-19,103.92222222222222,4,2,5,3.9,Others,2,Premium
3323,32,7,482.2,2020-02-04,2023-11-27,68.88571428571429,4,1,3,2.85,Potential Loyalists,1,Mid Value
3324,39,7,462.82,2019-11-13,2023-11-20,66.11714285714285,4,1,3,2.85,Potential Loyalists,1,Mid Value
3325,37,11,655.62,2019-03-03,2023-11-22,59.60181818181818,4,4,4,4.0,Champions,2,Premium
3326,8,10,1261.94,2019-11-22,2023-12-21,126.194,5,3,5,4.5,Loyal Customers,2,Premium
3327,38,8,291.26,2019-11-21,2023-11-21,36.4075,4,2,1,2.3,Potential Loyalists,1,Mid Value
3328,141,8,824.25,2020-11-15,2023-08-10,103.03125,2,2,5,3.2,At Risk,3,High Value
3329,133,10,284.36,2019-03-10,2023-08-18,28.436,2,3,1,1.85,Others,0,Low Value
3330,192,7,284.61,2019-02-02,2023-06-20,40.65857142857143,2,1,1,1.35,Lost,0,Low Value
3331,43,8,608.01,2019-11-21,2023-11-16,76.00125,4,2,4,3.5,Others,1,Mid Value
3332,34,11,410.39,2019-11-13,2023-11-25,37.308181818181815,4,4,2,3.2,Others,1,Mid Value
3333,11,11,767.4300000000001,2019-09-19,2023-12-18,69.76636363636364,5,4,5,4.75,Champions,2,Premium
3334,180,8,431.51,2019-03-01,2023-07-02,53.93875,2,2,3,2.4000000000000004,At Risk,0,Low Value
3335,199,13,574.32,2019-03-21,2023-06-13,44.17846153846154,2,5,4,3.55,Loyal Customers,3,High Value
3336,33,8,319.82,2019-02-02,2023-11-26,39.9775,4,2,2,2.7,Potential Loyalists,1,Mid Value
3337,209,12,678.65,2019-11-27,2023-06-03,56.55416666666667,2,4,4,3.3,Loyal Customers,3,High Value
3338,21,11,425.54,2019-11-16,2023-12-08,38.68545454545455,5,4,2,3.55,Others,1,Mid Value
3339,16,8,384.44,2019-09-21,2023-12-13,48.055,5,2,2,3.05,Potential Loyalists,1,Mid Value
3340,14,11,695.64,2019-06-09,2023-12-15,63.24,5,4,4,4.35,Champions,2,Premium
3341,54,8,452.03999999999996,2019-04-27,2023-11-05,56.504999999999995,3,2,3,2.75,Potential Loyalists,1,Mid Value
3342,396,7,768.59,2019-04-01,2022-11-28,109.79857142857144,1,1,5,2.6,Others,3,High Value
3343,54,17,459.41,2019-01-09,2023-11-05,27.024117647058826,3,5,3,3.5,Loyal Customers,2,Premium
3344,179,14,600.27,2019-07-22,2023-07-03,42.87642857142857,2,5,4,3.55,Loyal Customers,3,High Value
3345,80,8,604.16,2019-08-05,2023-10-10,75.52,3,2,4,3.15,At Risk,3,High Value
3346,401,5,502.13,2019-06-16,2022-11-23,100.426,1,1,3,1.8000000000000003,Others,0,Low Value
3347,418,8,892.2099999999999,2019-02-21,2022-11-06,111.52624999999999,1,2,5,2.85,Others,3,High Value
3348,176,6,850.6,2019-12-14,2023-07-06,141.76666666666668,2,1,5,2.95,Others,3,High Value
3349,8,14,753.73,2019-11-27,2023-12-21,53.837857142857146,5,5,4,4.6,Champions,2,Premium
3350,26,16,549.63,2019-05-03,2023-12-03,34.351875,4,5,3,3.85,Loyal Customers,2,Premium
3351,26,8,369.97,2019-05-21,2023-12-03,46.24625,4,2,2,2.7,Potential Loyalists,1,Mid Value
3352,293,15,884.29,2019-02-19,2023-03-11,58.952666666666666,1,5,5,3.6,Others,3,High Value
3353,54,7,191.75,2019-04-08,2023-11-05,27.392857142857142,3,1,1,1.6999999999999997,Potential Loyalists,0,Low Value
3354,96,7,463.86,2019-11-07,2023-09-24,66.26571428571428,2,1,3,2.1500000000000004,Others,0,Low Value
3355,51,10,848.39,2019-11-21,2023-11-08,84.839,3,3,5,3.8,Loyal Customers,3,High Value
3356,32,10,868.81,2019-04-16,2023-11-27,86.881,4,3,5,4.15,Loyal Customers,2,Premium
3357,54,10,379.21999999999997,2019-09-03,2023-11-05,37.922,3,3,2,2.5999999999999996,Potential Loyalists,1,Mid Value
3358,586,6,301.38,2019-01-15,2022-05-22,50.23,1,1,1,1.0,Lost,0,Low Value
3359,169,10,706.39,2019-11-14,2023-07-13,70.639,2,3,4,3.05,Loyal Customers,3,High Value
3360,407,10,418.22999999999996,2019-07-12,2022-11-17,41.82299999999999,1,3,2,1.9000000000000001,Others,0,Low Value
3361,37,15,1220.8,2019-08-08,2023-11-22,81.38666666666667,4,5,5,4.65,Champions,2,Premium
3362,77,10,789.27,2019-11-11,2023-10-13,78.92699999999999,3,3,5,3.8,Loyal Customers,3,High Value
3363,191,7,304.14,2019-03-03,2023-06-21,43.44857142857143,2,1,1,1.35,Lost,0,Low Value
3364,396,9,458.18,2019-03-26,2022-11-28,50.90888888888889,1,2,3,2.0500000000000003,Others,0,Low Value
3365,170,5,244.91,2021-08-27,2023-07-12,48.982,2,1,1,1.35,Lost,0,Low Value
3366,32,6,258.93,2019-10-04,2023-11-27,43.155,4,1,1,2.05,Potential Loyalists,1,Mid Value
3367,67,8,226.29,2019-11-22,2023-10-23,28.28625,3,2,1,1.9499999999999997,Potential Loyalists,0,Low Value
3368,37,15,1211.69,2019-10-26,2023-11-22,80.77933333333334,4,5,5,4.65,Champions,2,Premium
3369,374,12,772.6800000000001,2019-01-17,2022-12-20,64.39,1,4,5,3.35,Others,3,High Value
3370,39,9,323.43,2019-10-01,2023-11-20,35.93666666666667,4,2,2,2.7,Potential Loyalists,1,Mid Value
3371,10,7,752.22,2019-11-21,2023-12-19,107.46000000000001,5,1,4,3.6,Others,1,Mid Value
3372,411,10,483.88,2019-02-19,2022-11-13,48.388,1,3,3,2.3000000000000003,Others,3,High Value
3373,18,15,1325.96,2019-04-10,2023-12-11,88.39733333333334,5,5,5,5.0,Champions,2,Premium
3374,37,15,531.11,2019-11-04,2023-11-22,35.407333333333334,4,5,3,3.85,Loyal Customers,2,Premium
3375,172,3,159.04,2019-02-28,2023-07-10,53.01333333333333,2,1,1,1.35,Lost,0,Low Value
3376,10,12,391.93,2019-10-01,2023-12-19,32.660833333333336,5,4,2,3.55,Others,1,Mid Value
3377,37,11,340.7,2020-02-12,2023-11-22,30.972727272727273,4,4,2,3.2,Others,1,Mid Value
3378,97,8,286.08,2019-07-04,2023-09-23,35.76,2,2,1,1.6,Lost,0,Low Value
3379,16,7,452.47,2019-05-08,2023-12-13,64.63857142857144,5,1,3,3.2,Potential Loyalists,1,Mid Value
3380,58,9,374.99,2019-07-09,2023-11-01,41.66555555555556,3,2,2,2.3499999999999996,Potential Loyalists,1,Mid Value
3381,8,17,1599.0900000000001,2019-01-18,2023-12-21,94.06411764705884,5,5,5,5.0,Champions,2,Premium
3382,188,12,688.46,2019-10-09,2023-06-24,57.37166666666667,2,4,4,3.3,Loyal Customers,3,High Value
3383,80,11,336.59,2019-11-05,2023-10-10,30.599090909090908,3,4,2,2.8499999999999996,At Risk,1,Mid Value
3384,5,10,648.83,2019-04-12,2023-12-24,64.88300000000001,5,3,4,4.1,Loyal Customers,2,Premium
3385,3,15,3155.5099999999998,2019-11-20,2023-12-26,210.3673333333333,5,5,5,5.0,Champions,2,Premium
3386,45,13,771.1,2019-11-13,2023-11-14,59.315384615384616,3,5,5,4.3,Loyal Customers,2,Premium
3387,123,7,240.26,2019-07-08,2023-08-28,34.32285714285714,2,1,1,1.35,Lost,0,Low Value
3388,34,11,1135.29,2019-06-25,2023-11-25,103.20818181818181,4,4,5,4.4,Champions,2,Premium
3389,46,15,614.9499999999999,2019-03-18,2023-11-13,40.99666666666666,3,5,4,3.9,Loyal Customers,2,Premium
3390,47,11,554.15,2019-01-19,2023-11-12,50.377272727272725,3,4,3,3.25,Loyal Customers,3,High Value
3391,416,11,622.22,2019-05-12,2022-11-08,56.56545454545455,1,4,4,2.95,Others,3,High Value
3392,195,7,249.76999999999998,2019-11-11,2023-06-17,35.68142857142857,2,1,1,1.35,Lost,0,Low Value
3393,25,4,118.68,2019-12-19,2023-12-04,29.67,4,1,1,2.05,Potential Loyalists,1,Mid Value
3394,36,7,377.33000000000004,2019-10-23,2023-11-23,53.90428571428572,4,1,2,2.45,Potential Loyalists,1,Mid Value
3395,461,9,769.51,2019-08-17,2022-09-24,85.50111111111111,1,2,5,2.85,Others,3,High Value
3396,131,12,959.91,2019-05-09,2023-08-20,79.99249999999999,2,4,5,3.7,Loyal Customers,3,High Value
3397,114,14,485.85,2019-01-25,2023-09-06,34.70357142857143,2,5,3,3.1500000000000004,Loyal Customers,3,High Value
3398,27,18,716.03,2019-07-03,2023-12-02,39.779444444444444,4,5,4,4.25,Champions,2,Premium
3399,63,10,274.73,2019-11-16,2023-10-27,27.473000000000003,3,3,1,2.1999999999999997,Potential Loyalists,1,Mid Value
3400,16,15,761.17,2019-04-08,2023-12-13,50.74466666666667,5,5,4,4.6,Champions,2,Premium
3401,12,9,301.02000000000004,2019-12-23,2023-12-17,33.44666666666667,5,2,1,2.65,Potential Loyalists,1,Mid Value
3402,14,15,598.78,2019-11-24,2023-12-15,39.91866666666667,5,5,4,4.6,Champions,2,Premium
3403,37,6,201.18,2019-02-08,2023-11-22,33.53,4,1,1,2.05,Potential Loyalists,1,Mid Value
3404,66,8,361.29,2019-01-05,2023-10-24,45.16125,3,2,2,2.3499999999999996,Potential Loyalists,1,Mid Value
3405,581,7,583.5300000000001,2019-01-10,2022-05-27,83.36142857142859,1,1,4,2.2,Others,0,Low Value
3406,102,11,682.27,2019-06-25,2023-09-18,62.02454545454545,2,4,4,3.3,Loyal Customers,3,High Value
3407,73,10,494.36,2019-11-16,2023-10-17,49.436,3,3,3,3.0,Loyal Customers,3,High Value
3408,337,9,377.18,2019-09-24,2023-01-26,41.90888888888889,1,2,2,1.65,Lost,0,Low Value
3409,2,10,455.51,2019-05-22,2023-12-27,45.551,5,3,3,3.7,Loyal Customers,1,Mid Value
3410,43,14,802.1,2019-04-08,2023-11-16,57.292857142857144,4,5,5,4.65,Champions,2,Premium
3411,108,12,957.54,2019-11-25,2023-09-12,79.795,2,4,5,3.7,Loyal Customers,3,High Value
3412,326,11,465.06,2019-01-09,2023-02-06,42.27818181818182,1,4,3,2.5500000000000003,Others,3,High Value
3413,286,8,428.95,2019-06-21,2023-03-18,53.61875,1,2,3,2.0500000000000003,Others,0,Low Value
3414,31,16,1468.97,2019-11-14,2023-11-28,91.810625,4,5,5,4.65,Champions,2,Premium
3415,53,9,432.4,2019-03-16,2023-11-06,48.044444444444444,3,2,3,2.75,Potential Loyalists,1,Mid Value
3416,85,11,819.33,2019-08-18,2023-10-05,74.48454545454545,3,4,5,4.05,Loyal Customers,2,Premium
3417,283,15,781.23,2019-11-02,2023-03-21,52.082,1,5,5,3.6,Others,3,High Value
3418,292,11,383.31,2019-07-04,2023-03-12,34.846363636363634,1,4,2,2.1500000000000004,Others,3,High Value
3419,54,19,966.2,2019-03-19,2023-11-05,50.852631578947374,3,5,5,4.3,Loyal Customers,2,Premium
3420,5,10,1294.4299999999998,2019-10-28,2023-12-24,129.44299999999998,5,3,5,4.5,Loyal Customers,2,Premium
3421,27,9,330.7,2019-05-20,2023-12-02,36.74444444444444,4,2,2,2.7,Potential Loyalists,1,Mid Value
3422,160,9,346.24,2020-08-18,2023-07-22,38.471111111111114,2,2,2,2.0,At Risk,0,Low Value
3423,246,8,569.19,2019-10-06,2023-04-27,71.14875,2,2,4,2.8,At Risk,3,High Value
3424,14,11,340.72,2019-03-03,2023-12-15,30.974545454545456,5,4,2,3.55,Others,1,Mid Value
3425,43,10,567.39,2019-07-12,2023-11-16,56.739,4,3,4,3.75,Loyal Customers,2,Premium
3426,13,8,353.85,2019-11-09,2023-12-16,44.23125,5,2,2,3.05,Potential Loyalists,1,Mid Value
3427,54,12,459.78,2019-06-26,2023-11-05,38.315,3,4,3,3.25,Loyal Customers,3,High Value
3428,228,5,340.98,2019-05-11,2023-05-15,68.196,2,1,2,1.75,Lost,0,Low Value
3429,25,8,424.59,2019-05-25,2023-12-04,53.07375,4,2,2,2.7,Potential Loyalists,1,Mid Value
3430,156,8,272.02000000000004,2019-03-20,2023-07-26,34.002500000000005,2,2,1,1.6,Lost,0,Low Value
3431,28,6,259.8,2019-01-15,2023-12-01,43.300000000000004,4,1,1,2.05,Potential Loyalists,1,Mid Value
3432,118,12,567.28,2019-04-04,2023-09-02,47.27333333333333,2,4,4,3.3,Loyal Customers,3,High Value
3433,125,7,224.2,2019-11-23,2023-08-26,32.028571428571425,2,1,1,1.35,Lost,0,Low Value
3434,399,8,232.26,2019-11-27,2022-11-25,29.0325,1,2,1,1.25,Lost,0,Low Value
3435,23,7,422.24,2019-06-07,2023-12-06,60.32,5,1,2,2.8,Potential Loyalists,1,Mid Value
3436,31,17,1129.4,2019-01-03,2023-11-28,66.43529411764706,4,5,5,4.65,Champions,2,Premium
3437,8,10,327.73,2019-11-21,2023-12-21,32.773,5,3,2,3.3,Potential Loyalists,1,Mid Value
3438,74,6,315.82,2019-09-05,2023-10-16,52.63666666666666,3,1,1,1.6999999999999997,Potential Loyalists,0,Low Value
3439,348,11,535.59,2019-01-19,2023-01-15,48.690000000000005,1,4,3,2.5500000000000003,Others,3,High Value
3440,237,9,429.72,2019-03-20,2023-05-06,47.74666666666667,2,2,3,2.4000000000000004,At Risk,0,Low Value
3441,14,10,1388.53,2020-11-08,2023-12-15,138.853,5,3,5,4.5,Loyal Customers,2,Premium
3442,245,8,319.62,2019-07-17,2023-04-28,39.9525,2,2,2,2.0,At Risk,0,Low Value
3443,49,10,477.94,2019-06-10,2023-11-10,47.794,3,3,3,3.0,Loyal Customers,3,High Value
3444,65,12,1282.34,2019-06-12,2023-10-25,106.86166666666666,3,4,5,4.05,Loyal Customers,2,Premium
3445,180,9,582.71,2019-02-17,2023-07-02,64.74555555555555,2,2,4,2.8,At Risk,3,High Value
3446,31,11,593.8100000000001,2019-10-23,2023-11-28,53.98272727272728,4,4,4,4.0,Champions,2,Premium
3447,21,9,511.0,2020-10-23,2023-12-08,56.77777777777778,5,2,3,3.45,Potential Loyalists,1,Mid Value
3448,7,5,150.26999999999998,2019-03-21,2023-12-22,30.053999999999995,5,1,1,2.4,Potential Loyalists,1,Mid Value
3449,8,12,635.37,2020-02-08,2023-12-21,52.9475,5,4,4,4.35,Champions,2,Premium
3450,1,8,928.12,2019-01-01,2023-12-28,116.015,5,2,5,4.25,Others,2,Premium
3451,80,6,149.4,2019-08-28,2023-10-10,24.900000000000002,3,1,1,1.6999999999999997,Potential Loyalists,0,Low Value
3452,26,9,264.83000000000004,2019-07-04,2023-12-03,29.42555555555556,4,2,1,2.3,Potential Loyalists,1,Mid Value
3453,12,7,188.34,2020-04-27,2023-12-17,26.905714285714286,5,1,1,2.4,Potential Loyalists,1,Mid Value
3454,47,11,729.9,2019-01-08,2023-11-12,66.35454545454546,3,4,4,3.65,Loyal Customers,3,High Value
3455,217,5,133.86,2019-12-16,2023-05-26,26.772000000000002,2,1,1,1.35,Lost,0,Low Value
3456,113,9,517.35,2019-11-15,2023-09-07,57.483333333333334,2,2,3,2.4000000000000004,At Risk,0,Low Value
3457,39,11,1234.45,2019-06-18,2023-11-20,112.22272727272728,4,4,5,4.4,Champions,2,Premium
3458,251,10,363.24,2019-10-06,2023-04-22,36.324,1,3,2,1.9000000000000001,Others,0,Low Value
3459,101,10,526.8299999999999,2019-02-12,2023-09-19,52.68299999999999,2,3,3,2.6500000000000004,Loyal Customers,3,High Value
3460,38,10,708.1800000000001,2019-07-01,2023-11-21,70.81800000000001,4,3,4,3.75,Loyal Customers,2,Premium
3461,8,8,507.23,2020-10-14,2023-12-21,63.40375,5,2,3,3.45,Potential Loyalists,1,Mid Value
3462,40,8,312.12,2019-02-01,2023-11-19,39.015,4,2,1,2.3,Potential Loyalists,1,Mid Value
3463,16,11,392.31,2019-12-04,2023-12-13,35.664545454545454,5,4,2,3.55,Others,1,Mid Value
3464,385,5,330.18,2020-09-22,2022-12-09,66.036,1,1,2,1.4,Lost,0,Low Value
3465,4,10,246.45999999999998,2019-03-01,2023-12-25,24.645999999999997,5,3,1,2.9,Potential Loyalists,1,Mid Value
3466,154,11,816.76,2019-12-27,2023-07-28,74.25090909090909,2,4,5,3.7,Loyal Customers,3,High Value
3467,56,9,726.6400000000001,2019-10-06,2023-11-03,80.7377777777778,3,2,4,3.15,At Risk,3,High Value
3468,58,11,1609.1299999999999,2019-05-28,2023-11-01,146.28454545454545,3,4,5,4.05,Loyal Customers,2,Premium
3469,8,12,459.88,2019-11-06,2023-12-21,38.32333333333333,5,4,3,3.95,Loyal Customers,2,Premium
3470,33,10,416.98,2020-05-05,2023-11-26,41.698,4,3,2,2.95,Potential Loyalists,1,Mid Value
3471,37,10,505.8,2019-01-09,2023-11-22,50.58,4,3,3,3.35,Loyal Customers,1,Mid Value
3472,118,8,425.15999999999997,2019-10-11,2023-09-02,53.144999999999996,2,2,2,2.0,At Risk,0,Low Value
3473,54,16,747.8,2019-05-06,2023-11-05,46.7375,3,5,4,3.9,Loyal Customers,2,Premium
3474,15,12,789.92,2019-11-03,2023-12-14,65.82666666666667,5,4,5,4.75,Champions,2,Premium
3475,260,13,418.53999999999996,2020-05-16,2023-04-13,32.19538461538461,1,5,2,2.4000000000000004,Others,3,High Value
3476,99,15,601.93,2019-02-04,2023-09-21,40.12866666666666,2,5,4,3.55,Loyal Customers,3,High Value
3477,154,13,2381.68,2019-05-03,2023-07-28,183.20615384615382,2,5,5,3.95,Loyal Customers,3,High Value
3478,757,12,762.74,2019-08-01,2021-12-02,63.56166666666667,1,4,4,2.95,Others,3,High Value
3479,36,10,360.51,2019-01-01,2023-11-23,36.051,4,3,2,2.95,Potential Loyalists,1,Mid Value
3480,419,12,891.89,2019-07-10,2022-11-05,74.32416666666667,1,4,5,3.35,Others,3,High Value
3481,19,11,398.94,2019-05-16,2023-12-10,36.267272727272726,5,4,2,3.55,Others,1,Mid Value
3482,46,6,245.98,2019-04-09,2023-11-13,40.99666666666666,3,1,1,1.6999999999999997,Potential Loyalists,0,Low Value
3483,319,7,280.11,2019-01-24,2023-02-13,40.01571428571429,1,1,1,1.0,Lost,0,Low Value
3484,917,6,198.98,2019-03-24,2021-06-25,33.163333333333334,1,1,1,1.0,Lost,0,Low Value
3485,203,9,668.45,2019-01-01,2023-06-09,74.27222222222223,2,2,4,2.8,At Risk,3,High Value
3486,49,6,357.67,2020-08-11,2023-11-10,59.61166666666667,3,1,2,2.0999999999999996,Potential Loyalists,0,Low Value
3487,7,14,833.8800000000001,2019-10-03,2023-12-22,59.56285714285715,5,5,5,5.0,Champions,2,Premium
3488,146,13,1065.16,2020-03-17,2023-08-05,81.93538461538462,2,5,5,3.95,Loyal Customers,3,High Value
3489,43,6,203.73,2019-03-28,2023-11-16,33.955,4,1,1,2.05,Potential Loyalists,1,Mid Value
3490,252,7,427.39,2020-02-11,2023-04-21,61.05571428571428,1,1,3,1.8000000000000003,Others,0,Low Value
3491,44,11,1121.53,2019-01-20,2023-11-15,101.95727272727272,4,4,5,4.4,Champions,2,Premium
3492,413,10,733.57,2019-07-14,2022-11-11,73.357,1,3,4,2.7,Others,3,High Value
3493,103,10,421.97,2019-04-19,2023-09-17,42.197,2,3,2,2.25,At Risk,0,Low Value
3494,402,11,267.18,2019-04-25,2022-11-22,24.28909090909091,1,4,1,1.75,Others,0,Low Value
3495,89,10,364.79,2019-02-22,2023-10-01,36.479,2,3,2,2.25,At Risk,0,Low Value
3496,225,7,367.71,2019-11-11,2023-05-18,52.529999999999994,2,1,2,1.75,Lost,0,Low Value
3497,27,15,951.29,2019-07-08,2023-12-02,63.419333333333334,4,5,5,4.65,Champions,2,Premium
3498,257,6,237.37,2020-02-09,2023-04-16,39.56166666666667,1,1,1,1.0,Lost,0,Low Value
3499,71,10,567.87,2019-02-26,2023-10-19,56.787,3,3,4,3.4,Loyal Customers,3,High Value
3500,38,16,1347.06,2019-01-08,2023-11-21,84.19125,4,5,5,4.65,Champions,2,Premium
3501,54,9,658.24,2021-08-10,2023-11-05,73.13777777777779,3,2,4,3.15,At Risk,3,High Value
3502,114,17,1127.6599999999999,2019-06-11,2023-09-06,66.33294117647058,2,5,5,3.95,Loyal Customers,3,High Value
3503,25,10,1129.51,2019-08-01,2023-12-04,112.951,4,3,5,4.15,Loyal Customers,2,Premium
3504,41,9,763.5,2019-03-02,2023-11-18,84.83333333333333,4,2,4,3.5,Others,1,Mid Value
3505,13,12,692.95,2019-05-04,2023-12-16,57.74583333333334,5,4,4,4.35,Champions,2,Premium
3506,47,10,283.34000000000003,2019-01-16,2023-11-12,28.334000000000003,3,3,1,2.1999999999999997,Potential Loyalists,1,Mid Value
3507,154,4,136.28,2021-08-27,2023-07-28,34.07,2,1,1,1.35,Lost,0,Low Value
3508,80,11,383.96000000000004,2019-05-15,2023-10-10,34.905454545454546,3,4,2,2.8499999999999996,At Risk,1,Mid Value
3509,3,6,327.42,2020-04-13,2023-12-26,54.57,5,1,2,2.8,Potential Loyalists,1,Mid Value
3510,202,14,1339.24,2019-03-25,2023-06-10,95.66,2,5,5,3.95,Loyal Customers,3,High Value
3511,41,8,348.87,2019-04-09,2023-11-18,43.60875,4,2,2,2.7,Potential Loyalists,1,Mid Value
3512,46,8,418.69,2019-03-02,2023-11-13,52.33625,3,2,2,2.3499999999999996,Potential Loyalists,1,Mid Value
3513,511,8,301.1,2019-11-05,2022-08-05,37.6375,1,2,1,1.25,Lost,0,Low Value
3514,45,11,421.24,2019-02-18,2023-11-14,38.29454545454546,3,4,2,2.8499999999999996,At Risk,1,Mid Value
3515,58,8,1062.53,2020-11-19,2023-11-01,132.81625,3,2,5,3.55,At Risk,3,High Value
3516,264,8,609.56,2019-05-22,2023-04-09,76.195,1,2,4,2.45,Others,3,High Value
3517,32,8,704.5,2019-11-17,2023-11-27,88.0625,4,2,4,3.5,Others,1,Mid Value
3518,78,12,687.34,2019-02-19,2023-10-12,57.278333333333336,3,4,4,3.65,Loyal Customers,3,High Value
3519,48,8,328.51,2019-11-04,2023-11-11,41.06375,3,2,2,2.3499999999999996,Potential Loyalists,1,Mid Value
3520,186,9,625.98,2019-07-02,2023-06-26,69.55333333333334,2,2,4,2.8,At Risk,3,High Value
3521,58,6,410.72,2019-04-10,2023-11-01,68.45333333333333,3,1,2,2.0999999999999996,Potential Loyalists,0,Low Value
3522,16,15,476.94,2019-04-07,2023-12-13,31.796,5,5,3,4.2,Loyal Customers,2,Premium
3523,303,13,725.65,2019-10-25,2023-03-01,55.81923076923077,1,5,4,3.2,Others,3,High Value
3524,48,8,239.49,2019-02-10,2023-11-11,29.93625,3,2,1,1.9499999999999997,Potential Loyalists,0,Low Value
3525,45,9,397.5,2019-12-10,2023-11-14,44.166666666666664,3,2,2,2.3499999999999996,Potential Loyalists,1,Mid Value
3526,407,5,197.29,2021-05-06,2022-11-17,39.458,1,1,1,1.0,Lost,0,Low Value
3527,450,9,2240.75,2019-02-03,2022-10-05,248.97222222222223,1,2,5,2.85,Others,3,High Value
3528,303,11,449.73,2020-06-14,2023-03-01,40.88454545454545,1,4,3,2.5500000000000003,Others,3,High Value
3529,387,7,288.06,2019-02-24,2022-12-07,41.151428571428575,1,1,1,1.0,Lost,0,Low Value
3530,99,12,628.3,2019-03-04,2023-09-21,52.35833333333333,2,4,4,3.3,Loyal Customers,3,High Value
3531,387,9,295.4,2019-05-15,2022-12-07,32.82222222222222,1,2,1,1.25,Lost,0,Low Value
3532,733,4,198.08999999999997,2019-06-27,2021-12-26,49.522499999999994,1,1,1,1.0,Lost,0,Low Value
3533,384,6,475.27,2019-04-17,2022-12-10,79.21166666666666,1,1,3,1.8000000000000003,Others,0,Low Value
3534,217,11,644.7,2019-06-17,2023-05-26,58.60909090909092,2,4,4,3.3,Loyal Customers,3,High Value
3535,34,11,674.45,2019-06-27,2023-11-25,61.31363636363637,4,4,4,4.0,Champions,2,Premium
3536,14,10,452.89,2019-10-20,2023-12-15,45.289,5,3,3,3.7,Loyal Customers,1,Mid Value
3537,166,12,569.51,2019-05-12,2023-07-16,47.45916666666667,2,4,4,3.3,Loyal Customers,3,High Value
3538,32,10,581.15,2019-03-18,2023-11-27,58.114999999999995,4,3,4,3.75,Loyal Customers,2,Premium
3539,135,14,1334.8899999999999,2019-01-09,2023-08-16,95.3492857142857,2,5,5,3.95,Loyal Customers,3,High Value
3540,55,11,542.75,2019-04-04,2023-11-04,49.34090909090909,3,4,3,3.25,Loyal Customers,3,High Value
3541,109,14,1887.87,2019-08-20,2023-09-11,134.84785714285712,2,5,5,3.95,Loyal Customers,3,High Value
3542,21,8,883.3199999999999,2019-05-25,2023-12-08,110.41499999999999,5,2,5,4.25,Others,2,Premium
3543,379,7,427.37,2019-12-03,2022-12-15,61.05285714285714,1,1,3,1.8000000000000003,Others,0,Low Value
3544,33,7,460.57,2019-02-03,2023-11-26,65.79571428571428,4,1,3,2.85,Potential Loyalists,1,Mid Value
3545,11,10,330.18,2019-12-11,2023-12-18,33.018,5,3,2,3.3,Potential Loyalists,1,Mid Value
3546,221,6,219.06,2019-02-13,2023-05-22,36.51,2,1,1,1.35,Lost,0,Low Value
3547,195,2,35.94,2022-10-12,2023-06-17,17.97,2,1,1,1.35,Lost,0,Low Value
3548,43,6,338.86,2019-02-25,2023-11-16,56.47666666666667,4,1,2,2.45,Potential Loyalists,1,Mid Value
3549,36,12,2983.5099999999998,2019-03-28,2023-11-23,248.6258333333333,4,4,5,4.4,Champions,2,Premium
3550,38,8,249.07,2019-11-20,2023-11-21,31.13375,4,2,1,2.3,Potential Loyalists,1,Mid Value
3551,417,11,502.70000000000005,2019-04-09,2022-11-07,45.7,1,4,3,2.5500000000000003,Others,3,High Value
3552,732,5,532.59,2019-11-08,2021-12-27,106.518,1,1,3,1.8000000000000003,Others,0,Low Value
3553,386,12,466.21000000000004,2019-08-04,2022-12-08,38.850833333333334,1,4,3,2.5500000000000003,Others,3,High Value
3554,35,7,287.0,2019-01-22,2023-11-24,41.0,4,1,1,2.05,Potential Loyalists,1,Mid Value
3555,342,9,286.82,2019-12-09,2023-01-21,31.86888888888889,1,2,1,1.25,Lost,0,Low Value
3556,401,6,346.97,2019-08-12,2022-11-23,57.82833333333334,1,1,2,1.4,Lost,0,Low Value
3557,18,12,996.52,2019-12-11,2023-12-11,83.04333333333334,5,4,5,4.75,Champions,2,Premium
3558,82,14,1604.0,2019-05-07,2023-10-08,114.57142857142857,3,5,5,4.3,Loyal Customers,2,Premium
3559,158,16,647.0600000000001,2019-05-04,2023-07-24,40.441250000000004,2,5,4,3.55,Loyal Customers,3,High Value
3560,104,10,707.4300000000001,2019-07-01,2023-09-16,70.74300000000001,2,3,4,3.05,Loyal Customers,3,High Value
3561,20,9,333.9,2019-11-16,2023-12-09,37.099999999999994,5,2,2,3.05,Potential Loyalists,1,Mid Value
3562,21,13,556.43,2019-09-05,2023-12-08,42.802307692307686,5,5,4,4.6,Champions,2,Premium
3563,37,12,583.65,2019-01-05,2023-11-22,48.637499999999996,4,4,4,4.0,Champions,2,Premium
3564,66,10,385.15,2019-05-01,2023-10-24,38.515,3,3,2,2.5999999999999996,Potential Loyalists,1,Mid Value
3565,18,10,281.37,2019-08-20,2023-12-11,28.137,5,3,1,2.9,Potential Loyalists,1,Mid Value
3566,669,9,315.24,2019-01-10,2022-02-28,35.02666666666667,1,2,1,1.25,Lost,0,Low Value
3567,5,10,637.35,2019-09-25,2023-12-24,63.735,5,3,4,4.1,Loyal Customers,2,Premium
3568,89,10,799.87,2019-03-16,2023-10-01,79.987,2,3,5,3.45,Loyal Customers,3,High Value
3569,137,8,264.9,2019-01-20,2023-08-14,33.1125,2,2,1,1.6,Lost,0,Low Value
3570,725,7,884.95,2020-09-15,2022-01-03,126.42142857142858,1,1,5,2.6,Others,3,High Value
3571,25,8,787.66,2019-02-11,2023-12-04,98.4575,4,2,5,3.9,Others,2,Premium
3572,408,11,401.59999999999997,2019-08-04,2022-11-16,36.50909090909091,1,4,2,2.1500000000000004,Others,3,High Value
3573,23,9,643.77,2019-02-23,2023-12-06,71.53,5,2,4,3.85,Others,1,Mid Value
3574,180,6,247.61,2021-02-19,2023-07-02,41.26833333333334,2,1,1,1.35,Lost,0,Low Value
3575,33,12,806.5699999999999,2019-04-25,2023-11-26,67.21416666666666,4,4,5,4.4,Champions,2,Premium
3576,49,15,1154.01,2019-02-07,2023-11-10,76.934,3,5,5,4.3,Loyal Customers,2,Premium
3577,5,10,504.65,2020-10-15,2023-12-24,50.464999999999996,5,3,3,3.7,Loyal Customers,1,Mid Value
3578,20,14,503.78999999999996,2019-04-10,2023-12-09,35.985,5,5,3,4.2,Loyal Customers,2,Premium
3579,54,7,375.20000000000005,2019-12-17,2023-11-05,53.60000000000001,3,1,2,2.0999999999999996,Potential Loyalists,0,Low Value
3580,215,10,1012.12,2019-01-13,2023-05-28,101.212,2,3,5,3.45,Loyal Customers,3,High Value
3581,359,5,248.45,2019-11-19,2023-01-04,49.69,1,1,1,1.0,Lost,0,Low Value
3582,38,7,459.23,2019-02-16,2023-11-21,65.60428571428572,4,1,3,2.85,Potential Loyalists,1,Mid Value
3583,50,14,804.02,2019-08-25,2023-11-09,57.43,3,5,5,4.3,Loyal Customers,2,Premium
3584,47,12,507.66999999999996,2019-11-26,2023-11-12,42.30583333333333,3,4,3,3.25,Loyal Customers,3,High Value
3585,376,2,199.23000000000002,2019-12-15,2022-12-18,99.61500000000001,1,1,1,1.0,Lost,0,Low Value
3586,16,9,489.58,2019-11-01,2023-12-13,54.397777777777776,5,2,3,3.45,Potential Loyalists,1,Mid Value
3587,28,11,348.14,2019-10-15,2023-12-01,31.64909090909091,4,4,2,3.2,Others,1,Mid Value
3588,51,14,591.47,2019-02-02,2023-11-08,42.24785714285714,3,5,4,3.9,Loyal Customers,2,Premium
3589,367,9,383.83,2019-10-21,2022-12-27,42.647777777777776,1,2,2,1.65,Lost,0,Low Value
3590,32,12,852.26,2019-04-25,2023-11-27,71.02166666666666,4,4,5,4.4,Champions,2,Premium
3591,187,9,362.4,2019-08-14,2023-06-25,40.266666666666666,2,2,2,2.0,At Risk,0,Low Value
3592,370,11,372.78,2019-10-26,2022-12-24,33.8890909090909,1,4,2,2.1500000000000004,Others,3,High Value
3593,510,5,411.91,2019-08-14,2022-08-06,82.382,1,1,2,1.4,Lost,0,Low Value
3594,68,6,202.44,2019-09-20,2023-10-22,33.74,3,1,1,1.6999999999999997,Potential Loyalists,0,Low Value
3595,457,5,143.32,2020-01-17,2022-09-28,28.663999999999998,1,1,1,1.0,Lost,0,Low Value
3596,505,4,242.43,2019-11-12,2022-08-11,60.6075,1,1,1,1.0,Lost,0,Low Value
3597,11,11,712.02,2019-01-05,2023-12-18,64.72909090909091,5,4,4,4.35,Champions,2,Premium
3598,39,10,527.91,2019-09-07,2023-11-20,52.791,4,3,3,3.35,Loyal Customers,1,Mid Value
3599,422,8,428.56,2020-11-27,2022-11-02,53.57,1,2,3,2.0500000000000003,Others,0,Low Value
3600,20,7,400.82,2019-09-02,2023-12-09,57.26,5,1,2,2.8,Potential Loyalists,1,Mid Value
3601,32,12,670.23,2019-08-15,2023-11-27,55.8525,4,4,4,4.0,Champions,2,Premium
3602,41,12,399.76,2019-05-14,2023-11-18,33.31333333333333,4,4,2,3.2,Others,1,Mid Value
3603,56,8,347.86,2020-02-21,2023-11-03,43.4825,3,2,2,2.3499999999999996,Potential Loyalists,1,Mid Value
3604,293,6,299.65999999999997,2019-11-26,2023-03-11,49.94333333333333,1,1,1,1.0,Lost,0,Low Value
3605,155,11,922.65,2019-11-07,2023-07-27,83.87727272727273,2,4,5,3.7,Loyal Customers,3,High Value
3606,22,8,827.9,2019-06-20,2023-12-07,103.4875,5,2,5,4.25,Others,2,Premium
3607,53,10,681.71,2019-09-12,2023-11-06,68.171,3,3,4,3.4,Loyal Customers,3,High Value
3608,81,14,1185.7,2019-01-02,2023-10-09,84.69285714285715,3,5,5,4.3,Loyal Customers,2,Premium
3609,369,13,709.96,2019-01-19,2022-12-25,54.612307692307695,1,5,4,3.2,Others,3,High Value
3610,38,9,685.25,2019-04-05,2023-11-21,76.13888888888889,4,2,4,3.5,Others,1,Mid Value
3611,67,10,505.36,2019-09-11,2023-10-23,50.536,3,3,3,3.0,Loyal Customers,3,High Value
3612,8,13,748.46,2019-06-01,2023-12-21,57.573846153846155,5,5,4,4.6,Champions,2,Premium
3613,11,12,663.95,2019-05-24,2023-12-18,55.32916666666667,5,4,4,4.35,Champions,2,Premium
3614,260,10,509.82,2019-01-26,2023-04-13,50.982,1,3,3,2.3000000000000003,Others,3,High Value
3615,349,10,403.07,2019-06-20,2023-01-14,40.307,1,3,2,1.9000000000000001,Others,0,Low Value
3616,64,15,1264.76,2019-02-04,2023-10-26,84.31733333333334,3,5,5,4.3,Loyal Customers,2,Premium
3617,3,8,316.22,2019-01-09,2023-12-26,39.5275,5,2,1,2.65,Potential Loyalists,1,Mid Value
3618,20,16,1186.46,2019-02-21,2023-12-09,74.15375,5,5,5,5.0,Champions,2,Premium
3619,34,10,529.17,2020-03-13,2023-11-25,52.916999999999994,4,3,3,3.35,Loyal Customers,1,Mid Value
3620,25,14,521.73,2019-01-01,2023-12-04,37.26642857142857,4,5,3,3.85,Loyal Customers,2,Premium
3621,407,7,232.65,2019-04-05,2022-11-17,33.23571428571429,1,1,1,1.0,Lost,0,Low Value
3622,36,9,554.44,2019-01-14,2023-11-23,61.604444444444454,4,2,3,3.1,Potential Loyalists,1,Mid Value
3623,13,14,659.75,2019-10-27,2023-12-16,47.125,5,5,4,4.6,Champions,2,Premium
3624,39,9,477.13,2019-11-18,2023-11-20,53.01444444444444,4,2,3,3.1,Potential Loyalists,1,Mid Value
3625,130,9,403.81,2019-07-16,2023-08-21,44.867777777777775,2,2,2,2.0,At Risk,0,Low Value
3626,71,14,1025.81,2019-01-20,2023-10-19,73.27214285714285,3,5,5,4.3,Loyal Customers,2,Premium
3627,38,15,501.05,2019-10-19,2023-11-21,33.403333333333336,4,5,3,3.85,Loyal Customers,2,Premium
3628,78,12,674.27,2019-02-16,2023-10-12,56.189166666666665,3,4,4,3.65,Loyal Customers,3,High Value
3629,986,2,98.91,2019-04-05,2021-04-17,49.455,1,1,1,1.0,Lost,0,Low Value
3630,344,15,1540.17,2019-12-03,2023-01-19,102.67800000000001,1,5,5,3.6,Others,3,High Value
3631,52,10,427.13,2019-03-09,2023-11-07,42.713,3,3,3,3.0,Loyal Customers,3,High Value
3632,96,13,483.93,2019-04-14,2023-09-24,37.22538461538461,2,5,3,3.1500000000000004,Loyal Customers,3,High Value
3633,68,8,196.73000000000002,2019-08-21,2023-10-22,24.591250000000002,3,2,1,1.9499999999999997,Potential Loyalists,0,Low Value
3634,24,14,834.71,2019-11-12,2023-12-05,59.62214285714286,5,5,5,5.0,Champions,2,Premium
3635,42,12,531.65,2019-04-15,2023-11-17,44.30416666666667,4,4,3,3.6,Loyal Customers,2,Premium
3636,149,8,303.76,2019-01-04,2023-08-02,37.97,2,2,1,1.6,Lost,0,Low Value
3637,160,12,493.85,2019-01-15,2023-07-22,41.15416666666667,2,4,3,2.9000000000000004,Loyal Customers,3,High Value
3638,46,11,379.53,2019-07-08,2023-11-13,34.50272727272727,3,4,2,2.8499999999999996,At Risk,1,Mid Value
3639,36,11,526.89,2019-10-04,2023-11-23,47.89909090909091,4,4,3,3.6,Loyal Customers,2,Premium
3640,52,10,418.16999999999996,2019-03-01,2023-11-07,41.81699999999999,3,3,2,2.5999999999999996,Potential Loyalists,1,Mid Value
3641,22,4,268.87,2020-06-19,2023-12-07,67.2175,5,1,1,2.4,Potential Loyalists,1,Mid Value
3642,42,13,429.01,2019-01-19,2023-11-17,33.00076923076923,4,5,3,3.85,Loyal Customers,2,Premium
3643,54,5,145.46,2021-07-17,2023-11-05,29.092000000000002,3,1,1,1.6999999999999997,Potential Loyalists,0,Low Value
3644,224,8,661.3100000000001,2019-05-26,2023-05-19,82.66375000000001,2,2,4,2.8,At Risk,3,High Value
3645,662,4,158.86,2019-04-10,2022-03-07,39.715,1,1,1,1.0,Lost,0,Low Value
3646,784,5,324.93,2019-01-05,2021-11-05,64.986,1,1,2,1.4,Lost,0,Low Value
3647,92,9,752.97,2019-07-27,2023-09-28,83.66333333333334,2,2,4,2.8,At Risk,3,High Value
3648,66,12,332.87,2019-08-17,2023-10-24,27.739166666666666,3,4,2,2.8499999999999996,At Risk,1,Mid Value
3649,4,8,361.72,2020-11-02,2023-12-25,45.215,5,2,2,3.05,Potential Loyalists,1,Mid Value
3650,135,16,1096.77,2019-01-25,2023-08-16,68.548125,2,5,5,3.95,Loyal Customers,3,High Value
3651,400,10,391.84,2019-07-27,2022-11-24,39.184,1,3,2,1.9000000000000001,Others,0,Low Value
3652,27,18,1249.96,2019-02-07,2023-12-02,69.44222222222223,4,5,5,4.65,Champions,2,Premium
3653,96,9,421.91,2019-09-05,2023-09-24,46.878888888888895,2,2,2,2.0,At Risk,0,Low Value
3654,45,12,427.27000000000004,2019-02-08,2023-11-14,35.60583333333334,3,4,3,3.25,Loyal Customers,3,High Value
3655,57,12,477.45,2019-12-13,2023-11-02,39.7875,3,4,3,3.25,Loyal Customers,3,High Value
3656,32,9,785.58,2019-06-02,2023-11-27,87.28666666666668,4,2,5,3.9,Others,2,Premium
3657,20,10,321.6,2019-01-13,2023-12-09,32.160000000000004,5,3,2,3.3,Potential Loyalists,1,Mid Value
3658,3,14,962.36,2019-08-15,2023-12-26,68.74,5,5,5,5.0,Champions,2,Premium
3659,158,11,1621.42,2019-10-03,2023-07-24,147.4018181818182,2,4,5,3.7,Loyal Customers,3,High Value
3660,81,14,391.77000000000004,2019-04-24,2023-10-09,27.98357142857143,3,5,2,3.0999999999999996,At Risk,2,Premium
3661,175,8,292.16999999999996,2019-08-26,2023-07-07,36.521249999999995,2,2,1,1.6,Lost,0,Low Value
3662,118,12,472.02,2019-03-17,2023-09-02,39.335,2,4,3,2.9000000000000004,Loyal Customers,3,High Value
3663,750,6,180.51,2019-06-15,2021-12-09,30.084999999999997,1,1,1,1.0,Lost,0,Low Value
3664,11,7,282.83,2019-10-13,2023-12-18,40.40428571428571,5,1,1,2.4,Potential Loyalists,1,Mid Value
3665,33,10,523.61,2019-09-15,2023-11-26,52.361000000000004,4,3,3,3.35,Loyal Customers,1,Mid Value
3666,19,14,868.92,2019-05-25,2023-12-10,62.065714285714286,5,5,5,5.0,Champions,2,Premium
3667,262,10,959.3,2019-07-06,2023-04-11,95.92999999999999,1,3,5,3.1,Others,3,High Value
3668,368,12,1843.44,2019-11-10,2022-12-26,153.62,1,4,5,3.35,Others,3,High Value
3669,13,8,269.49,2019-12-16,2023-12-16,33.68625,5,2,1,2.65,Potential Loyalists,1,Mid Value
3670,43,16,583.2,2019-10-22,2023-11-16,36.45,4,5,4,4.25,Champions,2,Premium
3671,304,10,367.77,2019-11-01,2023-02-28,36.777,1,3,2,1.9000000000000001,Others,0,Low Value
3672,32,6,328.98,2019-08-19,2023-11-27,54.830000000000005,4,1,2,2.45,Potential Loyalists,1,Mid Value
3673,38,8,535.67,2019-06-07,2023-11-21,66.95875,4,2,3,3.1,Potential Loyalists,1,Mid Value
3674,225,18,756.0899999999999,2019-12-13,2023-05-18,42.004999999999995,2,5,4,3.55,Loyal Customers,3,High Value
3675,43,20,1583.42,2019-02-24,2023-11-16,79.171,4,5,5,4.65,Champions,2,Premium
3676,1,14,1412.1,2019-11-03,2023-12-28,100.86428571428571,5,5,5,5.0,Champions,2,Premium
3677,56,15,618.15,2019-06-19,2023-11-03,41.21,3,5,4,3.9,Loyal Customers,2,Premium
3678,51,14,1244.31,2019-10-05,2023-11-08,88.87928571428571,3,5,5,4.3,Loyal Customers,2,Premium
3679,802,10,677.59,2019-02-27,2021-10-18,67.759,1,3,4,2.7,Others,3,High Value
3680,203,9,291.47,2019-06-25,2023-06-09,32.385555555555555,2,2,1,1.6,Lost,0,Low Value
3681,17,11,367.37,2019-05-16,2023-12-12,33.39727272727273,5,4,2,3.55,Others,1,Mid Value
3682,778,5,460.45000000000005,2020-12-04,2021-11-11,92.09,1,1,3,1.8000000000000003,Others,0,Low Value
3683,54,9,481.21,2020-06-02,2023-11-05,53.467777777777776,3,2,3,2.75,Potential Loyalists,1,Mid Value
3684,342,11,1887.8,2019-05-21,2023-01-21,171.61818181818182,1,4,5,3.35,Others,3,High Value
3685,55,10,526.21,2019-02-14,2023-11-04,52.621,3,3,3,3.0,Loyal Customers,3,High Value
3686,4,11,357.28,2019-10-02,2023-12-25,32.48,5,4,2,3.55,Others,1,Mid Value
3687,78,14,646.68,2019-10-05,2023-10-12,46.19142857142857,3,5,4,3.9,Loyal Customers,2,Premium
3688,41,9,961.6800000000001,2020-10-07,2023-11-18,106.85333333333334,4,2,5,3.9,Others,2,Premium
3689,142,12,400.03,2019-09-07,2023-08-09,33.33583333333333,2,4,2,2.5,At Risk,3,High Value
3690,837,4,141.01,2019-11-06,2021-09-13,35.2525,1,1,1,1.0,Lost,0,Low Value
3691,111,7,423.65999999999997,2019-01-06,2023-09-09,60.52285714285714,2,1,2,1.75,Lost,0,Low Value
3692,37,12,481.08,2019-01-23,2023-11-22,40.089999999999996,4,4,3,3.6,Loyal Customers,2,Premium
3693,12,6,170.89,2019-11-05,2023-12-17,28.481666666666666,5,1,1,2.4,Potential Loyalists,1,Mid Value
3694,13,17,936.22,2019-09-13,2023-12-16,55.07176470588235,5,5,5,5.0,Champions,2,Premium
3695,250,12,406.71,2020-03-22,2023-04-23,33.8925,1,4,2,2.1500000000000004,Others,3,High Value
3696,27,6,262.46,2020-08-09,2023-12-02,43.74333333333333,4,1,1,2.05,Potential Loyalists,1,Mid Value
3697,131,12,446.61,2019-04-09,2023-08-20,37.2175,2,4,3,2.9000000000000004,Loyal Customers,3,High Value
3698,422,10,444.73,2019-02-01,2022-11-02,44.473,1,3,3,2.3000000000000003,Others,3,High Value
3699,158,13,480.34000000000003,2019-01-19,2023-07-24,36.94923076923077,2,5,3,3.1500000000000004,Loyal Customers,3,High Value
3700,35,13,396.07,2019-06-24,2023-11-24,30.466923076923077,4,5,2,3.45,Others,2,Premium
3701,125,7,413.86,2019-03-13,2023-08-26,59.12285714285714,2,1,2,1.75,Lost,0,Low Value
3702,125,12,397.78,2019-09-22,2023-08-26,33.14833333333333,2,4,2,2.5,At Risk,3,High Value
3703,88,14,495.87,2019-07-23,2023-10-02,35.419285714285714,2,5,3,3.1500000000000004,Loyal Customers,3,High Value
3704,20,11,387.13,2019-02-02,2023-12-09,35.193636363636365,5,4,2,3.55,Others,1,Mid Value
3705,385,11,485.57,2019-06-06,2022-12-09,44.14272727272727,1,4,3,2.5500000000000003,Others,3,High Value
3706,369,9,315.74,2019-04-24,2022-12-25,35.08222222222222,1,2,1,1.25,Lost,0,Low Value
3707,17,15,783.63,2019-04-19,2023-12-12,52.242,5,5,5,5.0,Champions,2,Premium
3708,414,7,387.97,2019-08-03,2022-11-10,55.424285714285716,1,1,2,1.4,Lost,0,Low Value
3709,52,9,441.82,2019-02-27,2023-11-07,49.09111111111111,3,2,3,2.75,Potential Loyalists,1,Mid Value
3710,161,6,226.99,2019-03-05,2023-07-21,37.83166666666667,2,1,1,1.35,Lost,0,Low Value
3711,39,10,380.98,2019-11-21,2023-11-20,38.098,4,3,2,2.95,Potential Loyalists,1,Mid Value
3712,16,12,617.78,2019-05-02,2023-12-13,51.48166666666666,5,4,4,4.35,Champions,2,Premium
3713,228,10,471.9,2019-04-02,2023-05-15,47.19,2,3,3,2.6500000000000004,Loyal Customers,3,High Value
3714,31,14,445.48,2019-05-23,2023-11-28,31.82,4,5,3,3.85,Loyal Customers,2,Premium
3715,247,11,715.15,2019-01-21,2023-04-26,65.01363636363637,1,4,4,2.95,Others,3,High Value
3716,272,12,650.22,2019-09-23,2023-04-01,54.185,1,4,4,2.95,Others,3,High Value
3717,1147,4,210.10999999999999,2019-03-23,2020-11-07,52.527499999999996,1,1,1,1.0,Lost,0,Low Value
3718,45,8,205.98,2019-06-23,2023-11-14,25.7475,3,2,1,1.9499999999999997,Potential Loyalists,0,Low Value
3719,78,6,354.37,2019-07-22,2023-10-12,59.06166666666667,3,1,2,2.0999999999999996,Potential Loyalists,0,Low Value
3720,38,14,1011.4,2019-12-21,2023-11-21,72.24285714285715,4,5,5,4.65,Champions,2,Premium
3721,50,13,545.6700000000001,2019-05-14,2023-11-09,41.97461538461539,3,5,3,3.5,Loyal Customers,2,Premium
3722,128,18,1245.62,2019-08-04,2023-08-23,69.2011111111111,2,5,5,3.95,Loyal Customers,3,High Value
3723,193,9,384.43,2019-10-21,2023-06-19,42.714444444444446,2,2,2,2.0,At Risk,0,Low Value
3724,62,10,407.46000000000004,2019-11-12,2023-10-28,40.746,3,3,2,2.5999999999999996,Potential Loyalists,1,Mid Value
3725,249,9,361.65,2019-03-13,2023-04-24,40.18333333333333,1,2,2,1.65,Lost,0,Low Value
3726,479,8,256.22,2019-04-12,2022-09-06,32.0275,1,2,1,1.25,Lost,0,Low Value
3727,6,10,1245.81,2019-05-08,2023-12-23,124.58099999999999,5,3,5,4.5,Loyal Customers,2,Premium
3728,42,10,754.64,2019-06-01,2023-11-17,75.464,4,3,4,3.75,Loyal Customers,2,Premium
3729,38,9,463.28,2019-08-16,2023-11-21,51.47555555555555,4,2,3,3.1,Potential Loyalists,1,Mid Value
3730,402,10,437.05,2019-02-01,2022-11-22,43.705,1,3,3,2.3000000000000003,Others,3,High Value
3731,388,11,725.55,2019-03-26,2022-12-06,65.9590909090909,1,4,4,2.95,Others,3,High Value
3732,15,5,198.13,2020-03-24,2023-12-14,39.626,5,1,1,2.4,Potential Loyalists,1,Mid Value
3733,88,14,453.95,2019-02-07,2023-10-02,32.425,2,5,3,3.1500000000000004,Loyal Customers,3,High Value
3734,432,9,422.35,2019-07-17,2022-10-23,46.92777777777778,1,2,2,1.65,Lost,0,Low Value
3735,45,8,376.36,2019-05-04,2023-11-14,47.045,3,2,2,2.3499999999999996,Potential Loyalists,1,Mid Value
3736,24,10,463.07,2019-07-07,2023-12-05,46.307,5,3,3,3.7,Loyal Customers,1,Mid Value
3737,31,9,573.43,2019-10-27,2023-11-28,63.71444444444444,4,2,4,3.5,Others,1,Mid Value
3738,88,7,253.63,2019-04-17,2023-10-02,36.23285714285714,2,1,1,1.35,Lost,0,Low Value
3739,32,12,435.93,2020-11-06,2023-11-27,36.3275,4,4,3,3.6,Loyal Customers,2,Premium
3740,439,8,302.86,2019-12-17,2022-10-16,37.8575,1,2,1,1.25,Lost,0,Low Value
3741,98,8,557.92,2019-03-09,2023-09-22,69.74,2,2,4,2.8,At Risk,3,High Value
3742,33,11,414.14,2019-04-28,2023-11-26,37.64909090909091,4,4,2,3.2,Others,1,Mid Value
3743,33,11,587.5,2019-06-16,2023-11-26,53.40909090909091,4,4,4,4.0,Champions,2,Premium
3744,89,5,181.68,2019-11-28,2023-10-01,36.336,2,1,1,1.35,Lost,0,Low Value
3745,7,13,938.34,2019-01-08,2023-12-22,72.18,5,5,5,5.0,Champions,2,Premium
3746,82,6,271.94,2020-11-01,2023-10-08,45.32333333333333,3,1,1,1.6999999999999997,Potential Loyalists,0,Low Value
3747,129,4,326.1,2019-12-16,2023-08-22,81.525,2,1,2,1.75,Lost,0,Low Value
3748,43,14,660.89,2019-07-17,2023-11-16,47.20642857142857,4,5,4,4.25,Champions,2,Premium
3749,46,5,263.07,2020-09-10,2023-11-13,52.614,3,1,1,1.6999999999999997,Potential Loyalists,0,Low Value
3750,174,12,828.5600000000001,2019-04-28,2023-07-08,69.04666666666667,2,4,5,3.7,Loyal Customers,3,High Value
3751,32,12,469.46999999999997,2020-04-18,2023-11-27,39.122499999999995,4,4,3,3.6,Loyal Customers,2,Premium
3752,36,8,186.25,2019-03-14,2023-11-23,23.28125,4,2,1,2.3,Potential Loyalists,1,Mid Value
3753,32,16,733.47,2019-08-26,2023-11-27,45.841875,4,5,4,4.25,Champions,2,Premium
3754,458,6,277.29,2019-06-27,2022-09-27,46.215,1,1,1,1.0,Lost,0,Low Value
3755,350,8,330.39,2019-12-04,2023-01-13,41.29875,1,2,2,1.65,Lost,0,Low Value
3756,31,8,345.9,2019-12-24,2023-11-28,43.2375,4,2,2,2.7,Potential Loyalists,1,Mid Value
3757,397,6,262.56,2019-10-28,2022-11-27,43.76,1,1,1,1.0,Lost,0,Low Value
3758,56,12,398.52,2019-09-05,2023-11-03,33.21,3,4,2,2.8499999999999996,At Risk,1,Mid Value
3759,83,6,192.82,2019-11-22,2023-10-07,32.13666666666666,3,1,1,1.6999999999999997,Potential Loyalists,0,Low Value
3760,319,7,543.98,2019-04-12,2023-02-13,77.71142857142857,1,1,3,1.8000000000000003,Others,0,Low Value
3761,11,11,470.36,2019-04-13,2023-12-18,42.76,5,4,3,3.95,Loyal Customers,2,Premium
3762,305,6,172.76,2019-11-04,2023-02-27,28.793333333333333,1,1,1,1.0,Lost,0,Low Value
3763,63,9,422.75,2019-02-08,2023-10-27,46.97222222222222,3,2,2,2.3499999999999996,Potential Loyalists,1,Mid Value
3764,40,9,504.18999999999994,2019-06-22,2023-11-19,56.021111111111104,4,2,3,3.1,Potential Loyalists,1,Mid Value
3765,26,7,279.61,2021-02-24,2023-12-03,39.94428571428572,4,1,1,2.05,Potential Loyalists,1,Mid Value
3766,903,4,150.82,2019-11-17,2021-07-09,37.705,1,1,1,1.0,Lost,0,Low Value
3767,446,7,280.76,2019-05-10,2022-10-09,40.10857142857143,1,1,1,1.0,Lost,0,Low Value
3768,572,7,227.7,2019-04-28,2022-06-05,32.528571428571425,1,1,1,1.0,Lost,0,Low Value
3769,37,15,514.94,2019-06-01,2023-11-22,34.32933333333334,4,5,3,3.85,Loyal Customers,2,Premium
3770,135,12,358.45,2019-09-02,2023-08-16,29.870833333333334,2,4,2,2.5,At Risk,3,High Value
3771,44,7,271.25,2019-08-27,2023-11-15,38.75,4,1,1,2.05,Potential Loyalists,1,Mid Value
3772,34,11,665.22,2019-09-05,2023-11-25,60.474545454545456,4,4,4,4.0,Champions,2,Premium
3773,726,11,476.04,2019-03-26,2022-01-02,43.27636363636364,1,4,3,2.5500000000000003,Others,3,High Value
3774,140,11,440.73,2019-09-11,2023-08-11,40.06636363636364,2,4,3,2.9000000000000004,Loyal Customers,3,High Value
3775,296,7,627.13,2019-06-15,2023-03-08,89.59,1,1,4,2.2,Others,0,Low Value
3776,189,10,358.63,2019-09-20,2023-06-23,35.863,2,3,2,2.25,At Risk,0,Low Value
3777,337,10,378.56,2019-03-09,2023-01-26,37.856,1,3,2,1.9000000000000001,Others,0,Low Value
3778,6,15,461.27,2019-03-28,2023-12-23,30.75133333333333,5,5,3,4.2,Loyal Customers,2,Premium
3779,46,14,1668.89,2019-02-25,2023-11-13,119.20642857142857,3,5,5,4.3,Loyal Customers,2,Premium
3780,14,16,580.62,2019-05-20,2023-12-15,36.28875,5,5,4,4.6,Champions,2,Premium
3781,72,13,782.66,2020-05-11,2023-10-18,60.20461538461538,3,5,5,4.3,Loyal Customers,2,Premium
3782,47,14,1365.3700000000001,2019-05-24,2023-11-12,97.52642857142858,3,5,5,4.3,Loyal Customers,2,Premium
3783,56,13,512.3,2019-01-13,2023-11-03,39.4076923076923,3,5,3,3.5,Loyal Customers,2,Premium
3784,341,9,648.06,2020-07-17,2023-01-22,72.00666666666666,1,2,4,2.45,Others,3,High Value
3785,8,6,593.79,2020-01-21,2023-12-21,98.96499999999999,5,1,4,3.6,Others,1,Mid Value
3786,197,10,524.37,2019-06-14,2023-06-15,52.437,2,3,3,2.6500000000000004,Loyal Customers,3,High Value
3787,190,6,205.32,2020-11-16,2023-06-22,34.22,2,1,1,1.35,Lost,0,Low Value
3788,362,10,516.2,2019-02-09,2023-01-01,51.620000000000005,1,3,3,2.3000000000000003,Others,3,High Value
3789,54,11,560.5,2019-06-22,2023-11-05,50.95454545454545,3,4,4,3.65,Loyal Customers,3,High Value
3790,28,10,611.6899999999999,2019-01-13,2023-12-01,61.169,4,3,4,3.75,Loyal Customers,2,Premium
3791,745,9,484.37,2019-03-12,2021-12-14,53.81888888888889,1,2,3,2.0500000000000003,Others,0,Low Value
3792,13,12,409.49,2019-08-15,2023-12-16,34.12416666666667,5,4,2,3.55,Others,1,Mid Value
3793,4,10,603.6600000000001,2019-04-16,2023-12-25,60.36600000000001,5,3,4,4.1,Loyal Customers,2,Premium
3794,361,13,514.4399999999999,2019-11-24,2023-01-02,39.57230769230769,1,5,3,2.8000000000000003,Others,3,High Value
3795,17,12,391.05,2020-03-27,2023-12-12,32.5875,5,4,2,3.55,Others,1,Mid Value
3796,150,9,319.81,2019-03-19,2023-08-01,35.534444444444446,2,2,2,2.0,At Risk,0,Low Value
3797,54,9,409.92,2019-10-08,2023-11-05,45.54666666666667,3,2,2,2.3499999999999996,Potential Loyalists,1,Mid Value
3798,35,10,396.09,2019-11-14,2023-11-24,39.608999999999995,4,3,2,2.95,Potential Loyalists,1,Mid Value
3799,398,12,890.6,2019-08-04,2022-11-26,74.21666666666667,1,4,5,3.35,Others,3,High Value
3800,25,8,469.35,2020-08-04,2023-12-04,58.66875,4,2,3,3.1,Potential Loyalists,1,Mid Value
3801,300,10,514.19,2019-02-03,2023-03-04,51.419000000000004,1,3,3,2.3000000000000003,Others,3,High Value
3802,41,8,321.41,2019-07-12,2023-11-18,40.17625,4,2,2,2.7,Potential Loyalists,1,Mid Value
3803,18,8,221.95,2019-11-21,2023-12-11,27.74375,5,2,1,2.65,Potential Loyalists,1,Mid Value
3804,1159,4,130.78,2019-05-16,2020-10-26,32.695,1,1,1,1.0,Lost,0,Low Value
3805,34,14,742.96,2019-07-10,2023-11-25,53.06857142857143,4,5,4,4.25,Champions,2,Premium
3806,266,5,356.67,2019-07-28,2023-04-07,71.334,1,1,2,1.4,Lost,0,Low Value
3807,43,12,484.45,2019-08-23,2023-11-16,40.37083333333333,4,4,3,3.6,Loyal Customers,2,Premium
3808,4,8,747.0600000000001,2019-04-12,2023-12-25,93.38250000000001,5,2,4,3.85,Others,1,Mid Value
3809,45,10,570.34,2019-12-02,2023-11-14,57.034000000000006,3,3,4,3.4,Loyal Customers,3,High Value
3810,500,5,232.07,2020-10-09,2022-08-16,46.414,1,1,1,1.0,Lost,0,Low Value
3811,96,10,417.19,2019-10-01,2023-09-24,41.719,2,3,2,2.25,At Risk,0,Low Value
3812,53,15,1703.52,2019-11-08,2023-11-06,113.568,3,5,5,4.3,Loyal Customers,2,Premium
3813,18,9,515.51,2020-09-23,2023-12-11,57.278888888888886,5,2,3,3.45,Potential Loyalists,1,Mid Value
3814,51,13,559.86,2019-08-27,2023-11-08,43.066153846153846,3,5,4,3.9,Loyal Customers,2,Premium
3815,44,11,381.29,2019-11-08,2023-11-15,34.662727272727274,4,4,2,3.2,Others,1,Mid Value
3816,35,10,404.52,2019-02-03,2023-11-24,40.452,4,3,2,2.95,Potential Loyalists,1,Mid Value
3817,16,18,766.74,2019-05-24,2023-12-13,42.596666666666664,5,5,5,5.0,Champions,2,Premium
3818,101,10,457.59000000000003,2020-11-12,2023-09-19,45.759,2,3,3,2.6500000000000004,Loyal Customers,3,High Value
3819,13,7,216.94,2019-11-12,2023-12-16,30.99142857142857,5,1,1,2.4,Potential Loyalists,1,Mid Value
3820,57,9,295.6,2019-02-10,2023-11-02,32.84444444444445,3,2,1,1.9499999999999997,Potential Loyalists,0,Low Value
3821,51,11,368.71,2019-01-18,2023-11-08,33.519090909090906,3,4,2,2.8499999999999996,At Risk,1,Mid Value
3822,159,10,302.65,2020-01-13,2023-07-23,30.264999999999997,2,3,1,1.85,Others,0,Low Value
3823,119,12,691.04,2020-09-09,2023-09-01,57.586666666666666,2,4,4,3.3,Loyal Customers,3,High Value
3824,39,13,923.67,2019-04-10,2023-11-20,71.05153846153846,4,5,5,4.65,Champions,2,Premium
3825,129,12,453.90000000000003,2019-04-22,2023-08-22,37.825,2,4,3,2.9000000000000004,Loyal Customers,3,High Value
3826,40,11,443.34,2019-07-15,2023-11-19,40.303636363636365,4,4,3,3.6,Loyal Customers,2,Premium
3827,132,15,1242.8899999999999,2019-05-20,2023-08-19,82.85933333333332,2,5,5,3.95,Loyal Customers,3,High Value
3828,158,7,425.84000000000003,2019-01-20,2023-07-24,60.83428571428572,2,1,2,1.75,Lost,0,Low Value
3829,242,10,711.79,2019-11-03,2023-05-01,71.179,2,3,4,3.05,Loyal Customers,3,High Value
3830,195,14,921.96,2019-04-17,2023-06-17,65.85428571428572,2,5,5,3.95,Loyal Customers,3,High Value
3831,39,14,562.35,2020-11-01,2023-11-20,40.167857142857144,4,5,4,4.25,Champions,2,Premium
3832,34,12,773.94,2019-07-03,2023-11-25,64.495,4,4,5,4.4,Champions,2,Premium
3833,405,5,682.26,2019-05-27,2022-11-19,136.452,1,1,4,2.2,Others,0,Low Value
3834,81,7,328.71,2019-08-19,2023-10-09,46.958571428571425,3,1,2,2.0999999999999996,Potential Loyalists,0,Low Value
3835,143,10,847.27,2019-08-18,2023-08-08,84.727,2,3,5,3.45,Loyal Customers,3,High Value
3836,8,10,291.91,2019-06-24,2023-12-21,29.191000000000003,5,3,1,2.9,Potential Loyalists,1,Mid Value
3837,107,13,1282.3500000000001,2019-03-06,2023-09-13,98.6423076923077,2,5,5,3.95,Loyal Customers,3,High Value
3838,50,8,267.83,2019-01-18,2023-11-09,33.47875,3,2,1,1.9499999999999997,Potential Loyalists,0,Low Value
3839,74,10,472.95000000000005,2020-01-16,2023-10-16,47.295,3,3,3,3.0,Loyal Customers,3,High Value
3840,68,11,423.15,2019-04-17,2023-10-22,38.46818181818182,3,4,2,2.8499999999999996,At Risk,1,Mid Value
3841,14,13,843.76,2019-01-27,2023-12-15,64.90461538461538,5,5,5,5.0,Champions,2,Premium
3842,15,8,478.5,2020-09-18,2023-12-14,59.8125,5,2,3,3.45,Potential Loyalists,1,Mid Value
3843,33,14,481.09,2019-07-03,2023-11-26,34.363571428571426,4,5,3,3.85,Loyal Customers,2,Premium
3844,415,7,250.18,2019-07-02,2022-11-09,35.74,1,1,1,1.0,Lost,0,Low Value
3845,7,13,1046.78,2019-04-26,2023-12-22,80.52153846153846,5,5,5,5.0,Champions,2,Premium
3846,47,10,517.68,2019-11-09,2023-11-12,51.767999999999994,3,3,3,3.0,Loyal Customers,3,High Value
3847,249,10,936.0,2019-03-03,2023-04-24,93.6,1,3,5,3.1,Others,3,High Value
3848,10,17,576.87,2019-02-14,2023-12-19,33.93352941176471,5,5,4,4.6,Champions,2,Premium
3849,242,7,351.27,2019-01-18,2023-05-01,50.18142857142857,2,1,2,1.75,Lost,0,Low Value
3850,25,16,581.34,2019-02-26,2023-12-04,36.33375,4,5,4,4.25,Champions,2,Premium
3851,77,6,182.79,2019-06-15,2023-10-13,30.465,3,1,1,1.6999999999999997,Potential Loyalists,0,Low Value
3852,32,11,401.89,2019-12-07,2023-11-27,36.53545454545454,4,4,2,3.2,Others,1,Mid Value
3853,27,7,383.69,2019-04-21,2023-12-02,54.81285714285714,4,1,2,2.45,Potential Loyalists,1,Mid Value
3854,278,9,1180.29,2019-06-28,2023-03-26,131.14333333333332,1,2,5,2.85,Others,3,High Value
3855,33,10,1417.43,2019-01-19,2023-11-26,141.743,4,3,5,4.15,Loyal Customers,2,Premium
3856,132,6,168.91,2020-07-03,2023-08-19,28.151666666666667,2,1,1,1.35,Lost,0,Low Value
3857,31,14,687.52,2019-08-01,2023-11-28,49.10857142857143,4,5,4,4.25,Champions,2,Premium
3858,447,9,334.14,2019-11-11,2022-10-08,37.126666666666665,1,2,2,1.65,Lost,0,Low Value
3859,308,11,435.97999999999996,2020-02-22,2023-02-24,39.63454545454545,1,4,3,2.5500000000000003,Others,3,High Value
3860,3,12,517.6,2019-11-09,2023-12-26,43.13333333333333,5,4,3,3.95,Loyal Customers,2,Premium
3861,31,13,518.54,2019-12-17,2023-11-28,39.887692307692305,4,5,3,3.85,Loyal Customers,2,Premium
3862,56,12,575.37,2019-05-24,2023-11-03,47.9475,3,4,4,3.65,Loyal Customers,3,High Value
3863,125,11,575.23,2019-08-27,2023-08-26,52.29363636363637,2,4,4,3.3,Loyal Customers,3,High Value
3864,8,14,1306.14,2019-07-10,2023-12-21,93.2957142857143,5,5,5,5.0,Champions,2,Premium
3865,45,16,587.83,2019-01-18,2023-11-14,36.739375,3,5,4,3.9,Loyal Customers,2,Premium
3866,75,10,384.82,2019-02-15,2023-10-15,38.482,3,3,2,2.5999999999999996,Potential Loyalists,1,Mid Value
3867,252,8,357.5,2019-08-17,2023-04-21,44.6875,1,2,2,1.65,Lost,0,Low Value
3868,119,6,211.29,2019-06-12,2023-09-01,35.214999999999996,2,1,1,1.35,Lost,0,Low Value
3869,112,12,1197.75,2019-08-10,2023-09-08,99.8125,2,4,5,3.7,Loyal Customers,3,High Value
3870,12,15,414.08,2019-10-15,2023-12-17,27.60533333333333,5,5,2,3.8,Others,2,Premium
3871,241,9,480.8,2019-10-13,2023-05-02,53.422222222222224,2,2,3,2.4000000000000004,At Risk,0,Low Value
3872,44,12,493.93,2019-11-12,2023-11-15,41.160833333333336,4,4,3,3.6,Loyal Customers,2,Premium
3873,414,9,337.93,2019-02-19,2022-11-10,37.54777777777778,1,2,2,1.65,Lost,0,Low Value
3874,380,10,427.29,2019-02-12,2022-12-14,42.729,1,3,3,2.3000000000000003,Others,3,High Value
3875,27,23,1495.49,2019-03-13,2023-12-02,65.02130434782609,4,5,5,4.65,Champions,2,Premium
3876,53,7,181.72,2019-06-13,2023-11-06,25.96,3,1,1,1.6999999999999997,Potential Loyalists,0,Low Value
3877,4,9,2757.1800000000003,2019-04-27,2023-12-25,306.35333333333335,5,2,5,4.25,Others,2,Premium
3878,55,11,401.7,2019-12-27,2023-11-04,36.518181818181816,3,4,2,2.8499999999999996,At Risk,1,Mid Value
3879,113,13,475.51,2019-11-05,2023-09-07,36.57769230769231,2,5,3,3.1500000000000004,Loyal Customers,3,High Value
3880,36,9,391.42,2020-01-08,2023-11-23,43.49111111111111,4,2,2,2.7,Potential Loyalists,1,Mid Value
3881,312,13,441.06,2019-06-03,2023-02-20,33.92769230769231,1,5,3,2.8000000000000003,Others,3,High Value
3882,778,6,195.68,2019-07-03,2021-11-11,32.61333333333334,1,1,1,1.0,Lost,0,Low Value
3883,26,5,255.37,2019-11-19,2023-12-03,51.074,4,1,1,2.05,Potential Loyalists,1,Mid Value
3884,50,12,382.76,2019-07-05,2023-11-09,31.896666666666665,3,4,2,2.8499999999999996,At Risk,1,Mid Value
3885,14,4,226.8,2021-07-19,2023-12-15,56.7,5,1,1,2.4,Potential Loyalists,1,Mid Value
3886,773,7,196.87,2019-11-16,2021-11-16,28.124285714285715,1,1,1,1.0,Lost,0,Low Value
3887,734,8,338.83,2019-05-15,2021-12-25,42.35375,1,2,2,1.65,Lost,0,Low Value
3888,47,7,214.61,2019-03-05,2023-11-12,30.65857142857143,3,1,1,1.6999999999999997,Potential Loyalists,0,Low Value
3889,50,9,524.7,2019-10-03,2023-11-09,58.300000000000004,3,2,3,2.75,Potential Loyalists,1,Mid Value
3890,235,17,1020.92,2019-03-26,2023-05-08,60.054117647058824,2,5,5,3.95,Loyal Customers,3,High Value
3891,35,5,289.51,2019-11-11,2023-11-24,57.902,4,1,1,2.05,Potential Loyalists,1,Mid Value
3892,58,10,591.0,2020-11-07,2023-11-01,59.1,3,3,4,3.4,Loyal Customers,3,High Value
3893,102,19,661.83,2019-09-02,2023-09-18,34.83315789473684,2,5,4,3.55,Loyal Customers,3,High Value
3894,3,9,333.15,2019-10-05,2023-12-26,37.016666666666666,5,2,2,3.05,Potential Loyalists,1,Mid Value
3895,58,11,426.93,2019-11-22,2023-11-01,38.81181818181818,3,4,2,2.8499999999999996,At Risk,1,Mid Value
3896,49,10,697.61,2019-02-16,2023-11-10,69.761,3,3,4,3.4,Loyal Customers,3,High Value
3897,73,9,374.5,2019-05-25,2023-10-17,41.611111111111114,3,2,2,2.3499999999999996,Potential Loyalists,1,Mid Value
3898,34,11,387.55,2019-03-10,2023-11-25,35.231818181818184,4,4,2,3.2,Others,1,Mid Value
3899,69,8,229.63,2020-09-17,2023-10-21,28.70375,3,2,1,1.9499999999999997,Potential Loyalists,0,Low Value
3900,123,8,428.43,2019-06-23,2023-08-28,53.55375,2,2,3,2.4000000000000004,At Risk,0,Low Value
3901,382,6,412.84000000000003,2019-03-19,2022-12-12,68.80666666666667,1,1,2,1.4,Lost,0,Low Value
3902,70,8,345.24,2019-05-06,2023-10-20,43.155,3,2,2,2.3499999999999996,Potential Loyalists,1,Mid Value
3903,193,7,236.54,2019-09-16,2023-06-19,33.79142857142857,2,1,1,1.35,Lost,0,Low Value
3904,101,12,984.72,2019-01-06,2023-09-19,82.06,2,4,5,3.7,Loyal Customers,3,High Value
3905,172,7,298.59,2019-11-14,2023-07-10,42.65571428571428,2,1,1,1.35,Lost,0,Low Value
3906,1,9,363.97,2019-03-14,2023-12-28,40.44111111111111,5,2,2,3.05,Potential Loyalists,1,Mid Value
3907,67,7,330.5,2019-05-05,2023-10-23,47.214285714285715,3,1,2,2.0999999999999996,Potential Loyalists,0,Low Value
3908,10,15,585.98,2019-05-05,2023-12-19,39.065333333333335,5,5,4,4.6,Champions,2,Premium
3909,36,13,754.34,2019-11-25,2023-11-23,58.026153846153846,4,5,4,4.25,Champions,2,Premium
3910,70,8,961.37,2019-07-20,2023-10-20,120.17125,3,2,5,3.55,At Risk,3,High Value
3911,13,7,353.46000000000004,2019-01-09,2023-12-16,50.494285714285716,5,1,2,2.8,Potential Loyalists,1,Mid Value
3912,18,15,623.26,2019-03-10,2023-12-11,41.550666666666665,5,5,4,4.6,Champions,2,Premium
3913,398,7,200.51,2019-11-01,2022-11-26,28.64428571428571,1,1,1,1.0,Lost,0,Low Value
3914,74,12,795.86,2019-12-04,2023-10-16,66.32166666666667,3,4,5,4.05,Loyal Customers,2,Premium
3915,381,8,275.4,2019-06-10,2022-12-13,34.425,1,2,1,1.25,Lost,0,Low Value
3916,50,7,296.77,2019-07-09,2023-11-09,42.395714285714284,3,1,1,1.6999999999999997,Potential Loyalists,0,Low Value
3917,407,6,236.44,2019-12-21,2022-11-17,39.406666666666666,1,1,1,1.0,Lost,0,Low Value
3918,279,8,1461.1,2019-10-25,2023-03-25,182.6375,1,2,5,2.85,Others,3,High Value
3919,52,11,358.61,2019-05-26,2023-11-07,32.60090909090909,3,4,2,2.8499999999999996,At Risk,1,Mid Value
3920,37,10,586.44,2019-02-16,2023-11-22,58.644000000000005,4,3,4,3.75,Loyal Customers,2,Premium
3921,86,4,175.18,2021-12-01,2023-10-04,43.795,2,1,1,1.35,Lost,0,Low Value
3922,17,13,884.71,2019-04-27,2023-12-12,68.05461538461539,5,5,5,5.0,Champions,2,Premium
3923,10,9,1171.8,2019-09-17,2023-12-19,130.2,5,2,5,4.25,Others,2,Premium
3924,51,10,576.8,2019-04-26,2023-11-08,57.67999999999999,3,3,4,3.4,Loyal Customers,3,High Value
3925,155,6,220.09,2019-08-18,2023-07-27,36.681666666666665,2,1,1,1.35,Lost,0,Low Value
3926,155,13,507.99,2019-05-19,2023-07-27,39.076153846153844,2,5,3,3.1500000000000004,Loyal Customers,3,High Value
3927,7,17,1328.94,2019-01-15,2023-12-22,78.17294117647059,5,5,5,5.0,Champions,2,Premium
3928,46,11,769.15,2019-08-23,2023-11-13,69.92272727272727,3,4,5,4.05,Loyal Customers,2,Premium
3929,204,3,118.02,2020-11-01,2023-06-08,39.339999999999996,2,1,1,1.35,Lost,0,Low Value
3930,12,7,298.95,2019-11-04,2023-12-17,42.707142857142856,5,1,1,2.4,Potential Loyalists,1,Mid Value
3931,47,13,552.47,2019-02-11,2023-11-12,42.49769230769231,3,5,3,3.5,Loyal Customers,2,Premium
3932,3,12,465.4,2019-02-23,2023-12-26,38.78333333333333,5,4,3,3.95,Loyal Customers,2,Premium
3933,42,11,380.11,2019-05-02,2023-11-17,34.555454545454545,4,4,2,3.2,Others,1,Mid Value
3934,33,10,708.27,2019-11-26,2023-11-26,70.827,4,3,4,3.75,Loyal Customers,2,Premium
3935,367,13,433.84000000000003,2019-01-06,2022-12-27,33.37230769230769,1,5,3,2.8000000000000003,Others,3,High Value
3936,221,4,887.58,2021-08-04,2023-05-22,221.895,2,1,5,2.95,Others,3,High Value
3937,46,8,1185.22,2019-06-02,2023-11-13,148.1525,3,2,5,3.55,At Risk,3,High Value
3938,37,7,391.85,2019-07-06,2023-11-22,55.978571428571435,4,1,2,2.45,Potential Loyalists,1,Mid Value
3939,14,9,572.36,2019-10-17,2023-12-15,63.595555555555556,5,2,4,3.85,Others,1,Mid Value
3940,35,10,332.37,2019-08-18,2023-11-24,33.237,4,3,2,2.95,Potential Loyalists,1,Mid Value
3941,355,5,393.9,2019-06-02,2023-01-08,78.78,1,1,2,1.4,Lost,0,Low Value
3942,479,10,370.36,2019-09-21,2022-09-06,37.036,1,3,2,1.9000000000000001,Others,0,Low Value
3943,42,10,1290.49,2019-08-28,2023-11-17,129.049,4,3,5,4.15,Loyal Customers,2,Premium
3944,222,6,254.77999999999997,2019-02-11,2023-05-21,42.46333333333333,2,1,1,1.35,Lost,0,Low Value
3945,102,10,1001.8800000000001,2019-11-23,2023-09-18,100.18800000000002,2,3,5,3.45,Loyal Customers,3,High Value
3946,17,9,291.4,2019-08-28,2023-12-12,32.37777777777777,5,2,1,2.65,Potential Loyalists,1,Mid Value
3947,777,4,162.25,2019-09-28,2021-11-12,40.5625,1,1,1,1.0,Lost,0,Low Value
3948,48,6,199.21,2019-04-13,2023-11-11,33.20166666666667,3,1,1,1.6999999999999997,Potential Loyalists,0,Low Value
3949,8,11,1152.71,2019-01-07,2023-12-21,104.79181818181819,5,4,5,4.75,Champions,2,Premium
3950,4,9,372.77,2019-03-15,2023-12-25,41.41888888888889,5,2,2,3.05,Potential Loyalists,1,Mid Value
3951,64,12,663.28,2019-11-10,2023-10-26,55.27333333333333,3,4,4,3.65,Loyal Customers,3,High Value
3952,218,13,511.02,2019-03-15,2023-05-25,39.309230769230766,2,5,3,3.1500000000000004,Loyal Customers,3,High Value
3953,483,3,140.57,2019-11-07,2022-09-02,46.85666666666666,1,1,1,1.0,Lost,0,Low Value
3954,265,10,555.55,2019-11-05,2023-04-08,55.55499999999999,1,3,4,2.7,Others,3,High Value
3955,7,11,1086.25,2019-04-24,2023-12-22,98.75,5,4,5,4.75,Champions,2,Premium
3956,11,10,281.1,2020-01-17,2023-12-18,28.110000000000003,5,3,1,2.9,Potential Loyalists,1,Mid Value
3957,20,10,416.46999999999997,2020-09-24,2023-12-09,41.647,5,3,2,3.3,Potential Loyalists,1,Mid Value
3958,77,14,445.08,2019-07-20,2023-10-13,31.791428571428572,3,5,3,3.5,Loyal Customers,2,Premium
3959,337,7,762.34,2019-03-26,2023-01-26,108.9057142857143,1,1,4,2.2,Others,0,Low Value
3960,51,10,597.78,2019-02-09,2023-11-08,59.778,3,3,4,3.4,Loyal Customers,3,High Value
3961,39,10,534.9,2019-11-01,2023-11-20,53.489999999999995,4,3,3,3.35,Loyal Customers,1,Mid Value
3962,293,10,312.3,2019-02-11,2023-03-11,31.23,1,3,1,1.5,Others,0,Low Value
3963,51,8,998.8499999999999,2019-04-25,2023-11-08,124.85624999999999,3,2,5,3.55,At Risk,3,High Value
3964,31,14,964.12,2019-02-02,2023-11-28,68.86571428571429,4,5,5,4.65,Champions,2,Premium
3965,31,8,343.25,2019-06-20,2023-11-28,42.90625,4,2,2,2.7,Potential Loyalists,1,Mid Value
3966,56,7,242.62,2019-09-26,2023-11-03,34.660000000000004,3,1,1,1.6999999999999997,Potential Loyalists,0,Low Value
3967,24,11,482.68,2020-03-25,2023-12-05,43.88,5,4,3,3.95,Loyal Customers,2,Premium
3968,36,15,1014.56,2019-07-04,2023-11-23,67.63733333333333,4,5,5,4.65,Champions,2,Premium
3969,50,11,503.47,2019-08-07,2023-11-09,45.77,3,4,3,3.25,Loyal Customers,3,High Value
3970,15,9,395.03999999999996,2020-02-17,2023-12-14,43.89333333333333,5,2,2,3.05,Potential Loyalists,1,Mid Value
3971,7,18,2445.88,2019-04-28,2023-12-22,135.88222222222223,5,5,5,5.0,Champions,2,Premium
3972,138,10,624.21,2019-11-11,2023-08-13,62.42100000000001,2,3,4,3.05,Loyal Customers,3,High Value
3973,62,13,1033.76,2019-12-05,2023-10-28,79.52,3,5,5,4.3,Loyal Customers,2,Premium
3974,5,13,387.01,2019-11-22,2023-12-24,29.77,5,5,2,3.8,Others,2,Premium
3975,24,9,388.52,2019-02-15,2023-12-05,43.16888888888889,5,2,2,3.05,Potential Loyalists,1,Mid Value
3976,87,17,2384.63,2019-02-21,2023-10-03,140.27235294117648,2,5,5,3.95,Loyal Customers,3,High Value
3977,13,15,907.9200000000001,2019-10-05,2023-12-16,60.528000000000006,5,5,5,5.0,Champions,2,Premium
3978,38,10,709.34,2019-11-09,2023-11-21,70.934,4,3,4,3.75,Loyal Customers,2,Premium
3979,377,12,389.26,2019-09-17,2022-12-17,32.43833333333333,1,4,2,2.1500000000000004,Others,3,High Value
3980,401,7,253.35999999999999,2019-01-03,2022-11-23,36.19428571428571,1,1,1,1.0,Lost,0,Low Value
3981,10,13,443.81,2019-05-09,2023-12-19,34.13923076923077,5,5,3,4.2,Loyal Customers,2,Premium
3982,34,9,356.07,2019-10-02,2023-11-25,39.56333333333333,4,2,2,2.7,Potential Loyalists,1,Mid Value
3983,12,12,540.13,2019-02-13,2023-12-17,45.01083333333333,5,4,3,3.95,Loyal Customers,2,Premium
3984,31,12,820.6600000000001,2019-11-21,2023-11-28,68.38833333333334,4,4,5,4.4,Champions,2,Premium
3985,2,12,385.74,2019-05-24,2023-12-27,32.145,5,4,2,3.55,Others,1,Mid Value
3986,166,14,857.55,2019-05-26,2023-07-16,61.253571428571426,2,5,5,3.95,Loyal Customers,3,High Value
3987,338,7,653.99,2019-03-13,2023-01-25,93.42714285714285,1,1,4,2.2,Others,0,Low Value
3988,309,13,743.61,2019-11-08,2023-02-23,57.20076923076923,1,5,4,3.2,Others,3,High Value
3989,404,3,176.8,2019-11-03,2022-11-20,58.93333333333334,1,1,1,1.0,Lost,0,Low Value
3990,50,14,560.97,2019-03-03,2023-11-09,40.06928571428572,3,5,4,3.9,Loyal Customers,2,Premium
3991,52,10,719.08,2019-04-25,2023-11-07,71.908,3,3,4,3.4,Loyal Customers,3,High Value
3992,55,10,965.31,2019-06-11,2023-11-04,96.53099999999999,3,3,5,3.8,Loyal Customers,3,High Value
3993,28,7,668.3,2020-11-15,2023-12-01,95.47142857142856,4,1,4,3.25,Others,1,Mid Value
3994,257,10,641.5,2020-02-27,2023-04-16,64.15,1,3,4,2.7,Others,3,High Value
3995,235,9,865.97,2019-03-14,2023-05-08,96.2188888888889,2,2,5,3.2,At Risk,3,High Value
3996,367,11,1142.0,2019-05-18,2022-12-27,103.81818181818181,1,4,5,3.35,Others,3,High Value
3997,105,8,455.37,2020-06-18,2023-09-15,56.92125,2,2,3,2.4000000000000004,At Risk,0,Low Value
3998,88,11,350.13,2019-11-16,2023-10-02,31.83,2,4,2,2.5,At Risk,3,High Value
3999,58,7,329.67,2019-10-26,2023-11-01,47.09571428571429,3,1,2,2.0999999999999996,Potential Loyalists,0,Low Value
4000,20,14,542.3199999999999,2019-05-19,2023-12-09,38.73714285714285,5,5,3,4.2,Loyal Customers,2,Premium
4001,102,10,368.52,2019-04-23,2023-09-18,36.852,2,3,2,2.25,At Risk,0,Low Value
4002,390,12,474.35,2019-04-25,2022-12-04,39.52916666666667,1,4,3,2.5500000000000003,Others,3,High Value
4003,32,6,195.41000000000003,2019-11-06,2023-11-27,32.568333333333335,4,1,1,2.05,Potential Loyalists,1,Mid Value
4004,42,12,596.16,2019-10-19,2023-11-17,49.68,4,4,4,4.0,Champions,2,Premium
4005,34,11,413.93,2019-06-28,2023-11-25,37.63,4,4,2,3.2,Others,1,Mid Value
4006,12,8,474.85,2019-11-24,2023-12-17,59.35625,5,2,3,3.45,Potential Loyalists,1,Mid Value
4007,419,4,213.63,2021-04-04,2022-11-05,53.4075,1,1,1,1.0,Lost,0,Low Value
4008,103,10,888.03,2020-11-26,2023-09-17,88.803,2,3,5,3.45,Loyal Customers,3,High Value
4009,866,4,136.47,2019-11-22,2021-08-15,34.1175,1,1,1,1.0,Lost,0,Low Value
4010,68,8,355.11,2019-11-17,2023-10-22,44.38875,3,2,2,2.3499999999999996,Potential Loyalists,1,Mid Value
4011,156,19,869.28,2019-03-03,2023-07-26,45.75157894736842,2,5,5,3.95,Loyal Customers,3,High Value
4012,303,10,450.87,2019-02-18,2023-03-01,45.087,1,3,3,2.3000000000000003,Others,3,High Value
4013,217,11,756.67,2019-04-13,2023-05-26,68.78818181818181,2,4,4,3.3,Loyal Customers,3,High Value
4014,11,8,275.5,2020-11-03,2023-12-18,34.4375,5,2,1,2.65,Potential Loyalists,1,Mid Value
4015,108,15,479.44,2019-01-10,2023-09-12,31.962666666666667,2,5,3,3.1500000000000004,Loyal Customers,3,High Value
4016,48,13,485.19,2019-03-23,2023-11-11,37.32230769230769,3,5,3,3.5,Loyal Customers,2,Premium
4017,37,13,792.47,2019-11-23,2023-11-22,60.95923076923077,4,5,5,4.65,Champions,2,Premium
4018,5,17,1068.49,2019-05-05,2023-12-24,62.85235294117647,5,5,5,5.0,Champions,2,Premium
4019,187,9,253.05,2020-01-22,2023-06-25,28.116666666666667,2,2,1,1.6,Lost,0,Low Value
4020,194,11,631.87,2019-04-10,2023-06-18,57.442727272727275,2,4,4,3.3,Loyal Customers,3,High Value
4021,13,5,190.92000000000002,2022-10-13,2023-12-16,38.184000000000005,5,1,1,2.4,Potential Loyalists,1,Mid Value
4022,386,11,1158.0,2019-03-09,2022-12-08,105.27272727272727,1,4,5,3.35,Others,3,High Value
4023,28,7,700.5500000000001,2019-04-08,2023-12-01,100.07857142857144,4,1,4,3.25,Others,1,Mid Value
4024,16,14,590.14,2019-03-20,2023-12-13,42.152857142857144,5,5,4,4.6,Champions,2,Premium
4025,104,9,330.03,2019-01-05,2023-09-16,36.669999999999995,2,2,2,2.0,At Risk,0,Low Value
4026,42,9,734.7099999999999,2019-11-13,2023-11-17,81.63444444444444,4,2,4,3.5,Others,1,Mid Value
4027,1,12,525.23,2019-06-19,2023-12-28,43.76916666666667,5,4,3,3.95,Loyal Customers,2,Premium
4028,38,12,730.14,2019-02-20,2023-11-21,60.845,4,4,4,4.0,Champions,2,Premium
4029,44,10,476.72,2019-08-08,2023-11-15,47.672000000000004,4,3,3,3.35,Loyal Customers,1,Mid Value
4030,254,12,1073.24,2019-10-12,2023-04-19,89.43666666666667,1,4,5,3.35,Others,3,High Value
4031,428,4,182.43,2020-10-16,2022-10-27,45.6075,1,1,1,1.0,Lost,0,Low Value
4032,47,14,726.95,2019-10-19,2023-11-12,51.925000000000004,3,5,4,3.9,Loyal Customers,2,Premium
4033,42,20,880.26,2019-02-24,2023-11-17,44.013,4,5,5,4.65,Champions,2,Premium
4034,189,12,471.53,2020-01-20,2023-06-23,39.29416666666666,2,4,3,2.9000000000000004,Loyal Customers,3,High Value
4035,3,11,555.1,2019-03-11,2023-12-26,50.46363636363637,5,4,3,3.95,Loyal Customers,2,Premium
4036,179,12,383.67,2019-05-26,2023-07-03,31.9725,2,4,2,2.5,At Risk,3,High Value
4037,543,7,335.04,2019-06-21,2022-07-04,47.862857142857145,1,1,2,1.4,Lost,0,Low Value
4038,52,10,301.65,2019-02-19,2023-11-07,30.165,3,3,1,2.1999999999999997,Potential Loyalists,1,Mid Value
4039,52,12,532.22,2019-04-23,2023-11-07,44.35166666666667,3,4,3,3.25,Loyal Customers,3,High Value
4040,270,11,514.33,2019-05-02,2023-04-03,46.75727272727273,1,4,3,2.5500000000000003,Others,3,High Value
4041,6,10,488.91,2019-03-04,2023-12-23,48.891000000000005,5,3,3,3.7,Loyal Customers,1,Mid Value
4042,165,11,635.24,2019-01-01,2023-07-17,57.74909090909091,2,4,4,3.3,Loyal Customers,3,High Value
4043,413,13,449.15999999999997,2019-08-08,2022-11-11,34.55076923076923,1,5,3,2.8000000000000003,Others,3,High Value
4044,6,11,1119.07,2019-07-22,2023-12-23,101.73363636363636,5,4,5,4.75,Champions,2,Premium
4045,3,8,332.78,2019-09-21,2023-12-26,41.5975,5,2,2,3.05,Potential Loyalists,1,Mid Value
4046,48,10,443.93,2019-04-18,2023-11-11,44.393,3,3,3,3.0,Loyal Customers,3,High Value
4047,398,8,446.03000000000003,2019-11-23,2022-11-26,55.753750000000004,1,2,3,2.0500000000000003,Others,0,Low Value
4048,127,8,326.82,2019-08-20,2023-08-24,40.8525,2,2,2,2.0,At Risk,0,Low Value
4049,350,9,701.56,2020-11-11,2023-01-13,77.9511111111111,1,2,4,2.45,Others,3,High Value
4050,221,18,624.89,2019-01-16,2023-05-22,34.71611111111111,2,5,4,3.55,Loyal Customers,3,High Value
4051,554,8,335.83,2019-07-12,2022-06-23,41.97875,1,2,2,1.65,Lost,0,Low Value
4052,422,7,424.84000000000003,2019-05-04,2022-11-02,60.691428571428574,1,1,2,1.4,Lost,0,Low Value
4053,235,10,394.21999999999997,2019-03-27,2023-05-08,39.422,2,3,2,2.25,At Risk,0,Low Value
4054,242,6,237.67,2021-02-01,2023-05-01,39.611666666666665,2,1,1,1.35,Lost,0,Low Value
4055,11,9,349.28,2020-07-06,2023-12-18,38.80888888888889,5,2,2,3.05,Potential Loyalists,1,Mid Value
4056,256,15,593.29,2019-06-05,2023-04-17,39.55266666666667,1,5,4,3.2,Others,3,High Value
4057,266,9,460.66999999999996,2019-01-11,2023-04-07,51.18555555555555,1,2,3,2.0500000000000003,Others,0,Low Value
4058,22,9,313.37,2020-05-07,2023-12-07,34.81888888888889,5,2,1,2.65,Potential Loyalists,1,Mid Value
4059,46,18,1568.67,2019-04-21,2023-11-13,87.14833333333334,3,5,5,4.3,Loyal Customers,2,Premium
4060,191,6,182.91,2020-03-10,2023-06-21,30.485,2,1,1,1.35,Lost,0,Low Value
4061,369,7,198.32999999999998,2019-12-12,2022-12-25,28.33285714285714,1,1,1,1.0,Lost,0,Low Value
4062,52,9,250.97,2019-10-26,2023-11-07,27.885555555555555,3,2,1,1.9499999999999997,Potential Loyalists,0,Low Value
4063,11,14,535.42,2020-07-17,2023-12-18,38.24428571428571,5,5,3,4.2,Loyal Customers,2,Premium
4064,4,10,797.1800000000001,2019-12-17,2023-12-25,79.718,5,3,5,4.5,Loyal Customers,2,Premium
4065,11,12,1176.53,2019-01-28,2023-12-18,98.04416666666667,5,4,5,4.75,Champions,2,Premium
4066,362,5,265.27,2019-01-09,2023-01-01,53.053999999999995,1,1,1,1.0,Lost,0,Low Value
4067,31,12,445.14,2019-10-26,2023-11-28,37.095,4,4,3,3.6,Loyal Customers,2,Premium
4068,428,9,326.78000000000003,2019-01-22,2022-10-27,36.308888888888895,1,2,2,1.65,Lost,0,Low Value
4069,166,9,316.87,2019-01-15,2023-07-16,35.20777777777778,2,2,1,1.6,Lost,0,Low Value
4070,297,4,296.71999999999997,2020-01-21,2023-03-07,74.17999999999999,1,1,1,1.0,Lost,0,Low Value
4071,291,7,481.38,2019-11-01,2023-03-13,68.76857142857143,1,1,3,1.8000000000000003,Others,0,Low Value
4072,41,9,640.24,2019-10-09,2023-11-18,71.13777777777779,4,2,4,3.5,Others,1,Mid Value
4073,109,6,315.28,2020-02-19,2023-09-11,52.54666666666666,2,1,1,1.35,Lost,0,Low Value
4074,22,9,348.09000000000003,2020-01-08,2023-12-07,38.67666666666667,5,2,2,3.05,Potential Loyalists,1,Mid Value
4075,45,16,1082.6,2019-01-28,2023-11-14,67.6625,3,5,5,4.3,Loyal Customers,2,Premium
4076,5,14,741.81,2019-04-09,2023-12-24,52.98642857142857,5,5,4,4.6,Champions,2,Premium
4077,63,5,277.23,2021-08-25,2023-10-27,55.446000000000005,3,1,1,1.6999999999999997,Potential Loyalists,0,Low Value
4078,21,11,320.78,2019-07-25,2023-12-08,29.16181818181818,5,4,2,3.55,Others,1,Mid Value
4079,481,7,791.3699999999999,2020-11-02,2022-09-04,113.05285714285712,1,1,5,2.6,Others,3,High Value
4080,13,4,109.15,2019-11-21,2023-12-16,27.2875,5,1,1,2.4,Potential Loyalists,1,Mid Value
4081,19,7,296.15000000000003,2020-07-18,2023-12-10,42.307142857142864,5,1,1,2.4,Potential Loyalists,1,Mid Value
4082,34,8,788.98,2019-11-19,2023-11-25,98.6225,4,2,5,3.9,Others,2,Premium
4083,15,8,340.85,2019-05-13,2023-12-14,42.60625,5,2,2,3.05,Potential Loyalists,1,Mid Value
4084,37,14,956.5799999999999,2019-09-27,2023-11-22,68.32714285714285,4,5,5,4.65,Champions,2,Premium
4085,255,11,1265.0,2019-02-23,2023-04-18,115.0,1,4,5,3.35,Others,3,High Value
4086,482,7,368.16999999999996,2019-06-13,2022-09-03,52.59571428571428,1,1,2,1.4,Lost,0,Low Value
4087,6,14,529.64,2019-03-12,2023-12-23,37.83142857142857,5,5,3,4.2,Loyal Customers,2,Premium
4088,87,4,214.88,2019-01-16,2023-10-03,53.72,2,1,1,1.35,Lost,0,Low Value
4089,26,5,421.03999999999996,2020-12-20,2023-12-03,84.208,4,1,2,2.45,Potential Loyalists,1,Mid Value
4090,33,12,431.28999999999996,2019-11-22,2023-11-26,35.94083333333333,4,4,3,3.6,Loyal Customers,2,Premium
4091,8,9,398.93,2020-01-11,2023-12-21,44.32555555555555,5,2,2,3.05,Potential Loyalists,1,Mid Value
4092,18,8,318.3,2020-01-23,2023-12-11,39.7875,5,2,2,3.05,Potential Loyalists,1,Mid Value
4093,23,9,965.77,2020-06-28,2023-12-06,107.30777777777777,5,2,5,4.25,Others,2,Premium
4094,78,10,715.11,2019-07-23,2023-10-12,71.511,3,3,4,3.4,Loyal Customers,3,High Value
4095,316,4,125.72,2019-11-28,2023-02-16,31.43,1,1,1,1.0,Lost,0,Low Value
4096,8,11,1104.74,2019-01-02,2023-12-21,100.4309090909091,5,4,5,4.75,Champions,2,Premium
4097,124,11,420.08,2019-04-03,2023-08-27,38.18909090909091,2,4,2,2.5,At Risk,3,High Value
4098,47,17,539.83,2019-08-13,2023-11-12,31.754705882352944,3,5,3,3.5,Loyal Customers,2,Premium
4099,8,16,851.44,2019-11-15,2023-12-21,53.215,5,5,5,5.0,Champions,2,Premium
4100,86,6,166.72000000000003,2019-01-11,2023-10-04,27.786666666666672,2,1,1,1.35,Lost,0,Low Value
4101,564,7,218.48,2019-02-10,2022-06-13,31.21142857142857,1,1,1,1.0,Lost,0,Low Value
4102,393,9,586.42,2019-09-24,2022-12-01,65.15777777777777,1,2,4,2.45,Others,3,High Value
4103,117,9,548.86,2019-10-17,2023-09-03,60.98444444444445,2,2,3,2.4000000000000004,At Risk,0,Low Value
4104,74,15,1827.76,2020-02-12,2023-10-16,121.85066666666667,3,5,5,4.3,Loyal Customers,2,Premium
4105,373,7,305.65,2019-03-10,2022-12-21,43.66428571428571,1,1,1,1.0,Lost,0,Low Value
4106,137,8,242.7,2019-10-24,2023-08-14,30.3375,2,2,1,1.6,Lost,0,Low Value
4107,35,13,407.38,2019-04-28,2023-11-24,31.336923076923078,4,5,2,3.45,Others,2,Premium
4108,57,6,464.94,2019-07-22,2023-11-02,77.49,3,1,3,2.5,Potential Loyalists,1,Mid Value
4109,41,7,329.41,2019-11-10,2023-11-18,47.05857142857143,4,1,2,2.45,Potential Loyalists,1,Mid Value
4110,4,11,395.96999999999997,2019-03-09,2023-12-25,35.99727272727272,5,4,2,3.55,Others,1,Mid Value
4111,544,8,276.94,2019-09-02,2022-07-03,34.6175,1,2,1,1.25,Lost,0,Low Value
4112,114,11,672.29,2019-10-11,2023-09-06,61.11727272727273,2,4,4,3.3,Loyal Customers,3,High Value
4113,53,12,566.81,2020-04-15,2023-11-06,47.23416666666666,3,4,4,3.65,Loyal Customers,3,High Value
4114,470,7,281.6,2019-04-21,2022-09-15,40.228571428571435,1,1,1,1.0,Lost,0,Low Value
4115,50,15,673.41,2019-05-17,2023-11-09,44.894,3,5,4,3.9,Loyal Customers,2,Premium
4116,108,8,194.71,2019-07-16,2023-09-12,24.33875,2,2,1,1.6,Lost,0,Low Value
4117,11,16,593.61,2019-01-20,2023-12-18,37.100625,5,5,4,4.6,Champions,2,Premium
4118,2,10,373.08,2019-02-20,2023-12-27,37.308,5,3,2,3.3,Potential Loyalists,1,Mid Value
4119,149,12,885.26,2019-02-09,2023-08-02,73.77166666666666,2,4,5,3.7,Loyal Customers,3,High Value
4120,17,10,428.77,2019-08-23,2023-12-12,42.876999999999995,5,3,3,3.7,Loyal Customers,1,Mid Value
4121,366,10,321.81,2019-04-02,2022-12-28,32.181,1,3,2,1.9000000000000001,Others,0,Low Value
4122,33,10,326.67,2019-11-14,2023-11-26,32.667,4,3,2,2.95,Potential Loyalists,1,Mid Value
4123,37,12,1465.81,2019-02-20,2023-11-22,122.15083333333332,4,4,5,4.4,Champions,2,Premium
4124,561,6,216.57,2019-05-17,2022-06-16,36.095,1,1,1,1.0,Lost,0,Low Value
4125,176,7,779.39,2020-11-13,2023-07-06,111.34142857142857,2,1,5,2.95,Others,3,High Value
4126,111,12,835.68,2019-01-15,2023-09-09,69.64,2,4,5,3.7,Loyal Customers,3,High Value
4127,344,6,263.84000000000003,2019-10-06,2023-01-19,43.973333333333336,1,1,1,1.0,Lost,0,Low Value
4128,229,6,292.5,2019-08-12,2023-05-14,48.75,2,1,1,1.35,Lost,0,Low Value
4129,335,8,420.16,2019-09-08,2023-01-28,52.52,1,2,2,1.65,Lost,0,Low Value
4130,108,12,757.36,2019-02-18,2023-09-12,63.11333333333334,2,4,4,3.3,Loyal Customers,3,High Value
4131,76,12,1227.5,2019-03-19,2023-10-14,102.29166666666667,3,4,5,4.05,Loyal Customers,2,Premium
4132,23,10,1016.19,2019-04-11,2023-12-06,101.619,5,3,5,4.5,Loyal Customers,2,Premium
4133,1,12,443.17,2019-06-04,2023-12-28,36.93083333333333,5,4,3,3.95,Loyal Customers,2,Premium
4134,49,17,1313.16,2019-04-24,2023-11-10,77.24470588235295,3,5,5,4.3,Loyal Customers,2,Premium
4135,34,9,1030.87,2019-11-26,2023-11-25,114.54111111111109,4,2,5,3.9,Others,2,Premium
4136,33,9,663.02,2019-10-12,2023-11-26,73.66888888888889,4,2,4,3.5,Others,1,Mid Value
4137,63,3,182.51,2021-12-06,2023-10-27,60.836666666666666,3,1,1,1.6999999999999997,Potential Loyalists,0,Low Value
4138,53,13,438.57,2019-03-10,2023-11-06,33.73615384615385,3,5,3,3.5,Loyal Customers,2,Premium
4139,19,7,217.89000000000001,2019-09-17,2023-12-10,31.12714285714286,5,1,1,2.4,Potential Loyalists,1,Mid Value
4140,41,10,473.82,2019-11-20,2023-11-18,47.382,4,3,3,3.35,Loyal Customers,1,Mid Value
4141,368,8,317.7,2019-07-03,2022-12-26,39.7125,1,2,2,1.65,Lost,0,Low Value
4142,138,11,902.25,2019-02-03,2023-08-13,82.02272727272727,2,4,5,3.7,Loyal Customers,3,High Value
4143,70,14,835.6899999999999,2019-04-05,2023-10-20,59.692142857142855,3,5,5,4.3,Loyal Customers,2,Premium
4144,102,15,1226.85,2019-09-05,2023-09-18,81.78999999999999,2,5,5,3.95,Loyal Customers,3,High Value
4145,289,9,898.27,2019-02-05,2023-03-15,99.80777777777777,1,2,5,2.85,Others,3,High Value
4146,383,13,638.87,2019-02-14,2022-12-11,49.143846153846155,1,5,4,3.2,Others,3,High Value
4147,138,12,501.96999999999997,2019-11-23,2023-08-13,41.83083333333333,2,4,3,2.9000000000000004,Loyal Customers,3,High Value
4148,39,11,393.04,2019-07-20,2023-11-20,35.730909090909094,4,4,2,3.2,Others,1,Mid Value
4149,45,14,699.74,2019-11-05,2023-11-14,49.98142857142857,3,5,4,3.9,Loyal Customers,2,Premium
4150,35,9,940.97,2019-03-26,2023-11-24,104.55222222222223,4,2,5,3.9,Others,2,Premium
4151,475,8,312.67,2019-09-17,2022-09-10,39.08375,1,2,1,1.25,Lost,0,Low Value
4152,47,5,197.53,2020-11-26,2023-11-12,39.506,3,1,1,1.6999999999999997,Potential Loyalists,0,Low Value
4153,45,4,110.56,2019-05-12,2023-11-14,27.64,3,1,1,1.6999999999999997,Potential Loyalists,0,Low Value
4154,9,9,620.1800000000001,2019-11-05,2023-12-20,68.9088888888889,5,2,4,3.85,Others,1,Mid Value
4155,31,17,744.5500000000001,2019-11-05,2023-11-28,43.79705882352942,4,5,4,4.25,Champions,2,Premium
4156,82,13,683.36,2019-01-14,2023-10-08,52.566153846153846,3,5,4,3.9,Loyal Customers,2,Premium
4157,142,7,363.67,2020-12-25,2023-08-09,51.95285714285715,2,1,2,1.75,Lost,0,Low Value
4158,3,12,475.08,2019-05-19,2023-12-26,39.589999999999996,5,4,3,3.95,Loyal Customers,2,Premium
4159,283,15,1517.28,2019-08-10,2023-03-21,101.152,1,5,5,3.6,Others,3,High Value
4160,21,14,885.2900000000001,2019-02-02,2023-12-08,63.23500000000001,5,5,5,5.0,Champions,2,Premium
4161,38,9,441.68,2019-11-16,2023-11-21,49.07555555555555,4,2,3,3.1,Potential Loyalists,1,Mid Value
4162,11,12,849.53,2020-01-02,2023-12-18,70.79416666666667,5,4,5,4.75,Champions,2,Premium
4163,399,8,343.81,2019-07-02,2022-11-25,42.97625,1,2,2,1.65,Lost,0,Low Value
4164,422,4,110.44,2019-05-14,2022-11-02,27.61,1,1,1,1.0,Lost,0,Low Value
4165,39,6,508.67,2019-04-05,2023-11-20,84.77833333333334,4,1,3,2.85,Potential Loyalists,1,Mid Value
4166,413,6,226.57999999999998,2019-05-06,2022-11-11,37.76333333333333,1,1,1,1.0,Lost,0,Low Value
4167,145,10,589.0699999999999,2020-07-20,2023-08-06,58.907,2,3,4,3.05,Loyal Customers,3,High Value
4168,28,12,702.44,2020-02-23,2023-12-01,58.53666666666667,4,4,4,4.0,Champions,2,Premium
4169,367,8,307.17,2019-10-24,2022-12-27,38.39625,1,2,1,1.25,Lost,0,Low Value
4170,380,7,343.03,2019-05-06,2022-12-14,49.00428571428571,1,1,2,1.4,Lost,0,Low Value
4171,278,6,161.28,2019-01-23,2023-03-26,26.88,1,1,1,1.0,Lost,0,Low Value
4172,413,5,125.50999999999999,2019-06-19,2022-11-11,25.101999999999997,1,1,1,1.0,Lost,0,Low Value
4173,88,9,347.83,2019-01-04,2023-10-02,38.647777777777776,2,2,2,2.0,At Risk,0,Low Value
4174,399,8,483.11,2019-09-05,2022-11-25,60.38875,1,2,3,2.0500000000000003,Others,0,Low Value
4175,45,5,165.65,2020-05-27,2023-11-14,33.13,3,1,1,1.6999999999999997,Potential Loyalists,0,Low Value
4176,144,12,384.31,2019-02-25,2023-08-07,32.02583333333333,2,4,2,2.5,At Risk,3,High Value
4177,836,3,203.65,2020-02-02,2021-09-14,67.88333333333334,1,1,1,1.0,Lost,0,Low Value
4178,1,12,656.1800000000001,2019-03-28,2023-12-28,54.68166666666667,5,4,4,4.35,Champions,2,Premium
4179,3,6,298.53999999999996,2019-01-02,2023-12-26,49.75666666666666,5,1,1,2.4,Potential Loyalists,1,Mid Value
4180,24,14,948.9200000000001,2019-02-10,2023-12-05,67.78,5,5,5,5.0,Champions,2,Premium
4181,24,11,750.78,2020-10-14,2023-12-05,68.25272727272727,5,4,4,4.35,Champions,2,Premium
4182,23,13,512.6899999999999,2019-08-13,2023-12-06,39.4376923076923,5,5,3,4.2,Loyal Customers,2,Premium
4183,20,11,475.13,2020-03-09,2023-12-09,43.193636363636365,5,4,3,3.95,Loyal Customers,2,Premium
4184,38,9,403.85,2019-11-15,2023-11-21,44.87222222222223,4,2,2,2.7,Potential Loyalists,1,Mid Value
4185,44,10,635.9,2020-03-25,2023-11-15,63.589999999999996,4,3,4,3.75,Loyal Customers,2,Premium
4186,116,10,484.42,2019-06-20,2023-09-04,48.442,2,3,3,2.6500000000000004,Loyal Customers,3,High Value
4187,38,9,318.57,2019-06-16,2023-11-21,35.39666666666667,4,2,2,2.7,Potential Loyalists,1,Mid Value
4188,405,6,228.31,2020-02-15,2022-11-19,38.05166666666667,1,1,1,1.0,Lost,0,Low Value
4189,36,9,1244.9,2020-02-20,2023-11-23,138.32222222222222,4,2,5,3.9,Others,2,Premium
4190,34,11,513.5699999999999,2020-11-27,2023-11-25,46.68818181818181,4,4,3,3.6,Loyal Customers,2,Premium
4191,78,13,1964.79,2019-03-16,2023-10-12,151.1376923076923,3,5,5,4.3,Loyal Customers,2,Premium
4192,408,5,266.4,2019-11-04,2022-11-16,53.279999999999994,1,1,1,1.0,Lost,0,Low Value
4193,130,8,351.31,2019-05-13,2023-08-21,43.91375,2,2,2,2.0,At Risk,0,Low Value
4194,32,13,1156.54,2019-03-02,2023-11-27,88.96461538461539,4,5,5,4.65,Champions,2,Premium
4195,534,10,941.63,2019-11-22,2022-07-13,94.163,1,3,5,3.1,Others,3,High Value
4196,50,13,590.12,2019-01-08,2023-11-09,45.393846153846155,3,5,4,3.9,Loyal Customers,2,Premium
4197,44,10,878.34,2019-11-10,2023-11-15,87.834,4,3,5,4.15,Loyal Customers,2,Premium
4198,38,12,611.82,2020-06-25,2023-11-21,50.98500000000001,4,4,4,4.0,Champions,2,Premium
4199,28,11,311.81,2019-08-19,2023-12-01,28.346363636363638,4,4,1,2.8,Others,1,Mid Value
4200,32,9,515.13,2019-08-14,2023-11-27,57.236666666666665,4,2,3,3.1,Potential Loyalists,1,Mid Value
4201,408,8,257.28,2019-10-14,2022-11-16,32.16,1,2,1,1.25,Lost,0,Low Value
4202,43,8,379.38,2019-09-01,2023-11-16,47.4225,4,2,2,2.7,Potential Loyalists,1,Mid Value
4203,35,7,850.26,2019-06-01,2023-11-24,121.46571428571428,4,1,5,3.65,Others,1,Mid Value
4204,249,9,449.99,2019-04-12,2023-04-24,49.99888888888889,1,2,3,2.0500000000000003,Others,0,Low Value
4205,411,15,986.0500000000001,2019-02-06,2022-11-13,65.73666666666666,1,5,5,3.6,Others,3,High Value
4206,14,8,1035.9,2019-07-27,2023-12-15,129.4875,5,2,5,4.25,Others,2,Premium
4207,268,8,296.98,2019-07-07,2023-04-05,37.1225,1,2,1,1.25,Lost,0,Low Value
4208,2,10,298.26,2019-03-08,2023-12-27,29.826,5,3,1,2.9,Potential Loyalists,1,Mid Value
4209,51,8,283.82,2019-12-20,2023-11-08,35.4775,3,2,1,1.9499999999999997,Potential Loyalists,0,Low Value
4210,43,11,746.32,2019-02-02,2023-11-16,67.84727272727274,4,4,4,4.0,Champions,2,Premium
4211,371,10,869.24,2019-02-22,2022-12-23,86.924,1,3,5,3.1,Others,3,High Value
4212,228,7,531.49,2019-04-07,2023-05-15,75.92714285714285,2,1,3,2.1500000000000004,Others,0,Low Value
4213,26,12,555.12,2019-03-26,2023-12-03,46.26,4,4,3,3.6,Loyal Customers,2,Premium
4214,3,9,352.82,2019-08-15,2023-12-26,39.20222222222222,5,2,2,3.05,Potential Loyalists,1,Mid Value
4215,36,9,260.55,2019-08-09,2023-11-23,28.950000000000003,4,2,1,2.3,Potential Loyalists,1,Mid Value
4216,47,8,306.46000000000004,2019-08-19,2023-11-12,38.307500000000005,3,2,1,1.9499999999999997,Potential Loyalists,0,Low Value
4217,58,7,605.36,2019-12-13,2023-11-01,86.48,3,1,4,2.9,Others,1,Mid Value
4218,75,14,801.71,2019-04-23,2023-10-15,57.265,3,5,5,4.3,Loyal Customers,2,Premium
4219,140,5,140.25,2020-06-25,2023-08-11,28.05,2,1,1,1.35,Lost,0,Low Value
4220,303,8,284.0,2019-01-19,2023-03-01,35.5,1,2,1,1.25,Lost,0,Low Value
4221,21,10,651.38,2019-02-17,2023-12-08,65.138,5,3,4,4.1,Loyal Customers,2,Premium
4222,138,12,493.27,2019-01-17,2023-08-13,41.10583333333333,2,4,3,2.9000000000000004,Loyal Customers,3,High Value
4223,163,14,544.64,2019-11-14,2023-07-19,38.902857142857144,2,5,3,3.1500000000000004,Loyal Customers,3,High Value
4224,327,7,306.6,2020-11-06,2023-02-05,43.800000000000004,1,1,1,1.0,Lost,0,Low Value
4225,31,18,1309.59,2019-04-24,2023-11-28,72.755,4,5,5,4.65,Champions,2,Premium
4226,207,14,1276.71,2019-02-27,2023-06-05,91.19357142857143,2,5,5,3.95,Loyal Customers,3,High Value
4227,398,11,428.48,2019-10-25,2022-11-26,38.95272727272727,1,4,3,2.5500000000000003,Others,3,High Value
4228,53,10,491.56,2019-01-09,2023-11-06,49.156,3,3,3,3.0,Loyal Customers,3,High Value
4229,144,15,565.77,2019-03-15,2023-08-07,37.717999999999996,2,5,4,3.55,Loyal Customers,3,High Value
4230,58,10,505.69,2019-01-10,2023-11-01,50.569,3,3,3,3.0,Loyal Customers,3,High Value
4231,15,9,319.75,2019-02-05,2023-12-14,35.52777777777778,5,2,2,3.05,Potential Loyalists,1,Mid Value
4232,420,7,197.89000000000001,2019-10-06,2022-11-04,28.270000000000003,1,1,1,1.0,Lost,0,Low Value
4233,39,10,522.17,2019-08-28,2023-11-20,52.217,4,3,3,3.35,Loyal Customers,1,Mid Value
4234,195,15,1167.65,2019-01-24,2023-06-17,77.84333333333333,2,5,5,3.95,Loyal Customers,3,High Value
4235,49,8,312.03000000000003,2019-11-10,2023-11-10,39.003750000000004,3,2,1,1.9499999999999997,Potential Loyalists,0,Low Value
4236,85,12,619.59,2019-07-11,2023-10-05,51.6325,3,4,4,3.65,Loyal Customers,3,High Value
4237,263,10,281.7,2019-04-14,2023-04-10,28.169999999999998,1,3,1,1.5,Others,0,Low Value
4238,36,10,629.73,2019-04-19,2023-11-23,62.973,4,3,4,3.75,Loyal Customers,2,Premium
4239,184,9,544.0,2019-04-05,2023-06-28,60.44444444444444,2,2,3,2.4000000000000004,At Risk,0,Low Value
4240,53,5,425.40000000000003,2019-11-02,2023-11-06,85.08000000000001,3,1,2,2.0999999999999996,Potential Loyalists,0,Low Value
4241,131,11,427.3,2019-10-07,2023-08-20,38.845454545454544,2,4,3,2.9000000000000004,Loyal Customers,3,High Value
4242,39,10,411.62,2019-04-24,2023-11-20,41.162,4,3,2,2.95,Potential Loyalists,1,Mid Value
4243,4,7,910.03,2020-12-16,2023-12-25,130.00428571428571,5,1,5,4.0,Others,1,Mid Value
4244,106,9,372.7,2019-04-23,2023-09-14,41.41111111111111,2,2,2,2.0,At Risk,0,Low Value
4245,423,9,1031.24,2019-01-04,2022-11-01,114.58222222222223,1,2,5,2.85,Others,3,High Value
4246,64,7,289.32,2019-01-13,2023-10-26,41.33142857142857,3,1,1,1.6999999999999997,Potential Loyalists,0,Low Value
4247,5,10,553.84,2019-10-17,2023-12-24,55.384,5,3,3,3.7,Loyal Customers,1,Mid Value
4248,177,6,203.23,2019-11-20,2023-07-05,33.87166666666666,2,1,1,1.35,Lost,0,Low Value
4249,767,2,36.71,2019-12-07,2021-11-22,18.355,1,1,1,1.0,Lost,0,Low Value
4250,352,12,628.04,2019-05-13,2023-01-11,52.336666666666666,1,4,4,2.95,Others,3,High Value
4251,288,8,348.61,2019-11-23,2023-03-16,43.57625,1,2,2,1.65,Lost,0,Low Value
4252,22,11,545.0899999999999,2019-11-17,2023-12-07,49.55363636363636,5,4,3,3.95,Loyal Customers,2,Premium
4253,5,6,1298.8,2022-07-20,2023-12-24,216.46666666666667,5,1,5,4.0,Others,1,Mid Value
4254,32,12,542.82,2019-06-16,2023-11-27,45.23500000000001,4,4,3,3.6,Loyal Customers,2,Premium
4255,38,10,749.91,2019-07-19,2023-11-21,74.991,4,3,4,3.75,Loyal Customers,2,Premium
4256,4,12,1696.83,2019-11-12,2023-12-25,141.4025,5,4,5,4.75,Champions,2,Premium
4257,100,6,165.51999999999998,2019-09-15,2023-09-20,27.586666666666662,2,1,1,1.35,Lost,0,Low Value
4258,360,8,574.6800000000001,2019-12-23,2023-01-03,71.83500000000001,1,2,4,2.45,Others,3,High Value
4259,12,12,1860.19,2019-02-10,2023-12-17,155.01583333333335,5,4,5,4.75,Champions,2,Premium
4260,21,10,639.61,2019-01-21,2023-12-08,63.961,5,3,4,4.1,Loyal Customers,2,Premium
4261,31,11,577.12,2019-05-05,2023-11-28,52.46545454545455,4,4,4,4.0,Champions,2,Premium
4262,33,7,437.23,2019-12-05,2023-11-26,62.46142857142858,4,1,3,2.85,Potential Loyalists,1,Mid Value
4263,40,6,191.79,2019-12-07,2023-11-19,31.965,4,1,1,2.05,Potential Loyalists,1,Mid Value
4264,64,11,621.14,2019-05-24,2023-10-26,56.46727272727273,3,4,4,3.65,Loyal Customers,3,High Value
4265,225,5,359.7,2019-10-03,2023-05-18,71.94,2,1,2,1.75,Lost,0,Low Value
4266,4,13,2117.79,2019-08-28,2023-12-25,162.90692307692308,5,5,5,5.0,Champions,2,Premium
4267,8,15,928.6,2019-03-26,2023-12-21,61.906666666666666,5,5,5,5.0,Champions,2,Premium
4268,5,9,339.07,2019-06-15,2023-12-24,37.67444444444445,5,2,2,3.05,Potential Loyalists,1,Mid Value
4269,603,10,460.05,2019-05-23,2022-05-05,46.005,1,3,3,2.3000000000000003,Others,3,High Value
4270,103,15,693.75,2019-02-11,2023-09-17,46.25,2,5,4,3.55,Loyal Customers,3,High Value
4271,42,8,308.65999999999997,2019-11-09,2023-11-17,38.582499999999996,4,2,1,2.3,Potential Loyalists,1,Mid Value
4272,301,11,511.83,2019-09-07,2023-03-03,46.53,1,4,3,2.5500000000000003,Others,3,High Value
4273,406,11,432.01,2019-07-08,2022-11-18,39.27363636363636,1,4,3,2.5500000000000003,Others,3,High Value
4274,225,11,1287.78,2019-04-18,2023-05-18,117.07090909090908,2,4,5,3.7,Loyal Customers,3,High Value
4275,134,12,625.54,2019-09-22,2023-08-17,52.12833333333333,2,4,4,3.3,Loyal Customers,3,High Value
4276,95,12,623.36,2019-10-21,2023-09-25,51.946666666666665,2,4,4,3.3,Loyal Customers,3,High Value
4277,125,9,345.89,2019-11-25,2023-08-26,38.43222222222222,2,2,2,2.0,At Risk,0,Low Value
4278,26,6,174.45000000000002,2019-11-18,2023-12-03,29.075000000000003,4,1,1,2.05,Potential Loyalists,1,Mid Value
4279,155,10,622.85,2019-05-03,2023-07-27,62.285000000000004,2,3,4,3.05,Loyal Customers,3,High Value
4280,37,8,307.40000000000003,2021-10-10,2023-11-22,38.425000000000004,4,2,1,2.3,Potential Loyalists,1,Mid Value
4281,34,6,639.6,2020-02-03,2023-11-25,106.60000000000001,4,1,4,3.25,Others,1,Mid Value
4282,24,13,500.1,2019-05-17,2023-12-05,38.46923076923077,5,5,3,4.2,Loyal Customers,2,Premium
4283,76,10,507.63,2019-11-20,2023-10-14,50.763,3,3,3,3.0,Loyal Customers,3,High Value
4284,40,15,878.86,2020-08-23,2023-11-19,58.59066666666667,4,5,5,4.65,Champions,2,Premium
4285,57,14,510.18,2019-09-27,2023-11-02,36.441428571428574,3,5,3,3.5,Loyal Customers,2,Premium
4286,45,10,700.54,2019-01-03,2023-11-14,70.054,3,3,4,3.4,Loyal Customers,3,High Value
4287,15,13,808.23,2019-06-27,2023-12-14,62.17153846153846,5,5,5,5.0,Champions,2,Premium
4288,49,14,797.5,2019-10-05,2023-11-10,56.964285714285715,3,5,5,4.3,Loyal Customers,2,Premium
4289,41,14,952.76,2019-04-26,2023-11-18,68.05428571428571,4,5,5,4.65,Champions,2,Premium
4290,23,21,829.42,2019-01-25,2023-12-06,39.49619047619048,5,5,5,5.0,Champions,2,Premium
4291,112,10,594.05,2019-02-20,2023-09-08,59.404999999999994,2,3,4,3.05,Loyal Customers,3,High Value
4292,371,13,540.24,2019-03-08,2022-12-23,41.55692307692308,1,5,3,2.8000000000000003,Others,3,High Value
4293,130,6,366.58000000000004,2020-05-06,2023-08-21,61.09666666666667,2,1,2,1.75,Lost,0,Low Value
4294,419,8,256.72,2019-02-04,2022-11-05,32.09,1,2,1,1.25,Lost,0,Low Value
4295,136,11,290.33,2019-06-27,2023-08-15,26.39363636363636,2,4,1,2.1,Others,0,Low Value
4296,51,8,1487.96,2020-02-24,2023-11-08,185.995,3,2,5,3.55,At Risk,3,High Value
4297,57,10,382.35,2019-02-23,2023-11-02,38.235,3,3,2,2.5999999999999996,Potential Loyalists,1,Mid Value
4298,58,10,348.38,2019-05-05,2023-11-01,34.838,3,3,2,2.5999999999999996,Potential Loyalists,1,Mid Value
4299,42,7,160.03,2019-02-22,2023-11-17,22.861428571428572,4,1,1,2.05,Potential Loyalists,1,Mid Value
4300,57,13,703.95,2019-09-19,2023-11-02,54.150000000000006,3,5,4,3.9,Loyal Customers,2,Premium
4301,1142,5,218.47000000000003,2019-09-24,2020-11-12,43.694,1,1,1,1.0,Lost,0,Low Value
4302,108,10,420.93,2019-03-13,2023-09-12,42.093,2,3,2,2.25,At Risk,0,Low Value
4303,237,13,797.46,2019-03-20,2023-05-06,61.34307692307693,2,5,5,3.95,Loyal Customers,3,High Value
4304,71,8,390.16,2019-08-16,2023-10-19,48.77,3,2,2,2.3499999999999996,Potential Loyalists,1,Mid Value
4305,35,8,481.45,2019-12-24,2023-11-24,60.18125,4,2,3,3.1,Potential Loyalists,1,Mid Value
4306,250,6,923.55,2019-08-27,2023-04-23,153.92499999999998,1,1,5,2.6,Others,3,High Value
4307,386,7,409.54999999999995,2020-04-19,2022-12-08,58.50714285714285,1,1,2,1.4,Lost,0,Low Value
4308,385,8,280.68,2019-01-02,2022-12-09,35.085,1,2,1,1.25,Lost,0,Low Value
4309,202,9,292.26,2019-03-11,2023-06-10,32.47333333333333,2,2,1,1.6,Lost,0,Low Value
4310,228,16,868.49,2019-02-12,2023-05-15,54.280625,2,5,5,3.95,Loyal Customers,3,High Value
4311,35,9,655.27,2019-02-01,2023-11-24,72.80777777777777,4,2,4,3.5,Others,1,Mid Value
4312,16,9,263.11,2019-03-06,2023-12-13,29.234444444444446,5,2,1,2.65,Potential Loyalists,1,Mid Value
4313,6,14,452.52,2019-06-16,2023-12-23,32.32285714285714,5,5,3,4.2,Loyal Customers,2,Premium
4314,27,12,635.1,2019-02-28,2023-12-02,52.925000000000004,4,4,4,4.0,Champions,2,Premium
4315,9,10,998.63,2019-04-05,2023-12-20,99.863,5,3,5,4.5,Loyal Customers,2,Premium
4316,386,8,412.79,2019-10-07,2022-12-08,51.59875,1,2,2,1.65,Lost,0,Low Value
4317,50,7,194.72,2019-06-13,2023-11-09,27.81714285714286,3,1,1,1.6999999999999997,Potential Loyalists,0,Low Value
4318,44,10,524.34,2019-03-12,2023-11-15,52.434000000000005,4,3,3,3.35,Loyal Customers,1,Mid Value
4319,408,7,355.06,2019-11-25,2022-11-16,50.722857142857144,1,1,2,1.4,Lost,0,Low Value
4320,168,15,1056.54,2019-07-08,2023-07-14,70.43599999999999,2,5,5,3.95,Loyal Customers,3,High Value
4321,740,6,401.64,2019-07-11,2021-12-19,66.94,1,1,2,1.4,Lost,0,Low Value
4322,130,6,294.69,2020-08-27,2023-08-21,49.115,2,1,1,1.35,Lost,0,Low Value
4323,148,12,747.28,2019-12-20,2023-08-03,62.27333333333333,2,4,4,3.3,Loyal Customers,3,High Value
4324,93,7,304.5,2020-05-24,2023-09-27,43.5,2,1,1,1.35,Lost,0,Low Value
4325,47,18,824.3,2019-06-09,2023-11-12,45.794444444444444,3,5,5,4.3,Loyal Customers,2,Premium
4326,108,8,545.3,2019-10-14,2023-09-12,68.1625,2,2,3,2.4000000000000004,At Risk,0,Low Value
4327,379,10,446.87,2019-01-17,2022-12-15,44.687,1,3,3,2.3000000000000003,Others,3,High Value
4328,7,16,1764.23,2019-03-04,2023-12-22,110.264375,5,5,5,5.0,Champions,2,Premium
4329,388,8,698.22,2019-12-10,2022-12-06,87.2775,1,2,4,2.45,Others,3,High Value
4330,9,10,1008.02,2019-02-24,2023-12-20,100.80199999999999,5,3,5,4.5,Loyal Customers,2,Premium
4331,44,10,479.11,2019-10-12,2023-11-15,47.911,4,3,3,3.35,Loyal Customers,1,Mid Value
4332,297,9,315.66,2019-02-06,2023-03-07,35.07333333333334,1,2,1,1.25,Lost,0,Low Value
4333,31,14,462.45,2019-10-20,2023-11-28,33.03214285714286,4,5,3,3.85,Loyal Customers,2,Premium
4334,33,6,530.55,2019-11-03,2023-11-26,88.425,4,1,3,2.85,Potential Loyalists,1,Mid Value
4335,137,12,413.87,2019-01-06,2023-08-14,34.48916666666667,2,4,2,2.5,At Risk,3,High Value
4336,57,8,823.97,2019-10-15,2023-11-02,102.99625,3,2,5,3.55,At Risk,3,High Value
4337,32,9,326.95,2019-06-25,2023-11-27,36.327777777777776,4,2,2,2.7,Potential Loyalists,1,Mid Value
4338,141,4,217.57999999999998,2020-09-05,2023-08-10,54.394999999999996,2,1,1,1.35,Lost,0,Low Value
4339,23,11,527.66,2019-03-21,2023-12-06,47.96909090909091,5,4,3,3.95,Loyal Customers,2,Premium
4340,49,7,292.09,2019-02-03,2023-11-10,41.72714285714285,3,1,1,1.6999999999999997,Potential Loyalists,0,Low Value
4341,127,7,438.85,2020-11-16,2023-08-24,62.69285714285714,2,1,3,2.1500000000000004,Others,0,Low Value
4342,39,8,373.33,2019-11-25,2023-11-20,46.66625,4,2,2,2.7,Potential Loyalists,1,Mid Value
4343,34,19,842.23,2019-10-28,2023-11-25,44.327894736842104,4,5,5,4.65,Champions,2,Premium
4344,7,6,200.68,2021-11-16,2023-12-22,33.446666666666665,5,1,1,2.4,Potential Loyalists,1,Mid Value
4345,896,5,342.96000000000004,2019-09-21,2021-07-16,68.59200000000001,1,1,2,1.4,Lost,0,Low Value
4346,289,7,263.2,2019-09-08,2023-03-15,37.6,1,1,1,1.0,Lost,0,Low Value
4347,36,18,1236.48,2019-07-19,2023-11-23,68.69333333333333,4,5,5,4.65,Champions,2,Premium
4348,350,12,413.32,2019-10-15,2023-01-13,34.443333333333335,1,4,2,2.1500000000000004,Others,3,High Value
4349,785,6,188.86,2019-07-18,2021-11-04,31.47666666666667,1,1,1,1.0,Lost,0,Low Value
4350,49,11,374.05,2019-06-25,2023-11-10,34.00454545454546,3,4,2,2.8499999999999996,At Risk,1,Mid Value
4351,26,11,571.21,2019-08-02,2023-12-03,51.92818181818182,4,4,4,4.0,Champions,2,Premium
4352,26,12,376.87,2019-07-28,2023-12-03,31.405833333333334,4,4,2,3.2,Others,1,Mid Value
4353,37,12,1318.08,2020-05-11,2023-11-22,109.83999999999999,4,4,5,4.4,Champions,2,Premium
4354,166,12,436.88,2019-03-23,2023-07-16,36.406666666666666,2,4,3,2.9000000000000004,Loyal Customers,3,High Value
4355,42,6,173.7,2019-09-15,2023-11-17,28.95,4,1,1,2.05,Potential Loyalists,1,Mid Value
4356,89,13,444.53,2019-08-01,2023-10-01,34.19461538461538,2,5,3,3.1500000000000004,Loyal Customers,3,High Value
4357,178,9,494.54,2019-09-19,2023-07-04,54.94888888888889,2,2,3,2.4000000000000004,At Risk,0,Low Value
4358,73,9,996.55,2020-01-07,2023-10-17,110.72777777777777,3,2,5,3.55,At Risk,3,High Value
4359,131,7,349.04,2019-09-28,2023-08-20,49.862857142857145,2,1,2,1.75,Lost,0,Low Value
4360,45,11,378.08,2019-11-22,2023-11-14,34.37090909090909,3,4,2,2.8499999999999996,At Risk,1,Mid Value
4361,81,15,1772.8600000000001,2019-02-21,2023-10-09,118.19066666666667,3,5,5,4.3,Loyal Customers,2,Premium
4362,93,9,630.24,2019-04-16,2023-09-27,70.02666666666667,2,2,4,2.8,At Risk,3,High Value
4363,27,15,954.97,2019-09-07,2023-12-02,63.66466666666667,4,5,5,4.65,Champions,2,Premium
4364,287,12,420.07,2019-04-13,2023-03-17,35.005833333333335,1,4,2,2.1500000000000004,Others,3,High Value
4365,247,7,287.57,2019-07-02,2023-04-26,41.08142857142857,1,1,1,1.0,Lost,0,Low Value
4366,20,14,569.0799999999999,2019-02-28,2023-12-09,40.64857142857142,5,5,4,4.6,Champions,2,Premium
4367,6,10,319.08,2019-11-20,2023-12-23,31.907999999999998,5,3,2,3.3,Potential Loyalists,1,Mid Value
4368,407,8,412.59000000000003,2019-11-28,2022-11-17,51.573750000000004,1,2,2,1.65,Lost,0,Low Value
4369,22,12,345.74,2019-04-10,2023-12-07,28.811666666666667,5,4,2,3.55,Others,1,Mid Value
4370,36,11,376.04,2019-02-02,2023-11-23,34.18545454545455,4,4,2,3.2,Others,1,Mid Value
4371,75,12,625.95,2019-04-21,2023-10-15,52.1625,3,4,4,3.65,Loyal Customers,3,High Value
4372,370,9,632.96,2019-05-08,2022-12-24,70.3288888888889,1,2,4,2.45,Others,3,High Value
4373,37,9,720.64,2019-02-22,2023-11-22,80.07111111111111,4,2,4,3.5,Others,1,Mid Value
4374,36,10,429.46999999999997,2020-11-12,2023-11-23,42.946999999999996,4,3,3,3.35,Loyal Customers,1,Mid Value
4375,58,9,503.65999999999997,2019-04-28,2023-11-01,55.962222222222216,3,2,3,2.75,Potential Loyalists,1,Mid Value
4376,40,8,393.51,2019-12-27,2023-11-19,49.18875,4,2,2,2.7,Potential Loyalists,1,Mid Value
4377,191,7,192.83,2019-11-08,2023-06-21,27.54714285714286,2,1,1,1.35,Lost,0,Low Value
4378,230,11,711.39,2019-05-09,2023-05-13,64.67181818181818,2,4,4,3.3,Loyal Customers,3,High Value
4379,14,12,824.6,2019-05-10,2023-12-15,68.71666666666667,5,4,5,4.75,Champions,2,Premium
4380,40,13,569.96,2019-10-24,2023-11-19,43.84307692307693,4,5,4,4.25,Champions,2,Premium
4381,241,13,442.77,2019-02-21,2023-05-02,34.059230769230766,2,5,3,3.1500000000000004,Loyal Customers,3,High Value
4382,10,7,302.96000000000004,2020-02-18,2023-12-19,43.28000000000001,5,1,1,2.4,Potential Loyalists,1,Mid Value
4383,73,8,865.86,2019-11-09,2023-10-17,108.2325,3,2,5,3.55,At Risk,3,High Value
4384,38,11,359.04,2020-04-03,2023-11-21,32.64,4,4,2,3.2,Others,1,Mid Value
4385,558,10,435.65999999999997,2019-11-08,2022-06-19,43.565999999999995,1,3,3,2.3000000000000003,Others,3,High Value
4386,87,9,300.23,2019-06-15,2023-10-03,33.35888888888889,2,2,1,1.6,Lost,0,Low Value
4387,6,6,431.57,2019-01-13,2023-12-23,71.92833333333333,5,1,3,3.2,Potential Loyalists,1,Mid Value
4388,17,8,257.73,2019-11-19,2023-12-12,32.21625,5,2,1,2.65,Potential Loyalists,1,Mid Value
4389,129,9,408.31,2019-01-11,2023-08-22,45.367777777777775,2,2,2,2.0,At Risk,0,Low Value
4390,701,5,194.0,2019-06-26,2022-01-27,38.8,1,1,1,1.0,Lost,0,Low Value
4391,12,7,632.89,2019-10-09,2023-12-17,90.41285714285713,5,1,4,3.6,Others,1,Mid Value
4392,56,8,509.37,2020-08-07,2023-11-03,63.67125,3,2,3,2.75,Potential Loyalists,1,Mid Value
4393,266,8,222.88,2019-05-20,2023-04-07,27.86,1,2,1,1.25,Lost,0,Low Value
4394,166,13,1137.51,2019-06-09,2023-07-16,87.50076923076924,2,5,5,3.95,Loyal Customers,3,High Value
4395,324,8,899.66,2019-01-06,2023-02-08,112.4575,1,2,5,2.85,Others,3,High Value
4396,651,8,695.29,2019-06-15,2022-03-18,86.91125,1,2,4,2.45,Others,3,High Value
4397,11,10,538.1700000000001,2019-06-19,2023-12-18,53.81700000000001,5,3,3,3.7,Loyal Customers,1,Mid Value
4398,36,10,632.46,2020-07-18,2023-11-23,63.246,4,3,4,3.75,Loyal Customers,2,Premium
4399,218,9,330.0,2019-04-10,2023-05-25,36.666666666666664,2,2,2,2.0,At Risk,0,Low Value
4400,24,11,421.54,2019-08-26,2023-12-05,38.32181818181818,5,4,2,3.55,Others,1,Mid Value
4401,23,11,486.5,2019-02-04,2023-12-06,44.22727272727273,5,4,3,3.95,Loyal Customers,2,Premium
4402,35,11,500.7,2019-04-25,2023-11-24,45.518181818181816,4,4,3,3.6,Loyal Customers,2,Premium
4403,41,4,218.83,2019-03-15,2023-11-18,54.7075,4,1,1,2.05,Potential Loyalists,1,Mid Value
4404,25,8,552.59,2020-08-16,2023-12-04,69.07375,4,2,3,3.1,Potential Loyalists,1,Mid Value
4405,281,11,399.75,2019-03-09,2023-03-23,36.34090909090909,1,4,2,2.1500000000000004,Others,3,High Value
4406,202,12,758.58,2019-02-09,2023-06-10,63.215,2,4,4,3.3,Loyal Customers,3,High Value
4407,16,14,1136.8,2019-01-21,2023-12-13,81.2,5,5,5,5.0,Champions,2,Premium
4408,8,11,625.4,2019-08-18,2023-12-21,56.85454545454545,5,4,4,4.35,Champions,2,Premium
4409,196,13,1170.2,2019-05-22,2023-06-16,90.01538461538462,2,5,5,3.95,Loyal Customers,3,High Value
4410,69,10,416.57,2019-03-23,2023-10-21,41.657,3,3,2,2.5999999999999996,Potential Loyalists,1,Mid Value
4411,38,6,310.63,2019-01-15,2023-11-21,51.77166666666667,4,1,1,2.05,Potential Loyalists,1,Mid Value
4412,36,12,407.07,2019-11-17,2023-11-23,33.9225,4,4,2,3.2,Others,1,Mid Value
4413,46,13,1324.6,2019-08-14,2023-11-13,101.89230769230768,3,5,5,4.3,Loyal Customers,2,Premium
4414,135,9,310.69,2019-03-27,2023-08-16,34.52111111111111,2,2,1,1.6,Lost,0,Low Value
4415,2,8,779.3199999999999,2019-12-25,2023-12-27,97.41499999999999,5,2,5,4.25,Others,2,Premium
4416,118,13,746.34,2019-06-25,2023-09-02,57.41076923076923,2,5,4,3.55,Loyal Customers,3,High Value
4417,139,15,1576.78,2019-05-08,2023-08-12,105.11866666666667,2,5,5,3.95,Loyal Customers,3,High Value
4418,58,10,618.25,2019-03-10,2023-11-01,61.825,3,3,4,3.4,Loyal Customers,3,High Value
4419,15,11,1437.64,2019-01-15,2023-12-14,130.69454545454548,5,4,5,4.75,Champions,2,Premium
4420,49,7,464.16999999999996,2019-11-20,2023-11-10,66.30999999999999,3,1,3,2.5,Potential Loyalists,1,Mid Value
4421,64,7,221.64,2019-12-18,2023-10-26,31.662857142857142,3,1,1,1.6999999999999997,Potential Loyalists,0,Low Value
4422,309,7,349.4,2019-05-01,2023-02-23,49.91428571428571,1,1,2,1.4,Lost,0,Low Value
4423,211,8,298.53,2019-04-14,2023-06-01,37.31625,2,2,1,1.6,Lost,0,Low Value
4424,31,9,397.5,2019-04-20,2023-11-28,44.166666666666664,4,2,2,2.7,Potential Loyalists,1,Mid Value
4425,40,7,392.05,2019-10-24,2023-11-19,56.00714285714286,4,1,2,2.45,Potential Loyalists,1,Mid Value
4426,179,14,721.04,2019-05-18,2023-07-03,51.50285714285714,2,5,4,3.55,Loyal Customers,3,High Value
4427,150,9,293.79,2019-03-05,2023-08-01,32.64333333333334,2,2,1,1.6,Lost,0,Low Value
4428,20,14,877.11,2019-08-10,2023-12-09,62.65071428571429,5,5,5,5.0,Champions,2,Premium
4429,27,15,502.11,2019-04-07,2023-12-02,33.474000000000004,4,5,3,3.85,Loyal Customers,2,Premium
4430,46,12,673.97,2019-06-19,2023-11-13,56.16416666666667,3,4,4,3.65,Loyal Customers,3,High Value
4431,246,10,352.76,2019-09-08,2023-04-27,35.275999999999996,2,3,2,2.25,At Risk,0,Low Value
4432,12,11,581.26,2019-01-10,2023-12-17,52.841818181818184,5,4,4,4.35,Champions,2,Premium
4433,21,16,785.81,2019-10-19,2023-12-08,49.113125,5,5,5,5.0,Champions,2,Premium
4434,2,9,261.56,2019-01-17,2023-12-27,29.06222222222222,5,2,1,2.65,Potential Loyalists,1,Mid Value
4435,119,10,337.0,2019-01-23,2023-09-01,33.7,2,3,2,2.25,At Risk,0,Low Value
4436,51,12,546.88,2019-09-08,2023-11-08,45.57333333333333,3,4,3,3.25,Loyal Customers,3,High Value
4437,25,12,761.65,2019-02-20,2023-12-04,63.47083333333333,4,4,4,4.0,Champions,2,Premium
4438,144,10,658.01,2019-08-24,2023-08-07,65.801,2,3,4,3.05,Loyal Customers,3,High Value
4439,15,10,603.02,2019-01-13,2023-12-14,60.302,5,3,4,4.1,Loyal Customers,2,Premium
4440,4,15,515.24,2019-10-02,2023-12-25,34.349333333333334,5,5,3,4.2,Loyal Customers,2,Premium
4441,54,5,148.67000000000002,2019-12-22,2023-11-05,29.734,3,1,1,1.6999999999999997,Potential Loyalists,0,Low Value
4442,311,9,281.64,2019-11-04,2023-02-21,31.293333333333333,1,2,1,1.25,Lost,0,Low Value
4443,13,7,286.42,2019-01-13,2023-12-16,40.917142857142856,5,1,1,2.4,Potential Loyalists,1,Mid Value
4444,74,6,199.69,2021-04-12,2023-10-16,33.281666666666666,3,1,1,1.6999999999999997,Potential Loyalists,0,Low Value
4445,28,7,442.38,2019-02-20,2023-12-01,63.19714285714286,4,1,3,2.85,Potential Loyalists,1,Mid Value
4446,155,8,713.6,2020-03-13,2023-07-27,89.2,2,2,4,2.8,At Risk,3,High Value
4447,51,7,223.92,2019-12-22,2023-11-08,31.988571428571426,3,1,1,1.6999999999999997,Potential Loyalists,0,Low Value
4448,410,15,532.28,2019-01-05,2022-11-14,35.48533333333333,1,5,3,2.8000000000000003,Others,3,High Value
4449,11,8,532.77,2019-09-19,2023-12-18,66.59625,5,2,3,3.45,Potential Loyalists,1,Mid Value
4450,145,11,753.87,2019-03-21,2023-08-06,68.53363636363636,2,4,4,3.3,Loyal Customers,3,High Value
4451,489,7,505.16,2020-01-19,2022-08-27,72.16571428571429,1,1,3,1.8000000000000003,Others,0,Low Value
4452,117,8,301.8,2019-11-15,2023-09-03,37.725,2,2,1,1.6,Lost,0,Low Value
4453,4,9,629.52,2020-11-14,2023-12-25,69.94666666666666,5,2,4,3.85,Others,1,Mid Value
4454,411,11,738.25,2019-01-27,2022-11-13,67.11363636363636,1,4,4,2.95,Others,3,High Value
4455,37,13,440.18,2019-03-06,2023-11-22,33.86,4,5,3,3.85,Loyal Customers,2,Premium
4456,294,9,403.19,2019-07-07,2023-03-10,44.79888888888889,1,2,2,1.65,Lost,0,Low Value
4457,38,9,760.39,2019-09-15,2023-11-21,84.48777777777778,4,2,4,3.5,Others,1,Mid Value
4458,57,10,687.02,2019-10-25,2023-11-02,68.702,3,3,4,3.4,Loyal Customers,3,High Value
4459,318,8,331.63,2019-04-16,2023-02-14,41.45375,1,2,2,1.65,Lost,0,Low Value
4460,56,7,239.26,2019-07-18,2023-11-03,34.18,3,1,1,1.6999999999999997,Potential Loyalists,0,Low Value
4461,76,8,788.96,2019-02-25,2023-10-14,98.62,3,2,5,3.55,At Risk,3,High Value
4462,7,12,356.85,2020-08-09,2023-12-22,29.7375,5,4,2,3.55,Others,1,Mid Value
4463,302,12,881.52,2019-01-07,2023-03-02,73.46,1,4,5,3.35,Others,3,High Value
4464,415,8,250.17000000000002,2019-04-20,2022-11-09,31.271250000000002,1,2,1,1.25,Lost,0,Low Value
4465,74,7,552.82,2019-10-23,2023-10-16,78.97428571428573,3,1,3,2.5,Potential Loyalists,1,Mid Value
4466,1,11,508.17999999999995,2019-11-26,2023-12-28,46.198181818181816,5,4,3,3.95,Loyal Customers,2,Premium
4467,166,7,343.56,2020-01-06,2023-07-16,49.08,2,1,2,1.75,Lost,0,Low Value
4468,797,6,403.71000000000004,2019-06-15,2021-10-23,67.28500000000001,1,1,2,1.4,Lost,0,Low Value
4469,92,14,1058.9,2019-03-09,2023-09-28,75.63571428571429,2,5,5,3.95,Loyal Customers,3,High Value
4470,22,7,252.07,2019-11-16,2023-12-07,36.01,5,1,1,2.4,Potential Loyalists,1,Mid Value
4471,368,8,648.24,2019-11-13,2022-12-26,81.03,1,2,4,2.45,Others,3,High Value
4472,2,10,601.97,2019-05-25,2023-12-27,60.197,5,3,4,4.1,Loyal Customers,2,Premium
4473,18,16,658.75,2019-01-03,2023-12-11,41.171875,5,5,4,4.6,Champions,2,Premium
4474,224,13,562.6,2019-04-14,2023-05-19,43.276923076923076,2,5,4,3.55,Loyal Customers,3,High Value
4475,37,12,638.29,2019-12-07,2023-11-22,53.19083333333333,4,4,4,4.0,Champions,2,Premium
4476,24,7,414.17,2019-11-09,2023-12-05,59.167142857142856,5,1,2,2.8,Potential Loyalists,1,Mid Value
4477,372,12,875.74,2019-01-09,2022-12-22,72.97833333333334,1,4,5,3.35,Others,3,High Value
4478,48,6,372.64,2019-03-10,2023-11-11,62.10666666666666,3,1,2,2.0999999999999996,Potential Loyalists,0,Low Value
4479,134,11,467.61,2019-02-04,2023-08-17,42.51,2,4,3,2.9000000000000004,Loyal Customers,3,High Value
4480,35,12,526.89,2020-03-23,2023-11-24,43.9075,4,4,3,3.6,Loyal Customers,2,Premium
4481,34,9,805.17,2019-03-10,2023-11-25,89.46333333333332,4,2,5,3.9,Others,2,Premium
4482,168,5,476.6,2019-11-27,2023-07-14,95.32000000000001,2,1,3,2.1500000000000004,Others,0,Low Value
4483,189,9,711.53,2019-06-19,2023-06-23,79.05888888888889,2,2,4,2.8,At Risk,3,High Value
4484,34,9,1095.96,2019-09-28,2023-11-25,121.77333333333334,4,2,5,3.9,Others,2,Premium
4485,51,6,222.46,2019-01-14,2023-11-08,37.07666666666667,3,1,1,1.6999999999999997,Potential Loyalists,0,Low Value
4486,42,8,353.02,2019-01-12,2023-11-17,44.1275,4,2,2,2.7,Potential Loyalists,1,Mid Value
4487,51,13,737.05,2019-03-02,2023-11-08,56.69615384615384,3,5,4,3.9,Loyal Customers,2,Premium
4488,48,9,285.34,2019-10-07,2023-11-11,31.70444444444444,3,2,1,1.9499999999999997,Potential Loyalists,0,Low Value
4489,48,15,542.76,2019-05-09,2023-11-11,36.184,3,5,3,3.5,Loyal Customers,2,Premium
4490,132,12,887.25,2019-07-16,2023-08-19,73.9375,2,4,5,3.7,Loyal Customers,3,High Value
4491,48,12,1038.69,2019-02-03,2023-11-11,86.5575,3,4,5,4.05,Loyal Customers,2,Premium
4492,41,17,946.64,2019-06-23,2023-11-18,55.684705882352944,4,5,5,4.65,Champions,2,Premium
4493,231,6,405.89,2019-03-23,2023-05-12,67.64833333333333,2,1,2,1.75,Lost,0,Low Value
4494,166,9,624.46,2019-02-01,2023-07-16,69.38444444444445,2,2,4,2.8,At Risk,3,High Value
4495,7,16,887.19,2019-04-15,2023-12-22,55.449375,5,5,5,5.0,Champions,2,Premium
4496,5,13,750.23,2019-05-26,2023-12-24,57.71,5,5,4,4.6,Champions,2,Premium
4497,404,8,339.48,2020-06-05,2022-11-20,42.435,1,2,2,1.65,Lost,0,Low Value
4498,36,7,798.5999999999999,2019-10-08,2023-11-23,114.08571428571427,4,1,5,3.65,Others,1,Mid Value
4499,45,7,372.05,2019-08-15,2023-11-14,53.15,3,1,2,2.0999999999999996,Potential Loyalists,0,Low Value
4500,41,16,1358.51,2019-03-21,2023-11-18,84.906875,4,5,5,4.65,Champions,2,Premium
4501,51,7,271.12,2019-05-06,2023-11-08,38.73142857142857,3,1,1,1.6999999999999997,Potential Loyalists,0,Low Value
4502,84,15,1405.3,2019-03-18,2023-10-06,93.68666666666667,3,5,5,4.3,Loyal Customers,2,Premium
4503,393,6,479.78,2021-12-15,2022-12-01,79.96333333333332,1,1,3,1.8000000000000003,Others,0,Low Value
4504,573,7,401.22,2019-03-12,2022-06-04,57.31714285714286,1,1,2,1.4,Lost,0,Low Value
4505,301,5,130.07,2019-09-17,2023-03-03,26.014,1,1,1,1.0,Lost,0,Low Value
4506,16,12,386.43,2019-02-03,2023-12-13,32.2025,5,4,2,3.55,Others,1,Mid Value
4507,7,6,302.2,2019-08-07,2023-12-22,50.36666666666667,5,1,1,2.4,Potential Loyalists,1,Mid Value
4508,38,14,618.72,2019-04-17,2023-11-21,44.19428571428572,4,5,4,4.25,Champions,2,Premium
4509,21,14,431.84,2019-04-02,2023-12-08,30.845714285714283,5,5,3,4.2,Loyal Customers,2,Premium
4510,81,10,1366.1599999999999,2019-01-12,2023-10-09,136.61599999999999,3,3,5,3.8,Loyal Customers,3,High Value
4511,10,11,577.89,2019-07-12,2023-12-19,52.53545454545454,5,4,4,4.35,Champions,2,Premium
4512,52,13,420.96000000000004,2019-09-18,2023-11-07,32.38153846153846,3,5,2,3.0999999999999996,At Risk,2,Premium
4513,15,6,196.70000000000002,2020-06-23,2023-12-14,32.78333333333334,5,1,1,2.4,Potential Loyalists,1,Mid Value
4514,33,9,327.13,2020-09-12,2023-11-26,36.34777777777778,4,2,2,2.7,Potential Loyalists,1,Mid Value
4515,74,7,171.53,2020-07-13,2023-10-16,24.504285714285714,3,1,1,1.6999999999999997,Potential Loyalists,0,Low Value
4516,43,9,401.63,2019-08-17,2023-11-16,44.62555555555556,4,2,2,2.7,Potential Loyalists,1,Mid Value
4517,42,8,435.5,2019-10-28,2023-11-17,54.4375,4,2,3,3.1,Potential Loyalists,1,Mid Value
4518,56,13,632.87,2019-09-12,2023-11-03,48.682307692307695,3,5,4,3.9,Loyal Customers,2,Premium
4519,28,9,302.71999999999997,2019-01-13,2023-12-01,33.635555555555555,4,2,1,2.3,Potential Loyalists,1,Mid Value
4520,32,12,468.02,2019-11-11,2023-11-27,39.001666666666665,4,4,3,3.6,Loyal Customers,2,Premium
4521,75,10,940.57,2019-11-21,2023-10-15,94.057,3,3,5,3.8,Loyal Customers,3,High Value
4522,31,11,324.5,2019-07-01,2023-11-28,29.5,4,4,2,3.2,Others,1,Mid Value
4523,49,8,825.19,2020-08-20,2023-11-10,103.14875,3,2,5,3.55,At Risk,3,High Value
4524,47,7,385.93,2019-07-06,2023-11-12,55.13285714285714,3,1,2,2.0999999999999996,Potential Loyalists,0,Low Value
4525,34,11,371.1,2019-01-07,2023-11-25,33.73636363636364,4,4,2,3.2,Others,1,Mid Value
4526,74,15,1200.23,2019-05-07,2023-10-16,80.01533333333333,3,5,5,4.3,Loyal Customers,2,Premium
4527,49,7,402.54999999999995,2019-08-14,2023-11-10,57.50714285714285,3,1,2,2.0999999999999996,Potential Loyalists,0,Low Value
4528,7,12,530.85,2019-01-05,2023-12-22,44.237500000000004,5,4,3,3.95,Loyal Customers,2,Premium
4529,222,9,602.41,2019-01-27,2023-05-21,66.93444444444444,2,2,4,2.8,At Risk,3,High Value
4530,389,7,260.96,2019-04-17,2022-12-05,37.279999999999994,1,1,1,1.0,Lost,0,Low Value
4531,110,10,546.16,2019-02-14,2023-09-10,54.616,2,3,3,2.6500000000000004,Loyal Customers,3,High Value
4532,173,6,324.56,2019-12-21,2023-07-09,54.093333333333334,2,1,2,1.75,Lost,0,Low Value
4533,22,10,863.16,2019-12-19,2023-12-07,86.316,5,3,5,4.5,Loyal Customers,2,Premium
4534,47,16,470.85,2019-06-13,2023-11-12,29.428125,3,5,3,3.5,Loyal Customers,2,Premium
4535,47,8,357.6,2019-01-09,2023-11-12,44.7,3,2,2,2.3499999999999996,Potential Loyalists,1,Mid Value
4536,4,14,1721.06,2019-05-20,2023-12-25,122.93285714285715,5,5,5,5.0,Champions,2,Premium
4537,280,10,1001.9,2019-07-02,2023-03-24,100.19,1,3,5,3.1,Others,3,High Value
4538,417,7,232.15,2019-11-16,2022-11-07,33.16428571428572,1,1,1,1.0,Lost,0,Low Value
4539,5,8,198.94,2019-08-02,2023-12-24,24.8675,5,2,1,2.65,Potential Loyalists,1,Mid Value
4540,74,9,272.33,2019-02-02,2023-10-16,30.258888888888887,3,2,1,1.9499999999999997,Potential Loyalists,0,Low Value
4541,40,15,779.29,2019-05-15,2023-11-19,51.952666666666666,4,5,5,4.65,Champions,2,Premium
4542,31,6,287.77,2019-04-05,2023-11-28,47.961666666666666,4,1,1,2.05,Potential Loyalists,1,Mid Value
4543,245,12,443.24,2019-11-27,2023-04-28,36.93666666666667,2,4,3,2.9000000000000004,Loyal Customers,3,High Value
4544,396,2,104.18,2021-11-19,2022-11-28,52.09,1,1,1,1.0,Lost,0,Low Value
4545,35,6,177.45,2019-09-08,2023-11-24,29.575,4,1,1,2.05,Potential Loyalists,1,Mid Value
4546,45,8,299.55,2019-03-27,2023-11-14,37.44375,3,2,1,1.9499999999999997,Potential Loyalists,0,Low Value
4547,387,11,507.36,2019-04-20,2022-12-07,46.123636363636365,1,4,3,2.5500000000000003,Others,3,High Value
4548,11,12,416.31,2019-10-07,2023-12-18,34.6925,5,4,2,3.55,Others,1,Mid Value
4549,248,5,257.94,2020-09-11,2023-04-25,51.588,1,1,1,1.0,Lost,0,Low Value
4550,114,6,199.32999999999998,2019-05-01,2023-09-06,33.221666666666664,2,1,1,1.35,Lost,0,Low Value
4551,94,8,236.56,2019-04-14,2023-09-26,29.57,2,2,1,1.6,Lost,0,Low Value
4552,87,12,704.51,2019-02-16,2023-10-03,58.70916666666667,2,4,4,3.3,Loyal Customers,3,High Value
4553,3,7,204.43,2019-02-22,2023-12-26,29.204285714285714,5,1,1,2.4,Potential Loyalists,1,Mid Value
4554,278,8,532.15,2019-12-21,2023-03-26,66.51875,1,2,3,2.0500000000000003,Others,0,Low Value
4555,102,6,190.84,2022-11-17,2023-09-18,31.80666666666667,2,1,1,1.35,Lost,0,Low Value
4556,40,9,430.69,2020-08-11,2023-11-19,47.85444444444445,4,2,3,3.1,Potential Loyalists,1,Mid Value
4557,112,10,847.07,2020-10-27,2023-09-08,84.70700000000001,2,3,5,3.45,Loyal Customers,3,High Value
4558,98,12,404.55,2019-11-21,2023-09-22,33.7125,2,4,2,2.5,At Risk,3,High Value
4559,815,8,388.13,2020-01-03,2021-10-05,48.51625,1,2,2,1.65,Lost,0,Low Value
4560,50,14,1062.02,2019-07-03,2023-11-09,75.85857142857142,3,5,5,4.3,Loyal Customers,2,Premium
4561,48,13,529.3,2019-11-07,2023-11-11,40.715384615384615,3,5,3,3.5,Loyal Customers,2,Premium
4562,400,15,564.64,2019-01-25,2022-11-24,37.64266666666666,1,5,4,3.2,Others,3,High Value
4563,269,9,477.89,2019-11-14,2023-04-04,53.09888888888889,1,2,3,2.0500000000000003,Others,0,Low Value
4564,17,14,772.15,2019-04-01,2023-12-12,55.153571428571425,5,5,5,5.0,Champions,2,Premium
4565,20,12,1218.72,2020-04-24,2023-12-09,101.56,5,4,5,4.75,Champions,2,Premium
4566,50,14,954.31,2019-03-15,2023-11-09,68.16499999999999,3,5,5,4.3,Loyal Customers,2,Premium
4567,187,8,246.98,2019-01-23,2023-06-25,30.8725,2,2,1,1.6,Lost,0,Low Value
4568,49,12,944.49,2020-02-22,2023-11-10,78.7075,3,4,5,4.05,Loyal Customers,2,Premium
4569,28,8,272.5,2019-02-14,2023-12-01,34.0625,4,2,1,2.3,Potential Loyalists,1,Mid Value
4570,36,9,657.95,2020-11-10,2023-11-23,73.10555555555555,4,2,4,3.5,Others,1,Mid Value
4571,47,14,485.42,2019-03-17,2023-11-12,34.67285714285715,3,5,3,3.5,Loyal Customers,2,Premium
4572,191,11,731.59,2019-09-16,2023-06-21,66.50818181818182,2,4,4,3.3,Loyal Customers,3,High Value
4573,40,11,357.19,2019-11-21,2023-11-19,32.47181818181818,4,4,2,3.2,Others,1,Mid Value
4574,2,13,872.4100000000001,2019-04-23,2023-12-27,67.10846153846154,5,5,5,5.0,Champions,2,Premium
4575,43,9,319.31,2019-03-01,2023-11-16,35.47888888888889,4,2,2,2.7,Potential Loyalists,1,Mid Value
4576,12,13,493.35,2020-03-09,2023-12-17,37.95,5,5,3,4.2,Loyal Customers,2,Premium
4577,7,12,600.41,2019-08-09,2023-12-22,50.034166666666664,5,4,4,4.35,Champions,2,Premium
4578,329,7,929.72,2019-02-20,2023-02-03,132.81714285714287,1,1,5,2.6,Others,3,High Value
4579,5,9,425.78,2019-12-22,2023-12-24,47.30888888888889,5,2,2,3.05,Potential Loyalists,1,Mid Value
4580,32,11,739.3000000000001,2019-03-13,2023-11-27,67.20909090909092,4,4,4,4.0,Champions,2,Premium
4581,45,9,298.74,2020-06-12,2023-11-14,33.193333333333335,3,2,1,1.9499999999999997,Potential Loyalists,0,Low Value
4582,379,12,811.8399999999999,2019-05-12,2022-12-15,67.65333333333332,1,4,5,3.35,Others,3,High Value
4583,341,1,34.98,2023-01-22,2023-01-22,34.98,1,1,1,1.0,Lost,0,Low Value
4584,50,11,852.15,2019-02-16,2023-11-09,77.46818181818182,3,4,5,4.05,Loyal Customers,2,Premium
4585,99,6,385.6,2021-08-11,2023-09-21,64.26666666666667,2,1,2,1.75,Lost,0,Low Value
4586,63,8,351.57,2019-08-11,2023-10-27,43.94625,3,2,2,2.3499999999999996,Potential Loyalists,1,Mid Value
4587,23,7,290.04,2019-12-05,2023-12-06,41.434285714285714,5,1,1,2.4,Potential Loyalists,1,Mid Value
4588,55,6,517.56,2019-11-23,2023-11-04,86.25999999999999,3,1,3,2.5,Potential Loyalists,1,Mid Value
4589,55,12,782.54,2019-09-13,2023-11-04,65.21166666666666,3,4,5,4.05,Loyal Customers,2,Premium
4590,27,13,492.82,2020-03-09,2023-12-02,37.90923076923077,4,5,3,3.85,Loyal Customers,2,Premium
4591,13,10,880.79,2019-03-10,2023-12-16,88.079,5,3,5,4.5,Loyal Customers,2,Premium
4592,12,10,581.66,2019-11-28,2023-12-17,58.166,5,3,4,4.1,Loyal Customers,2,Premium
4593,42,11,1519.3799999999999,2019-03-13,2023-11-17,138.12545454545455,4,4,5,4.4,Champions,2,Premium
4594,21,8,284.62,2020-11-02,2023-12-08,35.5775,5,2,1,2.65,Potential Loyalists,1,Mid Value
4595,43,12,1153.3,2019-01-02,2023-11-16,96.10833333333333,4,4,5,4.4,Champions,2,Premium
4596,46,8,303.01,2019-01-11,2023-11-13,37.87625,3,2,1,1.9499999999999997,Potential Loyalists,0,Low Value
4597,422,8,660.76,2019-03-19,2022-11-02,82.595,1,2,4,2.45,Others,3,High Value
4598,37,9,568.5799999999999,2019-09-17,2023-11-22,63.17555555555555,4,2,4,3.5,Others,1,Mid Value
4599,45,11,341.86,2019-07-11,2023-11-14,31.078181818181818,3,4,2,2.8499999999999996,At Risk,1,Mid Value
4600,17,8,301.84000000000003,2019-12-22,2023-12-12,37.730000000000004,5,2,1,2.65,Potential Loyalists,1,Mid Value
4601,71,9,519.7,2019-11-17,2023-10-19,57.74444444444445,3,2,3,2.75,Potential Loyalists,1,Mid Value
4602,8,9,490.86,2019-11-23,2023-12-21,54.54,5,2,3,3.45,Potential Loyalists,1,Mid Value
4603,74,10,666.49,2019-11-07,2023-10-16,66.649,3,3,4,3.4,Loyal Customers,3,High Value
4604,37,6,341.98,2019-11-07,2023-11-22,56.99666666666667,4,1,2,2.45,Potential Loyalists,1,Mid Value
4605,205,14,756.19,2019-11-07,2023-06-07,54.01357142857143,2,5,4,3.55,Loyal Customers,3,High Value
4606,39,11,1054.1399999999999,2019-06-28,2023-11-20,95.83090909090907,4,4,5,4.4,Champions,2,Premium
4607,42,9,518.59,2020-11-02,2023-11-17,57.62111111111111,4,2,3,3.1,Potential Loyalists,1,Mid Value
4608,607,12,1035.22,2019-02-05,2022-05-01,86.26833333333333,1,4,5,3.35,Others,3,High Value
4609,414,7,508.96,2019-02-20,2022-11-10,72.70857142857143,1,1,3,1.8000000000000003,Others,0,Low Value
4610,101,11,949.99,2019-08-20,2023-09-19,86.36272727272727,2,4,5,3.7,Loyal Customers,3,High Value
4611,16,21,1092.92,2019-08-21,2023-12-13,52.04380952380953,5,5,5,5.0,Champions,2,Premium
4612,370,11,600.97,2019-04-19,2022-12-24,54.63363636363636,1,4,4,2.95,Others,3,High Value
4613,46,12,471.94,2019-01-23,2023-11-13,39.32833333333333,3,4,3,3.25,Loyal Customers,3,High Value
4614,126,9,466.39,2019-04-28,2023-08-25,51.82111111111111,2,2,3,2.4000000000000004,At Risk,0,Low Value
4615,142,12,441.36,2019-01-17,2023-08-09,36.78,2,4,3,2.9000000000000004,Loyal Customers,3,High Value
4616,57,6,460.78999999999996,2019-10-27,2023-11-02,76.79833333333333,3,1,3,2.5,Potential Loyalists,1,Mid Value
4617,64,8,631.93,2019-05-13,2023-10-26,78.99125,3,2,4,3.15,At Risk,3,High Value
4618,53,8,358.16999999999996,2019-12-20,2023-11-06,44.771249999999995,3,2,2,2.3499999999999996,Potential Loyalists,1,Mid Value
4619,87,7,231.67000000000002,2019-08-19,2023-10-03,33.09571428571429,2,1,1,1.35,Lost,0,Low Value
4620,33,9,464.72,2019-04-15,2023-11-26,51.635555555555555,4,2,3,3.1,Potential Loyalists,1,Mid Value
4621,232,11,804.41,2019-01-26,2023-05-11,73.12818181818182,2,4,5,3.7,Loyal Customers,3,High Value
4622,19,9,246.71,2019-10-17,2023-12-10,27.412222222222223,5,2,1,2.65,Potential Loyalists,1,Mid Value
4623,37,8,544.72,2020-11-02,2023-11-22,68.09,4,2,3,3.1,Potential Loyalists,1,Mid Value
4624,44,18,945.48,2019-08-03,2023-11-15,52.52666666666667,4,5,5,4.65,Champions,2,Premium
4625,141,8,307.09000000000003,2020-03-03,2023-08-10,38.386250000000004,2,2,1,1.6,Lost,0,Low Value
4626,461,8,374.76,2019-01-01,2022-09-24,46.845,1,2,2,1.65,Lost,0,Low Value
4627,217,8,541.23,2019-02-13,2023-05-26,67.65375,2,2,3,2.4000000000000004,At Risk,0,Low Value
4628,83,11,1025.21,2019-04-07,2023-10-07,93.2009090909091,3,4,5,4.05,Loyal Customers,2,Premium
4629,92,12,482.89,2019-03-11,2023-09-28,40.240833333333335,2,4,3,2.9000000000000004,Loyal Customers,3,High Value
4630,130,9,326.84000000000003,2019-08-27,2023-08-21,36.31555555555556,2,2,2,2.0,At Risk,0,Low Value
4631,35,14,1159.78,2019-07-12,2023-11-24,82.84142857142857,4,5,5,4.65,Champions,2,Premium
4632,32,5,162.82,2020-02-14,2023-11-27,32.564,4,1,1,2.05,Potential Loyalists,1,Mid Value
4633,107,10,472.03999999999996,2019-02-28,2023-09-13,47.20399999999999,2,3,3,2.6500000000000004,Loyal Customers,3,High Value
4634,54,15,794.96,2019-01-21,2023-11-05,52.99733333333334,3,5,5,4.3,Loyal Customers,2,Premium
4635,37,14,699.48,2019-08-17,2023-11-22,49.962857142857146,4,5,4,4.25,Champions,2,Premium
4636,145,7,675.1800000000001,2019-10-13,2023-08-06,96.45428571428572,2,1,4,2.55,Others,0,Low Value
4637,799,4,149.52,2020-11-22,2021-10-21,37.38,1,1,1,1.0,Lost,0,Low Value
4638,38,8,300.49,2019-09-14,2023-11-21,37.56125,4,2,1,2.3,Potential Loyalists,1,Mid Value
4639,5,9,619.0,2019-01-26,2023-12-24,68.77777777777777,5,2,4,3.85,Others,1,Mid Value
4640,15,18,2291.93,2019-01-07,2023-12-14,127.32944444444443,5,5,5,5.0,Champions,2,Premium
4641,164,8,648.11,2019-03-16,2023-07-18,81.01375,2,2,4,2.8,At Risk,3,High Value
4642,241,5,219.10999999999999,2019-01-07,2023-05-02,43.821999999999996,2,1,1,1.35,Lost,0,Low Value
4643,97,12,763.14,2019-11-03,2023-09-23,63.595,2,4,4,3.3,Loyal Customers,3,High Value
4644,42,14,850.53,2019-11-17,2023-11-17,60.75214285714286,4,5,5,4.65,Champions,2,Premium
4645,5,8,229.14999999999998,2019-07-22,2023-12-24,28.643749999999997,5,2,1,2.65,Potential Loyalists,1,Mid Value
4646,18,7,329.55,2019-07-25,2023-12-11,47.07857142857143,5,1,2,2.8,Potential Loyalists,1,Mid Value
4647,313,10,421.07,2019-03-05,2023-02-19,42.107,1,3,2,1.9000000000000001,Others,0,Low Value
4648,220,6,290.4,2019-09-16,2023-05-23,48.4,2,1,1,1.35,Lost,0,Low Value
4649,16,10,1227.1000000000001,2019-07-02,2023-12-13,122.71000000000001,5,3,5,4.5,Loyal Customers,2,Premium
4650,161,14,626.14,2019-04-01,2023-07-21,44.72428571428571,2,5,4,3.55,Loyal Customers,3,High Value
4651,21,8,457.14,2019-08-08,2023-12-08,57.1425,5,2,3,3.45,Potential Loyalists,1,Mid Value
4652,125,5,166.45,2020-07-19,2023-08-26,33.29,2,1,1,1.35,Lost,0,Low Value
4653,42,10,1161.59,2019-01-21,2023-11-17,116.15899999999999,4,3,5,4.15,Loyal Customers,2,Premium
4654,290,9,344.90999999999997,2019-07-16,2023-03-14,38.32333333333333,1,2,2,1.65,Lost,0,Low Value
4655,87,8,363.16999999999996,2019-07-25,2023-10-03,45.396249999999995,2,2,2,2.0,At Risk,0,Low Value
4656,20,14,812.13,2019-02-17,2023-12-09,58.00928571428572,5,5,5,5.0,Champions,2,Premium
4657,407,12,873.05,2019-01-14,2022-11-17,72.75416666666666,1,4,5,3.35,Others,3,High Value
4658,12,14,488.34,2019-05-25,2023-12-17,34.88142857142857,5,5,3,4.2,Loyal Customers,2,Premium
4659,37,13,778.8000000000001,2019-11-09,2023-11-22,59.907692307692315,4,5,5,4.65,Champions,2,Premium
4660,35,16,627.26,2019-01-08,2023-11-24,39.20375,4,5,4,4.25,Champions,2,Premium
4661,63,12,451.78,2019-08-26,2023-10-27,37.64833333333333,3,4,3,3.25,Loyal Customers,3,High Value
4662,58,8,350.56,2019-04-07,2023-11-01,43.82,3,2,2,2.3499999999999996,Potential Loyalists,1,Mid Value
4663,15,12,536.82,2019-05-27,2023-12-14,44.73500000000001,5,4,3,3.95,Loyal Customers,2,Premium
4664,181,10,708.96,2019-06-08,2023-07-01,70.896,2,3,4,3.05,Loyal Customers,3,High Value
4665,50,11,1101.6100000000001,2019-02-13,2023-11-09,100.14636363636365,3,4,5,4.05,Loyal Customers,2,Premium
4666,7,10,827.4,2019-11-02,2023-12-22,82.74,5,3,5,4.5,Loyal Customers,2,Premium
4667,14,8,364.71,2019-10-08,2023-12-15,45.58875,5,2,2,3.05,Potential Loyalists,1,Mid Value
4668,53,8,528.15,2020-02-09,2023-11-06,66.01875,3,2,3,2.75,Potential Loyalists,1,Mid Value
4669,141,19,1109.25,2019-05-25,2023-08-10,58.38157894736842,2,5,5,3.95,Loyal Customers,3,High Value
4670,24,8,274.35,2019-11-07,2023-12-05,34.29375,5,2,1,2.65,Potential Loyalists,1,Mid Value
4671,23,8,447.5,2019-03-21,2023-12-06,55.9375,5,2,3,3.45,Potential Loyalists,1,Mid Value
4672,266,8,343.69,2019-02-25,2023-04-07,42.96125,1,2,2,1.65,Lost,0,Low Value
4673,597,7,286.21,2019-11-01,2022-05-11,40.887142857142855,1,1,1,1.0,Lost,0,Low Value
4674,554,11,490.57,2019-03-20,2022-06-23,44.597272727272724,1,4,3,2.5500000000000003,Others,3,High Value
4675,114,10,622.2900000000001,2019-03-08,2023-09-06,62.229000000000006,2,3,4,3.05,Loyal Customers,3,High Value
4676,13,10,646.11,2019-01-07,2023-12-16,64.611,5,3,4,4.1,Loyal Customers,2,Premium
4677,14,13,635.8199999999999,2019-06-15,2023-12-15,48.90923076923077,5,5,4,4.6,Champions,2,Premium
4678,34,14,945.36,2019-09-21,2023-11-25,67.52571428571429,4,5,5,4.65,Champions,2,Premium
4679,42,12,651.87,2019-11-24,2023-11-17,54.3225,4,4,4,4.0,Champions,2,Premium
4680,28,10,827.35,2019-09-10,2023-12-01,82.735,4,3,5,4.15,Loyal Customers,2,Premium
4681,225,12,659.52,2019-04-04,2023-05-18,54.96,2,4,4,3.3,Loyal Customers,3,High Value
4682,181,7,295.62,2019-08-17,2023-07-01,42.23142857142857,2,1,1,1.35,Lost,0,Low Value
4683,28,11,359.94,2019-06-09,2023-12-01,32.72181818181818,4,4,2,3.2,Others,1,Mid Value
4684,17,17,806.43,2019-01-14,2023-12-12,47.43705882352941,5,5,5,5.0,Champions,2,Premium
4685,9,8,479.37,2019-09-13,2023-12-20,59.92125,5,2,3,3.45,Potential Loyalists,1,Mid Value
4686,39,7,311.8,2019-10-19,2023-11-20,44.542857142857144,4,1,1,2.05,Potential Loyalists,1,Mid Value
4687,44,10,684.45,2019-08-20,2023-11-15,68.44500000000001,4,3,4,3.75,Loyal Customers,2,Premium
4688,32,9,322.98,2019-05-04,2023-11-27,35.88666666666667,4,2,2,2.7,Potential Loyalists,1,Mid Value
4689,52,11,635.47,2019-04-25,2023-11-07,57.77,3,4,4,3.65,Loyal Customers,3,High Value
4690,33,10,304.91,2019-06-16,2023-11-26,30.491000000000003,4,3,1,2.55,Potential Loyalists,1,Mid Value
4691,58,4,158.51,2019-09-21,2023-11-01,39.6275,3,1,1,1.6999999999999997,Potential Loyalists,0,Low Value
4692,45,11,558.91,2019-03-11,2023-11-14,50.809999999999995,3,4,4,3.65,Loyal Customers,3,High Value
4693,49,8,561.16,2019-07-19,2023-11-10,70.145,3,2,4,3.15,At Risk,3,High Value
4694,86,7,252.52,2019-10-19,2023-10-04,36.074285714285715,2,1,1,1.35,Lost,0,Low Value
4695,24,8,588.6800000000001,2019-04-04,2023-12-05,73.58500000000001,5,2,4,3.85,Others,1,Mid Value
4696,476,8,1263.92,2019-02-26,2022-09-09,157.99,1,2,5,2.85,Others,3,High Value
4697,25,12,540.73,2019-03-12,2023-12-04,45.060833333333335,4,4,3,3.6,Loyal Customers,2,Premium
4698,48,10,468.93,2019-08-09,2023-11-11,46.893,3,3,3,3.0,Loyal Customers,3,High Value
4699,5,9,638.32,2020-02-13,2023-12-24,70.92444444444445,5,2,4,3.85,Others,1,Mid Value
4700,87,12,583.22,2019-02-17,2023-10-03,48.60166666666667,2,4,4,3.3,Loyal Customers,3,High Value
4701,20,16,988.06,2019-10-03,2023-12-09,61.75375,5,5,5,5.0,Champions,2,Premium
4702,31,15,1667.67,2020-09-10,2023-11-28,111.17800000000001,4,5,5,4.65,Champions,2,Premium
4703,6,10,761.85,2019-07-01,2023-12-23,76.185,5,3,4,4.1,Loyal Customers,2,Premium
4704,148,15,782.1800000000001,2019-11-16,2023-08-03,52.14533333333334,2,5,5,3.95,Loyal Customers,3,High Value
4705,39,11,472.28,2019-09-04,2023-11-20,42.93454545454545,4,4,3,3.6,Loyal Customers,2,Premium
4706,149,15,557.59,2020-01-01,2023-08-02,37.17266666666667,2,5,4,3.55,Loyal Customers,3,High Value
4707,13,12,894.0500000000001,2019-02-28,2023-12-16,74.50416666666668,5,4,5,4.75,Champions,2,Premium
4708,17,12,966.51,2019-01-12,2023-12-12,80.5425,5,4,5,4.75,Champions,2,Premium
4709,173,9,503.99,2019-07-01,2023-07-09,55.99888888888889,2,2,3,2.4000000000000004,At Risk,0,Low Value
4710,2,19,1202.1599999999999,2019-06-14,2023-12-27,63.27157894736841,5,5,5,5.0,Champions,2,Premium
4711,435,4,167.41,2020-11-23,2022-10-20,41.8525,1,1,1,1.0,Lost,0,Low Value
4712,467,11,376.06,2019-03-17,2022-09-18,34.18727272727273,1,4,2,2.1500000000000004,Others,3,High Value
4713,232,10,411.64,2019-11-08,2023-05-11,41.164,2,3,2,2.25,At Risk,0,Low Value
4714,51,8,320.3,2019-12-08,2023-11-08,40.0375,3,2,2,2.3499999999999996,Potential Loyalists,1,Mid Value
4715,8,12,386.64,2019-01-13,2023-12-21,32.22,5,4,2,3.55,Others,1,Mid Value
4716,412,11,469.96,2019-09-05,2022-11-12,42.72363636363636,1,4,3,2.5500000000000003,Others,3,High Value
4717,178,12,715.71,2019-03-17,2023-07-04,59.642500000000005,2,4,4,3.3,Loyal Customers,3,High Value
4718,101,6,335.01,2020-04-08,2023-09-19,55.835,2,1,2,1.75,Lost,0,Low Value
4719,37,5,382.81,2019-08-09,2023-11-22,76.562,4,1,2,2.45,Potential Loyalists,1,Mid Value
4720,1556,4,181.53000000000003,2019-02-04,2019-09-25,45.38250000000001,1,1,1,1.0,Lost,0,Low Value
4721,37,7,482.12,2019-05-09,2023-11-22,68.87428571428572,4,1,3,2.85,Potential Loyalists,1,Mid Value
4722,58,8,336.84000000000003,2019-10-17,2023-11-01,42.105000000000004,3,2,2,2.3499999999999996,Potential Loyalists,1,Mid Value
4723,86,11,418.05,2019-10-12,2023-10-04,38.00454545454546,2,4,2,2.5,At Risk,3,High Value
4724,87,15,973.61,2019-01-05,2023-10-03,64.90733333333334,2,5,5,3.95,Loyal Customers,3,High Value
4725,37,9,621.14,2019-10-10,2023-11-22,69.01555555555555,4,2,4,3.5,Others,1,Mid Value
4726,267,11,518.85,2019-05-03,2023-04-06,47.16818181818182,1,4,3,2.5500000000000003,Others,3,High Value
4727,35,10,506.55,2019-06-14,2023-11-24,50.655,4,3,3,3.35,Loyal Customers,1,Mid Value
4728,28,10,1005.3299999999999,2019-08-21,2023-12-01,100.53299999999999,4,3,5,4.15,Loyal Customers,2,Premium
4729,44,16,653.72,2019-03-22,2023-11-15,40.8575,4,5,4,4.25,Champions,2,Premium
4730,55,13,698.25,2019-11-25,2023-11-04,53.71153846153846,3,5,4,3.9,Loyal Customers,2,Premium
4731,36,12,541.47,2019-12-17,2023-11-23,45.1225,4,4,3,3.6,Loyal Customers,2,Premium
4732,68,15,485.93,2019-04-23,2023-10-22,32.39533333333333,3,5,3,3.5,Loyal Customers,2,Premium
4733,566,8,286.45,2019-11-07,2022-06-11,35.80625,1,2,1,1.25,Lost,0,Low Value
4734,166,8,310.91,2020-01-17,2023-07-16,38.86375,2,2,1,1.6,Lost,0,Low Value
4735,40,10,334.46,2019-03-14,2023-11-19,33.446,4,3,2,2.95,Potential Loyalists,1,Mid Value
4736,22,7,213.18,2019-05-19,2023-12-07,30.454285714285714,5,1,1,2.4,Potential Loyalists,1,Mid Value
4737,411,9,343.02,2019-06-17,2022-11-13,38.11333333333333,1,2,2,1.65,Lost,0,Low Value
4738,22,9,463.33000000000004,2019-11-26,2023-12-07,51.48111111111112,5,2,3,3.45,Potential Loyalists,1,Mid Value
4739,137,13,622.99,2019-11-22,2023-08-14,47.92230769230769,2,5,4,3.55,Loyal Customers,3,High Value
4740,537,8,390.21,2019-10-09,2022-07-10,48.77625,1,2,2,1.65,Lost,0,Low Value
4741,58,8,266.2,2019-04-08,2023-11-01,33.275,3,2,1,1.9499999999999997,Potential Loyalists,0,Low Value
4742,83,10,792.39,2020-02-11,2023-10-07,79.239,3,3,5,3.8,Loyal Customers,3,High Value
4743,50,11,395.11,2019-06-20,2023-11-09,35.91909090909091,3,4,2,2.8499999999999996,At Risk,1,Mid Value
4744,163,17,617.9,2019-01-17,2023-07-19,36.34705882352941,2,5,4,3.55,Loyal Customers,3,High Value
4745,49,11,713.9,2019-01-22,2023-11-10,64.89999999999999,3,4,4,3.65,Loyal Customers,3,High Value
4746,140,9,443.0,2019-12-19,2023-08-11,49.22222222222222,2,2,3,2.4000000000000004,At Risk,0,Low Value
4747,462,5,521.33,2019-04-06,2022-09-23,104.266,1,1,3,1.8000000000000003,Others,0,Low Value
4748,34,8,284.97,2020-03-26,2023-11-25,35.62125,4,2,1,2.3,Potential Loyalists,1,Mid Value
4749,22,13,2565.8,2019-02-01,2023-12-07,197.3692307692308,5,5,5,5.0,Champions,2,Premium
4750,462,8,432.02,2019-11-27,2022-09-23,54.0025,1,2,3,2.0500000000000003,Others,0,Low Value
4751,22,10,390.21,2020-01-11,2023-12-07,39.021,5,3,2,3.3,Potential Loyalists,1,Mid Value
4752,36,9,608.4,2019-08-10,2023-11-23,67.6,4,2,4,3.5,Others,1,Mid Value
4753,237,10,544.1899999999999,2019-03-18,2023-05-06,54.419,2,3,3,2.6500000000000004,Loyal Customers,3,High Value
4754,24,10,598.24,2019-07-28,2023-12-05,59.824,5,3,4,4.1,Loyal Customers,2,Premium
4755,383,7,248.58,2019-06-08,2022-12-11,35.511428571428574,1,1,1,1.0,Lost,0,Low Value
4756,195,10,358.1,2019-11-04,2023-06-17,35.81,2,3,2,2.25,At Risk,0,Low Value
4757,327,5,239.61,2019-07-11,2023-02-05,47.922000000000004,1,1,1,1.0,Lost,0,Low Value
4758,33,14,829.33,2019-03-12,2023-11-26,59.237857142857145,4,5,5,4.65,Champions,2,Premium
4759,405,6,205.70999999999998,2019-02-26,2022-11-19,34.285,1,1,1,1.0,Lost,0,Low Value
4760,304,7,497.75,2019-02-17,2023-02-28,71.10714285714286,1,1,3,1.8000000000000003,Others,0,Low Value
4761,25,6,686.12,2019-02-08,2023-12-04,114.35333333333334,4,1,4,3.25,Others,1,Mid Value
4762,139,8,520.02,2019-01-28,2023-08-12,65.0025,2,2,3,2.4000000000000004,At Risk,0,Low Value
4763,146,8,225.44,2019-08-25,2023-08-05,28.18,2,2,1,1.6,Lost,0,Low Value
4764,413,10,314.19,2019-03-16,2022-11-11,31.419,1,3,1,1.5,Others,0,Low Value
4765,36,13,959.98,2019-04-24,2023-11-23,73.84461538461538,4,5,5,4.65,Champions,2,Premium
4766,155,6,174.34,2020-05-28,2023-07-27,29.05666666666667,2,1,1,1.35,Lost,0,Low Value
4767,42,10,2579.2799999999997,2019-03-08,2023-11-17,257.928,4,3,5,4.15,Loyal Customers,2,Premium
4768,33,6,1042.6100000000001,2019-04-14,2023-11-26,173.76833333333335,4,1,5,3.65,Others,1,Mid Value
4769,38,10,411.78,2019-03-13,2023-11-21,41.178,4,3,2,2.95,Potential Loyalists,1,Mid Value
4770,45,9,325.93,2019-01-26,2023-11-14,36.214444444444446,3,2,2,2.3499999999999996,Potential Loyalists,1,Mid Value
4771,43,12,1055.42,2019-06-15,2023-11-16,87.95166666666667,4,4,5,4.4,Champions,2,Premium
4772,34,13,740.62,2019-05-01,2023-11-25,56.97076923076923,4,5,4,4.25,Champions,2,Premium
4773,404,7,507.94,2020-07-08,2022-11-20,72.56285714285714,1,1,3,1.8000000000000003,Others,0,Low Value
4774,41,12,472.49,2019-07-02,2023-11-18,39.37416666666667,4,4,3,3.6,Loyal Customers,2,Premium
4775,43,7,288.43,2019-12-03,2023-11-16,41.20428571428572,4,1,1,2.05,Potential Loyalists,1,Mid Value
4776,407,6,565.05,2019-11-19,2022-11-17,94.175,1,1,4,2.2,Others,0,Low Value
4777,19,13,1133.75,2019-12-05,2023-12-10,87.21153846153847,5,5,5,5.0,Champions,2,Premium
4778,57,10,739.02,2019-01-05,2023-11-02,73.902,3,3,4,3.4,Loyal Customers,3,High Value
4779,12,11,449.38,2019-05-04,2023-12-17,40.85272727272727,5,4,3,3.95,Loyal Customers,2,Premium
4780,50,7,353.66,2019-01-25,2023-11-09,50.52285714285715,3,1,2,2.0999999999999996,Potential Loyalists,0,Low Value
4781,195,9,819.67,2019-11-05,2023-06-17,91.07444444444444,2,2,5,3.2,At Risk,3,High Value
4782,15,10,363.0,2019-09-11,2023-12-14,36.3,5,3,2,3.3,Potential Loyalists,1,Mid Value
4783,54,11,356.91,2019-09-03,2023-11-05,32.446363636363635,3,4,2,2.8499999999999996,At Risk,1,Mid Value
4784,133,12,540.39,2019-05-26,2023-08-18,45.0325,2,4,3,2.9000000000000004,Loyal Customers,3,High Value
4785,35,12,345.01,2019-03-03,2023-11-24,28.750833333333333,4,4,2,3.2,Others,1,Mid Value
4786,33,9,364.04,2020-12-15,2023-11-26,40.44888888888889,4,2,2,2.7,Potential Loyalists,1,Mid Value
4787,34,10,408.33,2019-01-27,2023-11-25,40.833,4,3,2,2.95,Potential Loyalists,1,Mid Value
4788,211,9,358.69,2019-07-13,2023-06-01,39.85444444444445,2,2,2,2.0,At Risk,0,Low Value
4789,57,9,366.92,2019-05-16,2023-11-02,40.76888888888889,3,2,2,2.3499999999999996,Potential Loyalists,1,Mid Value
4790,44,13,705.56,2019-03-23,2023-11-15,54.27384615384615,4,5,4,4.25,Champions,2,Premium
4791,403,9,345.73,2019-01-04,2022-11-21,38.41444444444445,1,2,2,1.65,Lost,0,Low Value
4792,291,7,260.65999999999997,2019-06-05,2023-03-13,37.23714285714285,1,1,1,1.0,Lost,0,Low Value
4793,405,9,455.88,2019-11-15,2022-11-19,50.653333333333336,1,2,3,2.0500000000000003,Others,0,Low Value
4794,36,11,699.84,2019-11-02,2023-11-23,63.621818181818185,4,4,4,4.0,Champions,2,Premium
4795,25,8,206.16,2019-12-05,2023-12-04,25.77,4,2,1,2.3,Potential Loyalists,1,Mid Value
4796,449,7,242.0,2019-03-23,2022-10-06,34.57142857142857,1,1,1,1.0,Lost,0,Low Value
4797,107,8,361.48,2019-10-05,2023-09-13,45.185,2,2,2,2.0,At Risk,0,Low Value
4798,109,9,421.27,2019-05-27,2023-09-11,46.80777777777777,2,2,2,2.0,At Risk,0,Low Value
4799,5,9,476.51,2019-03-01,2023-12-24,52.94555555555556,5,2,3,3.45,Potential Loyalists,1,Mid Value
4800,313,12,396.06,2019-11-05,2023-02-19,33.005,1,4,2,2.1500000000000004,Others,3,High Value
4801,414,12,657.23,2020-01-02,2022-11-10,54.76916666666667,1,4,4,2.95,Others,3,High Value
4802,161,13,302.82,2019-11-14,2023-07-21,23.293846153846154,2,5,1,2.35,Others,3,High Value
4803,229,10,484.9,2019-10-10,2023-05-14,48.489999999999995,2,3,3,2.6500000000000004,Loyal Customers,3,High Value
4804,303,8,285.19,2019-04-23,2023-03-01,35.64875,1,2,1,1.25,Lost,0,Low Value
4805,41,12,693.96,2019-02-11,2023-11-18,57.830000000000005,4,4,4,4.0,Champions,2,Premium
4806,39,10,515.15,2019-02-05,2023-11-20,51.515,4,3,3,3.35,Loyal Customers,1,Mid Value
4807,160,9,565.41,2019-12-26,2023-07-22,62.82333333333333,2,2,4,2.8,At Risk,3,High Value
4808,41,16,1534.01,2019-07-03,2023-11-18,95.875625,4,5,5,4.65,Champions,2,Premium
4809,246,11,682.15,2019-10-06,2023-04-27,62.01363636363636,2,4,4,3.3,Loyal Customers,3,High Value
4810,44,9,1578.41,2019-07-13,2023-11-15,175.3788888888889,4,2,5,3.9,Others,2,Premium
4811,218,6,187.32,2019-05-20,2023-05-25,31.22,2,1,1,1.35,Lost,0,Low Value
4812,33,11,487.2,2019-08-12,2023-11-26,44.29090909090909,4,4,3,3.6,Loyal Customers,2,Premium
4813,89,7,439.68,2019-11-01,2023-10-01,62.81142857142857,2,1,3,2.1500000000000004,Others,0,Low Value
4814,43,13,914.03,2019-09-18,2023-11-16,70.31,4,5,5,4.65,Champions,2,Premium
4815,210,8,529.86,2019-06-21,2023-06-02,66.2325,2,2,3,2.4000000000000004,At Risk,0,Low Value
4816,5,16,567.8,2019-01-19,2023-12-24,35.4875,5,5,4,4.6,Champions,2,Premium
4817,51,13,1034.11,2019-06-20,2023-11-08,79.54692307692306,3,5,5,4.3,Loyal Customers,2,Premium
4818,580,4,107.9,2020-09-04,2022-05-28,26.975,1,1,1,1.0,Lost,0,Low Value
4819,34,11,418.8,2019-01-25,2023-11-25,38.07272727272727,4,4,2,3.2,Others,1,Mid Value
4820,317,7,598.29,2020-01-04,2023-02-15,85.47,1,1,4,2.2,Others,0,Low Value
4821,44,9,342.36,2020-03-03,2023-11-15,38.04,4,2,2,2.7,Potential Loyalists,1,Mid Value
4822,571,9,315.84000000000003,2019-07-14,2022-06-06,35.093333333333334,1,2,1,1.25,Lost,0,Low Value
4823,53,12,692.82,2019-03-05,2023-11-06,57.73500000000001,3,4,4,3.65,Loyal Customers,3,High Value
4824,262,10,353.19,2019-05-14,2023-04-11,35.319,1,3,2,1.9000000000000001,Others,0,Low Value
4825,5,19,2603.3199999999997,2019-06-01,2023-12-24,137.01684210526315,5,5,5,5.0,Champions,2,Premium
4826,33,8,856.68,2020-05-14,2023-11-26,107.085,4,2,5,3.9,Others,2,Premium
4827,94,6,680.39,2021-04-01,2023-09-26,113.39833333333333,2,1,4,2.55,Others,0,Low Value
4828,16,12,1183.82,2019-10-08,2023-12-13,98.65166666666666,5,4,5,4.75,Champions,2,Premium
4829,44,8,726.36,2019-10-05,2023-11-15,90.795,4,2,4,3.5,Others,1,Mid Value
4830,47,6,330.20000000000005,2019-11-01,2023-11-12,55.03333333333334,3,1,2,2.0999999999999996,Potential Loyalists,0,Low Value
4831,160,10,688.35,2019-02-15,2023-07-22,68.83500000000001,2,3,4,3.05,Loyal Customers,3,High Value
4832,145,4,115.36999999999999,2020-12-26,2023-08-06,28.842499999999998,2,1,1,1.35,Lost,0,Low Value
4833,317,5,171.85,2019-10-23,2023-02-15,34.37,1,1,1,1.0,Lost,0,Low Value
4834,28,5,265.51,2019-06-09,2023-12-01,53.102,4,1,1,2.05,Potential Loyalists,1,Mid Value
4835,13,14,583.52,2019-10-06,2023-12-16,41.68,5,5,4,4.6,Champions,2,Premium
4836,207,7,392.19,2019-09-28,2023-06-05,56.027142857142856,2,1,2,1.75,Lost,0,Low Value
4837,756,6,369.02,2020-08-12,2021-12-03,61.50333333333333,1,1,2,1.4,Lost,0,Low Value
4838,57,10,566.35,2019-09-09,2023-11-02,56.635000000000005,3,3,4,3.4,Loyal Customers,3,High Value
4839,344,6,263.54,2019-01-20,2023-01-19,43.92333333333334,1,1,1,1.0,Lost,0,Low Value
4840,12,11,356.36,2019-08-28,2023-12-17,32.39636363636364,5,4,2,3.55,Others,1,Mid Value
4841,180,10,413.23,2019-11-13,2023-07-02,41.323,2,3,2,2.25,At Risk,0,Low Value
4842,202,10,757.08,2019-01-07,2023-06-10,75.708,2,3,4,3.05,Loyal Customers,3,High Value
4843,52,8,293.43,2019-12-13,2023-11-07,36.67875,3,2,1,1.9499999999999997,Potential Loyalists,0,Low Value
4844,401,11,1776.55,2019-04-06,2022-11-23,161.50454545454545,1,4,5,3.35,Others,3,High Value
4845,3,10,649.01,2019-01-24,2023-12-26,64.901,5,3,4,4.1,Loyal Customers,2,Premium
4846,44,7,381.94,2020-11-14,2023-11-15,54.56285714285714,4,1,2,2.45,Potential Loyalists,1,Mid Value
4847,37,11,1501.5600000000002,2019-07-12,2023-11-22,136.50545454545457,4,4,5,4.4,Champions,2,Premium
4848,2,7,487.42,2019-09-12,2023-12-27,69.63142857142857,5,1,3,3.2,Potential Loyalists,1,Mid Value
4849,10,17,718.8199999999999,2019-01-02,2023-12-19,42.283529411764704,5,5,4,4.6,Champions,2,Premium
4850,11,17,880.18,2019-02-15,2023-12-18,51.77529411764706,5,5,5,5.0,Champions,2,Premium
4851,56,6,177.94,2021-02-07,2023-11-03,29.656666666666666,3,1,1,1.6999999999999997,Potential Loyalists,0,Low Value
4852,43,6,201.11,2020-06-14,2023-11-16,33.51833333333334,4,1,1,2.05,Potential Loyalists,1,Mid Value
4853,45,17,784.53,2019-01-05,2023-11-14,46.148823529411764,3,5,5,4.3,Loyal Customers,2,Premium
4854,36,15,670.36,2019-11-04,2023-11-23,44.690666666666665,4,5,4,4.25,Champions,2,Premium
4855,367,5,254.21,2019-11-01,2022-12-27,50.842,1,1,1,1.0,Lost,0,Low Value
4856,18,12,408.49,2019-03-16,2023-12-11,34.04083333333333,5,4,2,3.55,Others,1,Mid Value
4857,37,6,266.03,2019-11-08,2023-11-22,44.33833333333333,4,1,1,2.05,Potential Loyalists,1,Mid Value
4858,88,10,623.79,2019-11-19,2023-10-02,62.379,2,3,4,3.05,Loyal Customers,3,High Value
4859,449,6,198.24,2020-08-15,2022-10-06,33.04,1,1,1,1.0,Lost,0,Low Value
4860,14,11,437.55,2019-08-06,2023-12-15,39.77727272727273,5,4,3,3.95,Loyal Customers,2,Premium
4861,141,11,527.4,2019-02-19,2023-08-10,47.945454545454545,2,4,3,2.9000000000000004,Loyal Customers,3,High Value
4862,39,9,295.02,2019-01-03,2023-11-20,32.78,4,2,1,2.3,Potential Loyalists,1,Mid Value
4863,162,13,383.78,2019-06-14,2023-07-20,29.52153846153846,2,5,2,2.75,At Risk,3,High Value
4864,44,13,540.7,2019-02-21,2023-11-15,41.5923076923077,4,5,3,3.85,Loyal Customers,2,Premium
4865,36,14,567.43,2019-06-04,2023-11-23,40.53071428571428,4,5,4,4.25,Champions,2,Premium
4866,434,7,1084.02,2019-06-03,2022-10-21,154.85999999999999,1,1,5,2.6,Others,3,High Value
4867,6,10,881.22,2019-02-21,2023-12-23,88.122,5,3,5,4.5,Loyal Customers,2,Premium
4868,312,5,308.87,2019-08-16,2023-02-20,61.774,1,1,1,1.0,Lost,0,Low Value
4869,26,7,304.17,2020-11-26,2023-12-03,43.45285714285715,4,1,1,2.05,Potential Loyalists,1,Mid Value
4870,525,12,511.5,2019-02-25,2022-07-22,42.625,1,4,3,2.5500000000000003,Others,3,High Value
4871,301,8,304.41,2019-12-06,2023-03-03,38.05125,1,2,1,1.25,Lost,0,Low Value
4872,57,12,869.87,2019-01-22,2023-11-02,72.48916666666666,3,4,5,4.05,Loyal Customers,2,Premium
4873,32,13,1010.9200000000001,2019-04-10,2023-11-27,77.76307692307692,4,5,5,4.65,Champions,2,Premium
4874,55,7,260.37,2019-02-23,2023-11-04,37.19571428571429,3,1,1,1.6999999999999997,Potential Loyalists,0,Low Value
4875,39,11,432.15999999999997,2019-02-26,2023-11-20,39.28727272727272,4,4,3,3.6,Loyal Customers,2,Premium
4876,118,9,433.7,2019-03-26,2023-09-02,48.18888888888889,2,2,3,2.4000000000000004,At Risk,0,Low Value
4877,167,8,284.23,2019-09-10,2023-07-15,35.52875,2,2,1,1.6,Lost,0,Low Value
4878,52,7,373.3,2019-12-20,2023-11-07,53.32857142857143,3,1,2,2.0999999999999996,Potential Loyalists,0,Low Value
4879,64,12,351.2,2019-11-16,2023-10-26,29.266666666666666,3,4,2,2.8499999999999996,At Risk,1,Mid Value
4880,57,16,939.86,2019-01-04,2023-11-02,58.74125,3,5,5,4.3,Loyal Customers,2,Premium
4881,50,15,591.1899999999999,2019-10-08,2023-11-09,39.41266666666666,3,5,4,3.9,Loyal Customers,2,Premium
4882,39,13,633.39,2019-06-05,2023-11-20,48.722307692307695,4,5,4,4.25,Champions,2,Premium
4883,766,9,291.74,2020-05-15,2021-11-23,32.41555555555556,1,2,1,1.25,Lost,0,Low Value
4884,28,10,406.82,2019-03-19,2023-12-01,40.682,4,3,2,2.95,Potential Loyalists,1,Mid Value
4885,188,6,224.46999999999997,2019-11-08,2023-06-24,37.41166666666666,2,1,1,1.35,Lost,0,Low Value
4886,6,13,509.40999999999997,2019-03-04,2023-12-23,39.18538461538461,5,5,3,4.2,Loyal Customers,2,Premium
4887,16,13,524.62,2019-01-05,2023-12-13,40.355384615384615,5,5,3,4.2,Loyal Customers,2,Premium
4888,117,8,527.46,2019-03-07,2023-09-03,65.9325,2,2,3,2.4000000000000004,At Risk,0,Low Value
4889,22,9,424.13,2019-10-15,2023-12-07,47.12555555555556,5,2,2,3.05,Potential Loyalists,1,Mid Value
4890,28,4,153.46,2020-12-16,2023-12-01,38.365,4,1,1,2.05,Potential Loyalists,1,Mid Value
4891,7,7,416.73,2019-03-03,2023-12-22,59.53285714285715,5,1,2,2.8,Potential Loyalists,1,Mid Value
4892,160,13,637.72,2019-01-10,2023-07-22,49.05538461538462,2,5,4,3.55,Loyal Customers,3,High Value
4893,19,10,476.61,2019-10-21,2023-12-10,47.661,5,3,3,3.7,Loyal Customers,1,Mid Value
4894,51,9,649.02,2019-06-08,2023-11-08,72.11333333333333,3,2,4,3.15,At Risk,3,High Value
4895,31,11,748.64,2019-06-20,2023-11-28,68.05818181818182,4,4,4,4.0,Champions,2,Premium
4896,5,11,540.99,2019-04-24,2023-12-24,49.18090909090909,5,4,3,3.95,Loyal Customers,2,Premium
4897,84,14,738.48,2019-08-04,2023-10-06,52.74857142857143,3,5,4,3.9,Loyal Customers,2,Premium
4898,54,9,250.29999999999998,2019-08-26,2023-11-05,27.81111111111111,3,2,1,1.9499999999999997,Potential Loyalists,0,Low Value
4899,56,12,442.34,2019-10-09,2023-11-03,36.861666666666665,3,4,3,3.25,Loyal Customers,3,High Value
4900,20,9,1121.33,2019-04-03,2023-12-09,124.59222222222222,5,2,5,4.25,Others,2,Premium
4901,355,11,468.43,2019-10-07,2023-01-08,42.584545454545456,1,4,3,2.5500000000000003,Others,3,High Value
4902,45,13,483.07,2019-03-15,2023-11-14,37.15923076923077,3,5,3,3.5,Loyal Customers,2,Premium
4903,249,18,1937.43,2019-10-09,2023-04-24,107.635,1,5,5,3.6,Others,3,High Value
4904,36,7,367.18,2019-12-20,2023-11-23,52.45428571428572,4,1,2,2.45,Potential Loyalists,1,Mid Value
4905,35,13,808.36,2020-01-03,2023-11-24,62.181538461538466,4,5,5,4.65,Champions,2,Premium
4906,81,14,921.83,2019-03-11,2023-10-09,65.845,3,5,5,4.3,Loyal Customers,2,Premium
4907,138,11,708.26,2019-02-04,2023-08-13,64.38727272727273,2,4,4,3.3,Loyal Customers,3,High Value
4908,12,7,423.29,2021-08-20,2023-12-17,60.470000000000006,5,1,2,2.8,Potential Loyalists,1,Mid Value
4909,164,10,350.84999999999997,2019-04-19,2023-07-18,35.084999999999994,2,3,2,2.25,At Risk,0,Low Value
4910,36,13,465.44,2019-05-09,2023-11-23,35.80307692307692,4,5,3,3.85,Loyal Customers,2,Premium
4911,24,10,433.51,2019-11-28,2023-12-05,43.351,5,3,3,3.7,Loyal Customers,1,Mid Value
4912,63,11,407.88,2019-12-14,2023-10-27,37.08,3,4,2,2.8499999999999996,At Risk,1,Mid Value
4913,80,12,327.37,2019-02-12,2023-10-10,27.280833333333334,3,4,2,2.8499999999999996,At Risk,1,Mid Value
4914,22,13,950.82,2019-03-07,2023-12-07,73.14,5,5,5,5.0,Champions,2,Premium
4915,235,10,424.2,2019-11-19,2023-05-08,42.42,2,3,2,2.25,At Risk,0,Low Value
4916,132,11,411.27,2019-11-10,2023-08-19,37.38818181818181,2,4,2,2.5,At Risk,3,High Value
4917,89,8,451.23,2020-12-08,2023-10-01,56.40375,2,2,3,2.4000000000000004,At Risk,0,Low Value
4918,35,11,541.42,2019-03-16,2023-11-24,49.22,4,4,3,3.6,Loyal Customers,2,Premium
4919,253,12,807.26,2019-05-24,2023-04-20,67.27166666666666,1,4,5,3.35,Others,3,High Value
4920,31,11,1193.84,2020-01-16,2023-11-28,108.53090909090908,4,4,5,4.4,Champions,2,Premium
4921,1113,4,390.52,2019-04-16,2020-12-11,97.63,1,1,2,1.4,Lost,0,Low Value
4922,42,7,377.7,2019-08-10,2023-11-17,53.957142857142856,4,1,2,2.45,Potential Loyalists,1,Mid Value
4923,45,9,744.2,2019-07-26,2023-11-14,82.6888888888889,3,2,4,3.15,At Risk,3,High Value
4924,34,11,830.14,2019-02-08,2023-11-25,75.46727272727273,4,4,5,4.4,Champions,2,Premium
4925,167,13,811.56,2019-01-02,2023-07-15,62.427692307692304,2,5,5,3.95,Loyal Customers,3,High Value
4926,16,13,535.76,2020-11-01,2023-12-13,41.21230769230769,5,5,3,4.2,Loyal Customers,2,Premium
4927,6,9,529.61,2019-05-11,2023-12-23,58.845555555555556,5,2,3,3.45,Potential Loyalists,1,Mid Value
4928,36,12,476.01,2019-04-18,2023-11-23,39.6675,4,4,3,3.6,Loyal Customers,2,Premium
4929,18,7,511.82,2019-03-05,2023-12-11,73.11714285714285,5,1,3,3.2,Potential Loyalists,1,Mid Value
4930,976,2,78.9,2019-09-11,2021-04-27,39.45,1,1,1,1.0,Lost,0,Low Value
4931,1101,5,503.6,2019-07-21,2020-12-23,100.72,1,1,3,1.8000000000000003,Others,0,Low Value
4932,87,11,423.28,2019-05-04,2023-10-03,38.48,2,4,2,2.5,At Risk,3,High Value
4933,188,12,398.34,2019-09-07,2023-06-24,33.195,2,4,2,2.5,At Risk,3,High Value
4934,359,8,307.57,2019-03-25,2023-01-04,38.44625,1,2,1,1.25,Lost,0,Low Value
4935,80,14,876.58,2019-12-11,2023-10-10,62.612857142857145,3,5,5,4.3,Loyal Customers,2,Premium
4936,227,10,909.32,2019-11-12,2023-05-16,90.932,2,3,5,3.45,Loyal Customers,3,High Value
4937,115,10,452.72,2019-01-03,2023-09-05,45.272000000000006,2,3,3,2.6500000000000004,Loyal Customers,3,High Value
4938,397,16,893.91,2019-01-26,2022-11-27,55.869375,1,5,5,3.6,Others,3,High Value
4939,376,12,573.53,2019-11-05,2022-12-18,47.79416666666666,1,4,4,2.95,Others,3,High Value
4940,4,15,676.22,2019-04-04,2023-12-25,45.08133333333333,5,5,4,4.6,Champions,2,Premium
4941,435,6,230.6,2019-05-23,2022-10-20,38.43333333333333,1,1,1,1.0,Lost,0,Low Value
4942,89,10,566.71,2019-03-19,2023-10-01,56.67100000000001,2,3,4,3.05,Loyal Customers,3,High Value
4943,33,13,1030.8,2019-05-06,2023-11-26,79.29230769230769,4,5,5,4.65,Champions,2,Premium
4944,41,9,369.78,2019-11-27,2023-11-18,41.086666666666666,4,2,2,2.7,Potential Loyalists,1,Mid Value
4945,23,10,771.81,2019-02-02,2023-12-06,77.181,5,3,5,4.5,Loyal Customers,2,Premium
4946,209,10,1459.32,2020-06-11,2023-06-03,145.932,2,3,5,3.45,Loyal Customers,3,High Value
4947,33,7,267.9,2019-08-11,2023-11-26,38.271428571428565,4,1,1,2.05,Potential Loyalists,1,Mid Value
4948,45,8,822.98,2019-03-03,2023-11-14,102.8725,3,2,5,3.55,At Risk,3,High Value
4949,370,7,464.35,2019-01-21,2022-12-24,66.33571428571429,1,1,3,1.8000000000000003,Others,0,Low Value
4950,39,11,441.81,2019-12-21,2023-11-20,40.164545454545454,4,4,3,3.6,Loyal Customers,2,Premium
4951,43,7,389.91,2019-04-03,2023-11-16,55.70142857142857,4,1,2,2.45,Potential Loyalists,1,Mid Value
4952,43,8,270.28,2019-01-20,2023-11-16,33.785,4,2,1,2.3,Potential Loyalists,1,Mid Value
4953,130,6,292.25,2019-01-03,2023-08-21,48.708333333333336,2,1,1,1.35,Lost,0,Low Value
4954,45,15,861.0699999999999,2019-08-05,2023-11-14,57.404666666666664,3,5,5,4.3,Loyal Customers,2,Premium
4955,65,12,399.14,2019-02-27,2023-10-25,33.26166666666666,3,4,2,2.8499999999999996,At Risk,1,Mid Value
4956,36,12,705.87,2019-03-03,2023-11-23,58.8225,4,4,4,4.0,Champions,2,Premium
4957,427,4,206.27,2020-05-22,2022-10-28,51.5675,1,1,1,1.0,Lost,0,Low Value
4958,389,9,936.15,2019-02-04,2022-12-05,104.01666666666667,1,2,5,2.85,Others,3,High Value
4959,3,12,685.5,2019-09-22,2023-12-26,57.125,5,4,4,4.35,Champions,2,Premium
4960,35,6,419.91999999999996,2020-11-02,2023-11-24,69.98666666666666,4,1,2,2.45,Potential Loyalists,1,Mid Value
4961,51,7,330.61,2019-02-26,2023-11-08,47.230000000000004,3,1,2,2.0999999999999996,Potential Loyalists,0,Low Value
4962,132,11,406.58,2019-10-12,2023-08-19,36.96181818181818,2,4,2,2.5,At Risk,3,High Value
4963,25,16,675.32,2019-11-15,2023-12-04,42.2075,4,5,4,4.25,Champions,2,Premium
4964,36,10,719.83,2019-03-15,2023-11-23,71.983,4,3,4,3.75,Loyal Customers,2,Premium
4965,141,13,1169.35,2019-07-01,2023-08-10,89.94999999999999,2,5,5,3.95,Loyal Customers,3,High Value
4966,33,15,842.41,2019-03-22,2023-11-26,56.160666666666664,4,5,5,4.65,Champions,2,Premium
4967,1077,3,234.73000000000002,2019-11-12,2021-01-16,78.24333333333334,1,1,1,1.0,Lost,0,Low Value
4968,1,4,120.22,2019-04-09,2023-12-28,30.055,5,1,1,2.4,Potential Loyalists,1,Mid Value
4969,98,12,425.32,2019-06-02,2023-09-22,35.443333333333335,2,4,2,2.5,At Risk,3,High Value
4970,53,11,665.32,2019-06-17,2023-11-06,60.48363636363637,3,4,4,3.65,Loyal Customers,3,High Value
4971,70,6,436.07,2019-11-08,2023-10-20,72.67833333333333,3,1,3,2.5,Potential Loyalists,1,Mid Value
4972,26,4,162.87,2019-12-20,2023-12-03,40.7175,4,1,1,2.05,Potential Loyalists,1,Mid Value
4973,22,7,439.32,2021-02-22,2023-12-07,62.76,5,1,3,3.2,Potential Loyalists,1,Mid Value
4974,143,8,386.79,2019-07-27,2023-08-08,48.34875,2,2,2,2.0,At Risk,0,Low Value
4975,408,13,747.0,2019-04-27,2022-11-16,57.46153846153846,1,5,4,3.2,Others,3,High Value
4976,28,11,600.51,2019-01-19,2023-12-01,54.591818181818184,4,4,4,4.0,Champions,2,Premium
4977,27,15,517.53,2019-11-03,2023-12-02,34.501999999999995,4,5,3,3.85,Loyal Customers,2,Premium
4978,31,13,992.01,2019-01-12,2023-11-28,76.30846153846154,4,5,5,4.65,Champions,2,Premium
4979,35,10,384.49,2019-11-11,2023-11-24,38.449,4,3,2,2.95,Potential Loyalists,1,Mid Value
4980,158,12,1612.44,2019-04-12,2023-07-24,134.37,2,4,5,3.7,Loyal Customers,3,High Value
4981,235,13,512.79,2019-04-17,2023-05-08,39.44538461538461,2,5,3,3.1500000000000004,Loyal Customers,3,High Value
4982,24,14,504.64,2019-01-07,2023-12-05,36.04571428571428,5,5,3,4.2,Loyal Customers,2,Premium
4983,103,11,510.84000000000003,2019-08-07,2023-09-17,46.440000000000005,2,4,3,2.9000000000000004,Loyal Customers,3,High Value
4984,297,5,216.98,2019-04-27,2023-03-07,43.396,1,1,1,1.0,Lost,0,Low Value
4985,148,13,404.21999999999997,2019-05-12,2023-08-03,31.09384615384615,2,5,2,2.75,At Risk,3,High Value
4986,53,6,366.2,2019-08-07,2023-11-06,61.03333333333333,3,1,2,2.0999999999999996,Potential Loyalists,0,Low Value
4987,50,8,469.4,2019-07-25,2023-11-09,58.675,3,2,3,2.75,Potential Loyalists,1,Mid Value
4988,32,6,197.71,2019-08-17,2023-11-27,32.95166666666667,4,1,1,2.05,Potential Loyalists,1,Mid Value
4989,55,5,224.45999999999998,2020-11-27,2023-11-04,44.891999999999996,3,1,1,1.6999999999999997,Potential Loyalists,0,Low Value
4990,232,11,877.59,2019-05-24,2023-05-11,79.78090909090909,2,4,5,3.7,Loyal Customers,3,High Value
4991,36,9,299.07,2019-01-14,2023-11-23,33.23,4,2,1,2.3,Potential Loyalists,1,Mid Value
4992,136,11,429.65999999999997,2019-01-13,2023-08-15,39.059999999999995,2,4,3,2.9000000000000004,Loyal Customers,3,High Value
4993,223,4,111.47,2021-03-10,2023-05-20,27.8675,2,1,1,1.35,Lost,0,Low Value
4994,64,8,343.48,2019-05-18,2023-10-26,42.935,3,2,2,2.3499999999999996,Potential Loyalists,1,Mid Value
4995,423,8,280.7,2020-05-02,2022-11-01,35.0875,1,2,1,1.25,Lost,0,Low Value
4996,322,13,1186.22,2019-05-04,2023-02-10,91.2476923076923,1,5,5,3.6,Others,3,High Value
4997,39,10,700.49,2019-03-27,2023-11-20,70.049,4,3,4,3.75,Loyal Customers,2,Premium
4998,67,11,483.98,2019-12-21,2023-10-23,43.99818181818182,3,4,3,3.25,Loyal Customers,3,High Value
4999,95,9,351.6,2019-01-01,2023-09-25,39.06666666666667,2,2,2,2.0,At Risk,0,Low Value
5000,71,8,499.21000000000004,2022-06-05,2023-10-19,62.401250000000005,3,2,3,2.75,Potential Loyalists,1,Mid Value
5001,81,9,965.93,2019-12-19,2023-10-09,107.32555555555555,3,2,5,3.55,At Risk,3,High Value
5002,36,17,1483.85,2019-02-26,2023-11-23,87.28529411764706,4,5,5,4.65,Champions,2,Premium
5003,230,4,229.01000000000002,2019-02-05,2023-05-13,57.252500000000005,2,1,1,1.35,Lost,0,Low Value
5004,4,14,369.0,2019-01-28,2023-12-25,26.357142857142858,5,5,2,3.8,Others,2,Premium
5005,35,12,427.77,2019-03-17,2023-11-24,35.6475,4,4,3,3.6,Loyal Customers,2,Premium
5006,15,12,420.69,2019-11-28,2023-12-14,35.0575,5,4,2,3.55,Others,1,Mid Value
5007,327,11,399.54,2019-07-02,2023-02-05,36.32181818181818,1,4,2,2.1500000000000004,Others,3,High Value
5008,54,6,461.57,2019-02-06,2023-11-05,76.92833333333333,3,1,3,2.5,Potential Loyalists,1,Mid Value
5009,303,13,556.47,2019-02-04,2023-03-01,42.80538461538462,1,5,4,3.2,Others,3,High Value
5010,74,8,1391.24,2019-01-13,2023-10-16,173.905,3,2,5,3.55,At Risk,3,High Value
5011,20,14,401.72,2019-06-07,2023-12-09,28.694285714285716,5,5,2,3.8,Others,2,Premium
5012,33,12,648.3199999999999,2019-01-02,2023-11-26,54.026666666666664,4,4,4,4.0,Champions,2,Premium
5013,95,10,347.07,2019-04-06,2023-09-25,34.707,2,3,2,2.25,At Risk,0,Low Value
5014,84,11,728.58,2019-01-04,2023-10-06,66.23454545454545,3,4,4,3.65,Loyal Customers,3,High Value
5015,148,10,1064.25,2019-02-19,2023-08-03,106.425,2,3,5,3.45,Loyal Customers,3,High Value
5016,32,11,726.78,2019-01-01,2023-11-27,66.07090909090908,4,4,4,4.0,Champions,2,Premium
5017,68,8,528.63,2019-12-11,2023-10-22,66.07875,3,2,3,2.75,Potential Loyalists,1,Mid Value
5018,32,7,416.08,2020-11-09,2023-11-27,59.44,4,1,2,2.45,Potential Loyalists,1,Mid Value
5019,402,12,947.3100000000001,2019-11-17,2022-11-22,78.94250000000001,1,4,5,3.35,Others,3,High Value
5020,58,9,547.29,2019-11-02,2023-11-01,60.809999999999995,3,2,3,2.75,Potential Loyalists,1,Mid Value
5021,50,6,498.62,2020-11-04,2023-11-09,83.10333333333334,3,1,3,2.5,Potential Loyalists,1,Mid Value
5022,4,11,525.57,2019-01-22,2023-12-25,47.77909090909091,5,4,3,3.95,Loyal Customers,2,Premium
5023,162,10,646.03,2019-03-21,2023-07-20,64.603,2,3,4,3.05,Loyal Customers,3,High Value
5024,50,9,529.84,2019-11-21,2023-11-09,58.87111111111111,3,2,3,2.75,Potential Loyalists,1,Mid Value
5025,149,9,416.73,2019-06-10,2023-08-02,46.303333333333335,2,2,2,2.0,At Risk,0,Low Value
5026,22,8,249.19,2019-09-28,2023-12-07,31.14875,5,2,1,2.65,Potential Loyalists,1,Mid Value
5027,39,17,1105.21,2019-04-04,2023-11-20,65.01235294117647,4,5,5,4.65,Champions,2,Premium
5028,140,11,602.21,2019-07-03,2023-08-11,54.74636363636364,2,4,4,3.3,Loyal Customers,3,High Value
5029,180,12,632.24,2019-05-13,2023-07-02,52.68666666666667,2,4,4,3.3,Loyal Customers,3,High Value
5030,18,12,500.75,2019-01-15,2023-12-11,41.729166666666664,5,4,3,3.95,Loyal Customers,2,Premium
5031,381,9,1102.67,2019-12-20,2022-12-13,122.5188888888889,1,2,5,2.85,Others,3,High Value
5032,399,13,1406.62,2019-07-10,2022-11-25,108.20153846153845,1,5,5,3.6,Others,3,High Value
5033,252,5,340.12,2019-01-06,2023-04-21,68.024,1,1,2,1.4,Lost,0,Low Value
5034,51,13,954.16,2019-09-11,2023-11-08,73.39692307692307,3,5,5,4.3,Loyal Customers,2,Premium
5035,200,14,1258.54,2019-10-24,2023-06-12,89.89571428571428,2,5,5,3.95,Loyal Customers,3,High Value
5036,116,7,222.1,2019-12-04,2023-09-04,31.728571428571428,2,1,1,1.35,Lost,0,Low Value
5037,40,19,1310.57,2019-05-27,2023-11-19,68.97736842105263,4,5,5,4.65,Champions,2,Premium
5038,105,11,619.24,2019-04-21,2023-09-15,56.29454545454546,2,4,4,3.3,Loyal Customers,3,High Value
5039,44,11,364.0,2019-11-24,2023-11-15,33.09090909090909,4,4,2,3.2,Others,1,Mid Value
5040,366,10,404.76,2019-04-18,2022-12-28,40.476,1,3,2,1.9000000000000001,Others,0,Low Value
5041,41,12,565.96,2019-12-08,2023-11-18,47.163333333333334,4,4,4,4.0,Champions,2,Premium
5042,341,4,202.95,2020-01-01,2023-01-22,50.7375,1,1,1,1.0,Lost,0,Low Value
5043,144,8,616.07,2019-05-26,2023-08-07,77.00875,2,2,4,2.8,At Risk,3,High Value
5044,31,14,598.16,2019-06-12,2023-11-28,42.72571428571428,4,5,4,4.25,Champions,2,Premium
5045,11,10,857.45,2019-03-13,2023-12-18,85.745,5,3,5,4.5,Loyal Customers,2,Premium
5046,26,13,1084.49,2019-09-09,2023-12-03,83.4223076923077,4,5,5,4.65,Champions,2,Premium
5047,16,11,684.34,2019-09-12,2023-12-13,62.21272727272728,5,4,4,4.35,Champions,2,Premium
5048,8,9,648.85,2019-11-19,2023-12-21,72.09444444444445,5,2,4,3.85,Others,1,Mid Value
5049,13,11,824.73,2019-05-17,2023-12-16,74.97545454545455,5,4,5,4.75,Champions,2,Premium
5050,134,13,514.53,2019-08-22,2023-08-17,39.57923076923077,2,5,3,3.1500000000000004,Loyal Customers,3,High Value
5051,46,12,746.04,2019-03-09,2023-11-13,62.169999999999995,3,4,4,3.65,Loyal Customers,3,High Value
5052,154,4,452.41,2021-02-03,2023-07-28,113.1025,2,1,3,2.1500000000000004,Others,0,Low Value
5053,76,3,160.52999999999997,2020-07-23,2023-10-14,53.50999999999999,3,1,1,1.6999999999999997,Potential Loyalists,0,Low Value
5054,1013,3,313.08000000000004,2020-10-01,2021-03-21,104.36000000000001,1,1,1,1.0,Lost,0,Low Value
5055,14,13,462.67,2019-03-14,2023-12-15,35.59,5,5,3,4.2,Loyal Customers,2,Premium
5056,52,11,733.51,2019-06-19,2023-11-07,66.68272727272728,3,4,4,3.65,Loyal Customers,3,High Value
5057,76,16,937.64,2019-11-05,2023-10-14,58.6025,3,5,5,4.3,Loyal Customers,2,Premium
5058,204,7,377.51,2019-07-15,2023-06-08,53.93,2,1,2,1.75,Lost,0,Low Value
5059,1,11,532.13,2019-04-26,2023-12-28,48.375454545454545,5,4,3,3.95,Loyal Customers,2,Premium
5060,110,7,406.89,2020-08-20,2023-09-10,58.12714285714286,2,1,2,1.75,Lost,0,Low Value
5061,208,7,341.1,2019-09-10,2023-06-04,48.728571428571435,2,1,2,1.75,Lost,0,Low Value
5062,24,9,606.62,2019-08-25,2023-12-05,67.40222222222222,5,2,4,3.85,Others,1,Mid Value
5063,24,15,600.01,2019-02-23,2023-12-05,40.00066666666667,5,5,4,4.6,Champions,2,Premium
5064,53,18,1054.87,2019-03-05,2023-11-06,58.60388888888888,3,5,5,4.3,Loyal Customers,2,Premium
5065,31,9,669.07,2019-11-23,2023-11-28,74.34111111111112,4,2,4,3.5,Others,1,Mid Value
5066,66,9,310.78000000000003,2019-01-27,2023-10-24,34.531111111111116,3,2,1,1.9499999999999997,Potential Loyalists,0,Low Value
5067,134,12,491.73,2019-02-02,2023-08-17,40.9775,2,4,3,2.9000000000000004,Loyal Customers,3,High Value
5068,18,13,2167.57,2019-06-24,2023-12-11,166.73615384615385,5,5,5,5.0,Champions,2,Premium
5069,64,10,473.27,2019-05-28,2023-10-26,47.327,3,3,3,3.0,Loyal Customers,3,High Value
5070,583,5,187.8,2020-08-05,2022-05-25,37.56,1,1,1,1.0,Lost,0,Low Value
5071,83,12,358.41,2019-11-07,2023-10-07,29.867500000000003,3,4,2,2.8499999999999996,At Risk,1,Mid Value
5072,32,13,484.42,2019-12-01,2023-11-27,37.26307692307692,4,5,3,3.85,Loyal Customers,2,Premium
5073,134,3,65.44,2020-09-08,2023-08-17,21.813333333333333,2,1,1,1.35,Lost,0,Low Value
5074,23,6,206.49,2020-05-03,2023-12-06,34.415,5,1,1,2.4,Potential Loyalists,1,Mid Value
5075,159,15,556.33,2019-02-02,2023-07-23,37.08866666666667,2,5,4,3.55,Loyal Customers,3,High Value
5076,37,7,334.64,2019-02-17,2023-11-22,47.80571428571428,4,1,2,2.45,Potential Loyalists,1,Mid Value
5077,49,7,318.6,2020-10-06,2023-11-10,45.51428571428572,3,1,2,2.0999999999999996,Potential Loyalists,0,Low Value
5078,20,9,733.23,2019-03-23,2023-12-09,81.47,5,2,4,3.85,Others,1,Mid Value
5079,27,10,354.03,2019-08-17,2023-12-02,35.403,4,3,2,2.95,Potential Loyalists,1,Mid Value
5080,399,7,491.64,2019-11-26,2022-11-25,70.23428571428572,1,1,3,1.8000000000000003,Others,0,Low Value
5081,2,9,479.78,2019-03-15,2023-12-27,53.30888888888889,5,2,3,3.45,Potential Loyalists,1,Mid Value
5082,149,12,663.88,2019-10-20,2023-08-02,55.32333333333333,2,4,4,3.3,Loyal Customers,3,High Value
5083,48,6,196.06,2020-01-08,2023-11-11,32.67666666666667,3,1,1,1.6999999999999997,Potential Loyalists,0,Low Value
5084,224,11,1009.96,2019-07-04,2023-05-19,91.81454545454545,2,4,5,3.7,Loyal Customers,3,High Value
5085,55,13,690.31,2019-06-28,2023-11-04,53.100769230769224,3,5,4,3.9,Loyal Customers,2,Premium
5086,31,9,403.17,2019-11-01,2023-11-28,44.79666666666667,4,2,2,2.7,Potential Loyalists,1,Mid Value
5087,240,8,320.28999999999996,2019-04-24,2023-05-03,40.036249999999995,2,2,2,2.0,At Risk,0,Low Value
5088,385,8,188.97,2020-02-10,2022-12-09,23.62125,1,2,1,1.25,Lost,0,Low Value
5089,126,10,814.48,2019-01-10,2023-08-25,81.44800000000001,2,3,5,3.45,Loyal Customers,3,High Value
5090,32,8,576.48,2019-09-23,2023-11-27,72.06,4,2,4,3.5,Others,1,Mid Value
5091,367,8,226.23,2019-08-23,2022-12-27,28.27875,1,2,1,1.25,Lost,0,Low Value
5092,39,7,451.4,2020-12-19,2023-11-20,64.48571428571428,4,1,3,2.85,Potential Loyalists,1,Mid Value
5093,6,10,421.81,2020-12-13,2023-12-23,42.181,5,3,2,3.3,Potential Loyalists,1,Mid Value
5094,405,14,1544.21,2019-07-16,2022-11-19,110.30071428571429,1,5,5,3.6,Others,3,High Value
5095,4,16,907.14,2020-12-11,2023-12-25,56.69625,5,5,5,5.0,Champions,2,Premium
5096,439,9,505.66,2019-02-24,2022-10-16,56.184444444444445,1,2,3,2.0500000000000003,Others,0,Low Value
5097,14,18,784.13,2019-09-02,2023-12-15,43.562777777777775,5,5,5,5.0,Champions,2,Premium
5098,21,10,548.17,2019-02-05,2023-12-08,54.81699999999999,5,3,3,3.7,Loyal Customers,1,Mid Value
5099,37,6,298.17,2019-05-09,2023-11-22,49.695,4,1,1,2.05,Potential Loyalists,1,Mid Value
5100,42,15,963.55,2019-02-15,2023-11-17,64.23666666666666,4,5,5,4.65,Champions,2,Premium
5101,19,10,328.63,2020-01-15,2023-12-10,32.863,5,3,2,3.3,Potential Loyalists,1,Mid Value
5102,17,9,666.4200000000001,2019-01-26,2023-12-12,74.04666666666668,5,2,4,3.85,Others,1,Mid Value
5103,48,8,1072.72,2019-08-17,2023-11-11,134.09,3,2,5,3.55,At Risk,3,High Value
5104,67,11,707.81,2019-09-01,2023-10-23,64.34636363636363,3,4,4,3.65,Loyal Customers,3,High Value
5105,431,9,331.42,2019-10-17,2022-10-24,36.824444444444445,1,2,2,1.65,Lost,0,Low Value
5106,38,12,462.48,2019-10-08,2023-11-21,38.54,4,4,3,3.6,Loyal Customers,2,Premium
5107,63,13,378.61,2019-04-16,2023-10-27,29.123846153846156,3,5,2,3.0999999999999996,At Risk,2,Premium
5108,157,10,470.08,2019-04-14,2023-07-25,47.007999999999996,2,3,3,2.6500000000000004,Loyal Customers,3,High Value
5109,85,7,316.58,2019-01-04,2023-10-05,45.22571428571428,3,1,1,1.6999999999999997,Potential Loyalists,0,Low Value
5110,494,8,298.11,2019-01-17,2022-08-22,37.26375,1,2,1,1.25,Lost,0,Low Value
5111,129,7,407.14,2019-02-08,2023-08-22,58.16285714285714,2,1,2,1.75,Lost,0,Low Value
5112,87,12,771.59,2019-11-07,2023-10-03,64.29916666666666,2,4,5,3.7,Loyal Customers,3,High Value
5113,626,9,369.78000000000003,2019-03-19,2022-04-12,41.08666666666667,1,2,2,1.65,Lost,0,Low Value
5114,38,10,393.72,2019-01-21,2023-11-21,39.372,4,3,2,2.95,Potential Loyalists,1,Mid Value
5115,36,9,301.67,2019-11-16,2023-11-23,33.51888888888889,4,2,1,2.3,Potential Loyalists,1,Mid Value
5116,32,16,502.88,2019-07-11,2023-11-27,31.43,4,5,3,3.85,Loyal Customers,2,Premium
5117,48,8,741.94,2019-08-17,2023-11-11,92.7425,3,2,4,3.15,At Risk,3,High Value
5118,52,8,263.59,2019-01-01,2023-11-07,32.94875,3,2,1,1.9499999999999997,Potential Loyalists,0,Low Value
5119,35,7,292.79,2019-03-10,2023-11-24,41.82714285714286,4,1,1,2.05,Potential Loyalists,1,Mid Value
5120,31,17,661.08,2019-11-12,2023-11-28,38.887058823529415,4,5,4,4.25,Champions,2,Premium
5121,405,9,1305.83,2019-04-07,2022-11-19,145.0922222222222,1,2,5,2.85,Others,3,High Value
5122,169,9,476.41,2019-05-08,2023-07-13,52.934444444444445,2,2,3,2.4000000000000004,At Risk,0,Low Value
5123,18,10,707.47,2019-02-16,2023-12-11,70.747,5,3,4,4.1,Loyal Customers,2,Premium
5124,16,8,306.46,2019-06-18,2023-12-13,38.3075,5,2,1,2.65,Potential Loyalists,1,Mid Value
5125,245,13,421.38,2019-01-17,2023-04-28,32.41384615384615,2,5,2,2.75,At Risk,3,High Value
5126,186,10,418.53,2019-03-09,2023-06-26,41.852999999999994,2,3,2,2.25,At Risk,0,Low Value
5127,4,14,466.06,2019-05-05,2023-12-25,33.29,5,5,3,4.2,Loyal Customers,2,Premium
5128,20,9,277.11,2020-11-07,2023-12-09,30.790000000000003,5,2,1,2.65,Potential Loyalists,1,Mid Value
5129,69,10,323.38,2019-07-22,2023-10-21,32.338,3,3,2,2.5999999999999996,Potential Loyalists,1,Mid Value
5130,380,8,621.37,2020-11-19,2022-12-14,77.67125,1,2,4,2.45,Others,3,High Value
5131,57,9,347.05,2019-11-12,2023-11-02,38.56111111111111,3,2,2,2.3499999999999996,Potential Loyalists,1,Mid Value
5132,301,5,176.6,2019-04-03,2023-03-03,35.32,1,1,1,1.0,Lost,0,Low Value
5133,72,10,762.29,2020-06-25,2023-10-18,76.229,3,3,4,3.4,Loyal Customers,3,High Value
5134,369,11,489.42,2019-01-24,2022-12-25,44.49272727272727,1,4,3,2.5500000000000003,Others,3,High Value
5135,78,21,852.4,2019-01-03,2023-10-12,40.59047619047619,3,5,5,4.3,Loyal Customers,2,Premium
5136,62,10,536.1899999999999,2019-02-16,2023-10-28,53.61899999999999,3,3,3,3.0,Loyal Customers,3,High Value
5137,321,6,235.96,2021-07-07,2023-02-11,39.32666666666667,1,1,1,1.0,Lost,0,Low Value
5138,404,8,316.4,2019-04-21,2022-11-20,39.55,1,2,1,1.25,Lost,0,Low Value
5139,39,17,594.02,2019-01-12,2023-11-20,34.942352941176466,4,5,4,4.25,Champions,2,Premium
5140,855,11,406.27,2019-01-23,2021-08-26,36.93363636363636,1,4,2,2.1500000000000004,Others,3,High Value
5141,7,7,230.37,2019-04-06,2023-12-22,32.910000000000004,5,1,1,2.4,Potential Loyalists,1,Mid Value
5142,265,9,318.57,2019-02-26,2023-04-08,35.39666666666667,1,2,2,1.65,Lost,0,Low Value
5143,317,6,1082.28,2020-12-21,2023-02-15,180.38,1,1,5,2.6,Others,3,High Value
5144,79,10,443.75,2019-01-15,2023-10-11,44.375,3,3,3,3.0,Loyal Customers,3,High Value
5145,92,12,975.8199999999999,2020-03-07,2023-09-28,81.31833333333333,2,4,5,3.7,Loyal Customers,3,High Value
5146,23,22,1259.08,2019-05-05,2023-12-06,57.23090909090909,5,5,5,5.0,Champions,2,Premium
5147,51,9,590.52,2019-02-04,2023-11-08,65.61333333333333,3,2,4,3.15,At Risk,3,High Value
5148,187,5,437.43,2019-11-09,2023-06-25,87.486,2,1,3,2.1500000000000004,Others,0,Low Value
5149,331,7,450.05,2019-09-09,2023-02-01,64.29285714285714,1,1,3,1.8000000000000003,Others,0,Low Value
5150,38,9,525.23,2019-10-16,2023-11-21,58.35888888888889,4,2,3,3.1,Potential Loyalists,1,Mid Value
5151,81,10,353.48,2019-01-15,2023-10-09,35.348,3,3,2,2.5999999999999996,Potential Loyalists,1,Mid Value
5152,415,5,185.26,2019-06-05,2022-11-09,37.052,1,1,1,1.0,Lost,0,Low Value
5153,63,6,309.41,2019-07-26,2023-10-27,51.568333333333335,3,1,1,1.6999999999999997,Potential Loyalists,0,Low Value
5154,287,16,599.23,2019-07-20,2023-03-17,37.451875,1,5,4,3.2,Others,3,High Value
5155,99,11,575.6600000000001,2019-03-28,2023-09-21,52.33272727272728,2,4,4,3.3,Loyal Customers,3,High Value
5156,27,8,280.09000000000003,2019-01-28,2023-12-02,35.011250000000004,4,2,1,2.3,Potential Loyalists,1,Mid Value
5157,2,12,1297.28,2020-07-27,2023-12-27,108.10666666666667,5,4,5,4.75,Champions,2,Premium
5158,13,13,570.84,2019-01-12,2023-12-16,43.91076923076923,5,5,4,4.6,Champions,2,Premium
5159,45,10,355.8,2019-11-22,2023-11-14,35.58,3,3,2,2.5999999999999996,Potential Loyalists,1,Mid Value
5160,165,11,381.12,2019-05-01,2023-07-17,34.64727272727273,2,4,2,2.5,At Risk,3,High Value
5161,40,8,488.96999999999997,2019-08-02,2023-11-19,61.121249999999996,4,2,3,3.1,Potential Loyalists,1,Mid Value
5162,39,9,311.31,2019-10-13,2023-11-20,34.59,4,2,1,2.3,Potential Loyalists,1,Mid Value
5163,38,11,386.38,2019-05-23,2023-11-21,35.125454545454545,4,4,2,3.2,Others,1,Mid Value
5164,45,11,1391.39,2019-09-01,2023-11-14,126.49000000000001,3,4,5,4.05,Loyal Customers,2,Premium
5165,49,13,763.59,2019-02-04,2023-11-10,58.73769230769231,3,5,4,3.9,Loyal Customers,2,Premium
5166,231,12,662.66,2019-01-12,2023-05-12,55.221666666666664,2,4,4,3.3,Loyal Customers,3,High Value
5167,12,10,1130.54,2019-10-10,2023-12-17,113.054,5,3,5,4.5,Loyal Customers,2,Premium
5168,32,8,273.38,2020-01-13,2023-11-27,34.1725,4,2,1,2.3,Potential Loyalists,1,Mid Value
5169,375,6,294.40000000000003,2019-02-12,2022-12-19,49.06666666666667,1,1,1,1.0,Lost,0,Low Value
5170,372,12,344.78,2019-08-21,2022-12-22,28.731666666666666,1,4,2,2.1500000000000004,Others,3,High Value
5171,225,11,626.27,2019-01-18,2023-05-18,56.93363636363636,2,4,4,3.3,Loyal Customers,3,High Value
5172,31,5,239.66,2020-04-06,2023-11-28,47.932,4,1,1,2.05,Potential Loyalists,1,Mid Value
5173,40,9,290.63,2019-03-08,2023-11-19,32.29222222222222,4,2,1,2.3,Potential Loyalists,1,Mid Value
5174,104,10,400.71000000000004,2019-11-07,2023-09-16,40.071000000000005,2,3,2,2.25,At Risk,0,Low Value
5175,84,9,306.44,2019-07-16,2023-10-06,34.04888888888889,3,2,1,1.9499999999999997,Potential Loyalists,0,Low Value
5176,66,10,366.83,2019-02-06,2023-10-24,36.683,3,3,2,2.5999999999999996,Potential Loyalists,1,Mid Value
5177,41,13,756.84,2019-06-15,2023-11-18,58.21846153846154,4,5,4,4.25,Champions,2,Premium
5178,39,9,486.09000000000003,2019-02-09,2023-11-20,54.010000000000005,4,2,3,3.1,Potential Loyalists,1,Mid Value
5179,300,8,323.29,2020-07-02,2023-03-04,40.41125,1,2,2,1.65,Lost,0,Low Value
5180,209,7,215.09,2019-02-19,2023-06-03,30.72714285714286,2,1,1,1.35,Lost,0,Low Value
5181,380,10,500.45,2020-10-16,2022-12-14,50.045,1,3,3,2.3000000000000003,Others,3,High Value
5182,39,16,782.37,2019-04-22,2023-11-20,48.898125,4,5,5,4.65,Champions,2,Premium
5183,199,6,218.19,2019-11-01,2023-06-13,36.365,2,1,1,1.35,Lost,0,Low Value
5184,97,8,480.75,2020-10-19,2023-09-23,60.09375,2,2,3,2.4000000000000004,At Risk,0,Low Value
5185,8,9,436.14,2019-04-08,2023-12-21,48.46,5,2,3,3.45,Potential Loyalists,1,Mid Value
5186,36,10,346.55,2019-01-10,2023-11-23,34.655,4,3,2,2.95,Potential Loyalists,1,Mid Value
5187,47,20,819.43,2019-01-12,2023-11-12,40.9715,3,5,5,4.3,Loyal Customers,2,Premium
5188,54,10,367.48,2019-06-07,2023-11-05,36.748000000000005,3,3,2,2.5999999999999996,Potential Loyalists,1,Mid Value
5189,82,8,677.64,2019-04-24,2023-10-08,84.705,3,2,4,3.15,At Risk,3,High Value
5190,225,9,342.40999999999997,2019-11-16,2023-05-18,38.04555555555555,2,2,2,2.0,At Risk,0,Low Value
5191,54,6,730.99,2019-01-24,2023-11-05,121.83166666666666,3,1,4,2.9,Others,1,Mid Value
5192,27,14,739.3,2019-06-21,2023-12-02,52.80714285714286,4,5,4,4.25,Champions,2,Premium
5193,377,11,367.25,2020-03-19,2022-12-17,33.38636363636363,1,4,2,2.1500000000000004,Others,3,High Value
5194,106,16,1026.48,2019-05-17,2023-09-14,64.155,2,5,5,3.95,Loyal Customers,3,High Value
5195,34,16,612.39,2019-02-27,2023-11-25,38.274375,4,5,4,4.25,Champions,2,Premium
5196,48,16,1836.29,2019-10-20,2023-11-11,114.768125,3,5,5,4.3,Loyal Customers,2,Premium
5197,155,9,577.94,2019-08-11,2023-07-27,64.21555555555557,2,2,4,2.8,At Risk,3,High Value
5198,226,10,1289.04,2019-11-01,2023-05-17,128.904,2,3,5,3.45,Loyal Customers,3,High Value
5199,292,12,522.89,2019-08-27,2023-03-12,43.57416666666666,1,4,3,2.5500000000000003,Others,3,High Value
5200,13,17,775.78,2019-03-12,2023-12-16,45.63411764705882,5,5,5,5.0,Champions,2,Premium
5201,21,9,558.51,2019-02-17,2023-12-08,62.056666666666665,5,2,4,3.85,Others,1,Mid Value
5202,8,14,464.31,2019-03-01,2023-12-21,33.165,5,5,3,4.2,Loyal Customers,2,Premium
5203,224,5,410.4,2019-03-12,2023-05-19,82.08,2,1,2,1.75,Lost,0,Low Value
5204,68,9,443.47,2019-07-27,2023-10-22,49.27444444444445,3,2,3,2.75,Potential Loyalists,1,Mid Value
5205,203,11,726.27,2019-10-28,2023-06-09,66.02454545454545,2,4,4,3.3,Loyal Customers,3,High Value
5206,117,10,493.62,2019-10-22,2023-09-03,49.362,2,3,3,2.6500000000000004,Loyal Customers,3,High Value
5207,49,10,624.24,2019-06-14,2023-11-10,62.424,3,3,4,3.4,Loyal Customers,3,High Value
5208,4,12,1073.88,2019-09-27,2023-12-25,89.49000000000001,5,4,5,4.75,Champions,2,Premium
5209,46,13,492.65000000000003,2020-05-11,2023-11-13,37.89615384615385,3,5,3,3.5,Loyal Customers,2,Premium
5210,560,9,820.24,2019-01-06,2022-06-17,91.13777777777779,1,2,5,2.85,Others,3,High Value
5211,162,12,491.14,2019-10-16,2023-07-20,40.928333333333335,2,4,3,2.9000000000000004,Loyal Customers,3,High Value
5212,743,12,673.23,2019-03-04,2021-12-16,56.1025,1,4,4,2.95,Others,3,High Value
5213,167,9,1863.58,2019-01-27,2023-07-15,207.06444444444443,2,2,5,3.2,At Risk,3,High Value
5214,23,8,346.37,2019-02-28,2023-12-06,43.29625,5,2,2,3.05,Potential Loyalists,1,Mid Value
5215,146,9,345.26,2019-02-07,2023-08-05,38.36222222222222,2,2,2,2.0,At Risk,0,Low Value
5216,56,8,239.99,2019-02-07,2023-11-03,29.99875,3,2,1,1.9499999999999997,Potential Loyalists,0,Low Value
5217,12,10,604.22,2020-08-06,2023-12-17,60.422000000000004,5,3,4,4.1,Loyal Customers,2,Premium
5218,19,11,947.83,2019-02-04,2023-12-10,86.16636363636364,5,4,5,4.75,Champions,2,Premium
5219,47,6,230.82999999999998,2020-07-27,2023-11-12,38.471666666666664,3,1,1,1.6999999999999997,Potential Loyalists,0,Low Value
5220,190,12,864.6800000000001,2019-06-17,2023-06-22,72.05666666666667,2,4,5,3.7,Loyal Customers,3,High Value
5221,48,6,322.27,2020-11-13,2023-11-11,53.711666666666666,3,1,2,2.0999999999999996,Potential Loyalists,0,Low Value
5222,600,5,413.25,2019-08-05,2022-05-08,82.65,1,1,2,1.4,Lost,0,Low Value
5223,56,6,331.42,2020-10-10,2023-11-03,55.23666666666667,3,1,2,2.0999999999999996,Potential Loyalists,0,Low Value
5224,19,14,473.37,2019-01-02,2023-12-10,33.81214285714286,5,5,3,4.2,Loyal Customers,2,Premium
5225,22,8,485.18,2020-11-27,2023-12-07,60.6475,5,2,3,3.45,Potential Loyalists,1,Mid Value
5226,47,13,489.76,2019-09-05,2023-11-12,37.673846153846156,3,5,3,3.5,Loyal Customers,2,Premium
5227,24,12,701.85,2019-01-05,2023-12-05,58.487500000000004,5,4,4,4.35,Champions,2,Premium
5228,11,8,542.97,2020-04-06,2023-12-18,67.87125,5,2,3,3.45,Potential Loyalists,1,Mid Value
5229,33,11,344.77,2019-12-16,2023-11-26,31.34272727272727,4,4,2,3.2,Others,1,Mid Value
5230,42,8,224.06,2019-08-17,2023-11-17,28.0075,4,2,1,2.3,Potential Loyalists,1,Mid Value
5231,97,11,438.42,2020-07-14,2023-09-23,39.85636363636364,2,4,3,2.9000000000000004,Loyal Customers,3,High Value
5232,58,11,496.6,2019-08-16,2023-11-01,45.14545454545455,3,4,3,3.25,Loyal Customers,3,High Value
5233,33,17,552.77,2019-05-03,2023-11-26,32.515882352941176,4,5,3,3.85,Loyal Customers,2,Premium
5234,28,10,612.0500000000001,2019-08-11,2023-12-01,61.205000000000005,4,3,4,3.75,Loyal Customers,2,Premium
5235,28,11,310.67,2019-01-16,2023-12-01,28.242727272727276,4,4,1,2.8,Others,1,Mid Value
5236,32,13,510.88,2019-04-06,2023-11-27,39.29846153846154,4,5,3,3.85,Loyal Customers,2,Premium
5237,40,7,234.85,2019-08-10,2023-11-19,33.55,4,1,1,2.05,Potential Loyalists,1,Mid Value
5238,37,9,728.1800000000001,2019-06-06,2023-11-22,80.9088888888889,4,2,4,3.5,Others,1,Mid Value
5239,5,10,412.25,2019-05-06,2023-12-24,41.225,5,3,2,3.3,Potential Loyalists,1,Mid Value
5240,86,8,354.26,2019-04-26,2023-10-04,44.2825,2,2,2,2.0,At Risk,0,Low Value
5241,73,14,734.13,2019-03-15,2023-10-17,52.43785714285714,3,5,4,3.9,Loyal Customers,2,Premium
5242,32,9,345.32,2019-04-16,2023-11-27,38.36888888888889,4,2,2,2.7,Potential Loyalists,1,Mid Value
5243,145,17,558.65,2019-10-10,2023-08-06,32.86176470588235,2,5,4,3.55,Loyal Customers,3,High Value
5244,236,14,825.08,2019-11-05,2023-05-07,58.934285714285714,2,5,5,3.95,Loyal Customers,3,High Value
5245,36,12,342.46,2019-03-02,2023-11-23,28.53833333333333,4,4,2,3.2,Others,1,Mid Value
5246,10,10,468.03,2019-10-25,2023-12-19,46.803,5,3,3,3.7,Loyal Customers,1,Mid Value
5247,23,7,1602.97,2019-05-18,2023-12-06,228.99571428571429,5,1,5,4.0,Others,1,Mid Value
5248,43,12,668.28,2019-11-03,2023-11-16,55.69,4,4,4,4.0,Champions,2,Premium
5249,235,11,345.44,2019-07-16,2023-05-08,31.403636363636362,2,4,2,2.5,At Risk,3,High Value
5250,211,11,769.62,2019-02-15,2023-06-01,69.96545454545455,2,4,5,3.7,Loyal Customers,3,High Value
5251,63,9,491.92,2019-03-17,2023-10-27,54.65777777777778,3,2,3,2.75,Potential Loyalists,1,Mid Value
5252,150,5,300.25,2019-03-10,2023-08-01,60.05,2,1,1,1.35,Lost,0,Low Value
5253,136,10,481.37,2019-11-02,2023-08-15,48.137,2,3,3,2.6500000000000004,Loyal Customers,3,High Value
5254,345,7,405.61,2019-06-11,2023-01-18,57.94428571428572,1,1,2,1.4,Lost,0,Low Value
5255,41,11,845.39,2019-04-28,2023-11-18,76.85363636363637,4,4,5,4.4,Champions,2,Premium
5256,231,6,344.83,2019-12-01,2023-05-12,57.471666666666664,2,1,2,1.75,Lost,0,Low Value
5257,146,11,455.02000000000004,2019-06-09,2023-08-05,41.36545454545455,2,4,3,2.9000000000000004,Loyal Customers,3,High Value
5258,54,10,293.23,2019-02-04,2023-11-05,29.323,3,3,1,2.1999999999999997,Potential Loyalists,1,Mid Value
5259,8,8,397.89,2019-06-13,2023-12-21,49.73625,5,2,2,3.05,Potential Loyalists,1,Mid Value
5260,57,12,364.03000000000003,2019-01-23,2023-11-02,30.335833333333337,3,4,2,2.8499999999999996,At Risk,1,Mid Value
5261,27,8,585.26,2019-06-11,2023-12-02,73.1575,4,2,4,3.5,Others,1,Mid Value
5262,284,9,338.54,2019-11-09,2023-03-20,37.61555555555556,1,2,2,1.65,Lost,0,Low Value
5263,50,8,666.6800000000001,2020-04-03,2023-11-09,83.33500000000001,3,2,4,3.15,At Risk,3,High Value
5264,21,13,464.61,2019-10-19,2023-12-08,35.73923076923077,5,5,3,4.2,Loyal Customers,2,Premium
5265,302,9,768.65,2019-02-03,2023-03-02,85.40555555555555,1,2,5,2.85,Others,3,High Value
5266,136,11,336.2,2019-03-05,2023-08-15,30.563636363636363,2,4,2,2.5,At Risk,3,High Value
5267,357,7,328.23,2019-07-27,2023-01-06,46.89,1,1,2,1.4,Lost,0,Low Value
5268,87,11,355.14,2019-09-24,2023-10-03,32.28545454545454,2,4,2,2.5,At Risk,3,High Value
5269,21,7,405.64,2019-11-06,2023-12-08,57.94857142857143,5,1,2,2.8,Potential Loyalists,1,Mid Value
5270,33,15,1405.7,2019-12-05,2023-11-26,93.71333333333334,4,5,5,4.65,Champions,2,Premium
5271,58,10,385.5,2019-03-09,2023-11-01,38.55,3,3,2,2.5999999999999996,Potential Loyalists,1,Mid Value
5272,22,17,903.76,2019-02-19,2023-12-07,53.16235294117647,5,5,5,5.0,Champions,2,Premium
5273,115,13,477.1,2020-05-08,2023-09-05,36.7,2,5,3,3.1500000000000004,Loyal Customers,3,High Value
5274,14,10,617.78,2019-05-08,2023-12-15,61.778,5,3,4,4.1,Loyal Customers,2,Premium
5275,104,10,373.01,2019-02-20,2023-09-16,37.301,2,3,2,2.25,At Risk,0,Low Value
5276,251,11,479.08,2020-02-06,2023-04-22,43.552727272727275,1,4,3,2.5500000000000003,Others,3,High Value
5277,50,8,429.2,2019-12-12,2023-11-09,53.65,3,2,3,2.75,Potential Loyalists,1,Mid Value
5278,419,8,516.01,2019-09-23,2022-11-05,64.50125,1,2,3,2.0500000000000003,Others,0,Low Value
5279,35,7,463.48,2019-01-03,2023-11-24,66.21142857142857,4,1,3,2.85,Potential Loyalists,1,Mid Value
5280,208,11,730.65,2019-06-15,2023-06-04,66.42272727272727,2,4,4,3.3,Loyal Customers,3,High Value
5281,99,12,429.28000000000003,2019-02-10,2023-09-21,35.77333333333333,2,4,3,2.9000000000000004,Loyal Customers,3,High Value
5282,37,12,471.68,2019-07-04,2023-11-22,39.306666666666665,4,4,3,3.6,Loyal Customers,2,Premium
5283,814,4,306.81,2019-09-11,2021-10-06,76.7025,1,1,1,1.0,Lost,0,Low Value
5284,41,8,779.92,2019-02-20,2023-11-18,97.49,4,2,5,3.9,Others,2,Premium
5285,9,7,331.31,2019-07-16,2023-12-20,47.33,5,1,2,2.8,Potential Loyalists,1,Mid Value
5286,22,11,898.25,2019-11-24,2023-12-07,81.6590909090909,5,4,5,4.75,Champions,2,Premium
5287,6,6,386.55,2019-04-01,2023-12-23,64.425,5,1,2,2.8,Potential Loyalists,1,Mid Value
5288,414,9,349.17,2019-01-05,2022-11-10,38.79666666666667,1,2,2,1.65,Lost,0,Low Value
5289,220,5,297.37,2021-03-01,2023-05-23,59.474000000000004,2,1,1,1.35,Lost,0,Low Value
5290,43,11,452.63,2020-07-13,2023-11-16,41.14818181818182,4,4,3,3.6,Loyal Customers,2,Premium
5291,217,9,484.09000000000003,2019-03-20,2023-05-26,53.787777777777784,2,2,3,2.4000000000000004,At Risk,0,Low Value
5292,772,6,316.6,2019-10-25,2021-11-17,52.76666666666667,1,1,1,1.0,Lost,0,Low Value
5293,77,9,445.73,2019-04-06,2023-10-13,49.525555555555556,3,2,3,2.75,Potential Loyalists,1,Mid Value
5294,297,8,485.51,2019-03-21,2023-03-07,60.68875,1,2,3,2.0500000000000003,Others,0,Low Value
5295,545,11,345.89,2019-02-21,2022-07-02,31.44454545454545,1,4,2,2.1500000000000004,Others,3,High Value
5296,17,10,476.09,2020-01-22,2023-12-12,47.608999999999995,5,3,3,3.7,Loyal Customers,1,Mid Value
5297,396,7,722.0,2020-02-03,2022-11-28,103.14285714285714,1,1,4,2.2,Others,0,Low Value
5298,100,2,82.9,2020-11-07,2023-09-20,41.45,2,1,1,1.35,Lost,0,Low Value
5299,43,9,445.32,2019-10-08,2023-11-16,49.48,4,2,3,3.1,Potential Loyalists,1,Mid Value
5300,458,8,445.79,2019-09-21,2022-09-27,55.72375,1,2,3,2.0500000000000003,Others,0,Low Value
5301,33,6,320.33000000000004,2019-04-11,2023-11-26,53.38833333333334,4,1,2,2.45,Potential Loyalists,1,Mid Value
5302,9,10,865.76,2019-10-06,2023-12-20,86.576,5,3,5,4.5,Loyal Customers,2,Premium
5303,149,10,308.85,2019-03-18,2023-08-02,30.885,2,3,1,1.85,Others,0,Low Value
5304,14,8,361.27,2019-03-18,2023-12-15,45.15875,5,2,2,3.05,Potential Loyalists,1,Mid Value
5305,25,13,853.05,2019-04-18,2023-12-04,65.61923076923077,4,5,5,4.65,Champions,2,Premium
5306,68,11,592.1,2019-10-21,2023-10-22,53.82727272727273,3,4,4,3.65,Loyal Customers,3,High Value
5307,18,6,177.86,2019-07-08,2023-12-11,29.643333333333334,5,1,1,2.4,Potential Loyalists,1,Mid Value
5308,69,13,820.45,2019-08-17,2023-10-21,63.111538461538466,3,5,5,4.3,Loyal Customers,2,Premium
5309,20,10,342.0,2020-08-17,2023-12-09,34.2,5,3,2,3.3,Potential Loyalists,1,Mid Value
5310,421,12,565.41,2019-01-14,2022-11-03,47.1175,1,4,4,2.95,Others,3,High Value
5311,139,10,522.22,2019-04-12,2023-08-12,52.222,2,3,3,2.6500000000000004,Loyal Customers,3,High Value
5312,31,8,248.31,2019-11-18,2023-11-28,31.03875,4,2,1,2.3,Potential Loyalists,1,Mid Value
5313,5,13,466.75,2019-04-28,2023-12-24,35.90384615384615,5,5,3,4.2,Loyal Customers,2,Premium
5314,1,9,408.71,2019-03-14,2023-12-28,45.41222222222222,5,2,2,3.05,Potential Loyalists,1,Mid Value
5315,24,11,658.84,2019-02-13,2023-12-05,59.89454545454546,5,4,4,4.35,Champions,2,Premium
5316,35,12,642.14,2020-01-04,2023-11-24,53.51166666666666,4,4,4,4.0,Champions,2,Premium
5317,43,9,677.09,2019-10-17,2023-11-16,75.23222222222222,4,2,4,3.5,Others,1,Mid Value
5318,97,13,1069.82,2019-04-06,2023-09-23,82.29384615384615,2,5,5,3.95,Loyal Customers,3,High Value
5319,22,15,582.66,2019-10-23,2023-12-07,38.844,5,5,4,4.6,Champions,2,Premium
5320,401,8,397.24,2019-12-23,2022-11-23,49.655,1,2,2,1.65,Lost,0,Low Value
5321,427,7,249.07999999999998,2020-01-27,2022-10-28,35.582857142857144,1,1,1,1.0,Lost,0,Low Value
5322,252,6,412.0,2019-03-02,2023-04-21,68.66666666666667,1,1,2,1.4,Lost,0,Low Value
5323,402,13,550.15,2019-01-16,2022-11-22,42.31923076923077,1,5,3,2.8000000000000003,Others,3,High Value
5324,175,9,1724.69,2019-06-20,2023-07-07,191.63222222222223,2,2,5,3.2,At Risk,3,High Value
5325,147,5,172.39,2020-06-05,2023-08-04,34.477999999999994,2,1,1,1.35,Lost,0,Low Value
5326,31,14,418.88,2020-04-04,2023-11-28,29.919999999999998,4,5,2,3.45,Others,2,Premium
5327,198,12,672.67,2019-01-17,2023-06-14,56.05583333333333,2,4,4,3.3,Loyal Customers,3,High Value
5328,36,9,550.38,2019-02-13,2023-11-23,61.153333333333336,4,2,3,3.1,Potential Loyalists,1,Mid Value
5329,187,11,734.59,2019-06-09,2023-06-25,66.78090909090909,2,4,4,3.3,Loyal Customers,3,High Value
5330,127,9,713.79,2019-03-15,2023-08-24,79.31,2,2,4,2.8,At Risk,3,High Value
5331,2,11,601.74,2019-12-11,2023-12-27,54.70363636363636,5,4,4,4.35,Champions,2,Premium
5332,289,9,742.9100000000001,2019-02-19,2023-03-15,82.54555555555557,1,2,4,2.45,Others,3,High Value
5333,344,6,207.55,2019-10-17,2023-01-19,34.59166666666667,1,1,1,1.0,Lost,0,Low Value
5334,42,11,306.53,2019-02-27,2023-11-17,27.866363636363634,4,4,1,2.8,Others,1,Mid Value
5335,166,18,648.54,2019-01-24,2023-07-16,36.03,2,5,4,3.55,Loyal Customers,3,High Value
5336,218,7,608.71,2019-01-07,2023-05-25,86.95857142857143,2,1,4,2.55,Others,0,Low Value
5337,187,10,308.31,2020-06-07,2023-06-25,30.831,2,3,1,1.85,Others,0,Low Value
5338,106,13,498.72,2019-04-24,2023-09-14,38.363076923076925,2,5,3,3.1500000000000004,Loyal Customers,3,High Value
5339,36,11,1360.51,2019-05-09,2023-11-23,123.68272727272728,4,4,5,4.4,Champions,2,Premium
5340,38,13,818.57,2020-12-18,2023-11-21,62.96692307692308,4,5,5,4.65,Champions,2,Premium
5341,165,8,377.46,2019-01-01,2023-07-17,47.1825,2,2,2,2.0,At Risk,0,Low Value
5342,257,10,375.46,2019-03-19,2023-04-16,37.546,1,3,2,1.9000000000000001,Others,0,Low Value
5343,39,11,506.52,2020-11-11,2023-11-20,46.04727272727273,4,4,3,3.6,Loyal Customers,2,Premium
5344,391,10,346.76,2019-11-28,2022-12-03,34.676,1,3,2,1.9000000000000001,Others,0,Low Value
5345,101,3,84.78,2019-03-04,2023-09-19,28.26,2,1,1,1.35,Lost,0,Low Value
5346,415,11,471.74,2019-01-18,2022-11-09,42.88545454545454,1,4,3,2.5500000000000003,Others,3,High Value
5347,11,13,528.9200000000001,2019-03-08,2023-12-18,40.68615384615385,5,5,3,4.2,Loyal Customers,2,Premium
5348,9,19,1167.85,2019-05-19,2023-12-20,61.465789473684204,5,5,5,5.0,Champions,2,Premium
5349,473,7,523.9,2019-03-04,2022-09-12,74.84285714285714,1,1,3,1.8000000000000003,Others,0,Low Value
5350,198,5,169.34,2020-09-10,2023-06-14,33.868,2,1,1,1.35,Lost,0,Low Value
5351,36,9,614.9399999999999,2019-11-05,2023-11-23,68.32666666666665,4,2,4,3.5,Others,1,Mid Value
5352,70,12,762.29,2019-01-12,2023-10-20,63.524166666666666,3,4,4,3.65,Loyal Customers,3,High Value
5353,25,11,569.11,2019-08-10,2023-12-04,51.73727272727273,4,4,4,4.0,Champions,2,Premium
5354,16,10,376.89,2019-11-01,2023-12-13,37.689,5,3,2,3.3,Potential Loyalists,1,Mid Value
5355,34,14,754.78,2019-08-13,2023-11-25,53.91285714285714,4,5,4,4.25,Champions,2,Premium
5356,33,7,404.86,2019-03-11,2023-11-26,57.83714285714286,4,1,2,2.45,Potential Loyalists,1,Mid Value
5357,34,11,349.48,2019-10-08,2023-11-25,31.770909090909093,4,4,2,3.2,Others,1,Mid Value
5358,738,7,305.99,2019-08-11,2021-12-21,43.712857142857146,1,1,1,1.0,Lost,0,Low Value
5359,367,11,460.1,2019-10-02,2022-12-27,41.82727272727273,1,4,3,2.5500000000000003,Others,3,High Value
5360,43,11,619.5799999999999,2019-08-15,2023-11-16,56.32545454545454,4,4,4,4.0,Champions,2,Premium
5361,32,16,500.37,2019-02-08,2023-11-27,31.273125,4,5,3,3.85,Loyal Customers,2,Premium
5362,87,8,363.43,2019-11-13,2023-10-03,45.42875,2,2,2,2.0,At Risk,0,Low Value
5363,66,5,471.89,2019-04-18,2023-10-24,94.378,3,1,3,2.5,Potential Loyalists,1,Mid Value
5364,192,11,761.72,2019-06-02,2023-06-20,69.24727272727273,2,4,4,3.3,Loyal Customers,3,High Value
5365,108,5,328.05,2019-08-11,2023-09-12,65.61,2,1,2,1.75,Lost,0,Low Value
5366,260,13,516.51,2020-01-08,2023-04-13,39.73153846153846,1,5,3,2.8000000000000003,Others,3,High Value
5367,371,10,506.5,2019-02-08,2022-12-23,50.65,1,3,3,2.3000000000000003,Others,3,High Value
5368,79,11,379.44,2019-06-27,2023-10-11,34.49454545454545,3,4,2,2.8499999999999996,At Risk,1,Mid Value
5369,413,13,869.63,2019-11-24,2022-11-11,66.89461538461538,1,5,5,3.6,Others,3,High Value
5370,44,14,916.53,2019-01-24,2023-11-15,65.46642857142857,4,5,5,4.65,Champions,2,Premium
5371,5,10,250.20999999999998,2019-11-24,2023-12-24,25.020999999999997,5,3,1,2.9,Potential Loyalists,1,Mid Value
5372,39,10,403.26,2019-07-21,2023-11-20,40.326,4,3,2,2.95,Potential Loyalists,1,Mid Value
5373,164,10,682.71,2019-10-02,2023-07-18,68.271,2,3,4,3.05,Loyal Customers,3,High Value
5374,54,13,713.89,2019-01-24,2023-11-05,54.91461538461538,3,5,4,3.9,Loyal Customers,2,Premium
5375,184,10,324.68,2019-05-06,2023-06-28,32.468,2,3,2,2.25,At Risk,0,Low Value
5376,97,7,252.43,2019-12-03,2023-09-23,36.06142857142857,2,1,1,1.35,Lost,0,Low Value
5377,18,12,483.9,2019-08-06,2023-12-11,40.324999999999996,5,4,3,3.95,Loyal Customers,2,Premium
5378,525,11,400.76,2019-08-02,2022-07-22,36.43272727272727,1,4,2,2.1500000000000004,Others,3,High Value
5379,235,17,1144.36,2019-03-04,2023-05-08,67.31529411764706,2,5,5,3.95,Loyal Customers,3,High Value
5380,145,10,335.26,2019-02-04,2023-08-06,33.525999999999996,2,3,2,2.25,At Risk,0,Low Value
5381,97,4,219.18,2019-06-15,2023-09-23,54.795,2,1,1,1.35,Lost,0,Low Value
5382,80,11,397.97,2019-04-19,2023-10-10,36.17909090909091,3,4,2,2.8499999999999996,At Risk,1,Mid Value
5383,57,11,384.18,2020-08-03,2023-11-02,34.92545454545455,3,4,2,2.8499999999999996,At Risk,1,Mid Value
5384,299,6,495.14,2019-06-24,2023-03-05,82.52333333333333,1,1,3,1.8000000000000003,Others,0,Low Value
5385,65,11,603.72,2019-05-27,2023-10-25,54.88363636363636,3,4,4,3.65,Loyal Customers,3,High Value
5386,413,10,1319.8200000000002,2019-05-08,2022-11-11,131.98200000000003,1,3,5,3.1,Others,3,High Value
5387,340,4,101.88,2020-10-20,2023-01-23,25.47,1,1,1,1.0,Lost,0,Low Value
5388,19,10,520.57,2019-02-27,2023-12-10,52.057,5,3,3,3.7,Loyal Customers,1,Mid Value
5389,36,12,601.74,2019-08-07,2023-11-23,50.145,4,4,4,4.0,Champions,2,Premium
5390,39,7,527.9,2019-11-04,2023-11-20,75.41428571428571,4,1,3,2.85,Potential Loyalists,1,Mid Value
5391,266,10,578.84,2019-10-18,2023-04-07,57.884,1,3,4,2.7,Others,3,High Value
5392,67,8,729.29,2019-07-11,2023-10-23,91.16125,3,2,4,3.15,At Risk,3,High Value
5393,132,7,285.97,2019-05-23,2023-08-19,40.85285714285715,2,1,1,1.35,Lost,0,Low Value
5394,117,13,1129.48,2019-09-19,2023-09-03,86.88307692307693,2,5,5,3.95,Loyal Customers,3,High Value
5395,75,7,439.48,2020-06-05,2023-10-15,62.78285714285715,3,1,3,2.5,Potential Loyalists,1,Mid Value
5396,399,7,187.76,2020-12-05,2022-11-25,26.822857142857142,1,1,1,1.0,Lost,0,Low Value
5397,263,12,441.18,2019-11-01,2023-04-10,36.765,1,4,3,2.5500000000000003,Others,3,High Value
5398,8,14,806.0,2019-12-10,2023-12-21,57.57142857142857,5,5,5,5.0,Champions,2,Premium
5399,45,8,322.7,2019-07-13,2023-11-14,40.3375,3,2,2,2.3499999999999996,Potential Loyalists,1,Mid Value
5400,36,11,755.76,2020-11-04,2023-11-23,68.70545454545454,4,4,4,4.0,Champions,2,Premium
5401,110,8,580.75,2019-12-14,2023-09-10,72.59375,2,2,4,2.8,At Risk,3,High Value
5402,142,9,1035.02,2019-02-25,2023-08-09,115.00222222222222,2,2,5,3.2,At Risk,3,High Value
5403,113,12,857.01,2019-11-27,2023-09-07,71.4175,2,4,5,3.7,Loyal Customers,3,High Value
5404,44,13,824.8100000000001,2019-03-14,2023-11-15,63.446923076923085,4,5,5,4.65,Champions,2,Premium
5405,396,7,237.28,2019-04-12,2022-11-28,33.89714285714286,1,1,1,1.0,Lost,0,Low Value
5406,57,8,556.4200000000001,2019-04-11,2023-11-02,69.55250000000001,3,2,4,3.15,At Risk,3,High Value
5407,134,7,261.09000000000003,2019-02-02,2023-08-17,37.298571428571435,2,1,1,1.35,Lost,0,Low Value
5408,31,9,328.69,2019-10-15,2023-11-28,36.52111111111111,4,2,2,2.7,Potential Loyalists,1,Mid Value
5409,20,7,563.89,2019-04-25,2023-12-09,80.55571428571429,5,1,4,3.6,Others,1,Mid Value
5410,33,14,509.19,2020-02-03,2023-11-26,36.370714285714286,4,5,3,3.85,Loyal Customers,2,Premium
5411,105,8,830.83,2019-08-16,2023-09-15,103.85375,2,2,5,3.2,At Risk,3,High Value
5412,161,14,588.29,2019-05-14,2023-07-21,42.020714285714284,2,5,4,3.55,Loyal Customers,3,High Value
5413,157,8,830.84,2019-01-27,2023-07-25,103.855,2,2,5,3.2,At Risk,3,High Value
5414,341,9,362.36,2019-11-24,2023-01-22,40.26222222222222,1,2,2,1.65,Lost,0,Low Value
5415,34,9,384.3,2019-11-13,2023-11-25,42.7,4,2,2,2.7,Potential Loyalists,1,Mid Value
5416,27,11,1480.24,2019-07-23,2023-12-02,134.56727272727272,4,4,5,4.4,Champions,2,Premium
5417,53,9,261.85,2020-10-14,2023-11-06,29.09444444444445,3,2,1,1.9499999999999997,Potential Loyalists,0,Low Value
5418,18,7,208.32,2019-02-09,2023-12-11,29.759999999999998,5,1,1,2.4,Potential Loyalists,1,Mid Value
5419,4,10,645.23,2019-02-03,2023-12-25,64.523,5,3,4,4.1,Loyal Customers,2,Premium
5420,33,16,473.45,2019-06-18,2023-11-26,29.590625,4,5,3,3.85,Loyal Customers,2,Premium
5421,3,8,290.52,2019-06-12,2023-12-26,36.315,5,2,1,2.65,Potential Loyalists,1,Mid Value
5422,19,11,891.6899999999999,2019-03-13,2023-12-10,81.06272727272727,5,4,5,4.75,Champions,2,Premium
5423,52,7,259.03,2019-02-24,2023-11-07,37.00428571428571,3,1,1,1.6999999999999997,Potential Loyalists,0,Low Value
5424,34,12,607.15,2020-07-05,2023-11-25,50.59583333333333,4,4,4,4.0,Champions,2,Premium
5425,14,8,555.36,2019-10-28,2023-12-15,69.42,5,2,4,3.85,Others,1,Mid Value
5426,57,11,335.92,2019-09-28,2023-11-02,30.53818181818182,3,4,2,2.8499999999999996,At Risk,1,Mid Value
5427,81,9,634.27,2020-05-09,2023-10-09,70.47444444444444,3,2,4,3.15,At Risk,3,High Value
5428,169,6,308.81,2019-12-28,2023-07-13,51.468333333333334,2,1,1,1.35,Lost,0,Low Value
5429,33,8,303.69,2019-11-25,2023-11-26,37.96125,4,2,1,2.3,Potential Loyalists,1,Mid Value
5430,232,10,622.5699999999999,2019-01-16,2023-05-11,62.25699999999999,2,3,4,3.05,Loyal Customers,3,High Value
5431,5,18,615.97,2019-02-14,2023-12-24,34.220555555555556,5,5,4,4.6,Champions,2,Premium
5432,27,16,1657.51,2019-01-24,2023-12-02,103.594375,4,5,5,4.65,Champions,2,Premium
5433,49,13,551.88,2019-02-13,2023-11-10,42.45230769230769,3,5,3,3.5,Loyal Customers,2,Premium
5434,8,13,421.47,2019-02-05,2023-12-21,32.42076923076923,5,5,2,3.8,Others,2,Premium
5435,23,11,885.71,2019-02-02,2023-12-06,80.5190909090909,5,4,5,4.75,Champions,2,Premium
5436,422,11,405.62,2019-04-23,2022-11-02,36.874545454545455,1,4,2,2.1500000000000004,Others,3,High Value
5437,40,6,469.95,2019-11-24,2023-11-19,78.325,4,1,3,2.85,Potential Loyalists,1,Mid Value
5438,2,14,814.11,2019-02-06,2023-12-27,58.15071428571429,5,5,5,5.0,Champions,2,Premium
5439,355,8,897.98,2019-07-16,2023-01-08,112.2475,1,2,5,2.85,Others,3,High Value
5440,176,10,340.46000000000004,2019-03-24,2023-07-06,34.04600000000001,2,3,2,2.25,At Risk,0,Low Value
5441,75,8,673.15,2019-11-09,2023-10-15,84.14375,3,2,4,3.15,At Risk,3,High Value
5442,45,10,1283.73,2019-08-10,2023-11-14,128.373,3,3,5,3.8,Loyal Customers,3,High Value
5443,34,8,454.54,2019-02-19,2023-11-25,56.8175,4,2,3,3.1,Potential Loyalists,1,Mid Value
5444,42,17,2566.81,2019-08-13,2023-11-17,150.98882352941177,4,5,5,4.65,Champions,2,Premium
5445,37,14,847.6,2019-02-02,2023-11-22,60.542857142857144,4,5,5,4.65,Champions,2,Premium
5446,397,7,469.0,2019-11-08,2022-11-27,67.0,1,1,3,1.8000000000000003,Others,0,Low Value
5447,192,14,690.47,2019-01-17,2023-06-20,49.31928571428572,2,5,4,3.55,Loyal Customers,3,High Value
5448,36,13,680.86,2019-05-03,2023-11-23,52.37384615384615,4,5,4,4.25,Champions,2,Premium
5449,125,13,511.65000000000003,2019-09-11,2023-08-26,39.35769230769231,2,5,3,3.1500000000000004,Loyal Customers,3,High Value
5450,16,11,416.46,2019-11-23,2023-12-13,37.86,5,4,2,3.55,Others,1,Mid Value
5451,44,10,604.58,2019-11-02,2023-11-15,60.458000000000006,4,3,4,3.75,Loyal Customers,2,Premium
5452,4,9,949.1099999999999,2019-05-22,2023-12-25,105.45666666666665,5,2,5,4.25,Others,2,Premium
5453,265,7,511.58,2019-07-20,2023-04-08,73.08285714285714,1,1,3,1.8000000000000003,Others,0,Low Value
5454,63,10,543.62,2019-02-10,2023-10-27,54.362,3,3,3,3.0,Loyal Customers,3,High Value
5455,40,14,728.62,2019-06-16,2023-11-19,52.044285714285714,4,5,4,4.25,Champions,2,Premium
5456,45,13,505.23,2019-06-19,2023-11-14,38.863846153846154,3,5,3,3.5,Loyal Customers,2,Premium
5457,405,11,443.22,2019-07-04,2022-11-19,40.29272727272728,1,4,3,2.5500000000000003,Others,3,High Value
5458,141,8,270.16,2020-10-10,2023-08-10,33.77,2,2,1,1.6,Lost,0,Low Value
5459,324,12,381.16,2019-03-17,2023-02-08,31.763333333333335,1,4,2,2.1500000000000004,Others,3,High Value
5460,18,8,506.43,2020-03-21,2023-12-11,63.30375,5,2,3,3.45,Potential Loyalists,1,Mid Value
5461,41,8,474.94,2020-09-18,2023-11-18,59.3675,4,2,3,3.1,Potential Loyalists,1,Mid Value
5462,69,7,581.5,2019-10-12,2023-10-21,83.07142857142857,3,1,4,2.9,Others,1,Mid Value
5463,43,6,259.34,2020-11-20,2023-11-16,43.22333333333333,4,1,1,2.05,Potential Loyalists,1,Mid Value
5464,35,10,397.5,2020-06-08,2023-11-24,39.75,4,3,2,2.95,Potential Loyalists,1,Mid Value
5465,55,11,434.32,2019-06-19,2023-11-04,39.483636363636364,3,4,3,3.25,Loyal Customers,3,High Value
5466,430,7,314.61,2019-09-19,2022-10-25,44.94428571428572,1,1,1,1.0,Lost,0,Low Value
5467,106,10,439.37,2019-12-10,2023-09-14,43.937,2,3,3,2.6500000000000004,Loyal Customers,3,High Value
5468,6,14,545.55,2019-03-05,2023-12-23,38.96785714285714,5,5,3,4.2,Loyal Customers,2,Premium
5469,54,10,992.31,2019-06-09,2023-11-05,99.231,3,3,5,3.8,Loyal Customers,3,High Value
5470,2,6,628.2900000000001,2020-03-09,2023-12-27,104.71500000000002,5,1,4,3.6,Others,1,Mid Value
5471,156,9,524.2,2019-09-17,2023-07-26,58.24444444444445,2,2,3,2.4000000000000004,At Risk,0,Low Value
5472,2,6,396.17,2019-05-14,2023-12-27,66.02833333333334,5,1,2,2.8,Potential Loyalists,1,Mid Value
5473,58,11,372.43,2019-11-19,2023-11-01,33.85727272727273,3,4,2,2.8499999999999996,At Risk,1,Mid Value
5474,48,8,733.49,2019-10-17,2023-11-11,91.68625,3,2,4,3.15,At Risk,3,High Value
5475,1,11,883.03,2019-10-21,2023-12-28,80.27545454545454,5,4,5,4.75,Champions,2,Premium
5476,276,10,368.55,2019-05-06,2023-03-28,36.855000000000004,1,3,2,1.9000000000000001,Others,0,Low Value
5477,39,11,475.78,2019-03-26,2023-11-20,43.25272727272727,4,4,3,3.6,Loyal Customers,2,Premium
5478,304,7,317.4,2019-05-03,2023-02-28,45.34285714285714,1,1,1,1.0,Lost,0,Low Value
5479,6,12,471.78999999999996,2019-03-17,2023-12-23,39.31583333333333,5,4,3,3.95,Loyal Customers,2,Premium
5480,67,11,493.6,2019-01-15,2023-10-23,44.872727272727275,3,4,3,3.25,Loyal Customers,3,High Value
5481,9,5,149.92,2019-11-16,2023-12-20,29.983999999999998,5,1,1,2.4,Potential Loyalists,1,Mid Value
5482,130,13,386.71,2019-11-09,2023-08-21,29.746923076923075,2,5,2,2.75,At Risk,3,High Value
5483,282,11,623.56,2019-04-05,2023-03-22,56.68727272727272,1,4,4,2.95,Others,3,High Value
5484,17,14,823.31,2019-04-06,2023-12-12,58.80785714285714,5,5,5,5.0,Champions,2,Premium
5485,251,11,456.95,2019-09-03,2023-04-22,41.54090909090909,1,4,3,2.5500000000000003,Others,3,High Value
5486,76,11,411.39,2019-04-11,2023-10-14,37.39909090909091,3,4,2,2.8499999999999996,At Risk,1,Mid Value
5487,19,13,925.36,2019-02-03,2023-12-10,71.18153846153847,5,5,5,5.0,Champions,2,Premium
5488,118,9,548.97,2019-11-24,2023-09-02,60.99666666666667,2,2,3,2.4000000000000004,At Risk,0,Low Value
5489,78,11,829.21,2019-09-04,2023-10-12,75.38272727272728,3,4,5,4.05,Loyal Customers,2,Premium
5490,24,10,674.01,2019-11-20,2023-12-05,67.401,5,3,4,4.1,Loyal Customers,2,Premium
5491,54,8,361.88,2019-05-14,2023-11-05,45.235,3,2,2,2.3499999999999996,Potential Loyalists,1,Mid Value
5492,18,8,1885.35,2020-04-09,2023-12-11,235.66875,5,2,5,4.25,Others,2,Premium
5493,37,16,607.77,2019-04-12,2023-11-22,37.985625,4,5,4,4.25,Champions,2,Premium
5494,15,14,807.1,2019-03-16,2023-12-14,57.65,5,5,5,5.0,Champions,2,Premium
5495,128,11,452.51,2019-12-14,2023-08-23,41.13727272727272,2,4,3,2.9000000000000004,Loyal Customers,3,High Value
5496,388,5,219.56,2019-02-13,2022-12-06,43.912,1,1,1,1.0,Lost,0,Low Value
5497,32,11,630.51,2019-08-05,2023-11-27,57.31909090909091,4,4,4,4.0,Champions,2,Premium
5498,147,6,215.76999999999998,2019-12-12,2023-08-04,35.961666666666666,2,1,1,1.35,Lost,0,Low Value
5499,20,14,1173.42,2019-08-01,2023-12-09,83.8157142857143,5,5,5,5.0,Champions,2,Premium
5500,25,7,781.78,2020-11-19,2023-12-04,111.68285714285715,4,1,5,3.65,Others,1,Mid Value
5501,56,11,1026.38,2019-02-22,2023-11-03,93.30727272727273,3,4,5,4.05,Loyal Customers,2,Premium
5502,50,14,1132.64,2019-02-17,2023-11-09,80.90285714285714,3,5,5,4.3,Loyal Customers,2,Premium
5503,70,10,1314.28,2019-08-20,2023-10-20,131.428,3,3,5,3.8,Loyal Customers,3,High Value
5504,78,13,924.1,2019-09-08,2023-10-12,71.08461538461539,3,5,5,4.3,Loyal Customers,2,Premium
5505,33,7,1026.82,2020-07-10,2023-11-26,146.6885714285714,4,1,5,3.65,Others,1,Mid Value
5506,28,8,404.68,2019-01-15,2023-12-01,50.585,4,2,2,2.7,Potential Loyalists,1,Mid Value
5507,32,14,424.31,2019-08-21,2023-11-27,30.30785714285714,4,5,2,3.45,Others,2,Premium
5508,3,6,319.53000000000003,2020-06-14,2023-12-26,53.255,5,1,2,2.8,Potential Loyalists,1,Mid Value
5509,179,7,210.3,2019-05-10,2023-07-03,30.042857142857144,2,1,1,1.35,Lost,0,Low Value
5510,371,4,233.20999999999998,2020-11-11,2022-12-23,58.302499999999995,1,1,1,1.0,Lost,0,Low Value
5511,18,8,231.77,2020-06-28,2023-12-11,28.97125,5,2,1,2.65,Potential Loyalists,1,Mid Value
5512,106,12,417.0,2019-12-24,2023-09-14,34.75,2,4,2,2.5,At Risk,3,High Value
5513,35,15,544.75,2019-01-09,2023-11-24,36.31666666666667,4,5,3,3.85,Loyal Customers,2,Premium
5514,391,6,416.28999999999996,2019-12-11,2022-12-03,69.38166666666666,1,1,2,1.4,Lost,0,Low Value
5515,4,4,207.62,2019-11-21,2023-12-25,51.905,5,1,1,2.4,Potential Loyalists,1,Mid Value
5516,36,7,354.35,2019-02-16,2023-11-23,50.621428571428574,4,1,2,2.45,Potential Loyalists,1,Mid Value
5517,49,12,661.17,2019-07-23,2023-11-10,55.0975,3,4,4,3.65,Loyal Customers,3,High Value
5518,279,8,455.06,2019-08-25,2023-03-25,56.8825,1,2,3,2.0500000000000003,Others,0,Low Value
5519,38,8,484.31,2019-09-26,2023-11-21,60.53875,4,2,3,3.1,Potential Loyalists,1,Mid Value
5520,55,9,379.24,2019-07-03,2023-11-04,42.13777777777778,3,2,2,2.3499999999999996,Potential Loyalists,1,Mid Value
5521,52,11,393.21,2019-06-17,2023-11-07,35.74636363636363,3,4,2,2.8499999999999996,At Risk,1,Mid Value
5522,141,8,459.53,2019-10-06,2023-08-10,57.44125,2,2,3,2.4000000000000004,At Risk,0,Low Value
5523,7,10,468.57,2019-05-09,2023-12-22,46.857,5,3,3,3.7,Loyal Customers,1,Mid Value
5524,50,10,316.99,2019-02-13,2023-11-09,31.699,3,3,1,2.1999999999999997,Potential Loyalists,1,Mid Value
5525,233,8,369.27,2019-03-12,2023-05-10,46.15875,2,2,2,2.0,At Risk,0,Low Value
5526,11,12,335.51,2019-02-18,2023-12-18,27.959166666666665,5,4,2,3.55,Others,1,Mid Value
5527,45,10,506.3,2019-08-12,2023-11-14,50.63,3,3,3,3.0,Loyal Customers,3,High Value
5528,41,7,172.11,2019-10-06,2023-11-18,24.587142857142858,4,1,1,2.05,Potential Loyalists,1,Mid Value
5529,46,11,511.63,2019-02-14,2023-11-13,46.51181818181818,3,4,3,3.25,Loyal Customers,3,High Value
5530,18,12,521.79,2019-11-16,2023-12-11,43.482499999999995,5,4,3,3.95,Loyal Customers,2,Premium
5531,162,9,689.13,2019-10-05,2023-07-20,76.57,2,2,4,2.8,At Risk,3,High Value
5532,261,13,756.48,2019-05-08,2023-04-12,58.190769230769234,1,5,4,3.2,Others,3,High Value
5533,46,8,2360.29,2019-03-08,2023-11-13,295.03625,3,2,5,3.55,At Risk,3,High Value
5534,55,10,548.47,2019-07-26,2023-11-04,54.847,3,3,3,3.0,Loyal Customers,3,High Value
5535,9,11,786.5500000000001,2020-01-26,2023-12-20,71.50454545454546,5,4,5,4.75,Champions,2,Premium
5536,146,15,613.02,2019-02-06,2023-08-05,40.868,2,5,4,3.55,Loyal Customers,3,High Value
5537,404,9,510.97,2019-03-22,2022-11-20,56.77444444444445,1,2,3,2.0500000000000003,Others,0,Low Value
5538,198,9,390.21,2019-05-15,2023-06-14,43.35666666666666,2,3,2,2.25,At Risk,0,Low Value
5539,50,6,338.71000000000004,2019-12-26,2023-11-09,56.451666666666675,3,1,2,2.0999999999999996,Potential Loyalists,0,Low Value
5540,41,10,410.75,2019-03-20,2023-11-18,41.075,4,3,2,2.95,Potential Loyalists,1,Mid Value
5541,9,12,462.28,2019-02-03,2023-12-20,38.52333333333333,5,4,3,3.95,Loyal Customers,2,Premium
5542,1,13,1059.78,2019-08-28,2023-12-28,81.52153846153846,5,5,5,5.0,Champions,2,Premium
5543,227,7,651.9499999999999,2019-02-12,2023-05-16,93.13571428571427,2,1,4,2.55,Others,0,Low Value
5544,14,11,498.15999999999997,2019-12-18,2023-12-15,45.28727272727272,5,4,3,3.95,Loyal Customers,2,Premium
5545,172,13,779.52,2019-11-09,2023-07-10,59.96307692307692,2,5,5,3.95,Loyal Customers,3,High Value
5546,47,11,402.33,2019-11-20,2023-11-12,36.57545454545454,3,4,2,2.8499999999999996,At Risk,1,Mid Value
5547,2,10,465.96,2019-01-08,2023-12-27,46.596,5,3,3,3.7,Loyal Customers,1,Mid Value
5548,54,9,945.65,2019-05-17,2023-11-05,105.07222222222222,3,3,5,3.8,Loyal Customers,3,High Value
5549,58,5,161.01,2019-05-22,2023-11-01,32.202,3,1,1,1.6999999999999997,Potential Loyalists,0,Low Value
5550,261,9,296.31,2019-07-23,2023-04-12,32.92333333333333,1,3,1,1.5,Others,0,Low Value
5551,84,8,366.8,2019-02-14,2023-10-06,45.85,3,2,2,2.3499999999999996,Potential Loyalists,1,Mid Value
5552,11,15,571.58,2019-04-13,2023-12-18,38.105333333333334,5,5,4,4.6,Champions,2,Premium
5553,94,16,846.61,2019-06-20,2023-09-26,52.913125,2,5,5,3.95,Loyal Customers,3,High Value
5554,87,3,103.3,2022-06-15,2023-10-03,34.43333333333333,2,1,1,1.35,Lost,0,Low Value
5555,10,10,1075.36,2019-01-09,2023-12-19,107.53599999999999,5,3,5,4.5,Loyal Customers,2,Premium
5556,40,15,603.58,2020-02-10,2023-11-19,40.23866666666667,4,5,4,4.25,Champions,2,Premium
5557,1,13,662.76,2019-07-12,2023-12-28,50.98153846153846,5,5,4,4.6,Champions,2,Premium
5558,104,8,328.83000000000004,2019-02-01,2023-09-16,41.103750000000005,2,2,2,2.0,At Risk,0,Low Value
5559,55,17,1336.16,2019-07-27,2023-11-04,78.59764705882354,3,5,5,4.3,Loyal Customers,2,Premium
5560,21,7,296.04,2019-07-26,2023-12-08,42.291428571428575,5,1,1,2.4,Potential Loyalists,1,Mid Value
5561,16,12,1332.28,2019-02-21,2023-12-13,111.02333333333333,5,4,5,4.75,Champions,2,Premium
5562,64,8,314.96,2019-06-16,2023-10-26,39.37,3,2,1,1.9499999999999997,Potential Loyalists,0,Low Value
5563,781,3,159.51,2019-12-03,2021-11-08,53.169999999999995,1,1,1,1.0,Lost,0,Low Value
5564,107,17,532.59,2019-10-11,2023-09-13,31.328823529411768,2,5,3,3.1500000000000004,Loyal Customers,3,High Value
5565,69,11,2803.0899999999997,2019-01-28,2023-10-21,254.8263636363636,3,4,5,4.05,Loyal Customers,2,Premium
5566,18,12,853.0600000000001,2019-05-11,2023-12-11,71.08833333333334,5,4,5,4.75,Champions,2,Premium
5567,31,12,695.67,2020-09-24,2023-11-28,57.9725,4,4,4,4.0,Champions,2,Premium
5568,228,7,435.1,2019-02-24,2023-05-15,62.15714285714286,2,1,3,2.1500000000000004,Others,0,Low Value
5569,393,9,325.23,2019-09-09,2022-12-01,36.13666666666667,1,3,2,1.9000000000000001,Others,0,Low Value
5570,115,15,567.9,2019-01-05,2023-09-05,37.86,2,5,4,3.55,Loyal Customers,3,High Value
5571,126,8,634.66,2019-12-13,2023-08-25,79.3325,2,2,4,2.8,At Risk,3,High Value
5572,13,11,409.48,2019-03-06,2023-12-16,37.22545454545455,5,4,2,3.55,Others,1,Mid Value
5573,137,7,516.75,2020-07-21,2023-08-14,73.82142857142857,2,1,3,2.1500000000000004,Others,0,Low Value
5574,130,9,646.75,2020-02-06,2023-08-21,71.86111111111111,2,3,4,3.05,Loyal Customers,3,High Value
5575,40,14,528.69,2020-05-15,2023-11-19,37.76357142857143,4,5,3,3.85,Loyal Customers,2,Premium
5576,290,9,614.45,2019-02-04,2023-03-14,68.27222222222223,1,3,4,2.7,Others,3,High Value
5577,50,9,441.61,2020-11-16,2023-11-09,49.06777777777778,3,3,3,3.0,Loyal Customers,3,High Value
5578,101,15,726.7,2019-01-06,2023-09-19,48.44666666666667,2,5,4,3.55,Loyal Customers,3,High Value
5579,362,6,485.6,2021-02-01,2023-01-01,80.93333333333334,1,1,3,1.8000000000000003,Others,0,Low Value
5580,34,10,371.37,2019-11-12,2023-11-25,37.137,4,3,2,2.95,Potential Loyalists,1,Mid Value
5581,49,9,659.1,2019-07-23,2023-11-10,73.23333333333333,3,3,4,3.4,Loyal Customers,3,High Value
5582,58,6,303.98,2019-06-17,2023-11-01,50.663333333333334,3,1,1,1.6999999999999997,Potential Loyalists,0,Low Value
5583,387,7,516.6,2019-08-22,2022-12-07,73.8,1,1,3,1.8000000000000003,Others,0,Low Value
5584,39,8,293.34000000000003,2019-06-05,2023-11-20,36.667500000000004,4,2,1,2.3,Potential Loyalists,1,Mid Value
5585,85,10,366.2,2019-11-22,2023-10-05,36.62,3,3,2,2.5999999999999996,Potential Loyalists,1,Mid Value
5586,56,12,596.25,2019-06-08,2023-11-03,49.6875,3,4,4,3.65,Loyal Customers,3,High Value
5587,81,8,457.86,2019-11-16,2023-10-09,57.2325,3,2,3,2.75,Potential Loyalists,1,Mid Value
5588,329,13,1076.96,2019-08-09,2023-02-03,82.84307692307692,1,5,5,3.6,Others,3,High Value
5589,294,8,390.72,2019-01-18,2023-03-10,48.84,1,2,2,1.65,Lost,0,Low Value
5590,108,13,471.76,2019-11-02,2023-09-12,36.28923076923077,2,5,3,3.1500000000000004,Loyal Customers,3,High Value
5591,3,11,493.75,2019-03-13,2023-12-26,44.88636363636363,5,4,3,3.95,Loyal Customers,2,Premium
5592,20,13,549.48,2019-02-04,2023-12-09,42.26769230769231,5,5,3,4.2,Loyal Customers,2,Premium
5593,37,7,307.08,2019-11-10,2023-11-22,43.86857142857143,4,1,1,2.05,Potential Loyalists,1,Mid Value
5594,40,16,847.9300000000001,2019-04-04,2023-11-19,52.995625000000004,4,5,5,4.65,Champions,2,Premium
5595,65,17,573.24,2019-07-07,2023-10-25,33.72,3,5,4,3.9,Loyal Customers,2,Premium
5596,45,14,832.76,2019-09-20,2023-11-14,59.48285714285714,3,5,5,4.3,Loyal Customers,2,Premium
5597,50,13,677.8299999999999,2021-09-09,2023-11-09,52.14076923076922,3,5,4,3.9,Loyal Customers,2,Premium
5598,235,10,651.61,2019-02-07,2023-05-08,65.161,2,3,4,3.05,Loyal Customers,3,High Value
5599,48,8,1207.94,2020-06-03,2023-11-11,150.9925,3,2,5,3.55,At Risk,3,High Value
5600,57,10,538.97,2019-08-09,2023-11-02,53.897000000000006,3,3,3,3.0,Loyal Customers,3,High Value
5601,437,7,649.9399999999999,2019-06-28,2022-10-18,92.84857142857142,1,1,4,2.2,Others,0,Low Value
5602,47,8,698.01,2020-11-23,2023-11-12,87.25125,3,2,4,3.15,At Risk,3,High Value
5603,52,14,1151.84,2019-04-04,2023-11-07,82.27428571428571,3,5,5,4.3,Loyal Customers,2,Premium
5604,68,11,400.44,2020-01-19,2023-10-22,36.403636363636366,3,4,2,2.8499999999999996,At Risk,1,Mid Value
5605,46,13,711.03,2019-02-24,2023-11-13,54.69461538461538,3,5,4,3.9,Loyal Customers,2,Premium
5606,50,11,750.96,2019-08-13,2023-11-09,68.2690909090909,3,4,4,3.65,Loyal Customers,3,High Value
5607,133,6,239.34,2020-06-17,2023-08-18,39.89,2,1,1,1.35,Lost,0,Low Value
5608,45,10,385.13,2019-08-28,2023-11-14,38.513,3,3,2,2.5999999999999996,Potential Loyalists,1,Mid Value
5609,44,7,287.38,2019-12-01,2023-11-15,41.05428571428571,4,1,1,2.05,Potential Loyalists,1,Mid Value
5610,371,12,1140.19,2019-04-13,2022-12-23,95.01583333333333,1,4,5,3.35,Others,3,High Value
5611,22,10,1142.3799999999999,2019-06-03,2023-12-07,114.23799999999999,5,3,5,4.5,Loyal Customers,2,Premium
5612,17,15,543.03,2019-01-01,2023-12-12,36.202,5,5,3,4.2,Loyal Customers,2,Premium
5613,131,7,1114.82,2020-07-04,2023-08-20,159.26,2,1,5,2.95,Others,3,High Value
5614,8,8,712.98,2020-01-20,2023-12-21,89.1225,5,2,4,3.85,Others,1,Mid Value
5615,71,12,356.97,2019-11-25,2023-10-19,29.747500000000002,3,4,2,2.8499999999999996,At Risk,1,Mid Value
5616,31,12,679.02,2019-02-12,2023-11-28,56.585,4,4,4,4.0,Champions,2,Premium
5617,18,13,1299.3,2019-01-28,2023-12-11,99.94615384615385,5,5,5,5.0,Champions,2,Premium
5618,113,9,428.65999999999997,2019-12-08,2023-09-07,47.62888888888889,2,3,3,2.6500000000000004,Loyal Customers,3,High Value
5619,45,12,1039.2099999999998,2019-02-18,2023-11-14,86.60083333333331,3,4,5,4.05,Loyal Customers,2,Premium
5620,44,11,372.49,2019-11-26,2023-11-15,33.86272727272728,4,4,2,3.2,Others,1,Mid Value
5621,6,6,336.03,2020-10-10,2023-12-23,56.004999999999995,5,1,2,2.8,Potential Loyalists,1,Mid Value
5622,265,7,457.29,2019-08-26,2023-04-08,65.32714285714286,1,1,3,1.8000000000000003,Others,0,Low Value
5623,43,9,348.11,2019-09-14,2023-11-16,38.67888888888889,4,3,2,2.95,Potential Loyalists,1,Mid Value
5624,105,8,306.35,2020-10-26,2023-09-15,38.29375,2,2,1,1.6,Lost,0,Low Value
5625,401,6,440.06,2019-02-13,2022-11-23,73.34333333333333,1,1,3,1.8000000000000003,Others,0,Low Value
5626,21,8,701.2,2019-04-25,2023-12-08,87.65,5,2,4,3.85,Others,1,Mid Value
5627,75,9,307.40999999999997,2019-10-08,2023-10-15,34.156666666666666,3,3,1,2.1999999999999997,Potential Loyalists,1,Mid Value
5628,147,12,1724.87,2019-01-26,2023-08-04,143.73916666666665,2,4,5,3.7,Loyal Customers,3,High Value
5629,4,10,296.52,2019-09-20,2023-12-25,29.651999999999997,5,3,1,2.9,Potential Loyalists,1,Mid Value
5630,379,8,229.09,2019-10-02,2022-12-15,28.63625,1,2,1,1.25,Lost,0,Low Value
5631,370,4,161.67,2020-11-08,2022-12-24,40.4175,1,1,1,1.0,Lost,0,Low Value
5632,41,16,753.05,2019-10-12,2023-11-18,47.065625,4,5,4,4.25,Champions,2,Premium
5633,422,6,290.56,2019-05-24,2022-11-02,48.42666666666667,1,1,1,1.0,Lost,0,Low Value
5634,172,8,311.03,2019-02-28,2023-07-10,38.87875,2,2,1,1.6,Lost,0,Low Value
5635,65,9,270.74,2019-11-06,2023-10-25,30.082222222222224,3,3,1,2.1999999999999997,Potential Loyalists,1,Mid Value
5636,53,13,942.42,2019-03-19,2023-11-06,72.49384615384615,3,5,5,4.3,Loyal Customers,2,Premium
5637,46,12,378.76,2019-11-15,2023-11-13,31.563333333333333,3,4,2,2.8499999999999996,At Risk,1,Mid Value
5638,9,10,403.94,2019-05-01,2023-12-20,40.394,5,3,2,3.3,Potential Loyalists,1,Mid Value
5639,28,14,1165.9,2019-03-20,2023-12-01,83.27857142857144,4,5,5,4.65,Champions,2,Premium
5640,168,15,975.0500000000001,2019-02-04,2023-07-14,65.00333333333334,2,5,5,3.95,Loyal Customers,3,High Value
5641,79,10,347.13,2019-07-15,2023-10-11,34.713,3,3,2,2.5999999999999996,Potential Loyalists,1,Mid Value
5642,43,13,764.3299999999999,2019-03-05,2023-11-16,58.794615384615376,4,5,5,4.65,Champions,2,Premium
5643,34,10,828.54,2019-01-18,2023-11-25,82.854,4,3,5,4.15,Loyal Customers,2,Premium
5644,22,9,1258.87,2019-04-12,2023-12-07,139.87444444444444,5,3,5,4.5,Loyal Customers,2,Premium
5645,1,7,225.51999999999998,2019-03-05,2023-12-28,32.21714285714285,5,1,1,2.4,Potential Loyalists,1,Mid Value
5646,26,8,363.59000000000003,2019-06-02,2023-12-03,45.448750000000004,4,2,2,2.7,Potential Loyalists,1,Mid Value
5647,328,8,297.96999999999997,2019-07-26,2023-02-04,37.246249999999996,1,2,1,1.25,Lost,0,Low Value
5648,19,9,906.32,2019-12-05,2023-12-10,100.70222222222223,5,3,5,4.5,Loyal Customers,2,Premium
5649,54,16,520.3,2019-03-07,2023-11-05,32.51875,3,5,3,3.5,Loyal Customers,2,Premium
5650,282,8,485.1,2019-01-04,2023-03-22,60.6375,1,2,3,2.0500000000000003,Others,0,Low Value
5651,38,8,412.31,2019-03-11,2023-11-21,51.53875,4,2,2,2.7,Potential Loyalists,1,Mid Value
5652,71,13,598.18,2019-03-08,2023-10-19,46.01384615384615,3,5,4,3.9,Loyal Customers,2,Premium
5653,34,9,567.92,2019-03-23,2023-11-25,63.10222222222222,4,3,4,3.75,Loyal Customers,2,Premium
5654,9,14,487.33,2019-01-11,2023-12-20,34.809285714285714,5,5,3,4.2,Loyal Customers,2,Premium
5655,21,15,993.52,2019-11-15,2023-12-08,66.23466666666667,5,5,5,5.0,Champions,2,Premium
5656,73,10,274.73,2019-05-28,2023-10-17,27.473000000000003,3,3,1,2.1999999999999997,Potential Loyalists,1,Mid Value
5657,595,8,274.47,2019-08-24,2022-05-13,34.30875,1,2,1,1.25,Lost,0,Low Value
5658,123,12,327.92,2019-07-14,2023-08-28,27.326666666666668,2,4,2,2.5,At Risk,3,High Value
5659,624,10,668.6700000000001,2019-09-23,2022-04-14,66.867,1,3,4,2.7,Others,3,High Value
5660,246,10,448.47,2019-04-14,2023-04-27,44.847,2,3,3,2.6500000000000004,Loyal Customers,3,High Value
5661,9,14,1437.09,2019-03-16,2023-12-20,102.64928571428571,5,5,5,5.0,Champions,2,Premium
5662,54,7,402.38,2019-10-23,2023-11-05,57.48285714285714,3,1,2,2.0999999999999996,Potential Loyalists,0,Low Value
5663,469,10,790.66,2019-01-03,2022-09-16,79.066,1,3,5,3.1,Others,3,High Value
5664,62,16,772.5799999999999,2019-03-08,2023-10-28,48.286249999999995,3,5,5,4.3,Loyal Customers,2,Premium
5665,509,14,460.71,2019-07-17,2022-08-07,32.90785714285714,1,5,3,2.8000000000000003,Others,3,High Value
5666,41,10,375.99,2020-03-03,2023-11-18,37.599000000000004,4,3,2,2.95,Potential Loyalists,1,Mid Value
5667,775,5,457.27,2019-07-11,2021-11-14,91.454,1,1,3,1.8000000000000003,Others,0,Low Value
5668,11,11,407.91,2019-07-05,2023-12-18,37.082727272727276,5,4,2,3.55,Others,1,Mid Value
5669,37,10,323.61,2019-11-08,2023-11-22,32.361000000000004,4,3,2,2.95,Potential Loyalists,1,Mid Value
5670,32,11,475.07,2020-02-08,2023-11-27,43.18818181818182,4,4,3,3.6,Loyal Customers,2,Premium
5671,109,9,298.0,2019-11-02,2023-09-11,33.111111111111114,2,3,1,1.85,Others,0,Low Value
5672,10,10,604.85,2021-10-23,2023-12-19,60.485,5,3,4,4.1,Loyal Customers,2,Premium
5673,20,8,263.23,2019-09-06,2023-12-09,32.90375,5,2,1,2.65,Potential Loyalists,1,Mid Value
5674,96,7,341.59999999999997,2019-12-02,2023-09-24,48.8,2,1,2,1.75,Lost,0,Low Value
5675,299,10,454.43,2019-04-14,2023-03-05,45.443,1,3,3,2.3000000000000003,Others,3,High Value
5676,51,11,603.72,2020-12-10,2023-11-08,54.88363636363636,3,4,4,3.65,Loyal Customers,3,High Value
5677,36,8,542.27,2019-11-19,2023-11-23,67.78375,4,2,3,3.1,Potential Loyalists,1,Mid Value
5678,33,10,485.6,2020-03-05,2023-11-26,48.56,4,3,3,3.35,Loyal Customers,1,Mid Value
5679,22,16,434.88,2019-11-05,2023-12-07,27.18,5,5,3,4.2,Loyal Customers,2,Premium
5680,17,10,336.76,2019-02-10,2023-12-12,33.676,5,3,2,3.3,Potential Loyalists,1,Mid Value
5681,27,7,720.15,2019-08-27,2023-12-02,102.87857142857142,4,1,4,3.25,Others,1,Mid Value
5682,44,10,356.11,2019-08-03,2023-11-15,35.611000000000004,4,3,2,2.95,Potential Loyalists,1,Mid Value
5683,290,11,469.08,2019-06-17,2023-03-14,42.64363636363636,1,4,3,2.5500000000000003,Others,3,High Value
5684,24,14,1065.15,2019-04-06,2023-12-05,76.08214285714287,5,5,5,5.0,Champions,2,Premium
5685,118,12,2461.34,2019-09-28,2023-09-02,205.11166666666668,2,4,5,3.7,Loyal Customers,3,High Value
5686,15,4,410.84000000000003,2019-12-04,2023-12-14,102.71000000000001,5,1,2,2.8,Potential Loyalists,1,Mid Value
5687,498,8,948.3100000000001,2019-04-06,2022-08-18,118.53875000000001,1,2,5,2.85,Others,3,High Value
5688,83,7,716.85,2019-02-22,2023-10-07,102.40714285714286,3,1,4,2.9,Others,1,Mid Value
5689,25,7,329.97,2019-10-06,2023-12-04,47.13857142857143,4,1,2,2.45,Potential Loyalists,1,Mid Value
5690,205,7,247.22,2019-10-15,2023-06-07,35.317142857142855,2,1,1,1.35,Lost,0,Low Value
5691,55,14,1624.3300000000002,2019-05-25,2023-11-04,116.02357142857144,3,5,5,4.3,Loyal Customers,2,Premium
5692,19,10,839.09,2019-11-01,2023-12-10,83.909,5,3,5,4.5,Loyal Customers,2,Premium
5693,228,11,498.61,2019-06-09,2023-05-15,45.32818181818182,2,4,3,2.9000000000000004,Loyal Customers,3,High Value
5694,4,9,247.35,2019-11-06,2023-12-25,27.483333333333334,5,3,1,2.9,Potential Loyalists,1,Mid Value
5695,24,6,338.11,2019-11-13,2023-12-05,56.35166666666667,5,1,2,2.8,Potential Loyalists,1,Mid Value
5696,4,6,525.3499999999999,2019-04-18,2023-12-25,87.55833333333332,5,1,3,3.2,Potential Loyalists,1,Mid Value
5697,37,12,952.02,2019-11-16,2023-11-22,79.335,4,4,5,4.4,Champions,2,Premium
5698,17,12,416.31,2019-03-07,2023-12-12,34.6925,5,4,2,3.55,Others,1,Mid Value
5699,100,12,422.38,2020-01-20,2023-09-20,35.19833333333333,2,4,2,2.5,At Risk,3,High Value
5700,55,9,899.39,2019-12-23,2023-11-04,99.93222222222222,3,3,5,3.8,Loyal Customers,3,High Value
5701,13,7,401.15000000000003,2019-03-03,2023-12-16,57.307142857142864,5,1,2,2.8,Potential Loyalists,1,Mid Value
5702,349,5,209.69,2019-10-07,2023-01-14,41.938,1,1,1,1.0,Lost,0,Low Value
5703,84,14,827.1700000000001,2020-03-02,2023-10-06,59.08357142857143,3,5,5,4.3,Loyal Customers,2,Premium
5704,42,9,257.83,2019-10-15,2023-11-17,28.647777777777776,4,3,1,2.55,Potential Loyalists,1,Mid Value
5705,200,13,564.1,2019-05-27,2023-06-12,43.392307692307696,2,5,4,3.55,Loyal Customers,3,High Value
5706,272,10,489.59,2019-01-05,2023-04-01,48.958999999999996,1,3,3,2.3000000000000003,Others,3,High Value
5707,350,5,279.55,2019-12-08,2023-01-13,55.910000000000004,1,1,1,1.0,Lost,0,Low Value
5708,277,7,290.32,2019-09-08,2023-03-27,41.47428571428571,1,1,1,1.0,Lost,0,Low Value
5709,38,7,347.15,2019-07-01,2023-11-21,49.59285714285714,4,1,2,2.45,Potential Loyalists,1,Mid Value
5710,125,9,379.94,2019-11-07,2023-08-26,42.215555555555554,2,3,2,2.25,At Risk,0,Low Value
5711,194,8,621.9200000000001,2019-05-02,2023-06-18,77.74000000000001,2,2,4,2.8,At Risk,3,High Value
5712,179,4,107.00999999999999,2021-09-02,2023-07-03,26.752499999999998,2,1,1,1.35,Lost,0,Low Value
5713,11,11,357.75,2019-09-08,2023-12-18,32.52272727272727,5,4,2,3.55,Others,1,Mid Value
5714,42,17,616.16,2019-04-04,2023-11-17,36.24470588235294,4,5,4,4.25,Champions,2,Premium
5715,81,9,282.29,2019-11-17,2023-10-09,31.36555555555556,3,3,1,2.1999999999999997,Potential Loyalists,1,Mid Value
5716,20,12,358.58,2019-01-15,2023-12-09,29.881666666666664,5,4,2,3.55,Others,1,Mid Value
5717,413,15,680.78,2019-05-10,2022-11-11,45.38533333333333,1,5,4,3.2,Others,3,High Value
5718,25,13,610.53,2019-07-20,2023-12-04,46.96384615384615,4,5,4,4.25,Champions,2,Premium
5719,398,10,314.59000000000003,2019-07-03,2022-11-26,31.459000000000003,1,3,1,1.5,Others,0,Low Value
5720,24,9,337.55,2019-11-07,2023-12-05,37.50555555555556,5,3,2,3.3,Potential Loyalists,1,Mid Value
5721,34,12,1143.91,2019-04-04,2023-11-25,95.32583333333334,4,4,5,4.4,Champions,2,Premium
5722,51,15,371.76,2019-04-01,2023-11-08,24.784,3,5,2,3.0999999999999996,At Risk,2,Premium
5723,39,7,280.43,2020-09-17,2023-11-20,40.06142857142857,4,1,1,2.05,Potential Loyalists,1,Mid Value
5724,89,9,391.81,2019-02-26,2023-10-01,43.534444444444446,2,3,2,2.25,At Risk,0,Low Value
5725,392,16,550.89,2019-07-13,2022-12-02,34.430625,1,5,3,2.8000000000000003,Others,3,High Value
5726,54,12,557.86,2019-02-18,2023-11-05,46.48833333333334,3,4,4,3.65,Loyal Customers,3,High Value
5727,104,12,532.1800000000001,2019-02-12,2023-09-16,44.348333333333336,2,4,3,2.9000000000000004,Loyal Customers,3,High Value
5728,57,5,353.65,2019-07-28,2023-11-02,70.72999999999999,3,1,2,2.0999999999999996,Potential Loyalists,0,Low Value
5729,4,20,659.78,2019-04-10,2023-12-25,32.989,5,5,4,4.6,Champions,2,Premium
5730,266,4,302.35,2019-02-23,2023-04-07,75.5875,1,1,1,1.0,Lost,0,Low Value
5731,1,8,402.65,2019-11-05,2023-12-28,50.33125,5,2,2,3.05,Potential Loyalists,1,Mid Value
5732,237,8,219.84,2020-07-26,2023-05-06,27.48,2,2,1,1.6,Lost,0,Low Value
5733,390,8,430.67,2020-06-20,2022-12-04,53.83375,1,2,3,2.0500000000000003,Others,0,Low Value
5734,35,11,451.08,2019-01-20,2023-11-24,41.00727272727273,4,4,3,3.6,Loyal Customers,2,Premium
5735,148,11,672.37,2019-10-02,2023-08-03,61.124545454545455,2,4,4,3.3,Loyal Customers,3,High Value
5736,19,9,584.26,2019-06-05,2023-12-10,64.91777777777777,5,3,4,4.1,Loyal Customers,2,Premium
5737,188,9,434.54999999999995,2019-11-21,2023-06-24,48.28333333333333,2,3,3,2.6500000000000004,Loyal Customers,3,High Value
5738,93,14,672.54,2019-02-02,2023-09-27,48.03857142857142,2,5,4,3.55,Loyal Customers,3,High Value
5739,15,14,735.37,2019-12-20,2023-12-14,52.526428571428575,5,5,4,4.6,Champions,2,Premium
5740,170,17,655.84,2019-04-22,2023-07-12,38.578823529411764,2,5,4,3.55,Loyal Customers,3,High Value
5741,197,10,527.71,2019-03-14,2023-06-15,52.771,2,3,3,2.6500000000000004,Loyal Customers,3,High Value
5742,35,8,841.27,2019-11-04,2023-11-24,105.15875,4,2,5,3.9,Others,2,Premium
5743,10,12,489.35,2019-02-15,2023-12-19,40.77916666666667,5,4,3,3.95,Loyal Customers,2,Premium
5744,160,9,358.14,2019-02-21,2023-07-22,39.79333333333333,2,3,2,2.25,At Risk,0,Low Value
5745,143,4,175.95,2020-11-14,2023-08-08,43.9875,2,1,1,1.35,Lost,0,Low Value
5746,58,12,380.26,2019-02-25,2023-11-01,31.688333333333333,3,4,2,2.8499999999999996,At Risk,1,Mid Value
5747,26,12,481.74,2019-11-10,2023-12-03,40.145,4,4,3,3.6,Loyal Customers,2,Premium
5748,58,10,368.9,2019-03-03,2023-11-01,36.89,3,3,2,2.5999999999999996,Potential Loyalists,1,Mid Value
5749,20,9,318.77,2019-05-26,2023-12-09,35.41888888888889,5,3,2,3.3,Potential Loyalists,1,Mid Value
5750,4,8,719.77,2019-06-18,2023-12-25,89.97125,5,2,4,3.85,Others,1,Mid Value
5751,70,11,558.74,2019-07-14,2023-10-20,50.79454545454546,3,4,4,3.65,Loyal Customers,3,High Value
5752,420,8,557.33,2019-04-27,2022-11-04,69.66625,1,2,4,2.45,Others,3,High Value
5753,284,13,522.96,2019-11-05,2023-03-20,40.22769230769231,1,5,3,2.8000000000000003,Others,3,High Value
5754,49,6,396.96000000000004,2019-10-10,2023-11-10,66.16000000000001,3,1,2,2.0999999999999996,Potential Loyalists,0,Low Value
5755,833,8,269.76,2019-01-04,2021-09-17,33.72,1,2,1,1.25,Lost,0,Low Value
5756,87,15,825.1800000000001,2019-01-21,2023-10-03,55.01200000000001,2,5,5,3.95,Loyal Customers,3,High Value
5757,137,13,578.8000000000001,2019-06-04,2023-08-14,44.52307692307693,2,5,4,3.55,Loyal Customers,3,High Value
5758,7,6,524.3100000000001,2019-11-12,2023-12-22,87.385,5,1,3,3.2,Potential Loyalists,1,Mid Value
5759,51,9,1900.58,2019-01-26,2023-11-08,211.17555555555555,3,3,5,3.8,Loyal Customers,3,High Value
5760,3,14,646.18,2019-02-12,2023-12-26,46.15571428571428,5,5,4,4.6,Champions,2,Premium
5761,27,10,811.55,2019-09-19,2023-12-02,81.155,4,3,5,4.15,Loyal Customers,2,Premium
5762,116,10,497.23,2019-04-26,2023-09-04,49.723,2,3,3,2.6500000000000004,Loyal Customers,3,High Value
5763,344,8,218.15,2019-04-07,2023-01-19,27.26875,1,2,1,1.25,Lost,0,Low Value
5764,104,7,447.78999999999996,2019-02-24,2023-09-16,63.96999999999999,2,1,3,2.1500000000000004,Others,0,Low Value
5765,39,12,436.34000000000003,2020-08-11,2023-11-20,36.36166666666667,4,4,3,3.6,Loyal Customers,2,Premium
5766,199,10,445.86,2019-11-18,2023-06-13,44.586,2,3,3,2.6500000000000004,Loyal Customers,3,High Value
5767,22,13,569.2,2019-07-01,2023-12-07,43.784615384615385,5,5,4,4.6,Champions,2,Premium
5768,370,5,245.48,2019-10-25,2022-12-24,49.096,1,1,1,1.0,Lost,0,Low Value
5769,27,13,461.21,2019-12-22,2023-12-02,35.47769230769231,4,5,3,3.85,Loyal Customers,2,Premium
5770,386,6,585.26,2019-08-23,2022-12-08,97.54333333333334,1,1,4,2.2,Others,0,Low Value
5771,47,15,844.0899999999999,2019-07-24,2023-11-12,56.27266666666666,3,5,5,4.3,Loyal Customers,2,Premium
5772,39,7,227.38,2019-11-19,2023-11-20,32.48285714285714,4,1,1,2.05,Potential Loyalists,1,Mid Value
5773,35,14,1063.93,2019-01-21,2023-11-24,75.995,4,5,5,4.65,Champions,2,Premium
5774,50,13,2965.8100000000004,2019-01-19,2023-11-09,228.1392307692308,3,5,5,4.3,Loyal Customers,2,Premium
5775,208,12,944.1600000000001,2019-11-22,2023-06-04,78.68,2,4,5,3.7,Loyal Customers,3,High Value
5776,48,15,503.47999999999996,2019-07-06,2023-11-11,33.56533333333333,3,5,3,3.5,Loyal Customers,2,Premium
5777,33,10,387.05,2019-03-11,2023-11-26,38.705,4,3,2,2.95,Potential Loyalists,1,Mid Value
5778,52,9,604.74,2019-05-25,2023-11-07,67.19333333333333,3,3,4,3.4,Loyal Customers,3,High Value
5779,12,11,386.1,2019-05-14,2023-12-17,35.1,5,4,2,3.55,Others,1,Mid Value
5780,66,6,182.23,2019-03-20,2023-10-24,30.371666666666666,3,1,1,1.6999999999999997,Potential Loyalists,0,Low Value
5781,48,9,638.2,2020-09-09,2023-11-11,70.91111111111111,3,3,4,3.4,Loyal Customers,3,High Value
5782,98,13,1311.5,2019-02-27,2023-09-22,100.88461538461539,2,5,5,3.95,Loyal Customers,3,High Value
5783,31,8,688.4200000000001,2019-06-04,2023-11-28,86.05250000000001,4,2,4,3.5,Others,1,Mid Value
5784,288,13,638.29,2019-11-08,2023-03-16,49.099230769230765,1,5,4,3.2,Others,3,High Value
5785,16,13,768.98,2019-11-20,2023-12-13,59.152307692307694,5,5,5,5.0,Champions,2,Premium
5786,33,8,404.25,2019-05-09,2023-11-26,50.53125,4,2,2,2.7,Potential Loyalists,1,Mid Value
5787,55,13,726.49,2019-12-18,2023-11-04,55.88384615384616,3,5,4,3.9,Loyal Customers,2,Premium
5788,240,8,229.55,2020-01-13,2023-05-03,28.69375,2,2,1,1.6,Lost,0,Low Value
5789,112,11,558.83,2020-01-13,2023-09-08,50.802727272727275,2,4,4,3.3,Loyal Customers,3,High Value
5790,132,9,640.8,2019-11-24,2023-08-19,71.19999999999999,2,3,4,3.05,Loyal Customers,3,High Value
5791,10,16,928.9,2019-01-25,2023-12-19,58.05625,5,5,5,5.0,Champions,2,Premium
5792,38,10,498.76000000000005,2019-08-20,2023-11-21,49.876000000000005,4,3,3,3.35,Loyal Customers,1,Mid Value
5793,69,11,638.29,2020-07-23,2023-10-21,58.026363636363634,3,4,4,3.65,Loyal Customers,3,High Value
5794,166,11,452.87,2019-02-11,2023-07-16,41.17,2,4,3,2.9000000000000004,Loyal Customers,3,High Value
5795,34,17,1790.72,2019-05-27,2023-11-25,105.3364705882353,4,5,5,4.65,Champions,2,Premium
5796,45,8,305.85,2019-03-14,2023-11-14,38.23125,3,2,1,1.9499999999999997,Potential Loyalists,0,Low Value
5797,683,12,463.69,2019-09-17,2022-02-14,38.64083333333333,1,4,3,2.5500000000000003,Others,3,High Value
5798,428,4,163.9,2019-01-28,2022-10-27,40.975,1,1,1,1.0,Lost,0,Low Value
5799,92,8,310.7,2019-09-20,2023-09-28,38.8375,2,2,1,1.6,Lost,0,Low Value
5800,47,16,1857.23,2019-10-02,2023-11-12,116.076875,3,5,5,4.3,Loyal Customers,2,Premium
5801,438,10,299.58,2019-11-17,2022-10-17,29.958,1,3,1,1.5,Others,0,Low Value
5802,42,11,1190.52,2019-11-01,2023-11-17,108.22909090909091,4,4,5,4.4,Champions,2,Premium
5803,56,10,323.09,2019-08-13,2023-11-03,32.309,3,3,2,2.5999999999999996,Potential Loyalists,1,Mid Value
5804,37,10,371.77,2020-11-12,2023-11-22,37.177,4,3,2,2.95,Potential Loyalists,1,Mid Value
5805,1,7,455.28000000000003,2020-07-13,2023-12-28,65.04,5,1,3,3.2,Potential Loyalists,1,Mid Value
5806,97,9,278.65,2019-11-09,2023-09-23,30.96111111111111,2,3,1,1.85,Others,0,Low Value
5807,82,10,852.98,2019-06-10,2023-10-08,85.298,3,3,5,3.8,Loyal Customers,3,High Value
5808,281,13,831.01,2020-03-24,2023-03-23,63.923846153846156,1,5,5,3.6,Others,3,High Value
5809,86,13,795.45,2019-09-03,2023-10-04,61.18846153846154,2,5,5,3.95,Loyal Customers,3,High Value
5810,38,15,621.85,2019-05-05,2023-11-21,41.45666666666667,4,5,4,4.25,Champions,2,Premium
5811,116,11,646.65,2019-02-26,2023-09-04,58.78636363636363,2,4,4,3.3,Loyal Customers,3,High Value
5812,261,10,310.15,2019-09-25,2023-04-12,31.014999999999997,1,3,1,1.5,Others,0,Low Value
5813,48,14,738.6,2019-03-28,2023-11-11,52.75714285714286,3,5,4,3.9,Loyal Customers,2,Premium
5814,47,9,558.86,2019-02-08,2023-11-12,62.095555555555556,3,3,4,3.4,Loyal Customers,3,High Value
5815,14,11,468.12,2019-11-10,2023-12-15,42.556363636363635,5,4,3,3.95,Loyal Customers,2,Premium
5816,49,8,357.21,2020-12-14,2023-11-10,44.65125,3,2,2,2.3499999999999996,Potential Loyalists,1,Mid Value
5817,98,9,483.97,2019-09-17,2023-09-22,53.77444444444445,2,3,3,2.6500000000000004,Loyal Customers,3,High Value
5818,28,6,341.84000000000003,2020-08-06,2023-12-01,56.973333333333336,4,1,2,2.45,Potential Loyalists,1,Mid Value
5819,235,10,344.45,2019-02-05,2023-05-08,34.445,2,3,2,2.25,At Risk,0,Low Value
5820,11,16,842.6800000000001,2019-10-08,2023-12-18,52.667500000000004,5,5,5,5.0,Champions,2,Premium
5821,13,12,574.18,2020-08-23,2023-12-16,47.84833333333333,5,4,4,4.35,Champions,2,Premium
5822,58,13,561.28,2019-03-01,2023-11-01,43.175384615384615,3,5,4,3.9,Loyal Customers,2,Premium
5823,292,6,528.0699999999999,2019-08-13,2023-03-12,88.01166666666666,1,1,3,1.8000000000000003,Others,0,Low Value
5824,52,16,709.62,2019-11-13,2023-11-07,44.35125,3,5,4,3.9,Loyal Customers,2,Premium
5825,5,9,600.87,2019-09-04,2023-12-24,66.76333333333334,5,3,4,4.1,Loyal Customers,2,Premium
5826,3,11,637.65,2019-11-04,2023-12-26,57.96818181818182,5,4,4,4.35,Champions,2,Premium
5827,47,13,544.62,2019-05-12,2023-11-12,41.893846153846155,3,5,3,3.5,Loyal Customers,2,Premium
5828,15,14,700.71,2019-01-11,2023-12-14,50.050714285714285,5,5,4,4.6,Champions,2,Premium
5829,192,6,665.38,2020-11-02,2023-06-20,110.89666666666666,2,1,4,2.55,Others,0,Low Value
5830,104,7,496.84000000000003,2019-04-24,2023-09-16,70.97714285714287,2,1,3,2.1500000000000004,Others,0,Low Value
5831,177,6,270.01,2019-04-20,2023-07-05,45.001666666666665,2,1,1,1.35,Lost,0,Low Value
5832,438,11,403.34000000000003,2019-08-18,2022-10-17,36.66727272727273,1,4,2,2.1500000000000004,Others,3,High Value
5833,53,5,258.58,2019-07-02,2023-11-06,51.715999999999994,3,1,1,1.6999999999999997,Potential Loyalists,0,Low Value
5834,42,11,624.32,2020-11-26,2023-11-17,56.75636363636364,4,4,4,4.0,Champions,2,Premium
5835,10,10,587.74,2019-04-28,2023-12-19,58.774,5,3,4,4.1,Loyal Customers,2,Premium
5836,96,8,307.59,2019-03-15,2023-09-24,38.44875,2,2,1,1.6,Lost,0,Low Value
5837,47,10,594.71,2019-05-13,2023-11-12,59.471000000000004,3,3,4,3.4,Loyal Customers,3,High Value
5838,189,8,403.11,2019-01-16,2023-06-23,50.38875,2,2,2,2.0,At Risk,0,Low Value
5839,1052,5,368.15,2019-05-25,2021-02-10,73.63,1,1,2,1.4,Lost,0,Low Value
5840,58,7,580.48,2019-01-09,2023-11-01,82.92571428571429,3,1,4,2.9,Others,1,Mid Value
5841,287,9,297.12,2021-07-28,2023-03-17,33.013333333333335,1,3,1,1.5,Others,0,Low Value
5842,385,6,349.14,2019-11-02,2022-12-09,58.19,1,1,2,1.4,Lost,0,Low Value
5843,33,15,1239.6100000000001,2019-01-14,2023-11-26,82.64066666666668,4,5,5,4.65,Champions,2,Premium
5844,49,7,743.0,2019-12-20,2023-11-10,106.14285714285714,3,1,4,2.9,Others,1,Mid Value
5845,404,7,221.89000000000001,2020-05-02,2022-11-20,31.69857142857143,1,1,1,1.0,Lost,0,Low Value
5846,46,12,324.82,2019-04-14,2023-11-13,27.06833333333333,3,4,2,2.8499999999999996,At Risk,1,Mid Value
5847,27,17,1077.6100000000001,2019-04-15,2023-12-02,63.38882352941177,4,5,5,4.65,Champions,2,Premium
5848,171,10,731.62,2019-07-24,2023-07-11,73.162,2,3,4,3.05,Loyal Customers,3,High Value
5849,376,7,456.32,2019-02-03,2022-12-18,65.18857142857142,1,1,3,1.8000000000000003,Others,0,Low Value
5850,36,8,470.76,2019-01-28,2023-11-23,58.845,4,2,3,3.1,Potential Loyalists,1,Mid Value
5851,33,6,214.75,2019-04-02,2023-11-26,35.791666666666664,4,1,1,2.05,Potential Loyalists,1,Mid Value
5852,295,10,1017.46,2019-03-01,2023-03-09,101.74600000000001,1,3,5,3.1,Others,3,High Value
5853,144,12,858.0,2019-07-26,2023-08-07,71.5,2,4,5,3.7,Loyal Customers,3,High Value
5854,28,11,666.59,2019-06-04,2023-12-01,60.59909090909091,4,4,4,4.0,Champions,2,Premium
5855,171,7,348.97,2019-10-06,2023-07-11,49.85285714285715,2,1,2,1.75,Lost,0,Low Value
5856,113,17,675.88,2019-01-14,2023-09-07,39.75764705882353,2,5,4,3.55,Loyal Customers,3,High Value
5857,4,10,413.57,2019-08-19,2023-12-25,41.357,5,3,2,3.3,Potential Loyalists,1,Mid Value
5858,35,8,289.6,2019-10-13,2023-11-24,36.2,4,2,1,2.3,Potential Loyalists,1,Mid Value
5859,140,10,1012.13,2019-11-27,2023-08-11,101.213,2,3,5,3.45,Loyal Customers,3,High Value
5860,26,12,1179.22,2019-01-14,2023-12-03,98.26833333333333,4,4,5,4.4,Champions,2,Premium
5861,349,10,614.51,2019-05-13,2023-01-14,61.451,1,3,4,2.7,Others,3,High Value
5862,141,14,1603.91,2019-05-02,2023-08-10,114.56500000000001,2,5,5,3.95,Loyal Customers,3,High Value
5863,263,13,412.31,2019-08-18,2023-04-10,31.716153846153848,1,5,2,2.4000000000000004,Others,3,High Value
5864,528,7,365.53,2020-02-09,2022-07-19,52.21857142857142,1,1,2,1.4,Lost,0,Low Value
5865,43,16,858.48,2019-03-25,2023-11-16,53.655,4,5,5,4.65,Champions,2,Premium
5866,75,13,416.32,2019-02-24,2023-10-15,32.02461538461539,3,5,2,3.0999999999999996,At Risk,2,Premium
5867,50,10,385.40999999999997,2019-11-06,2023-11-09,38.541,3,3,2,2.5999999999999996,Potential Loyalists,1,Mid Value
5868,413,9,693.96,2019-08-23,2022-11-11,77.10666666666667,1,3,4,2.7,Others,3,High Value
5869,17,11,510.4,2019-06-14,2023-12-12,46.4,5,4,3,3.95,Loyal Customers,2,Premium
5870,173,3,112.12,2021-01-06,2023-07-09,37.373333333333335,2,1,1,1.35,Lost,0,Low Value
5871,42,10,374.06,2019-04-26,2023-11-17,37.406,4,3,2,2.95,Potential Loyalists,1,Mid Value
5872,34,11,496.54,2019-01-03,2023-11-25,45.14,4,4,3,3.6,Loyal Customers,2,Premium
5873,55,10,545.2,2019-11-07,2023-11-04,54.52,3,3,3,3.0,Loyal Customers,3,High Value
5874,327,13,482.69,2019-02-15,2023-02-05,37.13,1,5,3,2.8000000000000003,Others,3,High Value
5875,43,11,1002.28,2019-11-12,2023-11-16,91.11636363636363,4,4,5,4.4,Champions,2,Premium
5876,5,8,564.4,2019-04-26,2023-12-24,70.55,5,2,4,3.85,Others,1,Mid Value
5877,12,7,232.95,2020-02-17,2023-12-17,33.278571428571425,5,1,1,2.4,Potential Loyalists,1,Mid Value
5878,142,9,276.62,2019-04-21,2023-08-09,30.735555555555557,2,3,1,1.85,Others,0,Low Value
5879,9,13,1524.63,2019-01-09,2023-12-20,117.27923076923078,5,5,5,5.0,Champions,2,Premium
5880,189,11,665.86,2019-07-17,2023-06-23,60.53272727272727,2,4,4,3.3,Loyal Customers,3,High Value
5881,561,7,430.8,2019-11-22,2022-06-16,61.542857142857144,1,1,3,1.8000000000000003,Others,0,Low Value
5882,119,10,770.48,2019-08-23,2023-09-01,77.048,2,3,5,3.45,Loyal Customers,3,High Value
5883,62,5,212.32999999999998,2019-10-17,2023-10-28,42.465999999999994,3,1,1,1.6999999999999997,Potential Loyalists,0,Low Value
5884,80,12,448.9,2021-01-22,2023-10-10,37.40833333333333,3,4,3,3.25,Loyal Customers,3,High Value
5885,9,17,2283.92,2019-02-27,2023-12-20,134.34823529411764,5,5,5,5.0,Champions,2,Premium
5886,58,13,435.08000000000004,2019-11-27,2023-11-01,33.46769230769231,3,5,3,3.5,Loyal Customers,2,Premium
5887,111,11,352.02,2019-02-04,2023-09-09,32.00181818181818,2,4,2,2.5,At Risk,3,High Value
5888,79,13,701.2,2019-03-27,2023-10-11,53.93846153846154,3,5,4,3.9,Loyal Customers,2,Premium
5889,47,8,536.29,2020-06-22,2023-11-12,67.03625,3,2,3,2.75,Potential Loyalists,1,Mid Value
5890,195,10,769.6999999999999,2019-06-14,2023-06-17,76.97,2,3,5,3.45,Loyal Customers,3,High Value
5891,14,14,631.36,2019-11-23,2023-12-15,45.097142857142856,5,5,4,4.6,Champions,2,Premium
5892,41,9,386.12,2020-02-02,2023-11-18,42.90222222222222,4,3,2,2.95,Potential Loyalists,1,Mid Value
5893,51,10,388.35,2019-11-10,2023-11-08,38.835,3,3,2,2.5999999999999996,Potential Loyalists,1,Mid Value
5894,8,11,738.36,2020-11-14,2023-12-21,67.12363636363636,5,4,4,4.35,Champions,2,Premium
5895,266,6,231.59,2020-11-07,2023-04-07,38.598333333333336,1,1,1,1.0,Lost,0,Low Value
5896,50,7,251.08,2021-12-18,2023-11-09,35.86857142857143,3,1,1,1.6999999999999997,Potential Loyalists,0,Low Value
5897,154,8,495.03,2019-07-19,2023-07-28,61.87875,2,2,3,2.4000000000000004,At Risk,0,Low Value
5898,33,14,690.28,2019-05-12,2023-11-26,49.30571428571428,4,5,4,4.25,Champions,2,Premium
5899,37,12,627.93,2019-09-02,2023-11-22,52.32749999999999,4,4,4,4.0,Champions,2,Premium
5900,45,12,652.9,2019-05-23,2023-11-14,54.40833333333333,3,4,4,3.65,Loyal Customers,3,High Value
5901,2,11,506.39,2019-04-21,2023-12-27,46.03545454545454,5,4,3,3.95,Loyal Customers,2,Premium
5902,39,3,156.82,2019-05-11,2023-11-20,52.27333333333333,4,1,1,2.05,Potential Loyalists,1,Mid Value
5903,39,17,2572.91,2019-11-10,2023-11-20,151.34764705882353,4,5,5,4.65,Champions,2,Premium
5904,27,13,564.6,2019-05-04,2023-12-02,43.43076923076923,4,5,4,4.25,Champions,2,Premium
5905,254,6,201.39,2019-11-18,2023-04-19,33.565,1,1,1,1.0,Lost,0,Low Value
5906,372,8,271.75,2019-01-04,2022-12-22,33.96875,1,2,1,1.25,Lost,0,Low Value
5907,31,11,345.31,2019-03-26,2023-11-28,31.39181818181818,4,4,2,3.2,Others,1,Mid Value
5908,5,11,926.52,2019-01-16,2023-12-24,84.22909090909091,5,4,5,4.75,Champions,2,Premium
5909,84,15,666.43,2019-10-25,2023-10-06,44.428666666666665,3,5,4,3.9,Loyal Customers,2,Premium
5910,373,9,361.32,2019-07-01,2022-12-21,40.14666666666667,1,3,2,1.9000000000000001,Others,0,Low Value
5911,37,7,210.69,2019-01-20,2023-11-22,30.09857142857143,4,1,1,2.05,Potential Loyalists,1,Mid Value
5912,173,13,676.89,2019-01-07,2023-07-09,52.068461538461534,2,5,4,3.55,Loyal Customers,3,High Value
5913,248,13,578.81,2019-01-14,2023-04-25,44.52384615384615,1,5,4,3.2,Others,3,High Value
5914,156,15,936.13,2019-05-19,2023-07-26,62.40866666666667,2,5,5,3.95,Loyal Customers,3,High Value
5915,102,9,236.5,2019-09-02,2023-09-18,26.27777777777778,2,3,1,1.85,Others,0,Low Value
5916,42,16,573.77,2019-07-10,2023-11-17,35.860625,4,5,4,4.25,Champions,2,Premium
5917,111,9,954.16,2020-05-23,2023-09-09,106.01777777777778,2,3,5,3.45,Loyal Customers,3,High Value
5918,41,10,620.86,2019-09-03,2023-11-18,62.086,4,3,4,3.75,Loyal Customers,2,Premium
5919,1,12,587.89,2019-04-28,2023-12-28,48.990833333333335,5,4,4,4.35,Champions,2,Premium
5920,42,9,525.45,2020-11-02,2023-11-17,58.38333333333334,4,3,3,3.35,Loyal Customers,1,Mid Value
5921,419,4,253.55,2019-02-11,2022-11-05,63.3875,1,1,1,1.0,Lost,0,Low Value
5922,81,15,685.39,2019-01-08,2023-10-09,45.69266666666667,3,5,4,3.9,Loyal Customers,2,Premium
5923,466,10,426.32,2019-04-06,2022-09-19,42.632,1,3,2,1.9000000000000001,Others,0,Low Value
5924,26,13,1063.26,2019-03-16,2023-12-03,81.78923076923077,4,5,5,4.65,Champions,2,Premium
5925,58,11,485.58000000000004,2019-05-06,2023-11-01,44.14363636363637,3,4,3,3.25,Loyal Customers,3,High Value
5926,43,11,387.7,2020-05-05,2023-11-16,35.24545454545454,4,4,2,3.2,Others,1,Mid Value
5927,56,8,421.68,2019-11-22,2023-11-03,52.71,3,2,2,2.3499999999999996,Potential Loyalists,1,Mid Value
5928,74,8,338.01,2019-10-17,2023-10-16,42.25125,3,2,2,2.3499999999999996,Potential Loyalists,1,Mid Value
5929,49,11,890.92,2019-05-07,2023-11-10,80.99272727272727,3,4,5,4.05,Loyal Customers,2,Premium
5930,40,14,505.65,2019-02-13,2023-11-19,36.11785714285714,4,5,3,3.85,Loyal Customers,2,Premium
5931,402,6,195.36,2020-02-26,2022-11-22,32.56,1,1,1,1.0,Lost,0,Low Value
5932,127,7,542.41,2019-03-19,2023-08-24,77.48714285714286,2,1,3,2.1500000000000004,Others,0,Low Value
5933,43,10,793.19,2019-03-09,2023-11-16,79.319,4,3,5,4.15,Loyal Customers,2,Premium
5934,357,6,258.61,2019-06-17,2023-01-06,43.10166666666667,1,1,1,1.0,Lost,0,Low Value
5935,79,17,614.89,2019-02-06,2023-10-11,36.17,3,5,4,3.9,Loyal Customers,2,Premium
5936,7,12,298.26,2019-07-26,2023-12-22,24.855,5,4,1,3.15,Others,1,Mid Value
5937,167,7,402.35,2019-03-12,2023-07-15,57.478571428571435,2,1,2,1.75,Lost,0,Low Value
5938,51,9,408.19,2019-12-08,2023-11-08,45.35444444444445,3,3,2,2.5999999999999996,Potential Loyalists,1,Mid Value
5939,241,6,326.66999999999996,2019-01-22,2023-05-02,54.44499999999999,2,1,2,1.75,Lost,0,Low Value
5940,57,17,1538.94,2019-05-10,2023-11-02,90.52588235294118,3,5,5,4.3,Loyal Customers,2,Premium
5941,7,10,356.3,2019-09-10,2023-12-22,35.63,5,3,2,3.3,Potential Loyalists,1,Mid Value
5942,584,9,313.2,2019-06-20,2022-05-24,34.8,1,3,1,1.5,Others,0,Low Value
5943,7,13,438.6,2019-01-02,2023-12-22,33.73846153846154,5,5,3,4.2,Loyal Customers,2,Premium
5944,366,13,374.5,2019-01-28,2022-12-28,28.807692307692307,1,5,2,2.4000000000000004,Others,3,High Value
5945,92,8,330.64,2019-03-20,2023-09-28,41.33,2,2,2,2.0,At Risk,0,Low Value
5946,225,13,558.93,2019-08-07,2023-05-18,42.99461538461538,2,5,4,3.55,Loyal Customers,3,High Value
5947,86,10,281.82,2019-10-17,2023-10-04,28.182,2,3,1,1.85,Others,0,Low Value
5948,40,7,222.9,2020-01-16,2023-11-19,31.842857142857145,4,1,1,2.05,Potential Loyalists,1,Mid Value
5949,87,5,136.86,2020-11-03,2023-10-03,27.372000000000003,2,1,1,1.35,Lost,0,Low Value
5950,50,14,806.79,2019-08-03,2023-11-09,57.62785714285714,3,5,5,4.3,Loyal Customers,2,Premium
5951,48,10,615.76,2019-11-14,2023-11-11,61.576,3,3,4,3.4,Loyal Customers,3,High Value
5952,34,12,347.61,2019-11-12,2023-11-25,28.9675,4,4,2,3.2,Others,1,Mid Value
5953,735,6,462.28,2019-02-26,2021-12-24,77.04666666666667,1,1,3,1.8000000000000003,Others,0,Low Value
5954,127,11,816.61,2019-07-09,2023-08-24,74.23727272727272,2,4,5,3.7,Loyal Customers,3,High Value
5955,420,7,339.25,2019-10-25,2022-11-04,48.464285714285715,1,1,2,1.4,Lost,0,Low Value
5956,53,14,464.06,2019-02-28,2023-11-06,33.14714285714286,3,5,3,3.5,Loyal Customers,2,Premium
5957,400,9,833.54,2019-11-21,2022-11-24,92.61555555555555,1,3,5,3.1,Others,3,High Value
5958,14,7,414.7,2019-09-20,2023-12-15,59.24285714285714,5,1,2,2.8,Potential Loyalists,1,Mid Value
5959,33,15,587.93,2019-01-25,2023-11-26,39.19533333333333,4,5,4,4.25,Champions,2,Premium
5960,1,10,598.05,2019-02-02,2023-12-28,59.80499999999999,5,3,4,4.1,Loyal Customers,2,Premium
5961,1113,5,238.21,2019-06-17,2020-12-11,47.642,1,1,1,1.0,Lost,0,Low Value
5962,89,9,339.34,2020-07-08,2023-10-01,37.70444444444444,2,3,2,2.25,At Risk,0,Low Value
5963,11,12,370.69,2019-11-23,2023-12-18,30.890833333333333,5,4,2,3.55,Others,1,Mid Value
5964,10,15,596.39,2019-01-25,2023-12-19,39.75933333333333,5,5,4,4.6,Champions,2,Premium
5965,51,12,407.21000000000004,2019-06-09,2023-11-08,33.93416666666667,3,4,2,2.8499999999999996,At Risk,1,Mid Value
5966,65,16,1046.85,2019-04-06,2023-10-25,65.428125,3,5,5,4.3,Loyal Customers,2,Premium
5967,919,5,299.19,2019-07-01,2021-06-23,59.838,1,1,1,1.0,Lost,0,Low Value
5968,24,8,348.81,2019-08-22,2023-12-05,43.60125,5,2,2,3.05,Potential Loyalists,1,Mid Value
5969,217,10,779.77,2019-03-23,2023-05-26,77.977,2,3,5,3.45,Loyal Customers,3,High Value
5970,421,14,684.62,2019-03-06,2022-11-03,48.901428571428575,1,5,4,3.2,Others,3,High Value
5971,8,11,494.16,2019-01-10,2023-12-21,44.92363636363637,5,4,3,3.95,Loyal Customers,2,Premium
5972,17,8,365.25,2019-04-21,2023-12-12,45.65625,5,2,2,3.05,Potential Loyalists,1,Mid Value
5973,47,9,524.61,2019-04-18,2023-11-12,58.29,3,3,3,3.0,Loyal Customers,3,High Value
5974,46,5,182.45,2019-12-16,2023-11-13,36.489999999999995,3,1,1,1.6999999999999997,Potential Loyalists,0,Low Value
5975,33,7,388.56,2019-12-02,2023-11-26,55.50857142857143,4,1,2,2.45,Potential Loyalists,1,Mid Value
5976,260,12,432.55,2019-02-16,2023-04-13,36.045833333333334,1,4,3,2.5500000000000003,Others,3,High Value
5977,245,4,108.78,2020-12-22,2023-04-28,27.195,2,1,1,1.35,Lost,0,Low Value
5978,383,9,299.61,2019-06-01,2022-12-11,33.29,1,3,1,1.5,Others,0,Low Value
5979,38,6,120.09,2020-02-26,2023-11-21,20.015,4,1,1,2.05,Potential Loyalists,1,Mid Value
5980,32,13,722.53,2019-01-03,2023-11-27,55.57923076923077,4,5,4,4.25,Champions,2,Premium
5981,55,11,709.3299999999999,2019-08-07,2023-11-04,64.48454545454545,3,4,4,3.65,Loyal Customers,3,High Value
5982,324,15,618.32,2019-10-17,2023-02-08,41.221333333333334,1,5,4,3.2,Others,3,High Value
5983,53,11,767.2,2019-03-22,2023-11-06,69.74545454545455,3,4,5,4.05,Loyal Customers,2,Premium
5984,6,8,305.1,2019-06-03,2023-12-23,38.1375,5,2,1,2.65,Potential Loyalists,1,Mid Value
5985,45,14,536.42,2019-01-17,2023-11-14,38.315714285714286,3,5,3,3.5,Loyal Customers,2,Premium
5986,382,9,799.74,2019-12-15,2022-12-12,88.86,1,3,5,3.1,Others,3,High Value
5987,383,7,190.59,2019-11-21,2022-12-11,27.22714285714286,1,1,1,1.0,Lost,0,Low Value
5988,165,15,801.7,2019-02-16,2023-07-17,53.44666666666667,2,5,5,3.95,Loyal Customers,3,High Value
5989,49,13,1097.73,2019-02-10,2023-11-10,84.44076923076923,3,5,5,4.3,Loyal Customers,2,Premium
5990,36,6,254.07,2019-02-18,2023-11-23,42.345,4,1,1,2.05,Potential Loyalists,1,Mid Value
5991,233,8,316.27,2019-11-12,2023-05-10,39.53375,2,2,1,1.6,Lost,0,Low Value
5992,16,13,330.22,2019-01-07,2023-12-13,25.401538461538465,5,5,2,3.8,Others,2,Premium
5993,41,10,430.79,2019-01-09,2023-11-18,43.079,4,3,3,3.35,Loyal Customers,1,Mid Value
5994,45,6,348.5,2021-08-18,2023-11-14,58.083333333333336,3,1,2,2.0999999999999996,Potential Loyalists,0,Low Value
5995,6,15,567.83,2019-07-26,2023-12-23,37.855333333333334,5,5,4,4.6,Champions,2,Premium
5996,34,15,567.6,2019-08-09,2023-11-25,37.84,4,5,4,4.25,Champions,2,Premium
5997,76,12,712.69,2019-03-02,2023-10-14,59.39083333333334,3,4,4,3.65,Loyal Customers,3,High Value
5998,14,16,1001.1899999999999,2019-02-22,2023-12-15,62.574374999999996,5,5,5,5.0,Champions,2,Premium
5999,20,16,777.42,2019-11-21,2023-12-09,48.58875,5,5,5,5.0,Champions,2,Premium
6000,37,9,670.23,2019-01-17,2023-11-22,74.47,4,3,4,3.75,Loyal Customers,2,Premium
6001,50,15,809.12,2019-04-16,2023-11-09,53.94133333333333,3,5,5,4.3,Loyal Customers,2,Premium
6002,163,9,689.78,2019-10-06,2023-07-19,76.64222222222222,2,3,4,3.05,Loyal Customers,3,High Value
6003,327,10,414.55,2019-06-04,2023-02-05,41.455,1,3,2,1.9000000000000001,Others,0,Low Value
6004,167,14,713.42,2019-08-28,2023-07-15,50.958571428571425,2,5,4,3.55,Loyal Customers,3,High Value
6005,215,11,370.84000000000003,2020-12-28,2023-05-28,33.71272727272728,2,4,2,2.5,At Risk,3,High Value
6006,9,17,3983.04,2019-02-05,2023-12-20,234.29647058823528,5,5,5,5.0,Champions,2,Premium
6007,43,12,554.46,2019-08-05,2023-11-16,46.205000000000005,4,4,3,3.6,Loyal Customers,2,Premium
6008,368,11,1361.1299999999999,2019-04-01,2022-12-26,123.7390909090909,1,4,5,3.35,Others,3,High Value
6009,126,14,925.36,2019-03-21,2023-08-25,66.09714285714286,2,5,5,3.95,Loyal Customers,3,High Value
6010,11,9,698.3299999999999,2019-05-15,2023-12-18,77.59222222222222,5,3,4,4.1,Loyal Customers,2,Premium
6011,34,10,501.92,2019-09-22,2023-11-25,50.192,4,3,3,3.35,Loyal Customers,1,Mid Value
6012,35,11,556.21,2019-05-28,2023-11-24,50.56454545454546,4,4,4,4.0,Champions,2,Premium
6013,371,7,407.88,2019-05-09,2022-12-23,58.26857142857143,1,1,2,1.4,Lost,0,Low Value
6014,96,13,572.46,2019-10-23,2023-09-24,44.035384615384615,2,5,4,3.55,Loyal Customers,3,High Value
6015,77,7,465.83000000000004,2019-11-16,2023-10-13,66.54714285714286,3,1,3,2.5,Potential Loyalists,1,Mid Value
6016,50,8,690.6899999999999,2019-11-24,2023-11-09,86.33624999999999,3,2,4,3.15,At Risk,3,High Value
6017,58,17,1235.93,2019-02-21,2023-11-01,72.70176470588235,3,5,5,4.3,Loyal Customers,2,Premium
6018,8,14,453.08,2019-01-21,2023-12-21,32.362857142857145,5,5,3,4.2,Loyal Customers,2,Premium
6019,5,8,560.61,2020-08-04,2023-12-24,70.07625,5,2,4,3.85,Others,1,Mid Value
6020,66,9,583.94,2019-07-12,2023-10-24,64.88222222222223,3,3,4,3.4,Loyal Customers,3,High Value
6021,75,10,292.78,2019-11-20,2023-10-15,29.278,3,3,1,2.1999999999999997,Potential Loyalists,1,Mid Value
6022,46,14,817.64,2019-01-10,2023-11-13,58.402857142857144,3,5,5,4.3,Loyal Customers,2,Premium
6023,373,14,705.0,2019-08-12,2022-12-21,50.357142857142854,1,5,4,3.2,Others,3,High Value
6024,84,12,721.75,2019-07-24,2023-10-06,60.145833333333336,3,4,4,3.65,Loyal Customers,3,High Value
6025,98,7,397.07,2019-04-19,2023-09-22,56.72428571428571,2,1,2,1.75,Lost,0,Low Value
6026,421,8,393.28,2019-05-19,2022-11-03,49.16,1,2,2,1.65,Lost,0,Low Value
6027,12,10,850.54,2019-11-08,2023-12-17,85.054,5,3,5,4.5,Loyal Customers,2,Premium
6028,41,11,1760.48,2019-04-04,2023-11-18,160.04363636363635,4,4,5,4.4,Champions,2,Premium
6029,408,6,214.63,2019-05-10,2022-11-16,35.77166666666667,1,1,1,1.0,Lost,0,Low Value
6030,20,9,363.98,2019-09-04,2023-12-09,40.44222222222223,5,3,2,3.3,Potential Loyalists,1,Mid Value
6031,11,12,950.09,2019-01-03,2023-12-18,79.17416666666666,5,4,5,4.75,Champions,2,Premium
6032,664,6,153.83,2019-11-09,2022-03-05,25.638333333333335,1,1,1,1.0,Lost,0,Low Value
6033,14,13,652.43,2019-03-17,2023-12-15,50.18692307692307,5,5,4,4.6,Champions,2,Premium
6034,10,10,594.33,2019-05-24,2023-12-19,59.43300000000001,5,3,4,4.1,Loyal Customers,2,Premium
6035,645,8,583.94,2019-10-15,2022-03-24,72.9925,1,2,4,2.45,Others,3,High Value
6036,163,12,1221.73,2019-07-19,2023-07-19,101.81083333333333,2,4,5,3.7,Loyal Customers,3,High Value
6037,18,10,955.38,2019-09-24,2023-12-11,95.538,5,3,5,4.5,Loyal Customers,2,Premium
6038,295,5,159.57999999999998,2021-11-04,2023-03-09,31.915999999999997,1,1,1,1.0,Lost,0,Low Value
6039,250,13,430.48,2019-11-26,2023-04-23,33.113846153846154,1,5,3,2.8000000000000003,Others,3,High Value
6040,39,16,478.39,2019-02-16,2023-11-20,29.899375,4,5,3,3.85,Loyal Customers,2,Premium
6041,438,10,927.71,2019-07-12,2022-10-17,92.771,1,3,5,3.1,Others,3,High Value
6042,15,8,448.28999999999996,2020-08-25,2023-12-14,56.036249999999995,5,2,3,3.45,Potential Loyalists,1,Mid Value
6043,367,12,1141.24,2019-05-17,2022-12-27,95.10333333333334,1,4,5,3.35,Others,3,High Value
6044,418,10,320.31,2020-11-02,2022-11-06,32.031,1,3,2,1.9000000000000001,Others,0,Low Value
6045,188,11,710.9,2019-08-06,2023-06-24,64.62727272727273,2,4,4,3.3,Loyal Customers,3,High Value
6046,160,12,1188.8899999999999,2019-07-08,2023-07-22,99.07416666666666,2,4,5,3.7,Loyal Customers,3,High Value
6047,75,11,765.88,2019-10-11,2023-10-15,69.62545454545455,3,4,5,4.05,Loyal Customers,2,Premium
6048,72,8,274.39,2019-11-02,2023-10-18,34.29875,3,2,1,1.9499999999999997,Potential Loyalists,0,Low Value
6049,37,6,210.14000000000001,2020-03-27,2023-11-22,35.02333333333333,4,1,1,2.05,Potential Loyalists,1,Mid Value
6050,414,8,727.51,2019-03-05,2022-11-10,90.93875,1,2,4,2.45,Others,3,High Value
6051,82,10,350.23,2020-03-03,2023-10-08,35.023,3,3,2,2.5999999999999996,Potential Loyalists,1,Mid Value
6052,58,13,1657.94,2019-05-10,2023-11-01,127.53384615384616,3,5,5,4.3,Loyal Customers,2,Premium
6053,303,7,289.89,2019-11-11,2023-03-01,41.41285714285714,1,1,1,1.0,Lost,0,Low Value
6054,42,11,558.35,2019-06-22,2023-11-17,50.75909090909091,4,4,4,4.0,Champions,2,Premium
6055,3,10,382.16,2019-02-25,2023-12-26,38.216,5,3,2,3.3,Potential Loyalists,1,Mid Value
6056,36,6,367.18,2019-05-09,2023-11-23,61.196666666666665,4,1,2,2.45,Potential Loyalists,1,Mid Value
6057,217,6,185.99,2019-05-04,2023-05-26,30.998333333333335,2,1,1,1.35,Lost,0,Low Value
6058,9,6,200.92,2021-10-01,2023-12-20,33.486666666666665,5,1,1,2.4,Potential Loyalists,1,Mid Value
6059,46,12,631.12,2019-11-17,2023-11-13,52.593333333333334,3,4,4,3.65,Loyal Customers,3,High Value
6060,258,9,326.51,2019-07-19,2023-04-15,36.278888888888886,1,3,2,1.9000000000000001,Others,0,Low Value
6061,13,17,823.09,2019-07-16,2023-12-16,48.417058823529416,5,5,5,5.0,Champions,2,Premium
6062,254,12,764.39,2019-12-23,2023-04-19,63.69916666666666,1,4,5,3.35,Others,3,High Value
6063,4,7,390.04,2019-06-06,2023-12-25,55.720000000000006,5,1,2,2.8,Potential Loyalists,1,Mid Value
6064,41,14,474.35,2019-02-24,2023-11-18,33.88214285714286,4,5,3,3.85,Loyal Customers,2,Premium
6065,44,12,367.87,2019-07-02,2023-11-15,30.655833333333334,4,4,2,3.2,Others,1,Mid Value
6066,56,12,488.09000000000003,2019-11-01,2023-11-03,40.67416666666667,3,4,3,3.25,Loyal Customers,3,High Value
6067,85,7,506.54,2020-11-12,2023-10-05,72.36285714285715,3,1,3,2.5,Potential Loyalists,1,Mid Value
6068,45,9,260.91,2019-11-18,2023-11-14,28.990000000000002,3,3,1,2.1999999999999997,Potential Loyalists,1,Mid Value
6069,208,9,670.2399999999999,2019-01-24,2023-06-04,74.4711111111111,2,3,4,3.05,Loyal Customers,3,High Value
6070,48,8,533.76,2019-11-03,2023-11-11,66.72,3,2,3,2.75,Potential Loyalists,1,Mid Value
6071,117,10,528.96,2019-07-13,2023-09-03,52.896,2,3,3,2.6500000000000004,Loyal Customers,3,High Value
6072,21,12,403.65,2019-09-08,2023-12-08,33.637499999999996,5,4,2,3.55,Others,1,Mid Value
6073,194,6,124.17,2019-01-14,2023-06-18,20.695,2,1,1,1.35,Lost,0,Low Value
6074,43,5,557.28,2019-01-15,2023-11-16,111.45599999999999,4,1,4,3.25,Others,1,Mid Value
6075,37,5,286.49,2019-12-12,2023-11-22,57.298,4,1,1,2.05,Potential Loyalists,1,Mid Value
6076,396,6,268.46,2019-12-20,2022-11-28,44.74333333333333,1,1,1,1.0,Lost,0,Low Value
6077,72,9,373.18,2020-02-26,2023-10-18,41.464444444444446,3,3,2,2.5999999999999996,Potential Loyalists,1,Mid Value
6078,240,9,269.58,2019-11-13,2023-05-03,29.953333333333333,2,3,1,1.85,Others,0,Low Value
6079,129,4,181.37,2019-01-24,2023-08-22,45.3425,2,1,1,1.35,Lost,0,Low Value
6080,18,12,971.87,2019-10-22,2023-12-11,80.98916666666666,5,4,5,4.75,Champions,2,Premium
6081,232,12,380.27,2019-11-22,2023-05-11,31.689166666666665,2,4,2,2.5,At Risk,3,High Value
6082,73,13,456.58,2019-04-01,2023-10-17,35.121538461538464,3,5,3,3.5,Loyal Customers,2,Premium
6083,6,14,744.76,2019-11-02,2023-12-23,53.19714285714286,5,5,4,4.6,Champions,2,Premium
6084,404,10,542.44,2019-08-19,2022-11-20,54.24400000000001,1,3,3,2.3000000000000003,Others,3,High Value
6085,48,12,419.89,2019-04-03,2023-11-11,34.990833333333335,3,4,2,2.8499999999999996,At Risk,1,Mid Value
6086,9,13,1022.43,2019-07-21,2023-12-20,78.64846153846153,5,5,5,5.0,Champions,2,Premium
6087,9,8,1133.19,2019-01-18,2023-12-20,141.64875,5,2,5,4.25,Others,2,Premium
6088,41,16,1159.94,2019-01-05,2023-11-18,72.49625,4,5,5,4.65,Champions,2,Premium
6089,109,7,369.46000000000004,2019-07-03,2023-09-11,52.78000000000001,2,1,2,1.75,Lost,0,Low Value
6090,1,13,1208.0,2019-02-16,2023-12-28,92.92307692307692,5,5,5,5.0,Champions,2,Premium
6091,76,10,400.65,2019-10-17,2023-10-14,40.065,3,3,2,2.5999999999999996,Potential Loyalists,1,Mid Value
6092,184,12,415.61,2019-01-21,2023-06-28,34.634166666666665,2,4,2,2.5,At Risk,3,High Value
6093,399,8,477.62,2019-11-12,2022-11-25,59.7025,1,2,3,2.0500000000000003,Others,0,Low Value
6094,322,10,417.57,2019-11-04,2023-02-10,41.757,1,3,2,1.9000000000000001,Others,0,Low Value
6095,41,12,927.73,2019-11-09,2023-11-18,77.31083333333333,4,4,5,4.4,Champions,2,Premium
6096,39,13,551.14,2019-05-10,2023-11-20,42.395384615384614,4,5,3,3.85,Loyal Customers,2,Premium
6097,259,11,559.9300000000001,2019-06-11,2023-04-14,50.902727272727276,1,4,4,2.95,Others,3,High Value
6098,51,6,379.75,2021-12-28,2023-11-08,63.291666666666664,3,1,2,2.0999999999999996,Potential Loyalists,0,Low Value
6099,18,11,431.39,2019-01-26,2023-12-11,39.21727272727273,5,4,3,3.95,Loyal Customers,2,Premium
6100,379,9,343.09000000000003,2019-02-22,2022-12-15,38.12111111111111,1,3,2,1.9000000000000001,Others,0,Low Value
6101,328,7,345.03,2019-12-08,2023-02-04,49.29,1,1,2,1.4,Lost,0,Low Value
6102,15,5,588.25,2020-02-07,2023-12-14,117.65,5,1,4,3.6,Others,1,Mid Value
6103,1,10,569.53,2019-05-27,2023-12-28,56.952999999999996,5,3,4,4.1,Loyal Customers,2,Premium
6104,70,9,421.25,2019-10-12,2023-10-20,46.80555555555556,3,3,2,2.5999999999999996,Potential Loyalists,1,Mid Value
6105,27,9,928.25,2019-03-13,2023-12-02,103.13888888888889,4,3,5,4.15,Loyal Customers,2,Premium
6106,26,7,658.8199999999999,2019-09-17,2023-12-03,94.11714285714285,4,1,4,3.25,Others,1,Mid Value
6107,36,17,1366.95,2019-07-07,2023-11-23,80.40882352941176,4,5,5,4.65,Champions,2,Premium
6108,68,13,1157.23,2019-07-21,2023-10-22,89.01769230769231,3,5,5,4.3,Loyal Customers,2,Premium
6109,491,7,497.65,2019-04-05,2022-08-25,71.09285714285714,1,1,3,1.8000000000000003,Others,0,Low Value
6110,202,13,1278.7,2019-01-10,2023-06-10,98.36153846153846,2,5,5,3.95,Loyal Customers,3,High Value
6111,254,11,572.46,2019-04-21,2023-04-19,52.041818181818186,1,4,4,2.95,Others,3,High Value
6112,408,7,393.21000000000004,2019-07-19,2022-11-16,56.17285714285715,1,1,2,1.4,Lost,0,Low Value
6113,481,6,210.44,2019-05-10,2022-09-04,35.07333333333333,1,1,1,1.0,Lost,0,Low Value
6114,24,11,513.29,2019-02-24,2023-12-05,46.66272727272727,5,4,3,3.95,Loyal Customers,2,Premium
6115,111,12,573.82,2019-02-19,2023-09-09,47.818333333333335,2,4,4,3.3,Loyal Customers,3,High Value
6116,21,13,637.88,2019-11-09,2023-12-08,49.067692307692305,5,5,4,4.6,Champions,2,Premium
6117,16,4,101.87,2021-02-15,2023-12-13,25.4675,5,1,1,2.4,Potential Loyalists,1,Mid Value
6118,21,13,487.40999999999997,2019-02-06,2023-12-08,37.49307692307692,5,5,3,4.2,Loyal Customers,2,Premium
6119,227,12,1402.88,2019-04-17,2023-05-16,116.90666666666668,2,4,5,3.7,Loyal Customers,3,High Value
6120,2,16,1139.99,2019-09-16,2023-12-27,71.249375,5,5,5,5.0,Champions,2,Premium
6121,81,8,206.91,2019-03-22,2023-10-09,25.86375,3,2,1,1.9499999999999997,Potential Loyalists,0,Low Value
6122,4,9,620.71,2019-11-04,2023-12-25,68.96777777777778,5,3,4,4.1,Loyal Customers,2,Premium
6123,349,12,717.6,2019-02-01,2023-01-14,59.800000000000004,1,4,4,2.95,Others,3,High Value
6124,178,14,907.74,2019-01-18,2023-07-04,64.83857142857143,2,5,5,3.95,Loyal Customers,3,High Value
6125,23,10,451.5,2019-02-09,2023-12-06,45.15,5,3,3,3.7,Loyal Customers,1,Mid Value
6126,25,13,649.16,2019-09-02,2023-12-04,49.93538461538461,4,5,4,4.25,Champions,2,Premium
6127,110,9,420.7,2019-08-17,2023-09-10,46.74444444444444,2,3,2,2.25,At Risk,0,Low Value
6128,191,14,551.88,2019-01-04,2023-06-21,39.42,2,5,3,3.1500000000000004,Loyal Customers,3,High Value
6129,39,6,173.27,2019-03-10,2023-11-20,28.878333333333334,4,1,1,2.05,Potential Loyalists,1,Mid Value
6130,20,11,381.7,2019-06-26,2023-12-09,34.699999999999996,5,4,2,3.55,Others,1,Mid Value
6131,25,9,426.18,2019-01-22,2023-12-04,47.35333333333333,4,3,2,2.95,Potential Loyalists,1,Mid Value
6132,191,6,243.69000000000003,2019-09-04,2023-06-21,40.615,2,1,1,1.35,Lost,0,Low Value
6133,35,10,781.29,2019-07-08,2023-11-24,78.12899999999999,4,3,5,4.15,Loyal Customers,2,Premium
6134,4,18,794.1800000000001,2019-09-09,2023-12-25,44.12111111111111,5,5,5,5.0,Champions,2,Premium
6135,208,12,480.19,2019-11-11,2023-06-04,40.01583333333333,2,4,3,2.9000000000000004,Loyal Customers,3,High Value
6136,13,11,911.23,2019-05-28,2023-12-16,82.83909090909091,5,4,5,4.75,Champions,2,Premium
6137,56,13,421.25,2019-08-09,2023-11-03,32.40384615384615,3,5,2,3.0999999999999996,At Risk,2,Premium
6138,604,9,338.21000000000004,2019-05-10,2022-05-04,37.57888888888889,1,3,2,1.9000000000000001,Others,0,Low Value
6139,86,5,274.3,2019-01-22,2023-10-04,54.86,2,1,1,1.35,Lost,0,Low Value
6140,160,6,196.04,2019-11-21,2023-07-22,32.67333333333333,2,1,1,1.35,Lost,0,Low Value
6141,117,11,2082.21,2019-08-01,2023-09-03,189.29181818181817,2,4,5,3.7,Loyal Customers,3,High Value
6142,15,15,1848.49,2019-05-21,2023-12-14,123.23266666666667,5,5,5,5.0,Champions,2,Premium
6143,388,6,235.09,2019-12-04,2022-12-06,39.181666666666665,1,1,1,1.0,Lost,0,Low Value
6144,422,12,407.18,2019-08-27,2022-11-02,33.931666666666665,1,4,2,2.1500000000000004,Others,3,High Value
6145,51,12,440.7,2019-04-13,2023-11-08,36.725,3,4,3,3.25,Loyal Customers,3,High Value
6146,49,15,537.16,2019-07-18,2023-11-10,35.81066666666666,3,5,3,3.5,Loyal Customers,2,Premium
6147,9,12,611.13,2019-09-14,2023-12-20,50.9275,5,4,4,4.35,Champions,2,Premium
6148,44,2,76.99,2019-02-09,2023-11-15,38.495,4,1,1,2.05,Potential Loyalists,1,Mid Value
6149,78,7,468.11,2019-09-16,2023-10-12,66.87285714285714,3,1,3,2.5,Potential Loyalists,1,Mid Value
6150,70,12,640.41,2019-11-03,2023-10-20,53.3675,3,4,4,3.65,Loyal Customers,3,High Value
6151,242,13,502.07,2019-03-15,2023-05-01,38.62076923076923,2,5,3,3.1500000000000004,Loyal Customers,3,High Value
6152,93,11,752.13,2020-03-05,2023-09-27,68.37545454545455,2,4,4,3.3,Loyal Customers,3,High Value
6153,11,11,849.2099999999999,2019-01-17,2023-12-18,77.20090909090908,5,4,5,4.75,Champions,2,Premium
6154,399,12,661.28,2019-01-27,2022-11-25,55.10666666666666,1,4,4,2.95,Others,3,High Value
6155,87,9,670.63,2019-11-09,2023-10-03,74.51444444444445,2,3,4,3.05,Loyal Customers,3,High Value
6156,31,14,787.62,2019-11-20,2023-11-28,56.25857142857143,4,5,5,4.65,Champions,2,Premium
6157,3,11,648.82,2019-02-18,2023-12-26,58.98363636363637,5,4,4,4.35,Champions,2,Premium
6158,47,11,800.5699999999999,2019-04-26,2023-11-12,72.7790909090909,3,4,5,4.05,Loyal Customers,2,Premium
6159,252,8,524.0,2019-12-01,2023-04-21,65.5,1,2,3,2.0500000000000003,Others,0,Low Value
6160,32,13,851.77,2019-01-04,2023-11-27,65.52076923076923,4,5,5,4.65,Champions,2,Premium
6161,13,13,654.1800000000001,2020-03-02,2023-12-16,50.321538461538466,5,5,4,4.6,Champions,2,Premium
6162,20,14,1052.17,2019-11-14,2023-12-09,75.155,5,5,5,5.0,Champions,2,Premium
6163,40,7,293.87,2020-11-17,2023-11-19,41.98142857142857,4,1,1,2.05,Potential Loyalists,1,Mid Value
6164,192,15,523.17,2019-09-10,2023-06-20,34.878,2,5,3,3.1500000000000004,Loyal Customers,3,High Value
6165,23,10,522.95,2019-01-04,2023-12-06,52.295,5,3,3,3.7,Loyal Customers,1,Mid Value
6166,27,6,187.99,2019-05-23,2023-12-02,31.331666666666667,4,1,1,2.05,Potential Loyalists,1,Mid Value
6167,18,10,469.91,2019-07-23,2023-12-11,46.991,5,3,3,3.7,Loyal Customers,1,Mid Value
6168,251,8,332.26,2019-03-06,2023-04-22,41.5325,1,2,2,1.65,Lost,0,Low Value
6169,207,9,414.18,2019-01-06,2023-06-05,46.02,2,3,2,2.25,At Risk,0,Low Value
6170,168,9,781.9,2019-02-17,2023-07-14,86.87777777777778,2,3,5,3.45,Loyal Customers,3,High Value
6171,140,12,587.78,2019-10-25,2023-08-11,48.98166666666666,2,4,4,3.3,Loyal Customers,3,High Value
6172,83,18,1476.68,2019-08-12,2023-10-07,82.03777777777778,3,5,5,4.3,Loyal Customers,2,Premium
6173,184,7,309.54,2020-11-15,2023-06-28,44.220000000000006,2,1,1,1.35,Lost,0,Low Value
6174,373,12,1419.8000000000002,2019-01-06,2022-12-21,118.31666666666668,1,4,5,3.35,Others,3,High Value
6175,104,10,630.76,2019-10-19,2023-09-16,63.076,2,3,4,3.05,Loyal Customers,3,High Value
6176,23,12,565.59,2019-02-03,2023-12-06,47.1325,5,4,4,4.35,Champions,2,Premium
6177,197,15,1152.71,2019-02-23,2023-06-15,76.84733333333334,2,5,5,3.95,Loyal Customers,3,High Value
6178,65,9,337.54,2019-01-03,2023-10-25,37.504444444444445,3,3,2,2.5999999999999996,Potential Loyalists,1,Mid Value
6179,220,13,1225.05,2019-12-10,2023-05-23,94.23461538461538,2,5,5,3.95,Loyal Customers,3,High Value
6180,806,8,869.28,2019-02-25,2021-10-14,108.66,1,2,5,2.85,Others,3,High Value
6181,268,8,420.64,2019-01-10,2023-04-05,52.58,1,2,2,1.65,Lost,0,Low Value
6182,13,10,502.68,2019-03-10,2023-12-16,50.268,5,3,3,3.7,Loyal Customers,1,Mid Value
6183,3,8,265.8,2019-05-05,2023-12-26,33.225,5,2,1,2.65,Potential Loyalists,1,Mid Value
6184,98,15,804.0,2019-04-08,2023-09-22,53.6,2,5,5,3.95,Loyal Customers,3,High Value
6185,146,7,322.96,2019-09-17,2023-08-05,46.137142857142855,2,1,2,1.75,Lost,0,Low Value
6186,50,18,588.53,2019-12-21,2023-11-09,32.69611111111111,3,5,4,3.9,Loyal Customers,2,Premium
6187,35,9,330.17,2019-08-28,2023-11-24,36.68555555555556,4,3,2,2.95,Potential Loyalists,1,Mid Value
6188,15,10,340.97,2020-08-16,2023-12-14,34.097,5,3,2,3.3,Potential Loyalists,1,Mid Value
6189,109,13,613.57,2019-11-03,2023-09-11,47.197692307692314,2,5,4,3.55,Loyal Customers,3,High Value
6190,184,9,675.17,2020-08-25,2023-06-28,75.01888888888888,2,3,4,3.05,Loyal Customers,3,High Value
6191,330,16,548.98,2019-04-22,2023-02-02,34.31125,1,5,3,2.8000000000000003,Others,3,High Value
6192,290,10,401.73,2019-05-03,2023-03-14,40.173,1,3,2,1.9000000000000001,Others,0,Low Value
6193,210,11,394.85,2019-01-23,2023-06-02,35.89545454545455,2,4,2,2.5,At Risk,3,High Value
6194,221,10,574.76,2019-08-17,2023-05-22,57.476,2,3,4,3.05,Loyal Customers,3,High Value
6195,31,11,518.37,2019-05-22,2023-11-28,47.124545454545455,4,4,3,3.6,Loyal Customers,2,Premium
6196,33,9,317.11,2019-11-10,2023-11-26,35.23444444444445,4,3,1,2.55,Potential Loyalists,1,Mid Value
6197,50,6,268.34999999999997,2019-09-24,2023-11-09,44.724999999999994,3,1,1,1.6999999999999997,Potential Loyalists,0,Low Value
6198,83,15,600.15,2019-03-03,2023-10-07,40.01,3,5,4,3.9,Loyal Customers,2,Premium
6199,62,15,857.22,2020-07-18,2023-10-28,57.148,3,5,5,4.3,Loyal Customers,2,Premium
6200,281,6,222.6,2020-03-19,2023-03-23,37.1,1,1,1,1.0,Lost,0,Low Value
6201,7,7,353.72,2019-10-16,2023-12-22,50.53142857142858,5,1,2,2.8,Potential Loyalists,1,Mid Value
6202,40,14,487.94,2019-10-12,2023-11-19,34.85285714285714,4,5,3,3.85,Loyal Customers,2,Premium
6203,408,10,629.4599999999999,2019-05-24,2022-11-16,62.94599999999999,1,3,4,2.7,Others,3,High Value
6204,45,9,386.94,2019-03-16,2023-11-14,42.99333333333333,3,3,2,2.5999999999999996,Potential Loyalists,1,Mid Value
6205,23,21,808.79,2019-11-24,2023-12-06,38.51380952380952,5,5,5,5.0,Champions,2,Premium
6206,106,7,289.83,2019-08-01,2023-09-14,41.40428571428571,2,1,1,1.35,Lost,0,Low Value
6207,209,10,507.53000000000003,2019-01-23,2023-06-03,50.753,2,3,3,2.6500000000000004,Loyal Customers,3,High Value
6208,781,6,348.44,2019-06-10,2021-11-08,58.07333333333333,1,1,2,1.4,Lost,0,Low Value
6209,2,10,513.72,2019-11-02,2023-12-27,51.372,5,3,3,3.7,Loyal Customers,1,Mid Value
6210,69,4,215.62,2019-11-03,2023-10-21,53.905,3,1,1,1.6999999999999997,Potential Loyalists,0,Low Value
6211,5,6,145.06,2019-02-02,2023-12-24,24.176666666666666,5,1,1,2.4,Potential Loyalists,1,Mid Value
6212,205,9,322.74,2019-11-10,2023-06-07,35.86,2,3,2,2.25,At Risk,0,Low Value
6213,50,12,447.99,2019-12-15,2023-11-09,37.3325,3,4,3,3.25,Loyal Customers,3,High Value
6214,5,7,185.67,2020-01-27,2023-12-24,26.524285714285714,5,1,1,2.4,Potential Loyalists,1,Mid Value
6215,39,18,642.59,2019-02-24,2023-11-20,35.699444444444445,4,5,4,4.25,Champions,2,Premium
6216,281,13,462.23,2019-04-22,2023-03-23,35.55615384615385,1,5,3,2.8000000000000003,Others,3,High Value
6217,42,18,939.54,2019-03-25,2023-11-17,52.196666666666665,4,5,5,4.65,Champions,2,Premium
6218,50,10,395.05,2019-04-27,2023-11-09,39.505,3,3,2,2.5999999999999996,Potential Loyalists,1,Mid Value
6219,82,7,395.62,2019-07-10,2023-10-08,56.51714285714286,3,1,2,2.0999999999999996,Potential Loyalists,0,Low Value
6220,32,10,531.85,2019-12-11,2023-11-27,53.185,4,3,3,3.35,Loyal Customers,1,Mid Value
6221,13,6,623.35,2019-11-12,2023-12-16,103.89166666666667,5,1,4,3.6,Others,1,Mid Value
6222,6,11,397.7,2019-02-22,2023-12-23,36.154545454545456,5,4,2,3.55,Others,1,Mid Value
6223,402,9,758.36,2019-05-01,2022-11-22,84.26222222222222,1,3,4,2.7,Others,3,High Value
6224,33,11,666.53,2019-06-26,2023-11-26,60.593636363636364,4,4,4,4.0,Champions,2,Premium
6225,266,10,817.54,2019-07-02,2023-04-07,81.75399999999999,1,3,5,3.1,Others,3,High Value
6226,467,10,567.34,2019-11-03,2022-09-18,56.734,1,3,4,2.7,Others,3,High Value
6227,403,7,751.04,2019-08-04,2022-11-21,107.29142857142857,1,1,4,2.2,Others,0,Low Value
6228,169,9,450.78999999999996,2019-03-14,2023-07-13,50.087777777777774,2,3,3,2.6500000000000004,Loyal Customers,3,High Value
6229,57,11,427.2,2019-07-08,2023-11-02,38.836363636363636,3,4,3,3.25,Loyal Customers,3,High Value
6230,6,10,1247.82,2019-01-24,2023-12-23,124.782,5,3,5,4.5,Loyal Customers,2,Premium
6231,50,15,1100.21,2019-03-24,2023-11-09,73.34733333333334,3,5,5,4.3,Loyal Customers,2,Premium
6232,111,9,289.8,2019-01-21,2023-09-09,32.2,2,3,1,1.85,Others,0,Low Value
6233,437,8,300.14,2019-02-09,2022-10-18,37.5175,1,2,1,1.25,Lost,0,Low Value
6234,75,12,750.09,2019-09-03,2023-10-15,62.5075,3,4,4,3.65,Loyal Customers,3,High Value
6235,55,8,389.74,2020-10-09,2023-11-04,48.7175,3,2,2,2.3499999999999996,Potential Loyalists,1,Mid Value
6236,413,8,633.29,2019-05-23,2022-11-11,79.16125,1,2,4,2.45,Others,3,High Value
6237,297,12,635.83,2019-10-08,2023-03-07,52.98583333333334,1,4,4,2.95,Others,3,High Value
6238,3,10,450.59000000000003,2019-07-24,2023-12-26,45.059000000000005,5,3,3,3.7,Loyal Customers,1,Mid Value
6239,58,7,180.4,2019-05-16,2023-11-01,25.771428571428572,3,1,1,1.6999999999999997,Potential Loyalists,0,Low Value
6240,177,12,555.72,2019-02-15,2023-07-05,46.31,2,4,4,3.3,Loyal Customers,3,High Value
6241,165,7,838.42,2020-10-25,2023-07-17,119.77428571428571,2,1,5,2.95,Others,3,High Value
6242,49,9,680.76,2019-10-18,2023-11-10,75.64,3,3,4,3.4,Loyal Customers,3,High Value
6243,162,8,565.69,2019-05-23,2023-07-20,70.71125,2,2,4,2.8,At Risk,3,High Value
6244,370,7,198.12,2019-05-13,2022-12-24,28.302857142857142,1,1,1,1.0,Lost,0,Low Value
6245,14,10,407.74,2019-11-26,2023-12-15,40.774,5,3,2,3.3,Potential Loyalists,1,Mid Value
6246,34,11,538.12,2019-01-23,2023-11-25,48.92,4,4,3,3.6,Loyal Customers,2,Premium
6247,55,7,251.79,2019-02-15,2023-11-04,35.97,3,1,1,1.6999999999999997,Potential Loyalists,0,Low Value
6248,418,10,353.94,2019-01-23,2022-11-06,35.394,1,3,2,1.9000000000000001,Others,0,Low Value
6249,76,12,861.67,2019-02-15,2023-10-14,71.80583333333333,3,4,5,4.05,Loyal Customers,2,Premium
6250,6,11,451.56,2019-04-12,2023-12-23,41.050909090909094,5,4,3,3.95,Loyal Customers,2,Premium
6251,260,10,399.25,2019-05-02,2023-04-13,39.925,1,3,2,1.9000000000000001,Others,0,Low Value
6252,42,10,518.51,2019-11-03,2023-11-17,51.851,4,3,3,3.35,Loyal Customers,1,Mid Value
6253,13,15,777.29,2019-06-26,2023-12-16,51.81933333333333,5,5,5,5.0,Champions,2,Premium
6254,49,9,383.46999999999997,2019-08-03,2023-11-10,42.60777777777778,3,3,2,2.5999999999999996,Potential Loyalists,1,Mid Value
6255,52,9,580.22,2019-08-22,2023-11-07,64.4688888888889,3,3,4,3.4,Loyal Customers,3,High Value
6256,184,7,232.04,2019-11-07,2023-06-28,33.14857142857143,2,1,1,1.35,Lost,0,Low Value
6257,337,10,504.04,2019-10-28,2023-01-26,50.404,1,3,3,2.3000000000000003,Others,3,High Value
6258,5,11,861.63,2019-09-24,2023-12-24,78.33,5,4,5,4.75,Champions,2,Premium
6259,198,8,439.65999999999997,2019-03-13,2023-06-14,54.957499999999996,2,2,3,2.4000000000000004,At Risk,0,Low Value
6260,22,10,491.75,2019-03-04,2023-12-07,49.175,5,3,3,3.7,Loyal Customers,1,Mid Value
6261,22,12,1386.8600000000001,2019-02-04,2023-12-07,115.57166666666667,5,4,5,4.75,Champions,2,Premium
6262,48,9,563.57,2019-11-23,2023-11-11,62.6188888888889,3,3,4,3.4,Loyal Customers,3,High Value
6263,87,13,622.09,2019-10-03,2023-10-03,47.85307692307693,2,5,4,3.55,Loyal Customers,3,High Value
6264,25,5,559.5699999999999,2019-07-11,2023-12-04,111.91399999999999,4,1,4,3.25,Others,1,Mid Value
6265,47,12,642.59,2019-04-20,2023-11-12,53.54916666666667,3,4,4,3.65,Loyal Customers,3,High Value
6266,119,8,257.24,2019-09-09,2023-09-01,32.155,2,2,1,1.6,Lost,0,Low Value
6267,347,13,489.77,2019-04-06,2023-01-16,37.674615384615386,1,5,3,2.8000000000000003,Others,3,High Value
6268,47,12,786.03,2019-01-01,2023-11-12,65.5025,3,4,5,4.05,Loyal Customers,2,Premium
6269,13,10,489.63,2019-03-01,2023-12-16,48.963,5,3,3,3.7,Loyal Customers,1,Mid Value
6270,307,7,461.07,2020-06-18,2023-02-25,65.86714285714285,1,1,3,1.8000000000000003,Others,0,Low Value
6271,83,12,515.57,2019-01-09,2023-10-07,42.96416666666667,3,4,3,3.25,Loyal Customers,3,High Value
6272,163,8,308.28,2019-05-27,2023-07-19,38.535,2,2,1,1.6,Lost,0,Low Value
6273,7,14,435.32,2019-11-23,2023-12-22,31.094285714285714,5,5,3,4.2,Loyal Customers,2,Premium
6274,63,13,538.18,2019-08-20,2023-10-27,41.39846153846153,3,5,3,3.5,Loyal Customers,2,Premium
6275,94,10,423.02,2019-02-01,2023-09-26,42.302,2,3,2,2.25,At Risk,0,Low Value
6276,24,17,652.81,2019-08-24,2023-12-05,38.400588235294116,5,5,4,4.6,Champions,2,Premium
6277,13,12,382.54,2019-04-25,2023-12-16,31.878333333333334,5,4,2,3.55,Others,1,Mid Value
6278,72,9,599.85,2019-07-23,2023-10-18,66.65,3,3,4,3.4,Loyal Customers,3,High Value
6279,423,8,200.98,2019-02-26,2022-11-01,25.1225,1,2,1,1.25,Lost,0,Low Value
6280,414,8,402.45,2019-12-07,2022-11-10,50.30625,1,2,2,1.65,Lost,0,Low Value
6281,26,15,1526.86,2019-04-22,2023-12-03,101.79066666666667,4,5,5,4.65,Champions,2,Premium
6282,34,11,450.53,2020-08-22,2023-11-25,40.95727272727272,4,4,3,3.6,Loyal Customers,2,Premium
6283,155,7,311.55,2019-09-01,2023-07-27,44.50714285714286,2,1,1,1.35,Lost,0,Low Value
6284,9,8,255.01,2019-11-16,2023-12-20,31.87625,5,2,1,2.65,Potential Loyalists,1,Mid Value
6285,361,11,3332.89,2019-02-28,2023-01-02,302.99,1,4,5,3.35,Others,3,High Value
6286,355,8,548.83,2019-10-20,2023-01-08,68.60375,1,2,3,2.0500000000000003,Others,0,Low Value
6287,21,7,225.88,2021-02-03,2023-12-08,32.26857142857143,5,1,1,2.4,Potential Loyalists,1,Mid Value
6288,18,8,525.52,2019-11-18,2023-12-11,65.69,5,2,3,3.45,Potential Loyalists,1,Mid Value
6289,107,9,1173.94,2019-03-16,2023-09-13,130.4377777777778,2,3,5,3.45,Loyal Customers,3,High Value
6290,40,13,652.02,2019-02-19,2023-11-19,50.15538461538461,4,5,4,4.25,Champions,2,Premium
6291,248,11,396.7,2019-07-20,2023-04-25,36.06363636363636,1,4,2,2.1500000000000004,Others,3,High Value
6292,37,8,243.29,2019-10-16,2023-11-22,30.41125,4,2,1,2.3,Potential Loyalists,1,Mid Value
6293,47,10,394.16,2019-04-05,2023-11-12,39.416000000000004,3,3,2,2.5999999999999996,Potential Loyalists,1,Mid Value
6294,44,8,515.28,2019-02-01,2023-11-15,64.41,4,2,3,3.1,Potential Loyalists,1,Mid Value
6295,58,13,682.7,2020-08-28,2023-11-01,52.51538461538462,3,5,4,3.9,Loyal Customers,2,Premium
6296,31,14,858.98,2019-07-08,2023-11-28,61.355714285714285,4,5,5,4.65,Champions,2,Premium
6297,25,10,703.09,2019-09-07,2023-12-04,70.309,4,3,4,3.75,Loyal Customers,2,Premium
6298,761,7,663.96,2019-12-07,2021-11-28,94.85142857142857,1,1,4,2.2,Others,0,Low Value
6299,354,10,953.38,2019-03-23,2023-01-09,95.338,1,3,5,3.1,Others,3,High Value
6300,38,6,171.1,2019-01-16,2023-11-21,28.516666666666666,4,1,1,2.05,Potential Loyalists,1,Mid Value
6301,5,11,353.71,2019-08-11,2023-12-24,32.155454545454546,5,4,2,3.55,Others,1,Mid Value
6302,79,8,522.08,2019-07-08,2023-10-11,65.26,3,2,3,2.75,Potential Loyalists,1,Mid Value
6303,503,11,384.98,2019-02-07,2022-08-13,34.99818181818182,1,4,2,2.1500000000000004,Others,3,High Value
6304,142,9,310.07,2019-10-02,2023-08-09,34.45222222222222,2,3,1,1.85,Others,0,Low Value
6305,53,10,306.53000000000003,2019-05-25,2023-11-06,30.653000000000002,3,3,1,2.1999999999999997,Potential Loyalists,1,Mid Value
6306,200,6,1089.62,2020-04-22,2023-06-12,181.60333333333332,2,1,5,2.95,Others,3,High Value
6307,42,6,369.02,2019-10-12,2023-11-17,61.50333333333333,4,1,2,2.45,Potential Loyalists,1,Mid Value
6308,2,6,207.37,2019-08-03,2023-12-27,34.56166666666667,5,1,1,2.4,Potential Loyalists,1,Mid Value
6309,18,15,1199.09,2019-08-08,2023-12-11,79.93933333333332,5,5,5,5.0,Champions,2,Premium
6310,39,17,853.57,2019-08-13,2023-11-20,50.21,4,5,5,4.65,Champions,2,Premium
6311,57,6,192.23,2019-03-02,2023-11-02,32.038333333333334,3,1,1,1.6999999999999997,Potential Loyalists,0,Low Value
6312,38,9,783.51,2019-08-05,2023-11-21,87.05666666666667,4,3,5,4.15,Loyal Customers,2,Premium
6313,240,14,653.83,2019-04-01,2023-05-03,46.70214285714286,2,5,4,3.55,Loyal Customers,3,High Value
6314,76,15,1290.39,2019-04-19,2023-10-14,86.02600000000001,3,5,5,4.3,Loyal Customers,2,Premium
6315,110,13,499.81,2019-02-24,2023-09-10,38.44692307692308,2,5,3,3.1500000000000004,Loyal Customers,3,High Value
6316,94,7,375.45,2019-04-23,2023-09-26,53.635714285714286,2,1,2,1.75,Lost,0,Low Value
6317,36,12,521.72,2019-11-19,2023-11-23,43.47666666666667,4,4,3,3.6,Loyal Customers,2,Premium
6318,31,6,131.92,2019-09-04,2023-11-28,21.986666666666665,4,1,1,2.05,Potential Loyalists,1,Mid Value
6319,57,6,606.37,2019-09-05,2023-11-02,101.06166666666667,3,1,4,2.9,Others,1,Mid Value
6320,41,13,966.47,2019-10-25,2023-11-18,74.34384615384616,4,5,5,4.65,Champions,2,Premium
6321,396,15,805.8199999999999,2019-02-10,2022-11-28,53.72133333333333,1,5,5,3.6,Others,3,High Value
6322,87,9,417.45000000000005,2019-12-08,2023-10-03,46.38333333333334,2,3,2,2.25,At Risk,0,Low Value
6323,458,11,446.65999999999997,2019-08-09,2022-09-27,40.60545454545454,1,4,3,2.5500000000000003,Others,3,High Value
6324,21,10,824.22,2019-02-12,2023-12-08,82.422,5,3,5,4.5,Loyal Customers,2,Premium
6325,17,12,494.71000000000004,2020-07-04,2023-12-12,41.225833333333334,5,4,3,3.95,Loyal Customers,2,Premium
6326,193,6,243.01999999999998,2020-03-03,2023-06-19,40.50333333333333,2,1,1,1.35,Lost,0,Low Value
6327,88,8,719.17,2020-01-20,2023-10-02,89.89625,2,2,4,2.8,At Risk,3,High Value
6328,32,11,588.53,2020-07-03,2023-11-27,53.50272727272727,4,4,4,4.0,Champions,2,Premium
6329,76,11,458.06,2019-05-20,2023-10-14,41.64181818181818,3,4,3,3.25,Loyal Customers,3,High Value
6330,112,12,509.62,2019-11-12,2023-09-08,42.468333333333334,2,4,3,2.9000000000000004,Loyal Customers,3,High Value
6331,85,10,289.79,2019-06-16,2023-10-05,28.979000000000003,3,3,1,2.1999999999999997,Potential Loyalists,1,Mid Value
6332,176,6,299.53,2019-05-23,2023-07-06,49.92166666666666,2,1,1,1.35,Lost,0,Low Value
6333,241,6,564.64,2019-05-16,2023-05-02,94.10666666666667,2,1,4,2.55,Others,0,Low Value
6334,147,7,777.99,2019-10-28,2023-08-04,111.14142857142858,2,1,5,2.95,Others,3,High Value
6335,370,11,530.4499999999999,2019-02-20,2022-12-24,48.22272727272727,1,4,3,2.5500000000000003,Others,3,High Value
6336,16,14,891.01,2019-02-04,2023-12-13,63.64357142857143,5,5,5,5.0,Champions,2,Premium
6337,76,10,428.61,2020-06-01,2023-10-14,42.861000000000004,3,3,3,3.0,Loyal Customers,3,High Value
6338,1,16,569.47,2019-05-11,2023-12-28,35.591875,5,5,4,4.6,Champions,2,Premium
6339,46,8,240.75,2019-06-28,2023-11-13,30.09375,3,2,1,1.9499999999999997,Potential Loyalists,0,Low Value
6340,51,11,1656.52,2019-11-04,2023-11-08,150.59272727272727,3,4,5,4.05,Loyal Customers,2,Premium
6341,37,12,568.98,2019-01-16,2023-11-22,47.415,4,4,4,4.0,Champions,2,Premium
6342,82,10,323.67,2019-11-23,2023-10-08,32.367000000000004,3,3,2,2.5999999999999996,Potential Loyalists,1,Mid Value
6343,34,14,912.89,2019-04-14,2023-11-25,65.20642857142857,4,5,5,4.65,Champions,2,Premium
6344,10,13,1055.8,2019-09-17,2023-12-19,81.21538461538461,5,5,5,5.0,Champions,2,Premium
6345,351,16,686.62,2019-05-12,2023-01-12,42.91375,1,5,4,3.2,Others,3,High Value
6346,47,5,267.88,2020-12-21,2023-11-12,53.576,3,1,1,1.6999999999999997,Potential Loyalists,0,Low Value
6347,169,9,540.39,2019-10-24,2023-07-13,60.04333333333333,2,3,3,2.6500000000000004,Loyal Customers,3,High Value
6348,40,12,455.4,2019-03-16,2023-11-19,37.949999999999996,4,4,3,3.6,Loyal Customers,2,Premium
6349,103,10,717.31,2019-08-22,2023-09-17,71.731,2,3,4,3.05,Loyal Customers,3,High Value
6350,36,8,247.29000000000002,2019-01-15,2023-11-23,30.911250000000003,4,2,1,2.3,Potential Loyalists,1,Mid Value
6351,1,16,1136.88,2019-04-13,2023-12-28,71.055,5,5,5,5.0,Champions,2,Premium
6352,420,13,815.81,2019-09-17,2022-11-04,62.75461538461538,1,5,5,3.6,Others,3,High Value
6353,4,11,854.37,2019-07-27,2023-12-25,77.67,5,4,5,4.75,Champions,2,Premium
6354,35,10,529.01,2019-08-08,2023-11-24,52.900999999999996,4,3,3,3.35,Loyal Customers,1,Mid Value
6355,34,4,144.99,2019-03-21,2023-11-25,36.2475,4,1,1,2.05,Potential Loyalists,1,Mid Value
6356,21,11,599.87,2019-04-21,2023-12-08,54.53363636363636,5,4,4,4.35,Champions,2,Premium
6357,53,12,808.62,2019-05-15,2023-11-06,67.385,3,4,5,4.05,Loyal Customers,2,Premium
6358,46,10,414.74,2019-09-24,2023-11-13,41.474000000000004,3,3,2,2.5999999999999996,Potential Loyalists,1,Mid Value
6359,211,9,253.06,2019-05-16,2023-06-01,28.11777777777778,2,3,1,1.85,Others,0,Low Value
6360,192,12,400.09000000000003,2019-01-17,2023-06-20,33.340833333333336,2,4,2,2.5,At Risk,3,High Value
6361,5,14,833.89,2020-06-16,2023-12-24,59.56357142857143,5,5,5,5.0,Champions,2,Premium
6362,419,8,556.86,2020-03-15,2022-11-05,69.6075,1,2,4,2.45,Others,3,High Value
6363,32,10,624.08,2019-10-02,2023-11-27,62.408,4,3,4,3.75,Loyal Customers,2,Premium
6364,133,7,234.44,2019-08-22,2023-08-18,33.49142857142857,2,1,1,1.35,Lost,0,Low Value
6365,28,10,279.01,2019-06-15,2023-12-01,27.901,4,3,1,2.55,Potential Loyalists,1,Mid Value
6366,396,6,506.01,2019-02-24,2022-11-28,84.335,1,1,3,1.8000000000000003,Others,0,Low Value
6367,88,14,571.44,2019-09-01,2023-10-02,40.81714285714286,2,5,4,3.55,Loyal Customers,3,High Value
6368,376,9,329.48,2019-10-02,2022-12-18,36.60888888888889,1,3,2,1.9000000000000001,Others,0,Low Value
6369,482,11,409.45,2019-02-14,2022-09-03,37.22272727272727,1,4,2,2.1500000000000004,Others,3,High Value
6370,127,9,278.65,2020-05-12,2023-08-24,30.96111111111111,2,3,1,1.85,Others,0,Low Value
6371,53,14,783.52,2019-05-21,2023-11-06,55.965714285714284,3,5,5,4.3,Loyal Customers,2,Premium
6372,63,9,730.09,2019-04-03,2023-10-27,81.12111111111112,3,3,4,3.4,Loyal Customers,3,High Value
6373,44,9,527.67,2019-05-12,2023-11-15,58.629999999999995,4,3,3,3.35,Loyal Customers,1,Mid Value
6374,119,13,744.88,2019-09-13,2023-09-01,57.29846153846154,2,5,4,3.55,Loyal Customers,3,High Value
6375,26,15,471.32,2020-01-18,2023-12-03,31.421333333333333,4,5,3,3.85,Loyal Customers,2,Premium
6376,16,10,756.37,2019-07-16,2023-12-13,75.637,5,3,4,4.1,Loyal Customers,2,Premium
6377,13,9,716.97,2019-08-08,2023-12-16,79.66333333333334,5,3,4,4.1,Loyal Customers,2,Premium
6378,4,14,911.37,2019-10-09,2023-12-25,65.09785714285714,5,5,5,5.0,Champions,2,Premium
6379,3,11,781.58,2019-03-19,2023-12-26,71.05272727272728,5,4,5,4.75,Champions,2,Premium
6380,147,11,817.1,2019-02-10,2023-08-04,74.28181818181818,2,4,5,3.7,Loyal Customers,3,High Value
6381,407,9,488.86,2020-05-14,2022-11-17,54.31777777777778,1,3,3,2.3000000000000003,Others,3,High Value
6382,34,12,443.12,2019-10-15,2023-11-25,36.92666666666667,4,4,3,3.6,Loyal Customers,2,Premium
6383,56,8,909.79,2019-03-12,2023-11-03,113.72375,3,2,5,3.55,At Risk,3,High Value
6384,56,17,888.91,2019-06-27,2023-11-03,52.288823529411765,3,5,5,4.3,Loyal Customers,2,Premium
6385,461,7,225.94,2019-02-21,2022-09-24,32.277142857142856,1,1,1,1.0,Lost,0,Low Value
6386,20,9,425.96000000000004,2019-11-27,2023-12-09,47.32888888888889,5,3,2,3.3,Potential Loyalists,1,Mid Value
6387,12,11,461.05,2020-04-08,2023-12-17,41.913636363636364,5,4,3,3.95,Loyal Customers,2,Premium
6388,6,14,994.86,2019-06-03,2023-12-23,71.06142857142858,5,5,5,5.0,Champions,2,Premium
6389,26,8,250.38000000000002,2019-11-12,2023-12-03,31.297500000000003,4,2,1,2.3,Potential Loyalists,1,Mid Value
6390,19,9,335.48,2019-05-03,2023-12-10,37.275555555555556,5,3,2,3.3,Potential Loyalists,1,Mid Value
6391,391,5,283.36,2020-03-18,2022-12-03,56.672000000000004,1,1,1,1.0,Lost,0,Low Value
6392,36,11,983.02,2019-11-11,2023-11-23,89.36545454545454,4,4,5,4.4,Champions,2,Premium
6393,39,13,640.52,2019-12-22,2023-11-20,49.27076923076923,4,5,4,4.25,Champions,2,Premium
6394,54,9,458.71000000000004,2019-06-02,2023-11-05,50.96777777777778,3,3,3,3.0,Loyal Customers,3,High Value
6395,231,5,112.49,2019-12-03,2023-05-12,22.497999999999998,2,1,1,1.35,Lost,0,Low Value
6396,329,13,1184.73,2019-12-07,2023-02-03,91.13307692307693,1,5,5,3.6,Others,3,High Value
6397,27,14,726.59,2019-10-24,2023-12-02,51.89928571428572,4,5,4,4.25,Champions,2,Premium
6398,181,13,768.18,2019-04-07,2023-07-01,59.090769230769226,2,5,5,3.95,Loyal Customers,3,High Value
6399,206,6,362.08,2020-08-08,2023-06-06,60.346666666666664,2,1,2,1.75,Lost,0,Low Value
6400,9,9,515.94,2019-12-18,2023-12-20,57.326666666666675,5,3,3,3.7,Loyal Customers,1,Mid Value
6401,64,13,451.24,2019-09-11,2023-10-26,34.71076923076923,3,5,3,3.5,Loyal Customers,2,Premium
6402,67,10,363.15,2019-11-24,2023-10-23,36.315,3,3,2,2.5999999999999996,Potential Loyalists,1,Mid Value
6403,6,6,356.81,2019-10-11,2023-12-23,59.468333333333334,5,1,2,2.8,Potential Loyalists,1,Mid Value
6404,17,12,2379.23,2019-02-02,2023-12-12,198.26916666666668,5,4,5,4.75,Champions,2,Premium
6405,17,6,193.68,2019-07-28,2023-12-12,32.28,5,1,1,2.4,Potential Loyalists,1,Mid Value
6406,33,11,480.02,2020-03-03,2023-11-26,43.63818181818181,4,4,3,3.6,Loyal Customers,2,Premium
6407,96,7,359.37,2019-03-19,2023-09-24,51.33857142857143,2,1,2,1.75,Lost,0,Low Value
6408,1,7,459.91,2019-06-08,2023-12-28,65.70142857142858,5,1,3,3.2,Potential Loyalists,1,Mid Value
6409,174,7,204.16,2019-04-26,2023-07-08,29.165714285714284,2,1,1,1.35,Lost,0,Low Value
6410,93,6,356.43,2019-09-23,2023-09-27,59.405,2,1,2,1.75,Lost,0,Low Value
6411,3,11,1105.21,2020-11-15,2023-12-26,100.47363636363637,5,4,5,4.75,Champions,2,Premium
6412,98,19,1011.25,2019-11-12,2023-09-22,53.223684210526315,2,5,5,3.95,Loyal Customers,3,High Value
6413,48,4,260.26,2020-11-06,2023-11-11,65.065,3,1,1,1.6999999999999997,Potential Loyalists,0,Low Value
6414,13,6,367.41,2022-02-19,2023-12-16,61.23500000000001,5,1,2,2.8,Potential Loyalists,1,Mid Value
6415,37,10,358.02,2019-11-04,2023-11-22,35.802,4,3,2,2.95,Potential Loyalists,1,Mid Value
6416,36,12,696.51,2019-10-05,2023-11-23,58.0425,4,4,4,4.0,Champions,2,Premium
6417,63,12,422.27,2019-03-11,2023-10-27,35.189166666666665,3,4,2,2.8499999999999996,At Risk,1,Mid Value
6418,80,6,400.04999999999995,2020-04-09,2023-10-10,66.675,3,1,2,2.0999999999999996,Potential Loyalists,0,Low Value
6419,47,15,617.76,2019-02-28,2023-11-12,41.184,3,5,4,3.9,Loyal Customers,2,Premium
6420,720,11,1049.6200000000001,2019-05-14,2022-01-08,95.42000000000002,1,4,5,3.35,Others,3,High Value
6421,159,10,611.4200000000001,2019-05-14,2023-07-23,61.14200000000001,2,3,4,3.05,Loyal Customers,3,High Value
6422,88,4,335.32,2020-04-18,2023-10-02,83.83,2,1,2,1.75,Lost,0,Low Value
6423,43,21,800.1800000000001,2019-12-04,2023-11-16,38.103809523809524,4,5,5,4.65,Champions,2,Premium
6424,9,9,260.83,2019-03-07,2023-12-20,28.981111111111108,5,3,1,2.9,Potential Loyalists,1,Mid Value
6425,407,8,410.83000000000004,2019-04-10,2022-11-17,51.353750000000005,1,2,2,1.65,Lost,0,Low Value
6426,222,16,585.81,2019-03-17,2023-05-21,36.613125,2,5,4,3.55,Loyal Customers,3,High Value
6427,191,8,282.18,2019-07-26,2023-06-21,35.2725,2,2,1,1.6,Lost,0,Low Value
6428,2,10,610.3199999999999,2019-04-20,2023-12-27,61.032,5,3,4,4.1,Loyal Customers,2,Premium
6429,2,21,1317.14,2019-03-13,2023-12-27,62.72095238095238,5,5,5,5.0,Champions,2,Premium
6430,1138,2,104.23,2020-11-04,2020-11-16,52.115,1,1,1,1.0,Lost,0,Low Value
6431,5,19,731.03,2019-02-15,2023-12-24,38.47526315789474,5,5,4,4.6,Champions,2,Premium
6432,514,8,317.68,2019-02-07,2022-08-02,39.71,1,2,2,1.65,Lost,0,Low Value
6433,473,6,235.48999999999998,2019-11-12,2022-09-12,39.24833333333333,1,1,1,1.0,Lost,0,Low Value
6434,75,8,543.79,2019-11-24,2023-10-15,67.97375,3,2,3,2.75,Potential Loyalists,1,Mid Value
6435,149,11,534.49,2021-04-10,2023-08-02,48.59,2,4,3,2.9000000000000004,Loyal Customers,3,High Value
6436,35,11,440.75,2019-02-14,2023-11-24,40.06818181818182,4,4,3,3.6,Loyal Customers,2,Premium
6437,27,7,280.71000000000004,2019-11-20,2023-12-02,40.10142857142858,4,1,1,2.05,Potential Loyalists,1,Mid Value
6438,380,13,708.23,2019-01-10,2022-12-14,54.47923076923077,1,5,4,3.2,Others,3,High Value
6439,140,12,798.12,2019-05-02,2023-08-11,66.51,2,4,5,3.7,Loyal Customers,3,High Value
6440,506,9,657.83,2019-05-02,2022-08-10,73.09222222222223,1,3,4,2.7,Others,3,High Value
6441,442,7,456.52,2019-09-26,2022-10-13,65.21714285714286,1,1,3,1.8000000000000003,Others,0,Low Value
6442,412,4,594.98,2020-08-10,2022-11-12,148.745,1,1,4,2.2,Others,0,Low Value
6443,388,11,644.06,2019-10-08,2022-12-06,58.55090909090909,1,4,4,2.95,Others,3,High Value
6444,27,13,1207.26,2019-05-20,2023-12-02,92.86615384615385,4,5,5,4.65,Champions,2,Premium
6445,76,16,1951.04,2019-10-18,2023-10-14,121.94,3,5,5,4.3,Loyal Customers,2,Premium
6446,226,6,393.66999999999996,2019-12-09,2023-05-17,65.61166666666666,2,1,2,1.75,Lost,0,Low Value
6447,14,6,442.21,2019-08-14,2023-12-15,73.70166666666667,5,1,3,3.2,Potential Loyalists,1,Mid Value
6448,32,11,428.46000000000004,2019-02-14,2023-11-27,38.95090909090909,4,4,3,3.6,Loyal Customers,2,Premium
6449,6,13,454.83,2019-02-05,2023-12-23,34.98692307692308,5,5,3,4.2,Loyal Customers,2,Premium
6450,227,6,212.01999999999998,2019-11-02,2023-05-16,35.336666666666666,2,1,1,1.35,Lost,0,Low Value
6451,36,8,797.9300000000001,2019-11-13,2023-11-23,99.74125000000001,4,2,5,3.9,Others,2,Premium
6452,162,10,376.77,2019-06-24,2023-07-20,37.677,2,3,2,2.25,At Risk,0,Low Value
6453,140,16,994.14,2019-01-06,2023-08-11,62.13375,2,5,5,3.95,Loyal Customers,3,High Value
6454,80,7,269.89,2019-10-01,2023-10-10,38.55571428571428,3,1,1,1.6999999999999997,Potential Loyalists,0,Low Value
6455,76,8,255.48,2019-07-02,2023-10-14,31.935,3,2,1,1.9499999999999997,Potential Loyalists,0,Low Value
6456,101,10,939.95,2019-04-19,2023-09-19,93.995,2,3,5,3.45,Loyal Customers,3,High Value
6457,26,12,622.27,2019-06-13,2023-12-03,51.85583333333333,4,4,4,4.0,Champions,2,Premium
6458,40,8,230.16,2019-07-07,2023-11-19,28.77,4,2,1,2.3,Potential Loyalists,1,Mid Value
6459,3,11,537.84,2019-04-01,2023-12-26,48.89454545454546,5,4,3,3.95,Loyal Customers,2,Premium
6460,52,5,326.24,2021-01-26,2023-11-07,65.248,3,1,2,2.0999999999999996,Potential Loyalists,0,Low Value
6461,14,7,357.19,2020-05-26,2023-12-15,51.027142857142856,5,1,2,2.8,Potential Loyalists,1,Mid Value
6462,85,6,155.9,2019-11-17,2023-10-05,25.983333333333334,3,1,1,1.6999999999999997,Potential Loyalists,0,Low Value
6463,40,10,411.86,2019-02-12,2023-11-19,41.186,4,3,2,2.95,Potential Loyalists,1,Mid Value
6464,6,11,2222.7,2019-05-27,2023-12-23,202.06363636363633,5,4,5,4.75,Champions,2,Premium
6465,321,9,421.95,2019-06-04,2023-02-11,46.88333333333333,1,3,2,1.9000000000000001,Others,0,Low Value
6466,453,7,580.33,2020-03-12,2022-10-02,82.90428571428572,1,1,4,2.2,Others,0,Low Value
6467,463,9,518.78,2019-07-06,2022-09-22,57.642222222222216,1,3,3,2.3000000000000003,Others,3,High Value
6468,85,13,571.35,2019-06-03,2023-10-05,43.95,3,5,4,3.9,Loyal Customers,2,Premium
6469,94,10,440.08,2019-03-04,2023-09-26,44.007999999999996,2,3,3,2.6500000000000004,Loyal Customers,3,High Value
6470,14,8,230.74,2019-01-02,2023-12-15,28.8425,5,2,1,2.65,Potential Loyalists,1,Mid Value
6471,100,8,240.7,2019-09-06,2023-09-20,30.0875,2,2,1,1.6,Lost,0,Low Value
6472,375,11,409.03,2019-08-02,2022-12-19,37.18454545454545,1,4,2,2.1500000000000004,Others,3,High Value
6473,45,11,512.76,2021-08-26,2023-11-14,46.61454545454546,3,4,3,3.25,Loyal Customers,3,High Value
6474,1,12,323.54,2019-10-09,2023-12-28,26.96166666666667,5,4,2,3.55,Others,1,Mid Value
6475,411,11,761.71,2019-07-06,2022-11-13,69.24636363636364,1,4,4,2.95,Others,3,High Value
6476,612,11,474.78,2019-05-01,2022-04-26,43.16181818181818,1,4,3,2.5500000000000003,Others,3,High Value
6477,49,8,249.45,2021-11-24,2023-11-10,31.18125,3,2,1,1.9499999999999997,Potential Loyalists,0,Low Value
6478,79,10,342.94,2019-11-08,2023-10-11,34.294,3,3,2,2.5999999999999996,Potential Loyalists,1,Mid Value
6479,54,16,1209.81,2019-01-09,2023-11-05,75.613125,3,5,5,4.3,Loyal Customers,2,Premium
6480,580,6,213.26,2020-11-18,2022-05-28,35.54333333333333,1,1,1,1.0,Lost,0,Low Value
6481,57,6,174.12,2020-12-26,2023-11-02,29.02,3,1,1,1.6999999999999997,Potential Loyalists,0,Low Value
6482,137,12,606.94,2020-06-27,2023-08-14,50.57833333333334,2,4,4,3.3,Loyal Customers,3,High Value
6483,24,13,853.01,2019-09-19,2023-12-05,65.61615384615385,5,5,5,5.0,Champions,2,Premium
6484,199,10,447.93,2019-10-16,2023-06-13,44.793,2,3,3,2.6500000000000004,Loyal Customers,3,High Value
6485,27,14,368.39,2019-10-19,2023-12-02,26.31357142857143,4,5,2,3.45,Others,2,Premium
6486,7,15,1244.92,2019-08-16,2023-12-22,82.99466666666667,5,5,5,5.0,Champions,2,Premium
6487,94,6,260.90999999999997,2019-12-13,2023-09-26,43.48499999999999,2,1,1,1.35,Lost,0,Low Value
6488,57,6,317.6,2020-03-02,2023-11-02,52.93333333333334,3,1,1,1.6999999999999997,Potential Loyalists,0,Low Value
6489,70,7,195.70999999999998,2021-12-13,2023-10-20,27.958571428571425,3,1,1,1.6999999999999997,Potential Loyalists,0,Low Value
6490,4,10,292.09,2019-05-23,2023-12-25,29.208999999999996,5,3,1,2.9,Potential Loyalists,1,Mid Value
6491,9,14,803.1800000000001,2019-02-03,2023-12-20,57.370000000000005,5,5,5,5.0,Champions,2,Premium
6492,315,16,671.86,2019-12-07,2023-02-17,41.99125,1,5,4,3.2,Others,3,High Value
6493,12,16,596.67,2019-11-23,2023-12-17,37.291875,5,5,4,4.6,Champions,2,Premium
6494,108,15,1019.68,2019-06-24,2023-09-12,67.97866666666667,2,5,5,3.95,Loyal Customers,3,High Value
6495,171,15,845.43,2019-02-14,2023-07-11,56.361999999999995,2,5,5,3.95,Loyal Customers,3,High Value
6496,407,8,519.1,2019-10-24,2022-11-17,64.8875,1,2,3,2.0500000000000003,Others,0,Low Value
6497,34,12,638.37,2019-10-12,2023-11-25,53.1975,4,4,4,4.0,Champions,2,Premium
6498,7,14,622.86,2019-07-12,2023-12-22,44.49,5,5,4,4.6,Champions,2,Premium
6499,371,11,1032.0300000000002,2019-07-20,2022-12-23,93.82090909090911,1,4,5,3.35,Others,3,High Value
6500,777,2,181.85000000000002,2020-12-23,2021-11-12,90.92500000000001,1,1,1,1.0,Lost,0,Low Value
6501,160,11,1122.01,2019-06-06,2023-07-22,102.00090909090909,2,4,5,3.7,Loyal Customers,3,High Value
6502,51,11,604.68,2019-05-05,2023-11-08,54.97090909090909,3,4,4,3.65,Loyal Customers,3,High Value
6503,44,11,414.46999999999997,2019-10-20,2023-11-15,37.67909090909091,4,4,2,3.2,Others,1,Mid Value
6504,48,12,573.34,2019-02-18,2023-11-11,47.778333333333336,3,4,4,3.65,Loyal Customers,3,High Value
6505,31,11,496.37,2020-01-24,2023-11-28,45.124545454545455,4,4,3,3.6,Loyal Customers,2,Premium
6506,376,6,279.37,2020-03-17,2022-12-18,46.56166666666667,1,1,1,1.0,Lost,0,Low Value
6507,35,11,410.37,2019-01-21,2023-11-24,37.306363636363635,4,4,2,3.2,Others,1,Mid Value
6508,52,10,530.27,2019-01-16,2023-11-07,53.027,3,3,3,3.0,Loyal Customers,3,High Value
6509,376,10,320.86,2020-10-03,2022-12-18,32.086,1,3,2,1.9000000000000001,Others,0,Low Value
6510,50,13,771.67,2019-04-01,2023-11-09,59.35923076923076,3,5,5,4.3,Loyal Customers,2,Premium
6511,247,5,172.58,2019-11-21,2023-04-26,34.516000000000005,1,1,1,1.0,Lost,0,Low Value
6512,40,13,600.48,2019-11-07,2023-11-19,46.190769230769234,4,5,4,4.25,Champions,2,Premium
6513,12,12,751.06,2019-11-11,2023-12-17,62.58833333333333,5,4,4,4.35,Champions,2,Premium
6514,72,6,135.77,2019-10-11,2023-10-18,22.628333333333334,3,1,1,1.6999999999999997,Potential Loyalists,0,Low Value
6515,93,9,272.82,2019-11-08,2023-09-27,30.313333333333333,2,3,1,1.85,Others,0,Low Value
6516,43,9,299.01,2019-08-15,2023-11-16,33.22333333333333,4,3,1,2.55,Potential Loyalists,1,Mid Value
6517,50,12,1071.71,2019-03-18,2023-11-09,89.30916666666667,3,4,5,4.05,Loyal Customers,2,Premium
6518,167,8,248.35,2019-12-27,2023-07-15,31.04375,2,2,1,1.6,Lost,0,Low Value
6519,106,7,323.03000000000003,2020-02-06,2023-09-14,46.14714285714286,2,1,2,1.75,Lost,0,Low Value
6520,31,11,550.47,2019-12-22,2023-11-28,50.04272727272728,4,4,3,3.6,Loyal Customers,2,Premium
6521,440,7,227.31,2019-03-28,2022-10-15,32.472857142857144,1,1,1,1.0,Lost,0,Low Value
6522,242,6,210.04,2019-07-02,2023-05-01,35.00666666666667,2,1,1,1.35,Lost,0,Low Value
6523,398,13,1704.63,2019-02-03,2022-11-26,131.12538461538463,1,5,5,3.6,Others,3,High Value
6524,229,6,250.72,2019-10-22,2023-05-14,41.78666666666667,2,1,1,1.35,Lost,0,Low Value
6525,17,5,494.84000000000003,2019-04-18,2023-12-12,98.968,5,1,3,3.2,Potential Loyalists,1,Mid Value
6526,366,10,523.62,2019-09-23,2022-12-28,52.362,1,3,3,2.3000000000000003,Others,3,High Value
6527,77,10,722.22,2020-03-09,2023-10-13,72.22200000000001,3,3,4,3.4,Loyal Customers,3,High Value
6528,174,11,1724.91,2020-10-26,2023-07-08,156.81,2,4,5,3.7,Loyal Customers,3,High Value
6529,43,5,221.13,2019-12-22,2023-11-16,44.226,4,1,1,2.05,Potential Loyalists,1,Mid Value
6530,367,9,554.98,2019-11-17,2022-12-27,61.66444444444445,1,3,3,2.3000000000000003,Others,3,High Value
6531,96,9,601.39,2020-03-06,2023-09-24,66.82111111111111,2,3,4,3.05,Loyal Customers,3,High Value
6532,70,10,462.43,2019-10-18,2023-10-20,46.243,3,3,3,3.0,Loyal Customers,3,High Value
6533,53,4,126.28,2021-03-23,2023-11-06,31.57,3,1,1,1.6999999999999997,Potential Loyalists,0,Low Value
6534,51,3,261.51,2019-04-09,2023-11-08,87.17,3,1,1,1.6999999999999997,Potential Loyalists,0,Low Value
6535,49,10,435.15,2019-07-22,2023-11-10,43.515,3,3,3,3.0,Loyal Customers,3,High Value
6536,412,11,771.62,2019-07-27,2022-11-12,70.14727272727272,1,4,5,3.35,Others,3,High Value
6537,36,12,844.03,2019-01-20,2023-11-23,70.33583333333333,4,4,5,4.4,Champions,2,Premium
6538,406,7,419.4,2019-09-10,2022-11-18,59.91428571428571,1,1,2,1.4,Lost,0,Low Value
6539,72,9,432.26,2019-02-17,2023-10-18,48.028888888888886,3,3,3,3.0,Loyal Customers,3,High Value
6540,40,12,406.35,2019-08-05,2023-11-19,33.862500000000004,4,4,2,3.2,Others,1,Mid Value
6541,58,11,428.68,2019-06-04,2023-11-01,38.97090909090909,3,4,3,3.25,Loyal Customers,3,High Value
6542,43,13,841.63,2019-09-14,2023-11-16,64.74076923076923,4,5,5,4.65,Champions,2,Premium
6543,542,9,560.25,2019-02-14,2022-07-05,62.25,1,3,4,2.7,Others,3,High Value
6544,373,11,398.43,2019-11-19,2022-12-21,36.22090909090909,1,4,2,2.1500000000000004,Others,3,High Value
6545,82,16,1141.5,2019-01-15,2023-10-08,71.34375,3,5,5,4.3,Loyal Customers,2,Premium
6546,438,9,368.61,2019-02-23,2022-10-17,40.95666666666667,1,3,2,1.9000000000000001,Others,0,Low Value
6547,238,13,691.34,2019-09-03,2023-05-05,53.18,2,5,4,3.55,Loyal Customers,3,High Value
6548,241,5,147.18,2020-03-19,2023-05-02,29.436,2,1,1,1.35,Lost,0,Low Value
6549,80,19,862.97,2019-06-07,2023-10-10,45.41947368421053,3,5,5,4.3,Loyal Customers,2,Premium
6550,607,4,134.7,2020-10-22,2022-05-01,33.675,1,1,1,1.0,Lost,0,Low Value
6551,57,11,1154.05,2019-02-17,2023-11-02,104.91363636363636,3,4,5,4.05,Loyal Customers,2,Premium
6552,40,9,413.53999999999996,2019-01-09,2023-11-19,45.94888888888889,4,3,2,2.95,Potential Loyalists,1,Mid Value
6553,24,5,143.1,2020-05-27,2023-12-05,28.619999999999997,5,1,1,2.4,Potential Loyalists,1,Mid Value
6554,65,18,2041.69,2019-06-06,2023-10-25,113.42722222222223,3,5,5,4.3,Loyal Customers,2,Premium
6555,382,8,792.32,2019-12-26,2022-12-12,99.04,1,2,5,2.85,Others,3,High Value
6556,80,12,898.61,2019-11-28,2023-10-10,74.88416666666667,3,4,5,4.05,Loyal Customers,2,Premium
6557,96,14,602.76,2019-01-26,2023-09-24,43.05428571428571,2,5,4,3.55,Loyal Customers,3,High Value
6558,70,11,417.97,2019-06-01,2023-10-20,37.99727272727273,3,4,2,2.8499999999999996,At Risk,1,Mid Value
6559,46,13,464.47,2019-11-05,2023-11-13,35.72846153846154,3,5,3,3.5,Loyal Customers,2,Premium
6560,34,9,411.46000000000004,2019-09-26,2023-11-25,45.71777777777778,4,3,2,2.95,Potential Loyalists,1,Mid Value
6561,16,9,308.69,2019-01-26,2023-12-13,34.29888888888889,5,3,1,2.9,Potential Loyalists,1,Mid Value
6562,12,17,950.82,2019-12-24,2023-12-17,55.930588235294124,5,5,5,5.0,Champions,2,Premium
6563,31,13,529.02,2019-04-22,2023-11-28,40.69384615384615,4,5,3,3.85,Loyal Customers,2,Premium
6564,117,17,1191.19,2019-05-08,2023-09-03,70.07000000000001,2,5,5,3.95,Loyal Customers,3,High Value
6565,85,9,441.9,2019-11-01,2023-10-05,49.099999999999994,3,3,3,3.0,Loyal Customers,3,High Value
6566,251,7,313.7,2019-04-24,2023-04-22,44.81428571428571,1,1,1,1.0,Lost,0,Low Value
6567,339,11,1881.0900000000001,2019-08-27,2023-01-24,171.00818181818184,1,4,5,3.35,Others,3,High Value
6568,400,8,335.5,2019-08-08,2022-11-24,41.9375,1,2,2,1.65,Lost,0,Low Value
6569,368,10,307.95,2019-01-11,2022-12-26,30.794999999999998,1,3,1,1.5,Others,0,Low Value
6570,809,4,138.63,2019-08-20,2021-10-11,34.6575,1,1,1,1.0,Lost,0,Low Value
6571,19,10,552.53,2020-09-25,2023-12-10,55.253,5,3,3,3.7,Loyal Customers,1,Mid Value
6572,397,7,256.37,2019-03-13,2022-11-27,36.62428571428571,1,1,1,1.0,Lost,0,Low Value
6573,402,10,745.32,2019-04-21,2022-11-22,74.53200000000001,1,3,4,2.7,Others,3,High Value
6574,94,10,422.28,2019-04-22,2023-09-26,42.227999999999994,2,3,2,2.25,At Risk,0,Low Value
6575,26,13,404.32,2019-06-06,2023-12-03,31.10153846153846,4,5,2,3.45,Others,2,Premium
6576,22,8,312.65,2020-02-04,2023-12-07,39.08125,5,2,1,2.65,Potential Loyalists,1,Mid Value
6577,804,8,482.09000000000003,2019-02-17,2021-10-16,60.261250000000004,1,2,3,2.0500000000000003,Others,0,Low Value
6578,7,5,227.05,2019-10-16,2023-12-22,45.410000000000004,5,1,1,2.4,Potential Loyalists,1,Mid Value
6579,137,8,391.84,2019-09-24,2023-08-14,48.98,2,2,2,2.0,At Risk,0,Low Value
6580,239,4,83.8,2019-12-15,2023-05-04,20.95,2,1,1,1.35,Lost,0,Low Value
6581,54,10,262.1,2019-02-25,2023-11-05,26.21,3,3,1,2.1999999999999997,Potential Loyalists,1,Mid Value
6582,775,7,490.3,2019-03-28,2021-11-14,70.04285714285714,1,1,3,1.8000000000000003,Others,0,Low Value
6583,54,10,418.94,2019-04-06,2023-11-05,41.894,3,3,2,2.5999999999999996,Potential Loyalists,1,Mid Value
6584,429,5,147.36,2019-07-27,2022-10-26,29.472,1,1,1,1.0,Lost,0,Low Value
6585,136,10,378.55,2019-07-16,2023-08-15,37.855000000000004,2,3,2,2.25,At Risk,0,Low Value
6586,33,14,789.55,2019-07-27,2023-11-26,56.396428571428565,4,5,5,4.65,Champions,2,Premium
6587,96,12,633.86,2019-03-14,2023-09-24,52.821666666666665,2,4,4,3.3,Loyal Customers,3,High Value
6588,41,13,475.93,2019-09-22,2023-11-18,36.61,4,5,3,3.85,Loyal Customers,2,Premium
6589,10,9,542.51,2019-11-21,2023-12-19,60.278888888888886,5,3,3,3.7,Loyal Customers,1,Mid Value
6590,24,16,1423.23,2019-02-27,2023-12-05,88.951875,5,5,5,5.0,Champions,2,Premium
6591,57,6,158.13,2019-03-06,2023-11-02,26.355,3,1,1,1.6999999999999997,Potential Loyalists,0,Low Value
6592,31,8,277.62,2020-02-20,2023-11-28,34.7025,4,2,1,2.3,Potential Loyalists,1,Mid Value
6593,26,8,408.86,2019-11-16,2023-12-03,51.1075,4,2,2,2.7,Potential Loyalists,1,Mid Value
6594,27,10,520.17,2019-07-05,2023-12-02,52.016999999999996,4,3,3,3.35,Loyal Customers,1,Mid Value
6595,440,7,227.58,2019-03-15,2022-10-15,32.511428571428574,1,1,1,1.0,Lost,0,Low Value
6596,27,16,1021.12,2019-11-06,2023-12-02,63.82,4,5,5,4.65,Champions,2,Premium
6597,37,13,484.49,2019-09-17,2023-11-22,37.26846153846154,4,5,3,3.85,Loyal Customers,2,Premium
6598,34,10,680.01,2019-01-26,2023-11-25,68.001,4,3,4,3.75,Loyal Customers,2,Premium
6599,302,10,344.84000000000003,2019-05-09,2023-03-02,34.484,1,3,2,1.9000000000000001,Others,0,Low Value
6600,371,8,312.14,2019-07-25,2022-12-23,39.0175,1,2,1,1.25,Lost,0,Low Value
6601,19,10,491.74,2019-06-15,2023-12-10,49.174,5,3,3,3.7,Loyal Customers,1,Mid Value
6602,245,2,73.72999999999999,2021-10-22,2023-04-28,36.864999999999995,2,1,1,1.35,Lost,0,Low Value
6603,15,8,366.65999999999997,2019-09-28,2023-12-14,45.832499999999996,5,2,2,3.05,Potential Loyalists,1,Mid Value
6604,369,10,559.6500000000001,2019-07-21,2022-12-25,55.96500000000001,1,3,4,2.7,Others,3,High Value
6605,53,7,1603.76,2019-03-26,2023-11-06,229.10857142857142,3,1,5,3.3,Others,3,High Value
6606,256,12,678.9,2019-06-03,2023-04-17,56.574999999999996,1,4,4,2.95,Others,3,High Value
6607,140,9,366.83,2019-11-16,2023-08-11,40.75888888888889,2,3,2,2.25,At Risk,0,Low Value
6608,39,16,953.95,2019-10-22,2023-11-20,59.621875,4,5,5,4.65,Champions,2,Premium
6609,39,12,310.45,2019-07-14,2023-11-20,25.870833333333334,4,4,1,2.8,Others,1,Mid Value
6610,13,11,367.54999999999995,2019-04-26,2023-12-16,33.41363636363636,5,4,2,3.55,Others,1,Mid Value
6611,39,10,625.4399999999999,2019-06-14,2023-11-20,62.544,4,3,4,3.75,Loyal Customers,2,Premium
6612,252,13,516.99,2019-02-17,2023-04-21,39.76846153846154,1,5,3,2.8000000000000003,Others,3,High Value
6613,34,9,349.14,2020-08-03,2023-11-25,38.79333333333333,4,3,2,2.95,Potential Loyalists,1,Mid Value
6614,351,7,340.18,2020-10-23,2023-01-12,48.597142857142856,1,1,2,1.4,Lost,0,Low Value
6615,40,7,694.92,2020-11-03,2023-11-19,99.27428571428571,4,1,4,3.25,Others,1,Mid Value
6616,45,15,1056.77,2019-11-01,2023-11-14,70.45133333333334,3,5,5,4.3,Loyal Customers,2,Premium
6617,72,12,1475.93,2019-01-27,2023-10-18,122.99416666666667,3,4,5,4.05,Loyal Customers,2,Premium
6618,217,10,491.78,2019-07-17,2023-05-26,49.178,2,3,3,2.6500000000000004,Loyal Customers,3,High Value
6619,48,12,846.1,2020-09-25,2023-11-11,70.50833333333334,3,4,5,4.05,Loyal Customers,2,Premium
6620,53,9,369.94,2019-05-03,2023-11-06,41.10444444444445,3,3,2,2.5999999999999996,Potential Loyalists,1,Mid Value
6621,52,9,438.0,2020-10-16,2023-11-07,48.666666666666664,3,3,3,3.0,Loyal Customers,3,High Value
6622,77,11,481.07000000000005,2019-10-28,2023-10-13,43.73363636363637,3,4,3,3.25,Loyal Customers,3,High Value
6623,33,15,587.48,2019-07-14,2023-11-26,39.165333333333336,4,5,4,4.25,Champions,2,Premium
6624,52,10,436.76,2019-05-11,2023-11-07,43.676,3,3,3,3.0,Loyal Customers,3,High Value
6625,45,17,869.79,2019-03-11,2023-11-14,51.16411764705882,3,5,5,4.3,Loyal Customers,2,Premium
6626,407,15,561.54,2019-04-13,2022-11-17,37.436,1,5,4,3.2,Others,3,High Value
6627,23,12,557.95,2019-02-16,2023-12-06,46.49583333333334,5,4,4,4.35,Champions,2,Premium
6628,250,9,805.13,2019-04-09,2023-04-23,89.4588888888889,1,3,5,3.1,Others,3,High Value
6629,2,17,685.03,2019-01-07,2023-12-27,40.29588235294118,5,5,4,4.6,Champions,2,Premium
6630,386,9,261.38,2020-02-02,2022-12-08,29.04222222222222,1,3,1,1.5,Others,0,Low Value
6631,44,13,872.86,2019-06-18,2023-11-15,67.14307692307692,4,5,5,4.65,Champions,2,Premium
6632,86,6,281.26,2019-06-27,2023-10-04,46.876666666666665,2,1,1,1.35,Lost,0,Low Value
6633,403,7,468.39,2019-03-10,2022-11-21,66.91285714285713,1,1,3,1.8000000000000003,Others,0,Low Value
6634,6,10,1185.0700000000002,2019-07-23,2023-12-23,118.50700000000002,5,3,5,4.5,Loyal Customers,2,Premium
6635,194,7,189.93,2019-05-17,2023-06-18,27.132857142857144,2,1,1,1.35,Lost,0,Low Value
6636,79,9,309.66,2019-02-05,2023-10-11,34.406666666666666,3,3,1,2.1999999999999997,Potential Loyalists,1,Mid Value
6637,82,13,1598.49,2019-01-09,2023-10-08,122.96076923076923,3,5,5,4.3,Loyal Customers,2,Premium
6638,17,12,1221.47,2019-04-16,2023-12-12,101.78916666666667,5,4,5,4.75,Champions,2,Premium
6639,53,10,401.87,2019-01-04,2023-11-06,40.187,3,3,2,2.5999999999999996,Potential Loyalists,1,Mid Value
6640,47,9,403.92,2020-09-20,2023-11-12,44.88,3,3,2,2.5999999999999996,Potential Loyalists,1,Mid Value
6641,43,16,1077.13,2019-01-09,2023-11-16,67.320625,4,5,5,4.65,Champions,2,Premium
6642,26,14,470.24,2019-11-27,2023-12-03,33.58857142857143,4,5,3,3.85,Loyal Customers,2,Premium
6643,34,10,988.18,2019-11-28,2023-11-25,98.818,4,3,5,4.15,Loyal Customers,2,Premium
6644,27,14,709.35,2019-09-17,2023-12-02,50.667857142857144,4,5,4,4.25,Champions,2,Premium
6645,80,11,485.31,2019-02-17,2023-10-10,44.11909090909091,3,4,3,3.25,Loyal Customers,3,High Value
6646,108,11,372.94,2019-01-28,2023-09-12,33.903636363636366,2,4,2,2.5,At Risk,3,High Value
6647,31,8,349.53,2019-12-21,2023-11-28,43.69125,4,2,2,2.7,Potential Loyalists,1,Mid Value
6648,41,12,330.67,2019-07-03,2023-11-18,27.555833333333336,4,4,2,3.2,Others,1,Mid Value
6649,497,8,304.01,2019-03-19,2022-08-19,38.00125,1,2,1,1.25,Lost,0,Low Value
6650,8,8,429.14,2019-10-16,2023-12-21,53.6425,5,2,3,3.45,Potential Loyalists,1,Mid Value
6651,382,7,291.95,2019-04-03,2022-12-12,41.707142857142856,1,1,1,1.0,Lost,0,Low Value
6652,49,13,763.34,2020-01-16,2023-11-10,58.71846153846154,3,5,4,3.9,Loyal Customers,2,Premium
6653,64,8,591.49,2019-02-04,2023-10-26,73.93625,3,2,4,3.15,At Risk,3,High Value
6654,5,8,302.4,2019-03-27,2023-12-24,37.8,5,2,1,2.65,Potential Loyalists,1,Mid Value
6655,24,8,241.08,2019-12-21,2023-12-05,30.135,5,2,1,2.65,Potential Loyalists,1,Mid Value
6656,97,6,880.1899999999999,2019-08-08,2023-09-23,146.69833333333332,2,1,5,2.95,Others,3,High Value
6657,1,11,387.59000000000003,2019-11-07,2023-12-28,35.23545454545455,5,4,2,3.55,Others,1,Mid Value
6658,8,9,602.5,2019-06-09,2023-12-21,66.94444444444444,5,3,4,4.1,Loyal Customers,2,Premium
6659,323,9,518.9,2019-02-25,2023-02-09,57.65555555555555,1,3,3,2.3000000000000003,Others,3,High Value
6660,6,9,763.63,2019-02-25,2023-12-23,84.84777777777778,5,3,4,4.1,Loyal Customers,2,Premium
6661,38,14,821.52,2019-11-08,2023-11-21,58.68,4,5,5,4.65,Champions,2,Premium
6662,47,5,147.29,2019-11-25,2023-11-12,29.458,3,1,1,1.6999999999999997,Potential Loyalists,0,Low Value
6663,385,3,80.58,2021-05-24,2022-12-09,26.86,1,1,1,1.0,Lost,0,Low Value
6664,55,14,636.02,2019-06-20,2023-11-04,45.43,3,5,4,3.9,Loyal Customers,2,Premium
6665,53,17,634.17,2019-04-18,2023-11-06,37.304117647058824,3,5,4,3.9,Loyal Customers,2,Premium
6666,49,6,206.67000000000002,2019-01-10,2023-11-10,34.445,3,1,1,1.6999999999999997,Potential Loyalists,0,Low Value
6667,160,12,405.06,2019-11-18,2023-07-22,33.755,2,4,2,2.5,At Risk,3,High Value
6668,413,8,905.27,2019-01-04,2022-11-11,113.15875,1,2,5,2.85,Others,3,High Value
6669,390,10,444.15,2019-03-21,2022-12-04,44.415,1,3,3,2.3000000000000003,Others,3,High Value
6670,52,10,581.05,2019-08-08,2023-11-07,58.105,3,3,4,3.4,Loyal Customers,3,High Value
6671,43,11,364.43,2019-10-10,2023-11-16,33.13,4,4,2,3.2,Others,1,Mid Value
6672,43,15,549.31,2020-01-06,2023-11-16,36.620666666666665,4,5,3,3.85,Loyal Customers,2,Premium
6673,56,13,337.66,2019-05-22,2023-11-03,25.973846153846157,3,5,2,3.0999999999999996,At Risk,2,Premium
6674,7,13,555.3199999999999,2019-01-10,2023-12-22,42.716923076923074,5,5,3,4.2,Loyal Customers,2,Premium
6675,48,8,402.5,2019-02-26,2023-11-11,50.3125,3,2,2,2.3499999999999996,Potential Loyalists,1,Mid Value
6676,36,15,868.67,2019-08-16,2023-11-23,57.91133333333333,4,5,5,4.65,Champions,2,Premium
6677,229,11,582.36,2019-02-18,2023-05-14,52.941818181818185,2,4,4,3.3,Loyal Customers,3,High Value
6678,8,8,563.21,2020-06-06,2023-12-21,70.40125,5,2,4,3.85,Others,1,Mid Value
6679,86,16,1176.23,2019-09-09,2023-10-04,73.514375,2,5,5,3.95,Loyal Customers,3,High Value
6680,261,11,854.61,2019-08-25,2023-04-12,77.69181818181818,1,4,5,3.35,Others,3,High Value
6681,43,6,281.98,2019-11-20,2023-11-16,46.99666666666667,4,1,1,2.05,Potential Loyalists,1,Mid Value
6682,623,11,437.87,2019-06-16,2022-04-15,39.806363636363635,1,4,3,2.5500000000000003,Others,3,High Value
6683,138,10,1686.05,2019-02-07,2023-08-13,168.605,2,3,5,3.45,Loyal Customers,3,High Value
6684,522,3,256.61,2020-03-07,2022-07-25,85.53666666666668,1,1,1,1.0,Lost,0,Low Value
6685,14,16,993.72,2019-11-23,2023-12-15,62.1075,5,5,5,5.0,Champions,2,Premium
6686,307,10,724.17,2019-05-25,2023-02-25,72.417,1,3,4,2.7,Others,3,High Value
6687,54,16,606.97,2019-11-12,2023-11-05,37.935625,3,5,4,3.9,Loyal Customers,2,Premium
6688,27,7,329.17,2019-10-09,2023-12-02,47.02428571428572,4,1,2,2.45,Potential Loyalists,1,Mid Value
6689,329,6,411.83,2019-05-05,2023-02-03,68.63833333333334,1,1,2,1.4,Lost,0,Low Value
6690,4,11,639.24,2020-01-22,2023-12-25,58.11272727272728,5,4,4,4.35,Champions,2,Premium
6691,40,8,370.44,2020-04-19,2023-11-19,46.305,4,2,2,2.7,Potential Loyalists,1,Mid Value
6692,32,14,394.3,2019-09-07,2023-11-27,28.164285714285715,4,5,2,3.45,Others,2,Premium
6693,348,13,497.94,2019-08-02,2023-01-15,38.30307692307692,1,5,3,2.8000000000000003,Others,3,High Value
6694,378,10,675.17,2020-07-16,2022-12-16,67.517,1,3,4,2.7,Others,3,High Value
6695,80,6,198.26,2019-05-21,2023-10-10,33.04333333333333,3,1,1,1.6999999999999997,Potential Loyalists,0,Low Value
6696,73,12,887.79,2019-11-28,2023-10-17,73.9825,3,4,5,4.05,Loyal Customers,2,Premium
6697,199,8,904.6300000000001,2020-04-08,2023-06-13,113.07875000000001,2,2,5,3.2,At Risk,3,High Value
6698,376,12,367.24,2019-01-06,2022-12-18,30.603333333333335,1,4,2,2.1500000000000004,Others,3,High Value
6699,79,16,656.8,2019-03-06,2023-10-11,41.05,3,5,4,3.9,Loyal Customers,2,Premium
6700,310,6,499.35,2019-04-01,2023-02-22,83.22500000000001,1,1,3,1.8000000000000003,Others,0,Low Value
6701,58,4,135.07,2020-08-17,2023-11-01,33.7675,3,1,1,1.6999999999999997,Potential Loyalists,0,Low Value
6702,31,10,352.28999999999996,2020-03-09,2023-11-28,35.229,4,3,2,2.95,Potential Loyalists,1,Mid Value
6703,422,9,524.13,2019-03-10,2022-11-02,58.236666666666665,1,3,3,2.3000000000000003,Others,3,High Value
6704,12,11,818.79,2019-01-10,2023-12-17,74.43545454545455,5,4,5,4.75,Champions,2,Premium
6705,184,8,461.46,2019-11-27,2023-06-28,57.6825,2,2,3,2.4000000000000004,At Risk,0,Low Value
6706,55,10,496.61,2019-07-05,2023-11-04,49.661,3,3,3,3.0,Loyal Customers,3,High Value
6707,585,5,123.1,2019-01-13,2022-05-23,24.619999999999997,1,1,1,1.0,Lost,0,Low Value
6708,55,13,1429.06,2019-10-08,2023-11-04,109.9276923076923,3,5,5,4.3,Loyal Customers,2,Premium
6709,32,8,452.15,2019-10-28,2023-11-27,56.51875,4,2,3,3.1,Potential Loyalists,1,Mid Value
6710,260,5,360.01,2019-04-18,2023-04-13,72.002,1,1,2,1.4,Lost,0,Low Value
6711,19,15,588.81,2019-10-24,2023-12-10,39.254,5,5,4,4.6,Champions,2,Premium
6712,8,10,357.62,2019-08-28,2023-12-21,35.762,5,3,2,3.3,Potential Loyalists,1,Mid Value
6713,2,12,393.28,2019-08-10,2023-12-27,32.77333333333333,5,4,2,3.55,Others,1,Mid Value
6714,124,17,754.03,2019-11-08,2023-08-27,44.35470588235294,2,5,4,3.55,Loyal Customers,3,High Value
6715,19,8,269.94,2019-08-23,2023-12-10,33.7425,5,2,1,2.65,Potential Loyalists,1,Mid Value
6716,341,8,1180.8899999999999,2019-09-02,2023-01-22,147.61124999999998,1,2,5,2.85,Others,3,High Value
6717,15,12,374.26,2019-01-21,2023-12-14,31.188333333333333,5,4,2,3.55,Others,1,Mid Value
6718,36,10,358.71999999999997,2019-04-12,2023-11-23,35.872,4,3,2,2.95,Potential Loyalists,1,Mid Value
6719,436,8,308.27,2019-03-13,2022-10-19,38.53375,1,2,1,1.25,Lost,0,Low Value
6720,32,16,847.69,2019-01-03,2023-11-27,52.980625,4,5,5,4.65,Champions,2,Premium
6721,626,5,373.67,2019-11-26,2022-04-12,74.73400000000001,1,1,2,1.4,Lost,0,Low Value
6722,23,15,605.23,2019-04-20,2023-12-06,40.34866666666667,5,5,4,4.6,Champions,2,Premium
6723,125,15,1217.46,2019-04-22,2023-08-26,81.164,2,5,5,3.95,Loyal Customers,3,High Value
6724,21,10,944.8,2019-08-08,2023-12-08,94.47999999999999,5,3,5,4.5,Loyal Customers,2,Premium
6725,17,10,656.6500000000001,2019-11-17,2023-12-12,65.665,5,3,4,4.1,Loyal Customers,2,Premium
6726,376,11,400.59,2019-02-14,2022-12-18,36.417272727272724,1,4,2,2.1500000000000004,Others,3,High Value
6727,114,10,418.83,2019-02-11,2023-09-06,41.882999999999996,2,3,2,2.25,At Risk,0,Low Value
6728,18,11,363.29,2019-11-11,2023-12-11,33.02636363636364,5,4,2,3.55,Others,1,Mid Value
6729,141,12,410.14,2019-01-04,2023-08-10,34.178333333333335,2,4,2,2.5,At Risk,3,High Value
6730,9,9,536.8199999999999,2019-12-04,2023-12-20,59.64666666666666,5,3,3,3.7,Loyal Customers,1,Mid Value
6731,47,9,267.97,2019-05-02,2023-11-12,29.77444444444445,3,3,1,2.1999999999999997,Potential Loyalists,1,Mid Value
6732,4,9,560.43,2020-06-14,2023-12-25,62.269999999999996,5,3,4,4.1,Loyal Customers,2,Premium
6733,114,11,558.79,2019-03-05,2023-09-06,50.79909090909091,2,4,4,3.3,Loyal Customers,3,High Value
6734,549,7,301.12,2020-01-20,2022-06-28,43.01714285714286,1,1,1,1.0,Lost,0,Low Value
6735,38,17,873.07,2019-08-15,2023-11-21,51.357058823529414,4,5,5,4.65,Champions,2,Premium
6736,27,7,615.4,2019-11-13,2023-12-02,87.91428571428571,4,1,4,3.25,Others,1,Mid Value
6737,447,5,303.31,2019-06-01,2022-10-08,60.662,1,1,1,1.0,Lost,0,Low Value
6738,24,12,1267.21,2019-04-11,2023-12-05,105.60083333333334,5,4,5,4.75,Champions,2,Premium
6739,174,8,479.54,2019-01-08,2023-07-08,59.9425,2,2,3,2.4000000000000004,At Risk,0,Low Value
6740,124,12,432.9,2019-04-22,2023-08-27,36.074999999999996,2,4,3,2.9000000000000004,Loyal Customers,3,High Value
6741,45,7,308.44,2019-02-25,2023-11-14,44.06285714285714,3,1,1,1.6999999999999997,Potential Loyalists,0,Low Value
6742,39,10,412.35,2019-08-06,2023-11-20,41.235,4,3,2,2.95,Potential Loyalists,1,Mid Value
6743,95,10,611.04,2019-07-05,2023-09-25,61.104,2,3,4,3.05,Loyal Customers,3,High Value
6744,1,8,337.06,2019-02-05,2023-12-28,42.1325,5,2,2,3.05,Potential Loyalists,1,Mid Value
6745,1,10,351.97,2019-03-03,2023-12-28,35.197,5,3,2,3.3,Potential Loyalists,1,Mid Value
6746,188,11,837.88,2019-01-17,2023-06-24,76.17090909090909,2,4,5,3.7,Loyal Customers,3,High Value
6747,169,13,445.12,2019-01-16,2023-07-13,34.24,2,5,3,3.1500000000000004,Loyal Customers,3,High Value
6748,3,16,1798.2800000000002,2019-05-05,2023-12-26,112.39250000000001,5,5,5,5.0,Champions,2,Premium
6749,156,9,422.33,2019-01-25,2023-07-26,46.925555555555555,2,3,2,2.25,At Risk,0,Low Value
6750,226,12,366.06,2019-02-18,2023-05-17,30.505,2,4,2,2.5,At Risk,3,High Value
6751,757,6,222.78,2019-12-09,2021-12-02,37.13,1,1,1,1.0,Lost,0,Low Value
6752,42,19,1001.19,2019-08-08,2023-11-17,52.69421052631579,4,5,5,4.65,Champions,2,Premium
6753,45,8,730.5,2019-06-05,2023-11-14,91.3125,3,2,4,3.15,At Risk,3,High Value
6754,239,9,586.01,2019-02-19,2023-05-04,65.11222222222221,2,3,4,3.05,Loyal Customers,3,High Value
6755,389,7,418.98,2019-11-15,2022-12-05,59.854285714285716,1,1,2,1.4,Lost,0,Low Value
6756,32,9,635.6,2019-01-12,2023-11-27,70.62222222222222,4,3,4,3.75,Loyal Customers,2,Premium
6757,16,7,283.16,2019-07-26,2023-12-13,40.45142857142857,5,1,1,2.4,Potential Loyalists,1,Mid Value
6758,189,12,1030.48,2019-08-17,2023-06-23,85.87333333333333,2,4,5,3.7,Loyal Customers,3,High Value
6759,31,8,260.46000000000004,2020-03-17,2023-11-28,32.557500000000005,4,2,1,2.3,Potential Loyalists,1,Mid Value
6760,322,13,457.57000000000005,2019-11-25,2023-02-10,35.197692307692314,1,5,3,2.8000000000000003,Others,3,High Value
6761,17,11,381.75,2019-01-24,2023-12-12,34.70454545454545,5,4,2,3.55,Others,1,Mid Value
6762,25,15,584.02,2019-05-04,2023-12-04,38.934666666666665,4,5,4,4.25,Champions,2,Premium
6763,240,7,182.59,2019-11-02,2023-05-03,26.084285714285716,2,1,1,1.35,Lost,0,Low Value
6764,19,14,881.73,2019-04-05,2023-12-10,62.980714285714285,5,5,5,5.0,Champions,2,Premium
6765,13,9,278.72,2019-11-01,2023-12-16,30.96888888888889,5,3,1,2.9,Potential Loyalists,1,Mid Value
6766,373,8,596.23,2019-04-12,2022-12-21,74.52875,1,2,4,2.45,Others,3,High Value
6767,160,11,627.79,2019-01-09,2023-07-22,57.07181818181818,2,4,4,3.3,Loyal Customers,3,High Value
6768,76,3,151.42000000000002,2019-04-06,2023-10-14,50.473333333333336,3,1,1,1.6999999999999997,Potential Loyalists,0,Low Value
6769,43,16,584.58,2019-04-05,2023-11-16,36.53625,4,5,4,4.25,Champions,2,Premium
6770,10,14,855.6,2019-07-04,2023-12-19,61.114285714285714,5,5,5,5.0,Champions,2,Premium
6771,43,18,1204.5,2019-03-03,2023-11-16,66.91666666666667,4,5,5,4.65,Champions,2,Premium
6772,11,12,487.96,2019-12-22,2023-12-18,40.663333333333334,5,4,3,3.95,Loyal Customers,2,Premium
6773,19,13,435.08,2019-03-10,2023-12-10,33.4676923076923,5,5,3,4.2,Loyal Customers,2,Premium
6774,139,4,120.99000000000001,2020-08-25,2023-08-12,30.247500000000002,2,1,1,1.35,Lost,0,Low Value
6775,133,18,819.0799999999999,2019-04-21,2023-08-18,45.50444444444444,2,5,5,3.95,Loyal Customers,3,High Value
6776,83,19,680.37,2019-08-06,2023-10-07,35.80894736842105,3,5,4,3.9,Loyal Customers,2,Premium
6777,66,10,700.29,2020-11-24,2023-10-24,70.029,3,3,4,3.4,Loyal Customers,3,High Value
6778,53,11,411.97,2019-03-11,2023-11-06,37.45181818181818,3,4,2,2.8499999999999996,At Risk,1,Mid Value
6779,75,7,316.15,2019-08-01,2023-10-15,45.16428571428571,3,1,1,1.6999999999999997,Potential Loyalists,0,Low Value
6780,382,11,380.15,2019-03-15,2022-12-12,34.559090909090905,1,4,2,2.1500000000000004,Others,3,High Value
6781,318,9,460.52,2019-06-14,2023-02-14,51.16888888888889,1,3,3,2.3000000000000003,Others,3,High Value
6782,186,10,553.63,2019-08-12,2023-06-26,55.363,2,3,3,2.6500000000000004,Loyal Customers,3,High Value
6783,95,11,388.44,2019-01-11,2023-09-25,35.31272727272727,2,4,2,2.5,At Risk,3,High Value
6784,73,12,441.27,2019-09-24,2023-10-17,36.7725,3,4,3,3.25,Loyal Customers,3,High Value
6785,369,7,397.41,2019-04-04,2022-12-25,56.77285714285715,1,1,2,1.4,Lost,0,Low Value
6786,201,9,272.57,2019-03-19,2023-06-11,30.285555555555554,2,3,1,1.85,Others,0,Low Value
6787,68,15,610.13,2019-08-19,2023-10-22,40.675333333333334,3,5,4,3.9,Loyal Customers,2,Premium
6788,36,9,319.51,2019-09-22,2023-11-23,35.50111111111111,4,3,2,2.95,Potential Loyalists,1,Mid Value
6789,32,14,506.40000000000003,2019-02-01,2023-11-27,36.17142857142857,4,5,3,3.85,Loyal Customers,2,Premium
6790,70,4,92.85,2020-11-08,2023-10-20,23.2125,3,1,1,1.6999999999999997,Potential Loyalists,0,Low Value
6791,87,8,1170.84,2020-01-09,2023-10-03,146.355,2,2,5,3.2,At Risk,3,High Value
6792,86,8,428.72,2019-01-16,2023-10-04,53.59,2,2,3,2.4000000000000004,At Risk,0,Low Value
6793,356,8,459.61,2019-05-17,2023-01-07,57.45125,1,2,3,2.0500000000000003,Others,0,Low Value
6794,28,14,985.63,2019-01-02,2023-12-01,70.40214285714286,4,5,5,4.65,Champions,2,Premium
6795,50,10,533.6800000000001,2019-10-27,2023-11-09,53.36800000000001,3,3,3,3.0,Loyal Customers,3,High Value
6796,58,13,738.81,2019-08-17,2023-11-01,56.83153846153846,3,5,4,3.9,Loyal Customers,2,Premium
6797,161,7,429.11,2019-10-28,2023-07-21,61.30142857142857,2,1,3,2.1500000000000004,Others,0,Low Value
6798,113,10,472.89,2019-11-13,2023-09-07,47.289,2,3,3,2.6500000000000004,Loyal Customers,3,High Value
6799,690,8,297.77,2019-11-07,2022-02-07,37.22125,1,2,1,1.25,Lost,0,Low Value
6800,400,8,587.48,2019-06-22,2022-11-24,73.435,1,2,4,2.45,Others,3,High Value
6801,76,10,734.97,2019-03-11,2023-10-14,73.497,3,3,4,3.4,Loyal Customers,3,High Value
6802,4,14,922.65,2019-10-08,2023-12-25,65.90357142857142,5,5,5,5.0,Champions,2,Premium
6803,15,8,493.44000000000005,2019-01-19,2023-12-14,61.68000000000001,5,2,3,3.45,Potential Loyalists,1,Mid Value
6804,23,12,699.5899999999999,2020-06-05,2023-12-06,58.29916666666666,5,4,4,4.35,Champions,2,Premium
6805,418,6,238.49,2019-10-12,2022-11-06,39.748333333333335,1,1,1,1.0,Lost,0,Low Value
6806,2,14,984.53,2019-03-18,2023-12-27,70.32357142857143,5,5,5,5.0,Champions,2,Premium
6807,1,12,692.4,2019-05-15,2023-12-28,57.699999999999996,5,4,4,4.35,Champions,2,Premium
6808,48,10,448.99,2020-06-15,2023-11-11,44.899,3,3,3,3.0,Loyal Customers,3,High Value
6809,1,12,415.17,2019-11-14,2023-12-28,34.597500000000004,5,4,2,3.55,Others,1,Mid Value
6810,388,7,187.78,2020-12-17,2022-12-06,26.825714285714287,1,1,1,1.0,Lost,0,Low Value
6811,35,8,577.8199999999999,2019-05-19,2023-11-24,72.22749999999999,4,2,4,3.5,Others,1,Mid Value
6812,95,12,645.13,2019-06-06,2023-09-25,53.76083333333333,2,4,4,3.3,Loyal Customers,3,High Value
6813,82,14,516.52,2019-06-23,2023-10-08,36.894285714285715,3,5,3,3.5,Loyal Customers,2,Premium
6814,26,9,742.83,2019-11-13,2023-12-03,82.53666666666668,4,3,4,3.75,Loyal Customers,2,Premium
6815,26,9,566.8199999999999,2019-02-27,2023-12-03,62.97999999999999,4,3,4,3.75,Loyal Customers,2,Premium
6816,82,15,505.23,2019-11-04,2023-10-08,33.682,3,5,3,3.5,Loyal Customers,2,Premium
6817,11,10,327.07,2020-11-15,2023-12-18,32.707,5,3,2,3.3,Potential Loyalists,1,Mid Value
6818,132,4,181.23000000000002,2022-01-08,2023-08-19,45.307500000000005,2,1,1,1.35,Lost,0,Low Value
6819,35,7,217.67000000000002,2019-09-13,2023-11-24,31.095714285714287,4,1,1,2.05,Potential Loyalists,1,Mid Value
6820,46,11,1308.15,2019-10-20,2023-11-13,118.92272727272729,3,4,5,4.05,Loyal Customers,2,Premium
6821,16,8,434.05,2019-03-16,2023-12-13,54.25625,5,2,3,3.45,Potential Loyalists,1,Mid Value
6822,104,14,841.08,2019-03-05,2023-09-16,60.07714285714286,2,5,5,3.95,Loyal Customers,3,High Value
6823,87,11,515.45,2019-01-16,2023-10-03,46.85909090909092,2,4,3,2.9000000000000004,Loyal Customers,3,High Value
6824,5,10,561.39,2020-05-01,2023-12-24,56.138999999999996,5,3,4,4.1,Loyal Customers,2,Premium
6825,46,8,269.41,2019-07-23,2023-11-13,33.67625,3,2,1,1.9499999999999997,Potential Loyalists,0,Low Value
6826,45,18,1237.57,2019-02-23,2023-11-14,68.75388888888888,3,5,5,4.3,Loyal Customers,2,Premium
6827,409,7,246.7,2019-05-18,2022-11-15,35.24285714285714,1,1,1,1.0,Lost,0,Low Value
6828,41,9,551.62,2020-11-19,2023-11-18,61.291111111111114,4,3,3,3.35,Loyal Customers,1,Mid Value
6829,165,5,113.47,2019-07-24,2023-07-17,22.694,2,1,1,1.35,Lost,0,Low Value
6830,57,10,371.82,2019-01-07,2023-11-02,37.182,3,3,2,2.5999999999999996,Potential Loyalists,1,Mid Value
6831,64,12,501.68,2019-01-13,2023-10-26,41.806666666666665,3,4,3,3.25,Loyal Customers,3,High Value
6832,88,8,262.75,2019-11-05,2023-10-02,32.84375,2,2,1,1.6,Lost,0,Low Value
6833,249,9,489.03,2020-01-03,2023-04-24,54.336666666666666,1,3,3,2.3000000000000003,Others,3,High Value
6834,31,13,1704.55,2019-07-12,2023-11-28,131.11923076923077,4,5,5,4.65,Champions,2,Premium
6835,134,11,402.25,2019-10-03,2023-08-17,36.56818181818182,2,4,2,2.5,At Risk,3,High Value
6836,51,13,710.55,2019-08-09,2023-11-08,54.6576923076923,3,5,4,3.9,Loyal Customers,2,Premium
6837,210,12,880.63,2019-04-21,2023-06-02,73.38583333333334,2,4,5,3.7,Loyal Customers,3,High Value
6838,27,10,405.7,2019-02-15,2023-12-02,40.57,4,3,2,2.95,Potential Loyalists,1,Mid Value
6839,39,7,325.84,2019-11-16,2023-11-20,46.54857142857143,4,1,2,2.45,Potential Loyalists,1,Mid Value
6840,131,11,976.95,2019-05-06,2023-08-20,88.81363636363636,2,4,5,3.7,Loyal Customers,3,High Value
6841,64,10,321.90000000000003,2019-08-21,2023-10-26,32.190000000000005,3,3,2,2.5999999999999996,Potential Loyalists,1,Mid Value
6842,34,11,532.56,2019-04-28,2023-11-25,48.41454545454545,4,4,3,3.6,Loyal Customers,2,Premium
6843,33,8,757.64,2019-10-03,2023-11-26,94.705,4,2,4,3.5,Others,1,Mid Value
6844,25,6,590.1800000000001,2019-05-24,2023-12-04,98.36333333333334,4,1,4,3.25,Others,1,Mid Value
6845,52,12,907.35,2019-06-24,2023-11-07,75.6125,3,4,5,4.05,Loyal Customers,2,Premium
6846,2,9,339.44,2019-03-26,2023-12-27,37.715555555555554,5,3,2,3.3,Potential Loyalists,1,Mid Value
6847,54,14,499.79,2019-11-01,2023-11-05,35.699285714285715,3,5,3,3.5,Loyal Customers,2,Premium
6848,118,13,766.03,2019-08-21,2023-09-02,58.925384615384615,2,5,5,3.95,Loyal Customers,3,High Value
6849,10,11,600.16,2019-09-11,2023-12-19,54.559999999999995,5,4,4,4.35,Champions,2,Premium
6850,142,16,563.53,2019-01-11,2023-08-09,35.220625,2,5,4,3.55,Loyal Customers,3,High Value
6851,31,11,385.06,2019-08-16,2023-11-28,35.00545454545455,4,4,2,3.2,Others,1,Mid Value
6852,207,12,651.68,2019-05-03,2023-06-05,54.306666666666665,2,4,4,3.3,Loyal Customers,3,High Value
6853,330,11,355.96000000000004,2019-05-25,2023-02-02,32.36000000000001,1,4,2,2.1500000000000004,Others,3,High Value
6854,169,5,490.69,2019-12-18,2023-07-13,98.138,2,1,3,2.1500000000000004,Others,0,Low Value
6855,15,10,403.37,2019-12-23,2023-12-14,40.337,5,3,2,3.3,Potential Loyalists,1,Mid Value
6856,396,8,898.05,2019-11-18,2022-11-28,112.25625,1,2,5,2.85,Others,3,High Value
6857,55,10,602.11,2019-11-24,2023-11-04,60.211,3,3,4,3.4,Loyal Customers,3,High Value
6858,57,12,620.13,2019-02-09,2023-11-02,51.6775,3,4,4,3.65,Loyal Customers,3,High Value
6859,612,6,374.18,2019-04-25,2022-04-26,62.36333333333334,1,1,2,1.4,Lost,0,Low Value
6860,80,13,993.65,2019-06-20,2023-10-10,76.43461538461538,3,5,5,4.3,Loyal Customers,2,Premium
6861,14,15,976.1500000000001,2019-03-21,2023-12-15,65.07666666666667,5,5,5,5.0,Champions,2,Premium
6862,48,9,536.38,2019-07-23,2023-11-11,59.59777777777778,3,3,3,3.0,Loyal Customers,3,High Value
6863,297,11,455.08000000000004,2019-06-23,2023-03-07,41.370909090909095,1,4,3,2.5500000000000003,Others,3,High Value
6864,19,13,452.24,2019-11-07,2023-12-10,34.78769230769231,5,5,3,4.2,Loyal Customers,2,Premium
6865,35,12,408.31,2019-03-19,2023-11-24,34.02583333333333,4,4,2,3.2,Others,1,Mid Value
6866,368,9,347.18,2019-07-22,2022-12-26,38.57555555555555,1,3,2,1.9000000000000001,Others,0,Low Value
6867,18,21,972.9,2019-01-05,2023-12-11,46.32857142857143,5,5,5,5.0,Champions,2,Premium
6868,402,8,302.81,2019-12-25,2022-11-22,37.85125,1,2,1,1.25,Lost,0,Low Value
6869,166,16,896.46,2019-02-22,2023-07-16,56.02875,2,5,5,3.95,Loyal Customers,3,High Value
6870,131,14,475.59000000000003,2019-01-13,2023-08-20,33.97071428571429,2,5,3,3.1500000000000004,Loyal Customers,3,High Value
6871,31,9,386.83000000000004,2019-07-27,2023-11-28,42.98111111111112,4,3,2,2.95,Potential Loyalists,1,Mid Value
6872,24,13,736.58,2019-05-01,2023-12-05,56.660000000000004,5,5,4,4.6,Champions,2,Premium
6873,45,9,629.91,2019-02-01,2023-11-14,69.99,3,3,4,3.4,Loyal Customers,3,High Value
6874,51,8,438.24,2019-02-20,2023-11-08,54.78,3,2,3,2.75,Potential Loyalists,1,Mid Value
6875,104,15,1109.8600000000001,2019-11-03,2023-09-16,73.99066666666667,2,5,5,3.95,Loyal Customers,3,High Value
6876,4,13,620.56,2019-04-25,2023-12-25,47.73538461538461,5,5,4,4.6,Champions,2,Premium
6877,689,6,545.46,2019-11-17,2022-02-08,90.91000000000001,1,1,3,1.8000000000000003,Others,0,Low Value
6878,18,10,564.03,2019-02-13,2023-12-11,56.403,5,3,4,4.1,Loyal Customers,2,Premium
6879,7,7,1203.3500000000001,2019-02-27,2023-12-22,171.90714285714287,5,1,5,4.0,Others,1,Mid Value
6880,24,7,281.16,2019-12-19,2023-12-05,40.16571428571429,5,1,1,2.4,Potential Loyalists,1,Mid Value
6881,14,10,952.1899999999999,2019-01-08,2023-12-15,95.219,5,3,5,4.5,Loyal Customers,2,Premium
6882,373,5,259.06,2020-05-18,2022-12-21,51.812,1,1,1,1.0,Lost,0,Low Value
6883,31,10,431.74,2020-09-17,2023-11-28,43.174,4,3,3,3.35,Loyal Customers,1,Mid Value
6884,50,7,283.21999999999997,2019-09-11,2023-11-09,40.459999999999994,3,1,1,1.6999999999999997,Potential Loyalists,0,Low Value
6885,43,10,636.66,2019-09-17,2023-11-16,63.666,4,3,4,3.75,Loyal Customers,2,Premium
6886,85,11,580.34,2019-02-26,2023-10-05,52.75818181818182,3,4,4,3.65,Loyal Customers,3,High Value
6887,14,14,1449.53,2019-06-06,2023-12-15,103.53785714285713,5,5,5,5.0,Champions,2,Premium
6888,63,10,290.29,2019-03-22,2023-10-27,29.029000000000003,3,3,1,2.1999999999999997,Potential Loyalists,1,Mid Value
6889,50,10,313.48,2019-07-06,2023-11-09,31.348000000000003,3,3,1,2.1999999999999997,Potential Loyalists,1,Mid Value
6890,256,10,456.37,2019-01-17,2023-04-17,45.637,1,3,3,2.3000000000000003,Others,3,High Value
6891,17,17,927.86,2019-06-24,2023-12-12,54.58,5,5,5,5.0,Champions,2,Premium
6892,70,13,702.53,2019-05-21,2023-10-20,54.04076923076923,3,5,4,3.9,Loyal Customers,2,Premium
6893,176,16,686.86,2019-01-17,2023-07-06,42.92875,2,5,4,3.55,Loyal Customers,3,High Value
6894,43,12,522.32,2019-01-09,2023-11-16,43.52666666666667,4,4,3,3.6,Loyal Customers,2,Premium
6895,34,7,297.53,2019-02-01,2023-11-25,42.50428571428571,4,1,1,2.05,Potential Loyalists,1,Mid Value
6896,388,11,456.24,2019-02-23,2022-12-06,41.47636363636364,1,4,3,2.5500000000000003,Others,3,High Value
6897,32,7,448.85,2019-11-15,2023-11-27,64.12142857142858,4,1,3,2.85,Potential Loyalists,1,Mid Value
6898,27,11,411.57,2019-01-06,2023-12-02,37.415454545454544,4,4,2,3.2,Others,1,Mid Value
6899,20,14,594.3199999999999,2019-11-05,2023-12-09,42.451428571428565,5,5,4,4.6,Champions,2,Premium
6900,48,13,790.54,2019-11-02,2023-11-11,60.810769230769225,3,5,5,4.3,Loyal Customers,2,Premium
6901,10,10,966.76,2019-01-21,2023-12-19,96.676,5,3,5,4.5,Loyal Customers,2,Premium
6902,369,14,433.82,2019-07-07,2022-12-25,30.987142857142857,1,5,3,2.8000000000000003,Others,3,High Value
6903,353,8,273.42,2020-04-05,2023-01-10,34.1775,1,2,1,1.25,Lost,0,Low Value
6904,664,8,441.87,2019-04-07,2022-03-05,55.23375,1,2,3,2.0500000000000003,Others,0,Low Value
6905,207,7,737.31,2019-05-17,2023-06-05,105.33,2,1,4,2.55,Others,0,Low Value
6906,53,8,455.0,2019-11-10,2023-11-06,56.875,3,2,3,2.75,Potential Loyalists,1,Mid Value
6907,25,14,514.13,2020-05-25,2023-12-04,36.723571428571425,4,5,3,3.85,Loyal Customers,2,Premium
6908,28,12,486.49,2019-03-02,2023-12-01,40.54083333333333,4,4,3,3.6,Loyal Customers,2,Premium
6909,13,7,806.09,2019-11-01,2023-12-16,115.1557142857143,5,1,5,4.0,Others,1,Mid Value
6910,405,4,244.26,2019-11-13,2022-11-19,61.065,1,1,1,1.0,Lost,0,Low Value
6911,111,11,490.75,2019-01-03,2023-09-09,44.61363636363637,2,4,3,2.9000000000000004,Loyal Customers,3,High Value
6912,160,8,323.38,2019-07-07,2023-07-22,40.4225,2,2,2,2.0,At Risk,0,Low Value
6913,43,15,1570.89,2019-03-04,2023-11-16,104.72600000000001,4,5,5,4.65,Champions,2,Premium
6914,42,13,754.86,2019-06-06,2023-11-17,58.066153846153846,4,5,4,4.25,Champions,2,Premium
6915,12,14,899.38,2019-06-08,2023-12-17,64.24142857142857,5,5,5,5.0,Champions,2,Premium
6916,209,10,469.61,2019-06-10,2023-06-03,46.961,2,3,3,2.6500000000000004,Loyal Customers,3,High Value
6917,776,3,159.76999999999998,2019-03-08,2021-11-13,53.25666666666666,1,1,1,1.0,Lost,0,Low Value
6918,143,6,251.38,2019-08-03,2023-08-08,41.89666666666667,2,1,1,1.35,Lost,0,Low Value
6919,108,8,357.97,2019-11-07,2023-09-12,44.74625,2,2,2,2.0,At Risk,0,Low Value
6920,43,11,860.95,2019-03-20,2023-11-16,78.26818181818182,4,4,5,4.4,Champions,2,Premium
6921,190,6,202.0,2019-12-22,2023-06-22,33.666666666666664,2,1,1,1.35,Lost,0,Low Value
6922,40,6,248.96,2019-06-12,2023-11-19,41.49333333333333,4,1,1,2.05,Potential Loyalists,1,Mid Value
6923,192,10,644.11,2019-01-23,2023-06-20,64.411,2,3,4,3.05,Loyal Customers,3,High Value
6924,24,15,554.6,2019-07-12,2023-12-05,36.973333333333336,5,5,3,4.2,Loyal Customers,2,Premium
6925,32,11,501.13,2019-01-03,2023-11-27,45.557272727272725,4,4,3,3.6,Loyal Customers,2,Premium
6926,35,12,1076.45,2019-10-27,2023-11-24,89.70416666666667,4,4,5,4.4,Champions,2,Premium
6927,96,14,2126.96,2019-01-02,2023-09-24,151.9257142857143,2,5,5,3.95,Loyal Customers,3,High Value
6928,36,11,816.58,2019-08-28,2023-11-23,74.23454545454545,4,4,5,4.4,Champions,2,Premium
6929,39,11,586.5,2019-09-28,2023-11-20,53.31818181818182,4,4,4,4.0,Champions,2,Premium
6930,474,8,268.34000000000003,2019-11-26,2022-09-11,33.542500000000004,1,2,1,1.25,Lost,0,Low Value
6931,31,7,302.75,2019-06-08,2023-11-28,43.25,4,1,1,2.05,Potential Loyalists,1,Mid Value
6932,301,9,644.02,2019-09-04,2023-03-03,71.55777777777777,1,3,4,2.7,Others,3,High Value
6933,347,5,189.64,2019-05-28,2023-01-16,37.928,1,1,1,1.0,Lost,0,Low Value
6934,31,13,641.35,2019-01-12,2023-11-28,49.33461538461539,4,5,4,4.25,Champions,2,Premium
6935,3,11,1048.79,2019-09-05,2023-12-26,95.34454545454545,5,4,5,4.75,Champions,2,Premium
6936,419,6,224.06,2019-01-19,2022-11-05,37.343333333333334,1,1,1,1.0,Lost,0,Low Value
6937,534,13,502.94,2019-07-20,2022-07-13,38.68769230769231,1,5,3,2.8000000000000003,Others,3,High Value
6938,352,8,254.07,2019-01-16,2023-01-11,31.75875,1,2,1,1.25,Lost,0,Low Value
6939,12,5,625.31,2020-09-13,2023-12-17,125.06199999999998,5,1,4,3.6,Others,1,Mid Value
6940,57,12,1086.06,2019-07-10,2023-11-02,90.505,3,4,5,4.05,Loyal Customers,2,Premium
6941,2,14,751.89,2019-02-18,2023-12-27,53.70642857142857,5,5,4,4.6,Champions,2,Premium
6942,48,10,469.93,2019-04-26,2023-11-11,46.993,3,3,3,3.0,Loyal Customers,3,High Value
6943,111,12,798.56,2019-05-14,2023-09-09,66.54666666666667,2,4,5,3.7,Loyal Customers,3,High Value
6944,329,8,647.4,2019-11-08,2023-02-03,80.925,1,2,4,2.45,Others,3,High Value
6945,12,12,688.03,2019-09-09,2023-12-17,57.33583333333333,5,4,4,4.35,Champions,2,Premium
6946,55,11,495.42,2019-07-13,2023-11-04,45.03818181818182,3,4,3,3.25,Loyal Customers,3,High Value
6947,73,12,490.87,2019-03-08,2023-10-17,40.905833333333334,3,4,3,3.25,Loyal Customers,3,High Value
6948,53,9,327.65,2019-10-24,2023-11-06,36.40555555555555,3,3,2,2.5999999999999996,Potential Loyalists,1,Mid Value
6949,78,13,1685.59,2019-03-16,2023-10-12,129.66076923076923,3,5,5,4.3,Loyal Customers,2,Premium
6950,7,9,472.31,2020-04-23,2023-12-22,52.47888888888889,5,3,3,3.7,Loyal Customers,1,Mid Value
6951,27,11,1030.05,2019-11-19,2023-12-02,93.64090909090909,4,4,5,4.4,Champions,2,Premium
6952,409,6,351.61,2019-03-23,2022-11-15,58.60166666666667,1,1,2,1.4,Lost,0,Low Value
6953,14,6,350.47,2020-01-23,2023-12-15,58.41166666666667,5,1,2,2.8,Potential Loyalists,1,Mid Value
6954,38,18,1114.17,2019-02-18,2023-11-21,61.89833333333334,4,5,5,4.65,Champions,2,Premium
6955,34,6,363.96999999999997,2020-02-04,2023-11-25,60.66166666666666,4,1,2,2.45,Potential Loyalists,1,Mid Value
6956,39,8,370.24,2019-11-12,2023-11-20,46.28,4,2,2,2.7,Potential Loyalists,1,Mid Value
6957,1,5,246.53,2019-11-10,2023-12-28,49.306,5,1,1,2.4,Potential Loyalists,1,Mid Value
6958,11,9,360.07,2019-11-09,2023-12-18,40.007777777777775,5,3,2,3.3,Potential Loyalists,1,Mid Value
6959,2,12,448.53,2019-02-10,2023-12-27,37.3775,5,4,3,3.95,Loyal Customers,2,Premium
6960,17,8,384.45,2019-07-11,2023-12-12,48.05625,5,2,2,3.05,Potential Loyalists,1,Mid Value
6961,43,13,408.78999999999996,2019-01-03,2023-11-16,31.44538461538461,4,5,2,3.45,Others,2,Premium
6962,43,9,785.15,2019-11-08,2023-11-16,87.23888888888888,4,3,5,4.15,Loyal Customers,2,Premium
6963,174,14,1475.92,2019-03-24,2023-07-08,105.42285714285715,2,5,5,3.95,Loyal Customers,3,High Value
6964,4,10,577.97,2019-08-17,2023-12-25,57.797000000000004,5,3,4,4.1,Loyal Customers,2,Premium
6965,438,12,565.65,2019-05-28,2022-10-17,47.137499999999996,1,4,4,2.95,Others,3,High Value
6966,484,7,485.76,2019-02-07,2022-09-01,69.39428571428572,1,1,3,1.8000000000000003,Others,0,Low Value
6967,39,7,275.83,2019-05-20,2023-11-20,39.40428571428571,4,1,1,2.05,Potential Loyalists,1,Mid Value
6968,34,9,399.83,2019-09-17,2023-11-25,44.425555555555555,4,3,2,2.95,Potential Loyalists,1,Mid Value
6969,57,7,490.93,2020-08-22,2023-11-02,70.13285714285715,3,1,3,2.5,Potential Loyalists,1,Mid Value
6970,779,5,306.94,2019-08-09,2021-11-10,61.388,1,1,1,1.0,Lost,0,Low Value
6971,56,14,476.31,2019-06-04,2023-11-03,34.02214285714286,3,5,3,3.5,Loyal Customers,2,Premium
6972,51,18,1453.76,2019-05-11,2023-11-08,80.76444444444445,3,5,5,4.3,Loyal Customers,2,Premium
6973,39,13,846.35,2019-07-18,2023-11-20,65.10384615384615,4,5,5,4.65,Champions,2,Premium
6974,408,9,426.96,2019-01-17,2022-11-16,47.44,1,3,2,1.9000000000000001,Others,0,Low Value
6975,102,6,258.37,2020-04-17,2023-09-18,43.06166666666667,2,1,1,1.35,Lost,0,Low Value
6976,735,8,291.29,2019-10-20,2021-12-24,36.41125,1,2,1,1.25,Lost,0,Low Value
6977,39,5,170.63,2022-01-04,2023-11-20,34.126,4,1,1,2.05,Potential Loyalists,1,Mid Value
6978,50,4,326.59000000000003,2019-08-24,2023-11-09,81.64750000000001,3,1,2,2.0999999999999996,Potential Loyalists,0,Low Value
6979,175,11,904.85,2019-03-18,2023-07-07,82.25909090909092,2,4,5,3.7,Loyal Customers,3,High Value
6980,234,10,321.87,2019-02-02,2023-05-09,32.187,2,3,2,2.25,At Risk,0,Low Value
6981,69,15,1111.69,2019-12-02,2023-10-21,74.11266666666667,3,5,5,4.3,Loyal Customers,2,Premium
6982,31,14,520.35,2019-04-12,2023-11-28,37.167857142857144,4,5,3,3.85,Loyal Customers,2,Premium
6983,328,9,333.6,2019-02-10,2023-02-04,37.06666666666667,1,3,2,1.9000000000000001,Others,0,Low Value
6984,40,9,437.37,2019-11-14,2023-11-19,48.596666666666664,4,3,3,3.35,Loyal Customers,1,Mid Value
6985,38,12,429.0,2019-02-26,2023-11-21,35.75,4,4,3,3.6,Loyal Customers,2,Premium
6986,208,7,185.22,2019-01-13,2023-06-04,26.46,2,1,1,1.35,Lost,0,Low Value
6987,200,10,880.23,2019-09-28,2023-06-12,88.023,2,3,5,3.45,Loyal Customers,3,High Value
6988,297,11,506.87,2019-02-06,2023-03-07,46.07909090909091,1,4,3,2.5500000000000003,Others,3,High Value
6989,854,2,52.58,2019-04-02,2021-08-27,26.29,1,1,1,1.0,Lost,0,Low Value
6990,149,7,415.36,2019-08-11,2023-08-02,59.33714285714286,2,1,2,1.75,Lost,0,Low Value
6991,82,7,295.35,2019-10-01,2023-10-08,42.19285714285714,3,1,1,1.6999999999999997,Potential Loyalists,0,Low Value
6992,34,7,343.32,2020-06-07,2023-11-25,49.04571428571428,4,1,2,2.45,Potential Loyalists,1,Mid Value
6993,83,10,300.68,2019-02-07,2023-10-07,30.068,3,3,1,2.1999999999999997,Potential Loyalists,1,Mid Value
6994,225,9,348.61,2019-02-27,2023-05-18,38.73444444444445,2,3,2,2.25,At Risk,0,Low Value
6995,7,14,770.7,2020-01-23,2023-12-22,55.050000000000004,5,5,5,5.0,Champions,2,Premium
6996,33,10,326.55,2019-06-06,2023-11-26,32.655,4,3,2,2.95,Potential Loyalists,1,Mid Value
6997,405,12,472.46999999999997,2019-01-19,2022-11-19,39.372499999999995,1,4,3,2.5500000000000003,Others,3,High Value
6998,26,9,347.84,2019-09-04,2023-12-03,38.648888888888884,4,3,2,2.95,Potential Loyalists,1,Mid Value
6999,134,8,331.82,2020-05-13,2023-08-17,41.4775,2,2,2,2.0,At Risk,0,Low Value
7000,302,9,452.87,2019-04-07,2023-03-02,50.31888888888889,1,3,3,2.3000000000000003,Others,3,High Value
7001,21,14,491.17,2019-06-12,2023-12-08,35.08357142857143,5,5,3,4.2,Loyal Customers,2,Premium
7002,37,8,360.49,2020-02-18,2023-11-22,45.06125,4,2,2,2.7,Potential Loyalists,1,Mid Value
7003,87,9,440.2,2019-06-09,2023-10-03,48.91111111111111,2,3,3,2.6500000000000004,Loyal Customers,3,High Value
7004,28,9,355.69,2019-02-17,2023-12-01,39.52111111111111,4,3,2,2.95,Potential Loyalists,1,Mid Value
7005,55,9,653.64,2019-09-27,2023-11-04,72.62666666666667,3,3,4,3.4,Loyal Customers,3,High Value
7006,4,8,941.89,2019-04-22,2023-12-25,117.73625,5,2,5,4.25,Others,2,Premium
7007,37,8,986.02,2019-07-05,2023-11-22,123.2525,4,2,5,3.9,Others,2,Premium
7008,128,4,175.45999999999998,2019-03-22,2023-08-23,43.864999999999995,2,1,1,1.35,Lost,0,Low Value
7009,184,10,348.76,2019-05-24,2023-06-28,34.876,2,3,2,2.25,At Risk,0,Low Value
7010,37,8,314.6,2019-01-21,2023-11-22,39.325,4,2,1,2.3,Potential Loyalists,1,Mid Value
7011,385,13,495.19,2019-08-02,2022-12-09,38.09153846153846,1,5,3,2.8000000000000003,Others,3,High Value
7012,36,14,557.19,2020-01-16,2023-11-23,39.799285714285716,4,5,4,4.25,Champions,2,Premium
7013,9,9,474.25,2019-05-01,2023-12-20,52.69444444444444,5,3,3,3.7,Loyal Customers,1,Mid Value
7014,55,8,298.97,2019-11-12,2023-11-04,37.37125,3,2,1,1.9499999999999997,Potential Loyalists,0,Low Value
7015,15,15,2132.02,2019-03-22,2023-12-14,142.13466666666667,5,5,5,5.0,Champions,2,Premium
7016,9,11,396.59000000000003,2019-11-06,2023-12-20,36.053636363636365,5,4,2,3.55,Others,1,Mid Value
7017,47,8,524.76,2019-11-17,2023-11-12,65.595,3,2,3,2.75,Potential Loyalists,1,Mid Value
7018,238,10,685.67,2019-03-15,2023-05-05,68.567,2,3,4,3.05,Loyal Customers,3,High Value
7019,412,10,448.51,2019-08-18,2022-11-12,44.851,1,3,3,2.3000000000000003,Others,3,High Value
7020,105,5,436.71000000000004,2019-11-26,2023-09-15,87.34200000000001,2,1,3,2.1500000000000004,Others,0,Low Value
7021,81,9,311.35,2019-03-11,2023-10-09,34.59444444444445,3,3,1,2.1999999999999997,Potential Loyalists,1,Mid Value
7022,8,11,1456.29,2019-11-01,2023-12-21,132.39,5,4,5,4.75,Champions,2,Premium
7023,74,12,1282.17,2019-11-20,2023-10-16,106.84750000000001,3,4,5,4.05,Loyal Customers,2,Premium
7024,35,10,454.06,2019-08-18,2023-11-24,45.406,4,3,3,3.35,Loyal Customers,1,Mid Value
7025,52,14,1197.82,2019-05-18,2023-11-07,85.55857142857143,3,5,5,4.3,Loyal Customers,2,Premium
7026,40,11,342.16,2019-08-20,2023-11-19,31.10545454545455,4,4,2,3.2,Others,1,Mid Value
7027,46,9,396.37,2021-11-13,2023-11-13,44.041111111111114,3,3,2,2.5999999999999996,Potential Loyalists,1,Mid Value
7028,114,10,376.8,2019-12-04,2023-09-06,37.68,2,3,2,2.25,At Risk,0,Low Value
7029,37,11,788.4,2019-04-22,2023-11-22,71.67272727272727,4,4,5,4.4,Champions,2,Premium
7030,115,7,519.29,2019-11-27,2023-09-05,74.1842857142857,2,1,3,2.1500000000000004,Others,0,Low Value
7031,81,10,326.68,2019-04-23,2023-10-09,32.668,3,3,2,2.5999999999999996,Potential Loyalists,1,Mid Value
7032,170,14,606.84,2019-10-04,2023-07-12,43.34571428571429,2,5,4,3.55,Loyal Customers,3,High Value
7033,175,15,627.99,2019-01-07,2023-07-07,41.866,2,5,4,3.55,Loyal Customers,3,High Value
7034,176,9,889.94,2020-02-28,2023-07-06,98.88222222222223,2,3,5,3.45,Loyal Customers,3,High Value
7035,49,11,492.04,2019-04-01,2023-11-10,44.730909090909094,3,4,3,3.25,Loyal Customers,3,High Value
7036,40,15,718.97,2020-06-25,2023-11-19,47.931333333333335,4,5,4,4.25,Champions,2,Premium
7037,11,11,757.74,2020-11-11,2023-12-18,68.88545454545455,5,4,4,4.35,Champions,2,Premium
7038,145,8,657.65,2019-02-06,2023-08-06,82.20625,2,2,4,2.8,At Risk,3,High Value
7039,51,9,643.97,2019-09-13,2023-11-08,71.55222222222223,3,3,4,3.4,Loyal Customers,3,High Value
7040,72,11,332.95,2019-01-03,2023-10-18,30.268181818181816,3,4,2,2.8499999999999996,At Risk,1,Mid Value
7041,406,7,236.83,2019-03-05,2022-11-18,33.832857142857144,1,1,1,1.0,Lost,0,Low Value
7042,27,9,357.90999999999997,2019-11-19,2023-12-02,39.76777777777777,4,3,2,2.95,Potential Loyalists,1,Mid Value
7043,266,10,501.40999999999997,2019-01-01,2023-04-07,50.141,1,3,3,2.3000000000000003,Others,3,High Value
7044,118,12,530.46,2019-06-26,2023-09-02,44.205000000000005,2,4,3,2.9000000000000004,Loyal Customers,3,High Value
7045,52,6,169.46,2019-04-25,2023-11-07,28.243333333333336,3,1,1,1.6999999999999997,Potential Loyalists,0,Low Value
7046,1,8,458.71,2019-02-09,2023-12-28,57.33875,5,2,3,3.45,Potential Loyalists,1,Mid Value
7047,422,7,330.57,2019-10-01,2022-11-02,47.22428571428571,1,1,2,1.4,Lost,0,Low Value
7048,336,8,864.9,2019-10-26,2023-01-27,108.1125,1,2,5,2.85,Others,3,High Value
7049,771,5,366.43,2019-12-13,2021-11-18,73.286,1,1,2,1.4,Lost,0,Low Value
7050,414,6,295.68,2019-11-11,2022-11-10,49.28,1,1,1,1.0,Lost,0,Low Value
7051,539,5,229.77,2019-12-16,2022-07-08,45.954,1,1,1,1.0,Lost,0,Low Value
7052,34,6,200.35000000000002,2020-04-18,2023-11-25,33.39166666666667,4,1,1,2.05,Potential Loyalists,1,Mid Value
7053,96,12,847.16,2020-05-24,2023-09-24,70.59666666666666,2,4,5,3.7,Loyal Customers,3,High Value
7054,31,11,704.83,2019-07-13,2023-11-28,64.07545454545455,4,4,4,4.0,Champions,2,Premium
7055,32,12,741.23,2019-08-07,2023-11-27,61.76916666666667,4,4,4,4.0,Champions,2,Premium
7056,295,8,291.46000000000004,2019-07-19,2023-03-09,36.432500000000005,1,2,1,1.25,Lost,0,Low Value
7057,259,6,382.63,2019-11-06,2023-04-14,63.77166666666667,1,1,2,1.4,Lost,0,Low Value
7058,432,9,700.55,2019-02-14,2022-10-23,77.83888888888889,1,3,4,2.7,Others,3,High Value
7059,23,11,837.32,2019-02-03,2023-12-06,76.12,5,4,5,4.75,Champions,2,Premium
7060,96,10,463.71000000000004,2019-09-26,2023-09-24,46.371,2,3,3,2.6500000000000004,Loyal Customers,3,High Value
7061,109,22,892.61,2019-02-11,2023-09-11,40.573181818181816,2,5,5,3.95,Loyal Customers,3,High Value
7062,56,13,517.8,2019-07-28,2023-11-03,39.83076923076923,3,5,3,3.5,Loyal Customers,2,Premium
7063,16,14,434.15999999999997,2019-02-11,2023-12-13,31.01142857142857,5,5,3,4.2,Loyal Customers,2,Premium
7064,44,12,552.3100000000001,2021-07-12,2023-11-15,46.02583333333334,4,4,3,3.6,Loyal Customers,2,Premium
7065,47,10,1077.8799999999999,2019-06-07,2023-11-12,107.78799999999998,3,3,5,3.8,Loyal Customers,3,High Value
7066,35,15,501.03,2019-07-26,2023-11-24,33.402,4,5,3,3.85,Loyal Customers,2,Premium
7067,7,9,535.4200000000001,2020-04-23,2023-12-22,59.49111111111112,5,3,3,3.7,Loyal Customers,1,Mid Value
7068,410,14,977.8299999999999,2019-04-08,2022-11-14,69.845,1,5,5,3.6,Others,3,High Value
7069,32,15,794.54,2019-08-08,2023-11-27,52.96933333333333,4,5,5,4.65,Champions,2,Premium
7070,62,13,554.9300000000001,2019-11-02,2023-10-28,42.68692307692308,3,5,3,3.5,Loyal Customers,2,Premium
7071,1,10,876.12,2019-08-15,2023-12-28,87.612,5,3,5,4.5,Loyal Customers,2,Premium
7072,41,8,322.14,2019-02-06,2023-11-18,40.2675,4,2,2,2.7,Potential Loyalists,1,Mid Value
7073,78,18,835.5600000000001,2019-02-09,2023-10-12,46.42,3,5,5,4.3,Loyal Customers,2,Premium
7074,5,14,818.05,2019-05-16,2023-12-24,58.43214285714286,5,5,5,5.0,Champions,2,Premium
7075,40,11,400.18,2019-01-08,2023-11-19,36.38,4,4,2,3.2,Others,1,Mid Value
7076,53,12,617.24,2019-02-06,2023-11-06,51.43666666666667,3,4,4,3.65,Loyal Customers,3,High Value
7077,31,18,580.36,2019-02-11,2023-11-28,32.242222222222225,4,5,4,4.25,Champions,2,Premium
7078,93,9,267.84000000000003,2019-06-16,2023-09-27,29.760000000000005,2,3,1,1.85,Others,0,Low Value
7079,44,9,307.27,2019-10-16,2023-11-15,34.14111111111111,4,3,1,2.55,Potential Loyalists,1,Mid Value
7080,37,11,1403.53,2019-05-26,2023-11-22,127.59363636363636,4,4,5,4.4,Champions,2,Premium
7081,416,5,274.55,2019-11-14,2022-11-08,54.910000000000004,1,1,1,1.0,Lost,0,Low Value
7082,7,9,452.93,2019-02-23,2023-12-22,50.32555555555555,5,3,3,3.7,Loyal Customers,1,Mid Value
7083,418,10,528.38,2019-10-14,2022-11-06,52.838,1,3,3,2.3000000000000003,Others,3,High Value
7084,136,9,352.36,2019-06-26,2023-08-15,39.15111111111111,2,3,2,2.25,At Risk,0,Low Value
7085,693,9,590.85,2019-01-27,2022-02-04,65.65,1,3,4,2.7,Others,3,High Value
7086,68,14,946.4,2019-01-04,2023-10-22,67.6,3,5,5,4.3,Loyal Customers,2,Premium
7087,118,10,1787.64,2019-01-21,2023-09-02,178.764,2,3,5,3.45,Loyal Customers,3,High Value
7088,37,10,763.01,2020-01-02,2023-11-22,76.301,4,3,4,3.75,Loyal Customers,2,Premium
7089,31,14,950.29,2019-01-02,2023-11-28,67.87785714285714,4,5,5,4.65,Champions,2,Premium
7090,179,10,349.05,2019-10-20,2023-07-03,34.905,2,3,2,2.25,At Risk,0,Low Value
7091,42,8,301.55,2019-10-21,2023-11-17,37.69375,4,2,1,2.3,Potential Loyalists,1,Mid Value
7092,472,9,614.12,2019-02-07,2022-09-13,68.23555555555555,1,3,4,2.7,Others,3,High Value
7093,37,10,533.27,2019-01-13,2023-11-22,53.327,4,3,3,3.35,Loyal Customers,1,Mid Value
7094,72,9,2178.84,2020-02-02,2023-10-18,242.09333333333336,3,3,5,3.8,Loyal Customers,3,High Value
7095,16,8,329.84000000000003,2019-04-07,2023-12-13,41.230000000000004,5,2,2,3.05,Potential Loyalists,1,Mid Value
7096,316,12,447.1,2019-07-16,2023-02-16,37.25833333333333,1,4,3,2.5500000000000003,Others,3,High Value
7097,23,11,454.09000000000003,2019-04-24,2023-12-06,41.28090909090909,5,4,3,3.95,Loyal Customers,2,Premium
7098,35,10,1167.08,2019-01-16,2023-11-24,116.708,4,3,5,4.15,Loyal Customers,2,Premium
7099,26,9,433.52,2019-01-03,2023-12-03,48.16888888888889,4,3,3,3.35,Loyal Customers,1,Mid Value
7100,142,9,320.01,2019-02-19,2023-08-09,35.556666666666665,2,3,2,2.25,At Risk,0,Low Value
7101,20,18,1547.87,2019-04-05,2023-12-09,85.99277777777777,5,5,5,5.0,Champions,2,Premium
7102,84,10,436.87,2020-02-13,2023-10-06,43.687,3,3,3,3.0,Loyal Customers,3,High Value
7103,11,9,323.24,2019-03-24,2023-12-18,35.91555555555556,5,3,2,3.3,Potential Loyalists,1,Mid Value
7104,42,10,329.43,2020-01-10,2023-11-17,32.943,4,3,2,2.95,Potential Loyalists,1,Mid Value
7105,124,12,673.27,2019-02-17,2023-08-27,56.10583333333333,2,4,4,3.3,Loyal Customers,3,High Value
7106,17,16,959.36,2019-07-06,2023-12-12,59.96,5,5,5,5.0,Champions,2,Premium
7107,376,13,2037.52,2019-12-20,2022-12-18,156.7323076923077,1,5,5,3.6,Others,3,High Value
7108,8,9,484.14,2020-09-07,2023-12-21,53.79333333333333,5,3,3,3.7,Loyal Customers,1,Mid Value
7109,1045,6,208.05,2019-05-27,2021-02-17,34.675000000000004,1,1,1,1.0,Lost,0,Low Value
7110,137,8,344.36,2019-05-06,2023-08-14,43.045,2,2,2,2.0,At Risk,0,Low Value
7111,50,9,658.15,2019-02-02,2023-11-09,73.12777777777778,3,3,4,3.4,Loyal Customers,3,High Value
7112,558,8,461.32,2019-06-23,2022-06-19,57.665,1,2,3,2.0500000000000003,Others,0,Low Value
7113,6,15,461.82,2019-06-15,2023-12-23,30.788,5,5,3,4.2,Loyal Customers,2,Premium
7114,100,7,264.12,2019-12-15,2023-09-20,37.73142857142857,2,1,1,1.35,Lost,0,Low Value
7115,20,13,643.02,2019-01-02,2023-12-09,49.46307692307692,5,5,4,4.6,Champions,2,Premium
7116,216,12,508.78999999999996,2019-12-06,2023-05-27,42.399166666666666,2,4,3,2.9000000000000004,Loyal Customers,3,High Value
7117,117,9,342.98,2019-12-07,2023-09-03,38.10888888888889,2,3,2,2.25,At Risk,0,Low Value
7118,26,10,320.11,2020-11-09,2023-12-03,32.011,4,3,2,2.95,Potential Loyalists,1,Mid Value
7119,127,7,390.65999999999997,2019-02-13,2023-08-24,55.808571428571426,2,1,2,1.75,Lost,0,Low Value
7120,114,9,246.67,2019-05-28,2023-09-06,27.407777777777778,2,3,1,1.85,Others,0,Low Value
7121,26,11,915.63,2019-02-11,2023-12-03,83.2390909090909,4,4,5,4.4,Champions,2,Premium
7122,221,5,337.25,2019-02-23,2023-05-22,67.45,2,1,2,1.75,Lost,0,Low Value
7123,67,11,447.66999999999996,2019-02-02,2023-10-23,40.697272727272725,3,4,3,3.25,Loyal Customers,3,High Value
7124,65,9,607.0799999999999,2019-12-13,2023-10-25,67.45333333333332,3,3,4,3.4,Loyal Customers,3,High Value
7125,89,14,549.67,2019-10-21,2023-10-01,39.262142857142855,2,5,3,3.1500000000000004,Loyal Customers,3,High Value
7126,21,7,359.71,2021-10-12,2023-12-08,51.387142857142855,5,1,2,2.8,Potential Loyalists,1,Mid Value
7127,49,7,259.69,2019-10-18,2023-11-10,37.098571428571425,3,1,1,1.6999999999999997,Potential Loyalists,0,Low Value
7128,96,7,844.32,2020-01-05,2023-09-24,120.61714285714287,2,1,5,2.95,Others,3,High Value
7129,387,6,254.17,2019-11-21,2022-12-07,42.361666666666665,1,1,1,1.0,Lost,0,Low Value
7130,172,15,617.78,2019-02-06,2023-07-10,41.18533333333333,2,5,4,3.55,Loyal Customers,3,High Value
7131,478,8,309.11,2019-06-13,2022-09-07,38.63875,1,2,1,1.25,Lost,0,Low Value
7132,129,7,281.92,2019-05-12,2023-08-22,40.27428571428572,2,1,1,1.35,Lost,0,Low Value
7133,32,12,288.06,2019-12-19,2023-11-27,24.005,4,4,1,2.8,Others,1,Mid Value
7134,38,12,774.78,2019-01-17,2023-11-21,64.565,4,4,5,4.4,Champions,2,Premium
7135,413,11,469.03000000000003,2019-11-22,2022-11-11,42.63909090909091,1,4,3,2.5500000000000003,Others,3,High Value
7136,9,10,381.90999999999997,2019-11-15,2023-12-20,38.190999999999995,5,3,2,3.3,Potential Loyalists,1,Mid Value
7137,308,16,552.26,2019-04-01,2023-02-24,34.51625,1,5,3,2.8000000000000003,Others,3,High Value
7138,366,10,303.52,2019-04-12,2022-12-28,30.351999999999997,1,3,1,1.5,Others,0,Low Value
7139,159,8,438.82,2019-02-22,2023-07-23,54.8525,2,2,3,2.4000000000000004,At Risk,0,Low Value
7140,385,8,366.01,2019-03-11,2022-12-09,45.75125,1,2,2,1.65,Lost,0,Low Value
7141,164,7,548.76,2019-09-06,2023-07-18,78.39428571428572,2,1,3,2.1500000000000004,Others,0,Low Value
7142,248,10,690.25,2019-11-26,2023-04-25,69.025,1,3,4,2.7,Others,3,High Value
7143,41,9,400.44,2019-11-09,2023-11-18,44.49333333333333,4,3,2,2.95,Potential Loyalists,1,Mid Value
7144,24,8,442.97,2020-02-18,2023-12-05,55.37125,5,2,3,3.45,Potential Loyalists,1,Mid Value
7145,21,6,227.44,2019-12-22,2023-12-08,37.906666666666666,5,1,1,2.4,Potential Loyalists,1,Mid Value
7146,11,9,656.62,2019-09-15,2023-12-18,72.95777777777778,5,3,4,4.1,Loyal Customers,2,Premium
7147,33,12,513.88,2019-04-19,2023-11-26,42.82333333333333,4,4,3,3.6,Loyal Customers,2,Premium
7148,281,8,278.99,2019-11-20,2023-03-23,34.87375,1,2,1,1.25,Lost,0,Low Value
7149,40,9,473.37,2020-08-06,2023-11-19,52.596666666666664,4,3,3,3.35,Loyal Customers,1,Mid Value
7150,19,9,361.11,2020-04-09,2023-12-10,40.123333333333335,5,3,2,3.3,Potential Loyalists,1,Mid Value
7151,268,8,655.57,2019-12-21,2023-04-05,81.94625,1,2,4,2.45,Others,3,High Value
7152,3,14,682.05,2019-06-01,2023-12-26,48.71785714285714,5,5,4,4.6,Champions,2,Premium
7153,2,17,1181.05,2019-04-12,2023-12-27,69.4735294117647,5,5,5,5.0,Champions,2,Premium
7154,40,8,513.31,2020-08-18,2023-11-19,64.16375,4,2,3,3.1,Potential Loyalists,1,Mid Value
7155,9,11,612.28,2019-05-02,2023-12-20,55.66181818181818,5,4,4,4.35,Champions,2,Premium
7156,41,8,425.34000000000003,2019-11-06,2023-11-18,53.167500000000004,4,2,2,2.7,Potential Loyalists,1,Mid Value
7157,147,11,1093.82,2019-12-06,2023-08-04,99.43818181818182,2,4,5,3.7,Loyal Customers,3,High Value
7158,181,10,394.62,2019-03-14,2023-07-01,39.462,2,3,2,2.25,At Risk,0,Low Value
7159,92,12,353.5,2019-05-20,2023-09-28,29.458333333333332,2,4,2,2.5,At Risk,3,High Value
7160,211,9,361.28,2019-09-12,2023-06-01,40.142222222222216,2,3,2,2.25,At Risk,0,Low Value
7161,331,7,480.58000000000004,2019-03-02,2023-02-01,68.65428571428572,1,1,3,1.8000000000000003,Others,0,Low Value
7162,35,14,583.48,2019-01-25,2023-11-24,41.67714285714286,4,5,4,4.25,Champions,2,Premium
7163,41,10,381.39,2019-08-19,2023-11-18,38.138999999999996,4,3,2,2.95,Potential Loyalists,1,Mid Value
7164,14,8,346.62,2019-05-24,2023-12-15,43.3275,5,2,2,3.05,Potential Loyalists,1,Mid Value
7165,28,11,1589.27,2020-01-08,2023-12-01,144.4790909090909,4,4,5,4.4,Champions,2,Premium
7166,154,10,1825.22,2019-01-24,2023-07-28,182.522,2,3,5,3.45,Loyal Customers,3,High Value
7167,387,12,587.94,2019-11-25,2022-12-07,48.995000000000005,1,4,4,2.95,Others,3,High Value
7168,472,9,264.18,2019-05-24,2022-09-13,29.353333333333335,1,3,1,1.5,Others,0,Low Value
7169,58,14,950.53,2019-11-09,2023-11-01,67.895,3,5,5,4.3,Loyal Customers,2,Premium
7170,665,9,747.1700000000001,2019-08-16,2022-03-04,83.0188888888889,1,3,4,2.7,Others,3,High Value
7171,34,15,887.76,2019-05-21,2023-11-25,59.184,4,5,5,4.65,Champions,2,Premium
7172,21,6,343.43,2019-02-16,2023-12-08,57.23833333333334,5,1,2,2.8,Potential Loyalists,1,Mid Value
7173,42,12,505.44,2019-05-09,2023-11-17,42.12,4,4,3,3.6,Loyal Customers,2,Premium
7174,112,6,159.44,2019-01-24,2023-09-08,26.573333333333334,2,1,1,1.35,Lost,0,Low Value
7175,235,6,591.98,2019-10-02,2023-05-08,98.66333333333334,2,1,4,2.55,Others,0,Low Value
7176,54,13,516.2,2019-09-15,2023-11-05,39.70769230769231,3,5,3,3.5,Loyal Customers,2,Premium
7177,97,9,285.38,2019-06-16,2023-09-23,31.70888888888889,2,3,1,1.85,Others,0,Low Value
7178,148,7,310.90000000000003,2020-10-12,2023-08-03,44.41428571428572,2,1,1,1.35,Lost,0,Low Value
7179,45,11,453.84,2019-06-27,2023-11-14,41.25818181818182,3,4,3,3.25,Loyal Customers,3,High Value
7180,309,18,1237.04,2019-06-22,2023-02-23,68.72444444444444,1,5,5,3.6,Others,3,High Value
7181,40,15,649.49,2019-11-12,2023-11-19,43.29933333333334,4,5,4,4.25,Champions,2,Premium
7182,437,10,487.86,2019-01-07,2022-10-18,48.786,1,3,3,2.3000000000000003,Others,3,High Value
7183,209,4,371.27,2019-12-09,2023-06-03,92.8175,2,1,2,1.75,Lost,0,Low Value
7184,54,8,201.91,2019-08-01,2023-11-05,25.23875,3,2,1,1.9499999999999997,Potential Loyalists,0,Low Value
7185,36,11,697.75,2019-01-21,2023-11-23,63.43181818181818,4,4,4,4.0,Champions,2,Premium
7186,276,9,386.98,2019-08-17,2023-03-28,42.99777777777778,1,3,2,1.9000000000000001,Others,0,Low Value
7187,39,9,475.5,2019-02-06,2023-11-20,52.833333333333336,4,3,3,3.35,Loyal Customers,1,Mid Value
7188,35,17,688.86,2019-01-19,2023-11-24,40.52117647058824,4,5,4,4.25,Champions,2,Premium
7189,316,10,1113.0,2019-01-14,2023-02-16,111.3,1,3,5,3.1,Others,3,High Value
7190,361,8,286.94,2019-11-23,2023-01-02,35.8675,1,2,1,1.25,Lost,0,Low Value
7191,429,10,1056.6100000000001,2019-11-07,2022-10-26,105.66100000000002,1,3,5,3.1,Others,3,High Value
7192,290,8,351.08,2019-03-20,2023-03-14,43.885,1,2,2,1.65,Lost,0,Low Value
7193,398,8,1031.92,2019-08-05,2022-11-26,128.99,1,2,5,2.85,Others,3,High Value
7194,42,8,783.38,2019-06-16,2023-11-17,97.9225,4,2,5,3.9,Others,2,Premium
7195,251,10,326.03,2019-10-26,2023-04-22,32.602999999999994,1,3,2,1.9000000000000001,Others,0,Low Value
7196,34,10,516.69,2019-08-27,2023-11-25,51.669000000000004,4,3,3,3.35,Loyal Customers,1,Mid Value
7197,415,13,1022.49,2019-05-25,2022-11-09,78.65307692307692,1,5,5,3.6,Others,3,High Value
7198,9,7,205.92,2019-02-17,2023-12-20,29.417142857142856,5,1,1,2.4,Potential Loyalists,1,Mid Value
7199,32,16,538.08,2019-09-09,2023-11-27,33.63,4,5,3,3.85,Loyal Customers,2,Premium
7200,237,13,962.07,2019-03-18,2023-05-06,74.00538461538461,2,5,5,3.95,Loyal Customers,3,High Value
7201,48,15,521.11,2019-01-08,2023-11-11,34.74066666666667,3,5,3,3.5,Loyal Customers,2,Premium
7202,181,5,160.99,2019-09-17,2023-07-01,32.198,2,1,1,1.35,Lost,0,Low Value
7203,1,16,1715.3600000000001,2019-09-13,2023-12-28,107.21000000000001,5,5,5,5.0,Champions,2,Premium
7204,54,9,310.56,2019-07-16,2023-11-05,34.50666666666667,3,3,1,2.1999999999999997,Potential Loyalists,1,Mid Value
7205,204,5,207.25,2019-03-01,2023-06-08,41.45,2,1,1,1.35,Lost,0,Low Value
7206,236,10,542.57,2020-08-16,2023-05-07,54.257000000000005,2,3,3,2.6500000000000004,Loyal Customers,3,High Value
7207,16,11,720.93,2019-05-02,2023-12-13,65.5390909090909,5,4,4,4.35,Champions,2,Premium
7208,37,11,406.91,2019-10-24,2023-11-22,36.99181818181818,4,4,2,3.2,Others,1,Mid Value
7209,34,13,534.03,2019-11-03,2023-11-25,41.07923076923077,4,5,3,3.85,Loyal Customers,2,Premium
7210,27,16,2335.38,2019-03-24,2023-12-02,145.96125,4,5,5,4.65,Champions,2,Premium
7211,113,16,651.98,2019-08-24,2023-09-07,40.74875,2,5,4,3.55,Loyal Customers,3,High Value
7212,33,11,354.94,2019-02-25,2023-11-26,32.267272727272726,4,4,2,3.2,Others,1,Mid Value
7213,398,13,688.75,2019-02-08,2022-11-26,52.98076923076923,1,5,4,3.2,Others,3,High Value
7214,78,22,1211.27,2019-06-01,2023-10-12,55.05772727272727,3,5,5,4.3,Loyal Customers,2,Premium
7215,33,15,1151.4099999999999,2019-01-06,2023-11-26,76.76066666666665,4,5,5,4.65,Champions,2,Premium
7216,28,15,482.7,2020-01-13,2023-12-01,32.18,4,5,3,3.85,Loyal Customers,2,Premium
7217,32,13,690.71,2019-09-19,2023-11-27,53.13153846153846,4,5,4,4.25,Champions,2,Premium
7218,161,14,562.23,2019-01-14,2023-07-21,40.159285714285716,2,5,4,3.55,Loyal Customers,3,High Value
7219,200,10,695.03,2019-05-22,2023-06-12,69.503,2,3,4,3.05,Loyal Customers,3,High Value
7220,105,11,433.69,2019-06-03,2023-09-15,39.42636363636364,2,4,3,2.9000000000000004,Loyal Customers,3,High Value
7221,135,10,712.88,2019-03-21,2023-08-16,71.288,2,3,4,3.05,Loyal Customers,3,High Value
7222,31,9,238.4,2019-09-18,2023-11-28,26.48888888888889,4,3,1,2.55,Potential Loyalists,1,Mid Value
7223,240,11,866.62,2019-11-12,2023-05-03,78.78363636363636,2,4,5,3.7,Loyal Customers,3,High Value
7224,26,10,444.71000000000004,2020-05-03,2023-12-03,44.471000000000004,4,3,3,3.35,Loyal Customers,1,Mid Value
7225,37,10,295.72999999999996,2019-08-17,2023-11-22,29.572999999999997,4,3,1,2.55,Potential Loyalists,1,Mid Value
7226,42,13,500.42,2019-01-20,2023-11-17,38.49384615384616,4,5,3,3.85,Loyal Customers,2,Premium
7227,308,3,82.06,2021-10-23,2023-02-24,27.353333333333335,1,1,1,1.0,Lost,0,Low Value
7228,42,9,767.71,2019-07-15,2023-11-17,85.30111111111111,4,3,5,4.15,Loyal Customers,2,Premium
7229,43,10,319.89,2020-02-24,2023-11-16,31.988999999999997,4,3,2,2.95,Potential Loyalists,1,Mid Value
7230,57,6,927.46,2021-08-24,2023-11-02,154.57666666666668,3,1,5,3.3,Others,3,High Value
7231,3,7,302.81,2019-11-16,2023-12-26,43.25857142857143,5,1,1,2.4,Potential Loyalists,1,Mid Value
7232,28,6,927.03,2021-06-22,2023-12-01,154.505,4,1,5,3.65,Others,1,Mid Value
7233,393,7,715.7,2019-03-07,2022-12-01,102.24285714285715,1,1,4,2.2,Others,0,Low Value
7234,53,15,1341.8,2019-10-03,2023-11-06,89.45333333333333,3,5,5,4.3,Loyal Customers,2,Premium
7235,83,10,292.64,2019-05-09,2023-10-07,29.264,3,3,1,2.1999999999999997,Potential Loyalists,1,Mid Value
7236,14,10,656.11,2020-10-18,2023-12-15,65.611,5,3,4,4.1,Loyal Customers,2,Premium
7237,543,8,348.22,2019-07-20,2022-07-04,43.5275,1,2,2,1.65,Lost,0,Low Value
7238,370,5,165.51999999999998,2020-08-21,2022-12-24,33.104,1,1,1,1.0,Lost,0,Low Value
7239,34,8,406.72,2019-11-26,2023-11-25,50.84,4,2,2,2.7,Potential Loyalists,1,Mid Value
7240,237,11,387.03,2020-11-22,2023-05-06,35.18454545454545,2,4,2,2.5,At Risk,3,High Value
7241,23,19,663.45,2019-04-06,2023-12-06,34.91842105263158,5,5,4,4.6,Champions,2,Premium
7242,168,6,184.75,2019-03-03,2023-07-14,30.791666666666668,2,1,1,1.35,Lost,0,Low Value
7243,218,9,287.46000000000004,2019-04-16,2023-05-25,31.940000000000005,2,3,1,1.85,Others,0,Low Value
7244,42,6,203.92000000000002,2020-11-18,2023-11-17,33.98666666666667,4,1,1,2.05,Potential Loyalists,1,Mid Value
7245,4,14,825.43,2019-05-09,2023-12-25,58.95928571428571,5,5,5,5.0,Champions,2,Premium
7246,12,9,618.72,2019-11-14,2023-12-17,68.74666666666667,5,3,4,4.1,Loyal Customers,2,Premium
7247,117,10,459.94,2019-01-22,2023-09-03,45.994,2,3,3,2.6500000000000004,Loyal Customers,3,High Value
7248,450,9,390.15,2019-01-21,2022-10-05,43.349999999999994,1,3,2,1.9000000000000001,Others,0,Low Value
7249,156,7,624.0899999999999,2019-03-10,2023-07-26,89.15571428571427,2,1,4,2.55,Others,0,Low Value
7250,2,7,320.31,2021-05-20,2023-12-27,45.75857142857143,5,1,2,2.8,Potential Loyalists,1,Mid Value
7251,144,10,483.73,2019-08-05,2023-08-07,48.373000000000005,2,3,3,2.6500000000000004,Loyal Customers,3,High Value
7252,104,6,252.82,2019-10-02,2023-09-16,42.13666666666666,2,1,1,1.35,Lost,0,Low Value
7253,221,15,606.5,2019-02-21,2023-05-22,40.43333333333333,2,5,4,3.55,Loyal Customers,3,High Value
7254,58,15,900.56,2019-01-17,2023-11-01,60.03733333333333,3,5,5,4.3,Loyal Customers,2,Premium
7255,3,10,998.0,2019-10-08,2023-12-26,99.8,5,3,5,4.5,Loyal Customers,2,Premium
7256,39,6,355.46000000000004,2019-05-16,2023-11-20,59.24333333333334,4,1,2,2.45,Potential Loyalists,1,Mid Value
7257,376,12,376.8,2019-08-02,2022-12-18,31.400000000000002,1,4,2,2.1500000000000004,Others,3,High Value
7258,285,10,638.73,2019-05-03,2023-03-19,63.873000000000005,1,3,4,2.7,Others,3,High Value
7259,2,10,466.33,2020-05-14,2023-12-27,46.632999999999996,5,3,3,3.7,Loyal Customers,1,Mid Value
7260,40,5,318.08,2019-08-11,2023-11-19,63.616,4,1,2,2.45,Potential Loyalists,1,Mid Value
7261,46,10,433.12,2019-11-04,2023-11-13,43.312,3,3,3,3.0,Loyal Customers,3,High Value
7262,37,12,549.2,2019-05-11,2023-11-22,45.76666666666667,4,4,3,3.6,Loyal Customers,2,Premium
7263,97,9,449.85,2019-02-14,2023-09-23,49.983333333333334,2,3,3,2.6500000000000004,Loyal Customers,3,High Value
7264,3,12,372.07,2019-01-16,2023-12-26,31.00583333333333,5,4,2,3.55,Others,1,Mid Value
7265,375,8,587.51,2020-01-25,2022-12-19,73.43875,1,2,4,2.45,Others,3,High Value
7266,116,9,287.99,2019-11-03,2023-09-04,31.99888888888889,2,3,1,1.85,Others,0,Low Value
7267,25,18,1414.4,2019-04-23,2023-12-04,78.57777777777778,4,5,5,4.65,Champions,2,Premium
7268,47,16,455.31,2019-03-14,2023-11-12,28.456875,3,5,3,3.5,Loyal Customers,2,Premium
7269,490,4,150.51,2019-12-04,2022-08-26,37.6275,1,1,1,1.0,Lost,0,Low Value
7270,83,17,845.65,2019-07-28,2023-10-07,49.74411764705882,3,5,5,4.3,Loyal Customers,2,Premium
7271,7,10,785.6800000000001,2019-11-04,2023-12-22,78.56800000000001,5,3,5,4.5,Loyal Customers,2,Premium
7272,195,15,1254.67,2019-02-03,2023-06-17,83.64466666666667,2,5,5,3.95,Loyal Customers,3,High Value
7273,48,10,408.04,2019-05-20,2023-11-11,40.804,3,3,2,2.5999999999999996,Potential Loyalists,1,Mid Value
7274,35,13,783.51,2019-08-22,2023-11-24,60.269999999999996,4,5,5,4.65,Champions,2,Premium
7275,69,16,894.23,2019-01-14,2023-10-21,55.889375,3,5,5,4.3,Loyal Customers,2,Premium
7276,13,7,316.07,2019-06-05,2023-12-16,45.152857142857144,5,1,1,2.4,Potential Loyalists,1,Mid Value
7277,17,7,339.61,2019-02-24,2023-12-12,48.51571428571429,5,1,2,2.8,Potential Loyalists,1,Mid Value
7278,18,8,249.38,2019-02-08,2023-12-11,31.1725,5,2,1,2.65,Potential Loyalists,1,Mid Value
7279,22,8,724.25,2019-03-23,2023-12-07,90.53125,5,2,4,3.85,Others,1,Mid Value
7280,196,5,147.12,2021-09-13,2023-06-16,29.424,2,1,1,1.35,Lost,0,Low Value
7281,20,7,366.27,2021-10-18,2023-12-09,52.324285714285715,5,1,2,2.8,Potential Loyalists,1,Mid Value
7282,46,11,775.6700000000001,2019-07-06,2023-11-13,70.51545454545455,3,4,5,4.05,Loyal Customers,2,Premium
7283,343,4,209.49,2020-01-07,2023-01-20,52.3725,1,1,1,1.0,Lost,0,Low Value
7284,307,7,258.23,2020-02-28,2023-02-25,36.89,1,1,1,1.0,Lost,0,Low Value
7285,50,10,699.83,2019-07-24,2023-11-09,69.983,3,3,4,3.4,Loyal Customers,3,High Value
7286,249,9,1063.1100000000001,2019-08-03,2023-04-24,118.12333333333335,1,3,5,3.1,Others,3,High Value
7287,24,6,461.72,2020-10-15,2023-12-05,76.95333333333333,5,1,3,3.2,Potential Loyalists,1,Mid Value
7288,53,11,431.91,2019-05-05,2023-11-06,39.264545454545456,3,4,3,3.25,Loyal Customers,3,High Value
7289,261,10,564.16,2019-06-15,2023-04-12,56.416,1,3,4,2.7,Others,3,High Value
7290,27,9,352.43,2019-02-17,2023-12-02,39.15888888888889,4,3,2,2.95,Potential Loyalists,1,Mid Value
7291,9,9,665.04,2019-03-26,2023-12-20,73.89333333333333,5,3,4,4.1,Loyal Customers,2,Premium
7292,448,8,314.87,2019-01-06,2022-10-07,39.35875,1,2,1,1.25,Lost,0,Low Value
7293,18,7,229.37,2019-11-11,2023-12-11,32.76714285714286,5,1,1,2.4,Potential Loyalists,1,Mid Value
7294,125,10,678.09,2019-01-23,2023-08-26,67.809,2,3,4,3.05,Loyal Customers,3,High Value
7295,146,12,816.9499999999999,2019-03-10,2023-08-05,68.07916666666667,2,4,5,3.7,Loyal Customers,3,High Value
7296,159,10,374.61,2019-12-12,2023-07-23,37.461,2,3,2,2.25,At Risk,0,Low Value
7297,25,13,999.69,2019-06-28,2023-12-04,76.89923076923077,4,5,5,4.65,Champions,2,Premium
7298,47,11,578.23,2019-09-18,2023-11-12,52.56636363636364,3,4,4,3.65,Loyal Customers,3,High Value
7299,49,11,642.0400000000001,2019-02-27,2023-11-10,58.367272727272734,3,4,4,3.65,Loyal Customers,3,High Value
7300,662,8,375.95,2019-08-15,2022-03-07,46.99375,1,2,2,1.65,Lost,0,Low Value
7301,16,16,561.23,2019-02-10,2023-12-13,35.076875,5,5,4,4.6,Champions,2,Premium
7302,393,6,612.85,2019-04-25,2022-12-01,102.14166666666667,1,1,4,2.2,Others,0,Low Value
7303,42,8,868.1800000000001,2020-05-07,2023-11-17,108.52250000000001,4,2,5,3.9,Others,2,Premium
7304,24,6,859.75,2020-09-19,2023-12-05,143.29166666666666,5,1,5,4.0,Others,1,Mid Value
7305,33,15,758.37,2019-07-25,2023-11-26,50.558,4,5,4,4.25,Champions,2,Premium
7306,49,12,662.59,2019-10-06,2023-11-10,55.215833333333336,3,4,4,3.65,Loyal Customers,3,High Value
7307,41,10,376.71,2019-02-12,2023-11-18,37.671,4,3,2,2.95,Potential Loyalists,1,Mid Value
7308,3,16,511.21999999999997,2019-10-26,2023-12-26,31.951249999999998,5,5,3,4.2,Loyal Customers,2,Premium
7309,382,6,246.99,2019-09-06,2022-12-12,41.165,1,1,1,1.0,Lost,0,Low Value
7310,39,7,498.87,2019-05-15,2023-11-20,71.26714285714286,4,1,3,2.85,Potential Loyalists,1,Mid Value
7311,195,10,624.11,2019-04-26,2023-06-17,62.411,2,3,4,3.05,Loyal Customers,3,High Value
7312,5,9,303.78999999999996,2019-07-08,2023-12-24,33.75444444444444,5,3,1,2.9,Potential Loyalists,1,Mid Value
7313,55,8,271.58,2019-05-04,2023-11-04,33.9475,3,2,1,1.9499999999999997,Potential Loyalists,0,Low Value
7314,52,10,606.19,2019-02-04,2023-11-07,60.61900000000001,3,3,4,3.4,Loyal Customers,3,High Value
7315,375,12,486.84000000000003,2019-07-11,2022-12-19,40.57,1,4,3,2.5500000000000003,Others,3,High Value
7316,285,13,814.53,2019-05-01,2023-03-19,62.65615384615384,1,5,5,3.6,Others,3,High Value
7317,770,7,459.90999999999997,2019-08-13,2021-11-19,65.70142857142856,1,1,3,1.8000000000000003,Others,0,Low Value
7318,223,12,763.76,2020-06-02,2023-05-20,63.64666666666667,2,4,4,3.3,Loyal Customers,3,High Value
7319,54,10,856.5799999999999,2019-01-11,2023-11-05,85.65799999999999,3,3,5,3.8,Loyal Customers,3,High Value
7320,264,9,372.7,2019-10-13,2023-04-09,41.41111111111111,1,3,2,1.9000000000000001,Others,0,Low Value
7321,884,7,508.98,2019-02-05,2021-07-28,72.71142857142857,1,1,3,1.8000000000000003,Others,0,Low Value
7322,9,7,364.6,2019-11-16,2023-12-20,52.08571428571429,5,1,2,2.8,Potential Loyalists,1,Mid Value
7323,129,8,236.10000000000002,2019-06-27,2023-08-22,29.512500000000003,2,2,1,1.6,Lost,0,Low Value
7324,46,13,590.21,2019-04-19,2023-11-13,45.400769230769235,3,5,4,3.9,Loyal Customers,2,Premium
7325,400,8,754.21,2019-05-08,2022-11-24,94.27625,1,2,4,2.45,Others,3,High Value
7326,23,7,346.22,2020-06-24,2023-12-06,49.46,5,1,2,2.8,Potential Loyalists,1,Mid Value
7327,47,7,269.14,2019-11-02,2023-11-12,38.44857142857143,3,1,1,1.6999999999999997,Potential Loyalists,0,Low Value
7328,677,7,468.88,2019-01-20,2022-02-20,66.98285714285714,1,1,3,1.8000000000000003,Others,0,Low Value
7329,206,11,562.93,2019-12-15,2023-06-06,51.17545454545454,2,4,4,3.3,Loyal Customers,3,High Value
7330,21,17,683.78,2019-08-27,2023-12-08,40.22235294117647,5,5,4,4.6,Champions,2,Premium
7331,179,10,343.65,2019-02-28,2023-07-03,34.364999999999995,2,3,2,2.25,At Risk,0,Low Value
7332,44,7,389.83000000000004,2020-03-16,2023-11-15,55.690000000000005,4,1,2,2.45,Potential Loyalists,1,Mid Value
7333,252,10,968.84,2019-01-01,2023-04-21,96.884,1,3,5,3.1,Others,3,High Value
7334,390,9,328.75,2019-09-21,2022-12-04,36.52777777777778,1,3,2,1.9000000000000001,Others,0,Low Value
7335,37,10,494.06,2019-04-23,2023-11-22,49.406,4,3,3,3.35,Loyal Customers,1,Mid Value
7336,168,6,251.04999999999998,2019-08-07,2023-07-14,41.84166666666666,2,1,1,1.35,Lost,0,Low Value
7337,21,10,463.03000000000003,2020-08-08,2023-12-08,46.303000000000004,5,3,3,3.7,Loyal Customers,1,Mid Value
7338,23,6,211.36,2021-05-25,2023-12-06,35.22666666666667,5,1,1,2.4,Potential Loyalists,1,Mid Value
7339,458,7,225.51999999999998,2019-06-07,2022-09-27,32.21714285714285,1,1,1,1.0,Lost,0,Low Value
7340,71,14,748.28,2019-10-14,2023-10-19,53.44857142857143,3,5,4,3.9,Loyal Customers,2,Premium
7341,143,7,229.15,2019-03-19,2023-08-08,32.73571428571429,2,1,1,1.35,Lost,0,Low Value
7342,691,9,393.26,2019-04-12,2022-02-06,43.69555555555556,1,3,2,1.9000000000000001,Others,0,Low Value
7343,28,6,599.27,2021-07-19,2023-12-01,99.87833333333333,4,1,4,3.25,Others,1,Mid Value
7344,2,11,1226.17,2019-11-19,2023-12-27,111.47000000000001,5,4,5,4.75,Champions,2,Premium
7345,400,7,182.55,2019-07-10,2022-11-24,26.07857142857143,1,1,1,1.0,Lost,0,Low Value
7346,32,15,877.25,2019-12-15,2023-11-27,58.483333333333334,4,5,5,4.65,Champions,2,Premium
7347,106,12,619.47,2019-03-01,2023-09-14,51.6225,2,4,4,3.3,Loyal Customers,3,High Value
7348,23,11,797.43,2020-08-05,2023-12-06,72.49363636363636,5,4,5,4.75,Champions,2,Premium
7349,104,11,711.03,2019-05-13,2023-09-16,64.63909090909091,2,4,4,3.3,Loyal Customers,3,High Value
7350,310,10,1432.76,2019-03-17,2023-02-22,143.276,1,3,5,3.1,Others,3,High Value
7351,209,10,481.73,2019-08-17,2023-06-03,48.173,2,3,3,2.6500000000000004,Loyal Customers,3,High Value
7352,62,6,182.99,2019-02-02,2023-10-28,30.498333333333335,3,1,1,1.6999999999999997,Potential Loyalists,0,Low Value
7353,166,8,410.6,2019-11-21,2023-07-16,51.325,2,2,2,2.0,At Risk,0,Low Value
7354,57,12,448.99,2019-01-12,2023-11-02,37.41583333333333,3,4,3,3.25,Loyal Customers,3,High Value
7355,68,12,445.06,2019-11-11,2023-10-22,37.08833333333333,3,4,3,3.25,Loyal Customers,3,High Value
7356,328,7,289.35,2019-11-24,2023-02-04,41.33571428571429,1,1,1,1.0,Lost,0,Low Value
7357,215,9,289.52,2020-10-23,2023-05-28,32.16888888888889,2,3,1,1.85,Others,0,Low Value
7358,262,9,276.29,2019-02-18,2023-04-11,30.69888888888889,1,3,1,1.5,Others,0,Low Value
7359,2,8,425.63,2019-08-27,2023-12-27,53.20375,5,2,2,3.05,Potential Loyalists,1,Mid Value
7360,9,10,350.51,2019-11-07,2023-12-20,35.051,5,3,2,3.3,Potential Loyalists,1,Mid Value
7361,256,8,271.3,2021-02-08,2023-04-17,33.9125,1,2,1,1.25,Lost,0,Low Value
7362,42,10,320.81,2019-06-27,2023-11-17,32.081,4,3,2,2.95,Potential Loyalists,1,Mid Value
7363,56,16,791.54,2019-05-25,2023-11-03,49.47125,3,5,5,4.3,Loyal Customers,2,Premium
7364,38,15,572.24,2019-12-18,2023-11-21,38.14933333333333,4,5,4,4.25,Champions,2,Premium
7365,39,18,1345.5,2019-01-12,2023-11-20,74.75,4,5,5,4.65,Champions,2,Premium
7366,82,7,356.33,2019-12-12,2023-10-08,50.90428571428571,3,1,2,2.0999999999999996,Potential Loyalists,0,Low Value
7367,52,10,521.85,2019-11-09,2023-11-07,52.185,3,3,3,3.0,Loyal Customers,3,High Value
7368,35,12,862.46,2019-09-01,2023-11-24,71.87166666666667,4,4,5,4.4,Champions,2,Premium
7369,33,11,412.74,2020-03-01,2023-11-26,37.52181818181818,4,4,2,3.2,Others,1,Mid Value
7370,211,4,185.07,2021-03-26,2023-06-01,46.2675,2,1,1,1.35,Lost,0,Low Value
7371,66,9,389.09000000000003,2019-02-01,2023-10-24,43.23222222222223,3,3,2,2.5999999999999996,Potential Loyalists,1,Mid Value
7372,112,8,224.1,2019-07-13,2023-09-08,28.0125,2,2,1,1.6,Lost,0,Low Value
7373,73,5,178.43,2019-06-19,2023-10-17,35.686,3,1,1,1.6999999999999997,Potential Loyalists,0,Low Value
7374,24,13,1050.62,2019-08-26,2023-12-05,80.81692307692308,5,5,5,5.0,Champions,2,Premium
7375,142,10,442.44,2019-04-06,2023-08-09,44.244,2,3,3,2.6500000000000004,Loyal Customers,3,High Value
7376,65,8,1340.47,2019-08-10,2023-10-25,167.55875,3,2,5,3.55,At Risk,3,High Value
7377,142,10,502.48,2019-08-07,2023-08-09,50.248000000000005,2,3,3,2.6500000000000004,Loyal Customers,3,High Value
7378,117,10,563.08,2019-05-21,2023-09-03,56.30800000000001,2,3,4,3.05,Loyal Customers,3,High Value
7379,85,7,238.28,2019-10-17,2023-10-05,34.04,3,1,1,1.6999999999999997,Potential Loyalists,0,Low Value
7380,382,8,534.77,2019-10-04,2022-12-12,66.84625,1,2,3,2.0500000000000003,Others,0,Low Value
7381,33,9,362.5,2019-09-18,2023-11-26,40.27777777777778,4,3,2,2.95,Potential Loyalists,1,Mid Value
7382,97,15,522.25,2019-02-22,2023-09-23,34.81666666666667,2,5,3,3.1500000000000004,Loyal Customers,3,High Value
7383,177,14,1256.7,2019-03-11,2023-07-05,89.76428571428572,2,5,5,3.95,Loyal Customers,3,High Value
7384,55,14,446.65999999999997,2020-01-22,2023-11-04,31.904285714285713,3,5,3,3.5,Loyal Customers,2,Premium
7385,2,10,407.9,2019-01-15,2023-12-27,40.79,5,3,2,3.3,Potential Loyalists,1,Mid Value
7386,7,14,1973.14,2019-04-18,2023-12-22,140.93857142857144,5,5,5,5.0,Champions,2,Premium
7387,23,14,628.42,2019-10-02,2023-12-06,44.887142857142855,5,5,4,4.6,Champions,2,Premium
7388,86,5,219.07,2019-09-18,2023-10-04,43.814,2,1,1,1.35,Lost,0,Low Value
7389,51,15,718.91,2019-06-06,2023-11-08,47.92733333333333,3,5,4,3.9,Loyal Customers,2,Premium
7390,21,14,513.55,2019-05-28,2023-12-08,36.68214285714286,5,5,3,4.2,Loyal Customers,2,Premium
7391,48,14,890.85,2019-11-02,2023-11-11,63.63214285714286,3,5,5,4.3,Loyal Customers,2,Premium
7392,56,10,733.08,2019-01-17,2023-11-03,73.308,3,3,4,3.4,Loyal Customers,3,High Value
7393,24,16,539.21,2019-04-12,2023-12-05,33.700625,5,5,3,4.2,Loyal Customers,2,Premium
7394,113,12,406.19,2019-01-06,2023-09-07,33.84916666666667,2,4,2,2.5,At Risk,3,High Value
7395,175,9,584.7,2019-10-04,2023-07-07,64.96666666666667,2,3,4,3.05,Loyal Customers,3,High Value
7396,255,7,312.11,2019-06-13,2023-04-18,44.58714285714286,1,1,1,1.0,Lost,0,Low Value
7397,34,15,1139.27,2019-06-11,2023-11-25,75.95133333333334,4,5,5,4.65,Champions,2,Premium
7398,48,15,2292.0099999999998,2019-04-09,2023-11-11,152.80066666666664,3,5,5,4.3,Loyal Customers,2,Premium
7399,119,7,233.66,2019-08-03,2023-09-01,33.38,2,1,1,1.35,Lost,0,Low Value
7400,236,14,1156.66,2019-09-11,2023-05-07,82.61857142857143,2,5,5,3.95,Loyal Customers,3,High Value
7401,18,8,297.99,2020-01-19,2023-12-11,37.24875,5,2,1,2.65,Potential Loyalists,1,Mid Value
7402,112,12,821.3399999999999,2019-03-22,2023-09-08,68.445,2,4,5,3.7,Loyal Customers,3,High Value
7403,23,11,858.52,2019-08-12,2023-12-06,78.04727272727273,5,4,5,4.75,Champions,2,Premium
7404,50,8,289.82,2019-01-28,2023-11-09,36.2275,3,2,1,1.9499999999999997,Potential Loyalists,0,Low Value
7405,324,11,683.45,2019-11-16,2023-02-08,62.13181818181818,1,4,4,2.95,Others,3,High Value
7406,33,13,514.96,2019-07-13,2023-11-26,39.612307692307695,4,5,3,3.85,Loyal Customers,2,Premium
7407,23,13,1572.3,2019-10-01,2023-12-06,120.94615384615385,5,5,5,5.0,Champions,2,Premium
7408,723,9,307.15,2019-02-09,2022-01-05,34.12777777777777,1,3,1,1.5,Others,0,Low Value
7409,11,17,673.66,2019-06-11,2023-12-18,39.62705882352941,5,5,4,4.6,Champions,2,Premium
7410,37,15,856.7099999999999,2019-02-19,2023-11-22,57.114,4,5,5,4.65,Champions,2,Premium
7411,53,15,869.93,2019-11-03,2023-11-06,57.99533333333333,3,5,5,4.3,Loyal Customers,2,Premium
7412,33,13,394.87,2019-09-20,2023-11-26,30.374615384615385,4,5,2,3.45,Others,2,Premium
7413,39,14,537.66,2019-11-05,2023-11-20,38.40428571428571,4,5,3,3.85,Loyal Customers,2,Premium
7414,408,9,423.75,2019-09-20,2022-11-16,47.083333333333336,1,3,2,1.9000000000000001,Others,0,Low Value
7415,24,14,759.06,2019-04-20,2023-12-05,54.21857142857142,5,5,4,4.6,Champions,2,Premium
7416,3,12,592.53,2019-08-22,2023-12-26,49.3775,5,4,4,4.35,Champions,2,Premium
7417,10,10,394.84000000000003,2020-01-24,2023-12-19,39.484,5,3,2,3.3,Potential Loyalists,1,Mid Value
7418,313,14,746.7,2019-03-10,2023-02-19,53.33571428571429,1,5,4,3.2,Others,3,High Value
7419,368,4,295.94,2019-05-22,2022-12-26,73.985,1,1,1,1.0,Lost,0,Low Value
7420,39,7,910.76,2019-08-03,2023-11-20,130.10857142857142,4,1,5,3.65,Others,1,Mid Value
7421,462,11,516.35,2019-03-26,2022-09-23,46.940909090909095,1,4,3,2.5500000000000003,Others,3,High Value
7422,38,10,617.1,2019-05-10,2023-11-21,61.71,4,3,4,3.75,Loyal Customers,2,Premium
7423,236,7,266.94,2019-09-09,2023-05-07,38.13428571428572,2,1,1,1.35,Lost,0,Low Value
7424,39,10,2083.7599999999998,2019-03-11,2023-11-20,208.37599999999998,4,3,5,4.15,Loyal Customers,2,Premium
7425,87,10,681.79,2019-06-27,2023-10-03,68.179,2,3,4,3.05,Loyal Customers,3,High Value
7426,241,10,325.45,2020-06-07,2023-05-02,32.545,2,3,2,2.25,At Risk,0,Low Value
7427,386,6,562.22,2019-12-14,2022-12-08,93.70333333333333,1,1,4,2.2,Others,0,Low Value
7428,52,17,1778.1399999999999,2019-04-18,2023-11-07,104.59647058823529,3,5,5,4.3,Loyal Customers,2,Premium
7429,418,5,482.24,2020-07-27,2022-11-06,96.44800000000001,1,1,3,1.8000000000000003,Others,0,Low Value
7430,20,14,1002.02,2019-02-02,2023-12-09,71.57285714285715,5,5,5,5.0,Champions,2,Premium
7431,78,8,581.55,2019-11-11,2023-10-12,72.69375,3,2,4,3.15,At Risk,3,High Value
7432,6,6,433.03,2020-04-08,2023-12-23,72.17166666666667,5,1,3,3.2,Potential Loyalists,1,Mid Value
7433,220,9,315.40999999999997,2019-12-21,2023-05-23,35.04555555555555,2,3,1,1.85,Others,0,Low Value
7434,47,10,1575.13,2019-01-14,2023-11-12,157.513,3,3,5,3.8,Loyal Customers,3,High Value
7435,79,11,339.83,2019-07-22,2023-10-11,30.89363636363636,3,4,2,2.8499999999999996,At Risk,1,Mid Value
7436,85,6,227.91,2020-11-18,2023-10-05,37.985,3,1,1,1.6999999999999997,Potential Loyalists,0,Low Value
7437,232,10,508.5,2019-10-01,2023-05-11,50.85,2,3,3,2.6500000000000004,Loyal Customers,3,High Value
7438,17,2,88.84,2022-06-15,2023-12-12,44.42,5,1,1,2.4,Potential Loyalists,1,Mid Value
7439,48,6,395.28999999999996,2019-04-10,2023-11-11,65.88166666666666,3,1,2,2.0999999999999996,Potential Loyalists,0,Low Value
7440,33,8,453.79,2019-10-17,2023-11-26,56.72375,4,2,3,3.1,Potential Loyalists,1,Mid Value
7441,66,10,388.23,2019-11-28,2023-10-24,38.823,3,3,2,2.5999999999999996,Potential Loyalists,1,Mid Value
7442,63,4,146.05,2020-09-28,2023-10-27,36.5125,3,1,1,1.6999999999999997,Potential Loyalists,0,Low Value
7443,57,16,588.6899999999999,2019-07-06,2023-11-02,36.793124999999996,3,5,4,3.9,Loyal Customers,2,Premium
7444,239,8,496.37,2019-12-22,2023-05-04,62.04625,2,2,3,2.4000000000000004,At Risk,0,Low Value
7445,822,6,285.26,2019-05-20,2021-09-28,47.54333333333333,1,1,1,1.0,Lost,0,Low Value
7446,33,7,249.2,2019-06-27,2023-11-26,35.6,4,1,1,2.05,Potential Loyalists,1,Mid Value
7447,9,16,626.45,2019-10-22,2023-12-20,39.153125,5,5,4,4.6,Champions,2,Premium
7448,51,10,623.85,2019-07-16,2023-11-08,62.385000000000005,3,3,4,3.4,Loyal Customers,3,High Value
7449,145,5,192.1,2019-09-15,2023-08-06,38.42,2,1,1,1.35,Lost,0,Low Value
7450,41,4,247.22,2020-03-15,2023-11-18,61.805,4,1,1,2.05,Potential Loyalists,1,Mid Value
7451,4,14,594.05,2019-01-10,2023-12-25,42.43214285714286,5,5,4,4.6,Champions,2,Premium
7452,622,7,261.34,2019-02-16,2022-04-16,37.33428571428571,1,1,1,1.0,Lost,0,Low Value
7453,415,8,507.97,2019-10-23,2022-11-09,63.49625,1,2,3,2.0500000000000003,Others,0,Low Value
7454,55,9,320.8,2020-05-21,2023-11-04,35.644444444444446,3,3,2,2.5999999999999996,Potential Loyalists,1,Mid Value
7455,8,11,721.24,2019-05-03,2023-12-21,65.56727272727272,5,4,4,4.35,Champions,2,Premium
7456,38,10,663.5,2019-01-07,2023-11-21,66.35,4,3,4,3.75,Loyal Customers,2,Premium
7457,251,11,672.29,2019-11-11,2023-04-22,61.11727272727273,1,4,4,2.95,Others,3,High Value
7458,1205,2,120.13,2019-10-17,2020-09-10,60.065,1,1,1,1.0,Lost,0,Low Value
7459,1,11,750.55,2019-11-02,2023-12-28,68.23181818181818,5,4,4,4.35,Champions,2,Premium
7460,1,7,371.90999999999997,2020-04-05,2023-12-28,53.129999999999995,5,1,2,2.8,Potential Loyalists,1,Mid Value
7461,68,8,301.86,2019-01-05,2023-10-22,37.7325,3,2,1,1.9499999999999997,Potential Loyalists,0,Low Value
7462,403,4,111.78,2019-04-07,2022-11-21,27.945,1,1,1,1.0,Lost,0,Low Value
7463,65,8,501.62,2019-02-02,2023-10-25,62.7025,3,2,3,2.75,Potential Loyalists,1,Mid Value
7464,73,13,1629.1299999999999,2019-03-18,2023-10-17,125.3176923076923,3,5,5,4.3,Loyal Customers,2,Premium
7465,399,6,148.62,2019-10-12,2022-11-25,24.77,1,1,1,1.0,Lost,0,Low Value
7466,11,11,388.48,2019-07-05,2023-12-18,35.31636363636364,5,4,2,3.55,Others,1,Mid Value
7467,22,8,450.48,2020-02-26,2023-12-07,56.31,5,2,3,3.45,Potential Loyalists,1,Mid Value
7468,63,8,428.96000000000004,2020-06-06,2023-10-27,53.620000000000005,3,2,3,2.75,Potential Loyalists,1,Mid Value
7469,286,13,953.69,2019-07-09,2023-03-18,73.36076923076924,1,5,5,3.6,Others,3,High Value
7470,259,9,568.71,2019-02-23,2023-04-14,63.190000000000005,1,3,4,2.7,Others,3,High Value
7471,51,8,547.6500000000001,2019-12-09,2023-11-08,68.45625000000001,3,2,3,2.75,Potential Loyalists,1,Mid Value
7472,129,10,1159.8799999999999,2019-11-12,2023-08-22,115.98799999999999,2,3,5,3.45,Loyal Customers,3,High Value
7473,31,11,376.09000000000003,2019-03-22,2023-11-28,34.190000000000005,4,4,2,3.2,Others,1,Mid Value
7474,131,7,797.8199999999999,2019-05-01,2023-08-20,113.9742857142857,2,1,5,2.95,Others,3,High Value
7475,157,6,248.34,2019-11-21,2023-07-25,41.39,2,1,1,1.35,Lost,0,Low Value
7476,45,6,236.12,2019-11-20,2023-11-14,39.35333333333333,3,1,1,1.6999999999999997,Potential Loyalists,0,Low Value
7477,80,12,477.28,2019-04-08,2023-10-10,39.77333333333333,3,4,3,3.25,Loyal Customers,3,High Value
7478,403,6,514.02,2019-06-06,2022-11-21,85.67,1,1,3,1.8000000000000003,Others,0,Low Value
7479,43,8,899.3299999999999,2019-07-24,2023-11-16,112.41624999999999,4,2,5,3.9,Others,2,Premium
7480,97,13,555.93,2019-04-03,2023-09-23,42.76384615384615,2,5,4,3.55,Loyal Customers,3,High Value
7481,104,12,518.82,2019-03-06,2023-09-16,43.23500000000001,2,4,3,2.9000000000000004,Loyal Customers,3,High Value
7482,337,10,315.12,2019-04-06,2023-01-26,31.512,1,3,1,1.5,Others,0,Low Value
7483,420,9,1077.1100000000001,2019-03-28,2022-11-04,119.6788888888889,1,3,5,3.1,Others,3,High Value
7484,31,8,950.69,2019-02-12,2023-11-28,118.83625,4,2,5,3.9,Others,2,Premium
7485,206,13,468.40999999999997,2019-07-06,2023-06-06,36.03153846153846,2,5,3,3.1500000000000004,Loyal Customers,3,High Value
7486,74,8,318.5,2019-07-04,2023-10-16,39.8125,3,2,2,2.3499999999999996,Potential Loyalists,1,Mid Value
7487,35,13,867.16,2019-02-09,2023-11-24,66.70461538461538,4,5,5,4.65,Champions,2,Premium
7488,159,7,321.51,2019-02-03,2023-07-23,45.93,2,1,2,1.75,Lost,0,Low Value
7489,43,10,1160.42,2019-05-10,2023-11-16,116.042,4,3,5,4.15,Loyal Customers,2,Premium
7490,114,12,1145.32,2019-11-18,2023-09-06,95.44333333333333,2,4,5,3.7,Loyal Customers,3,High Value
7491,287,7,311.73,2019-02-15,2023-03-17,44.53285714285715,1,1,1,1.0,Lost,0,Low Value
7492,580,3,159.48999999999998,2020-03-09,2022-05-28,53.16333333333333,1,1,1,1.0,Lost,0,Low Value
7493,3,13,679.9,2019-02-01,2023-12-26,52.3,5,5,4,4.6,Champions,2,Premium
7494,250,12,879.1899999999999,2019-10-16,2023-04-23,73.26583333333333,1,4,5,3.35,Others,3,High Value
7495,401,5,317.87,2019-05-11,2022-11-23,63.574,1,1,2,1.4,Lost,0,Low Value
7496,116,16,1810.08,2019-02-24,2023-09-04,113.13,2,5,5,3.95,Loyal Customers,3,High Value
7497,423,8,962.47,2019-01-04,2022-11-01,120.30875,1,2,5,2.85,Others,3,High Value
7498,44,10,383.54999999999995,2019-03-20,2023-11-15,38.355,4,3,2,2.95,Potential Loyalists,1,Mid Value
7499,796,8,375.66,2019-10-16,2021-10-24,46.9575,1,2,2,1.65,Lost,0,Low Value
7500,330,8,302.77,2019-11-17,2023-02-02,37.84625,1,2,1,1.25,Lost,0,Low Value
7501,102,10,1915.8700000000001,2019-05-15,2023-09-18,191.58700000000002,2,3,5,3.45,Loyal Customers,3,High Value
7502,27,10,772.51,2019-02-27,2023-12-02,77.251,4,3,5,4.15,Loyal Customers,2,Premium
7503,33,13,1322.97,2019-07-15,2023-11-26,101.76692307692308,4,5,5,4.65,Champions,2,Premium
7504,31,17,810.31,2019-11-09,2023-11-28,47.66529411764706,4,5,5,4.65,Champions,2,Premium
7505,9,16,504.02,2019-06-02,2023-12-20,31.50125,5,5,3,4.2,Loyal Customers,2,Premium
7506,55,8,204.83,2020-03-19,2023-11-04,25.60375,3,2,1,1.9499999999999997,Potential Loyalists,0,Low Value
7507,47,16,1135.02,2019-02-05,2023-11-12,70.93875,3,5,5,4.3,Loyal Customers,2,Premium
7508,42,12,599.89,2019-04-23,2023-11-17,49.990833333333335,4,4,4,4.0,Champions,2,Premium
7509,52,10,807.54,2019-08-15,2023-11-07,80.75399999999999,3,3,5,3.8,Loyal Customers,3,High Value
7510,454,7,261.52,2019-05-08,2022-10-01,37.36,1,1,1,1.0,Lost,0,Low Value
7511,22,8,727.1700000000001,2020-08-22,2023-12-07,90.89625000000001,5,2,4,3.85,Others,1,Mid Value
7512,10,12,764.28,2021-09-10,2023-12-19,63.69,5,4,4,4.35,Champions,2,Premium
7513,3,11,371.33,2019-01-04,2023-12-26,33.75727272727273,5,4,2,3.55,Others,1,Mid Value
7514,833,4,272.95,2019-03-06,2021-09-17,68.2375,1,1,1,1.0,Lost,0,Low Value
7515,57,6,202.81,2020-11-27,2023-11-02,33.80166666666667,3,1,1,1.6999999999999997,Potential Loyalists,0,Low Value
7516,11,9,490.94,2019-02-01,2023-12-18,54.54888888888889,5,3,3,3.7,Loyal Customers,1,Mid Value
7517,775,4,157.41000000000003,2020-08-06,2021-11-14,39.352500000000006,1,1,1,1.0,Lost,0,Low Value
7518,41,13,400.75,2019-09-12,2023-11-18,30.826923076923077,4,5,2,3.45,Others,2,Premium
7519,7,6,451.55,2019-11-27,2023-12-22,75.25833333333334,5,1,3,3.2,Potential Loyalists,1,Mid Value
7520,55,8,776.11,2021-02-19,2023-11-04,97.01375,3,2,5,3.55,At Risk,3,High Value
7521,367,9,510.2,2019-10-22,2022-12-27,56.68888888888889,1,3,3,2.3000000000000003,Others,3,High Value
7522,51,12,385.22,2019-07-03,2023-11-08,32.10166666666667,3,4,2,2.8499999999999996,At Risk,1,Mid Value
7523,396,9,602.49,2019-02-07,2022-11-28,66.94333333333333,1,3,4,2.7,Others,3,High Value
7524,251,7,307.71000000000004,2020-06-04,2023-04-22,43.95857142857143,1,1,1,1.0,Lost,0,Low Value
7525,229,11,435.09000000000003,2019-02-19,2023-05-14,39.553636363636365,2,4,3,2.9000000000000004,Loyal Customers,3,High Value
7526,68,8,574.9,2019-09-10,2023-10-22,71.8625,3,2,4,3.15,At Risk,3,High Value
7527,176,7,341.71000000000004,2019-01-01,2023-07-06,48.81571428571429,2,1,2,1.75,Lost,0,Low Value
7528,32,13,427.72,2019-06-09,2023-11-27,32.901538461538465,4,5,3,3.85,Loyal Customers,2,Premium
7529,98,10,525.66,2019-11-01,2023-09-22,52.565999999999995,2,3,3,2.6500000000000004,Loyal Customers,3,High Value
7530,201,7,423.48,2019-03-18,2023-06-11,60.49714285714286,2,1,2,1.75,Lost,0,Low Value
7531,5,14,559.82,2019-02-04,2023-12-24,39.987142857142864,5,5,4,4.6,Champions,2,Premium
7532,14,13,549.8199999999999,2019-06-07,2023-12-15,42.29384615384615,5,5,3,4.2,Loyal Customers,2,Premium
7533,23,7,343.18,2019-10-12,2023-12-06,49.02571428571429,5,1,2,2.8,Potential Loyalists,1,Mid Value
7534,180,6,706.4000000000001,2021-05-04,2023-07-02,117.73333333333335,2,1,4,2.55,Others,0,Low Value
7535,31,14,721.48,2019-05-13,2023-11-28,51.534285714285716,4,5,4,4.25,Champions,2,Premium
7536,115,6,593.88,2019-06-07,2023-09-05,98.98,2,1,4,2.55,Others,0,Low Value
7537,41,14,506.06,2019-11-11,2023-11-18,36.14714285714286,4,5,3,3.85,Loyal Customers,2,Premium
7538,33,12,606.36,2019-01-06,2023-11-26,50.53,4,4,4,4.0,Champions,2,Premium
7539,32,5,219.16,2019-03-12,2023-11-27,43.832,4,1,1,2.05,Potential Loyalists,1,Mid Value
7540,102,15,1612.15,2019-07-16,2023-09-18,107.47666666666667,2,5,5,3.95,Loyal Customers,3,High Value
7541,25,16,850.92,2019-04-18,2023-12-04,53.1825,4,5,5,4.65,Champions,2,Premium
7542,393,12,1176.35,2019-07-08,2022-12-01,98.02916666666665,1,4,5,3.35,Others,3,High Value
7543,4,12,459.55,2019-09-03,2023-12-25,38.295833333333334,5,4,3,3.95,Loyal Customers,2,Premium
7544,99,16,1049.3500000000001,2019-03-10,2023-09-21,65.58437500000001,2,5,5,3.95,Loyal Customers,3,High Value
7545,375,12,372.11,2019-07-13,2022-12-19,31.00916666666667,1,4,2,2.1500000000000004,Others,3,High Value
7546,34,13,406.6,2019-01-19,2023-11-25,31.27692307692308,4,5,2,3.45,Others,2,Premium
7547,28,10,1256.85,2019-11-27,2023-12-01,125.68499999999999,4,3,5,4.15,Loyal Customers,2,Premium
7548,383,11,450.66,2019-12-28,2022-12-11,40.96909090909091,1,4,3,2.5500000000000003,Others,3,High Value
7549,36,12,1293.97,2019-01-04,2023-11-23,107.83083333333333,4,4,5,4.4,Champions,2,Premium
7550,21,14,930.55,2019-12-25,2023-12-08,66.46785714285714,5,5,5,5.0,Champions,2,Premium
7551,164,11,461.53,2019-05-28,2023-07-18,41.95727272727272,2,4,3,2.9000000000000004,Loyal Customers,3,High Value
7552,43,6,200.11,2020-11-05,2023-11-16,33.35166666666667,4,1,1,2.05,Potential Loyalists,1,Mid Value
7553,46,11,369.1,2020-06-12,2023-11-13,33.554545454545455,3,4,2,2.8499999999999996,At Risk,1,Mid Value
7554,853,8,296.46,2019-07-28,2021-08-28,37.0575,1,2,1,1.25,Lost,0,Low Value
7555,208,5,334.92,2020-07-06,2023-06-04,66.98400000000001,2,1,2,1.75,Lost,0,Low Value
7556,31,7,742.23,2019-09-05,2023-11-28,106.03285714285714,4,1,4,3.25,Others,1,Mid Value
7557,10,10,788.33,2019-10-04,2023-12-19,78.833,5,3,5,4.5,Loyal Customers,2,Premium
7558,26,14,578.64,2019-08-25,2023-12-03,41.33142857142857,4,5,4,4.25,Champions,2,Premium
7559,392,10,668.09,2020-06-22,2022-12-02,66.809,1,3,4,2.7,Others,3,High Value
7560,1,8,279.91,2020-12-17,2023-12-28,34.98875,5,2,1,2.65,Potential Loyalists,1,Mid Value
7561,149,10,490.96,2019-02-23,2023-08-02,49.096,2,3,3,2.6500000000000004,Loyal Customers,3,High Value
7562,73,15,1371.16,2019-05-03,2023-10-17,91.41066666666667,3,5,5,4.3,Loyal Customers,2,Premium
7563,180,12,1026.06,2019-05-17,2023-07-02,85.505,2,4,5,3.7,Loyal Customers,3,High Value
7564,47,8,291.17,2019-10-23,2023-11-12,36.39625,3,2,1,1.9499999999999997,Potential Loyalists,0,Low Value
7565,131,9,693.01,2019-05-03,2023-08-20,77.00111111111111,2,3,4,3.05,Loyal Customers,3,High Value
7566,20,13,738.15,2019-11-16,2023-12-09,56.78076923076923,5,5,4,4.6,Champions,2,Premium
7567,76,13,1452.74,2019-05-13,2023-10-14,111.74923076923076,3,5,5,4.3,Loyal Customers,2,Premium
7568,8,9,308.49,2019-04-25,2023-12-21,34.27666666666667,5,3,1,2.9,Potential Loyalists,1,Mid Value
7569,31,11,506.52,2019-06-21,2023-11-28,46.04727272727273,4,4,3,3.6,Loyal Customers,2,Premium
7570,43,8,812.06,2019-03-09,2023-11-16,101.5075,4,2,5,3.9,Others,2,Premium
7571,21,9,548.89,2019-02-06,2023-12-08,60.98777777777778,5,3,3,3.7,Loyal Customers,1,Mid Value
7572,108,8,871.1,2019-10-02,2023-09-12,108.8875,2,2,5,3.2,At Risk,3,High Value
7573,40,11,446.78000000000003,2019-04-01,2023-11-19,40.61636363636364,4,4,3,3.6,Loyal Customers,2,Premium
7574,378,11,1461.12,2019-01-15,2022-12-16,132.8290909090909,1,4,5,3.35,Others,3,High Value
7575,24,8,259.05,2019-05-15,2023-12-05,32.38125,5,2,1,2.65,Potential Loyalists,1,Mid Value
7576,368,10,633.61,2019-02-11,2022-12-26,63.361000000000004,1,3,4,2.7,Others,3,High Value
7577,397,6,410.48,2019-03-28,2022-11-27,68.41333333333334,1,1,2,1.4,Lost,0,Low Value
7578,54,4,408.89,2019-08-03,2023-11-05,102.2225,3,1,2,2.0999999999999996,Potential Loyalists,0,Low Value
7579,326,11,429.39,2019-02-24,2023-02-06,39.03545454545454,1,4,3,2.5500000000000003,Others,3,High Value
7580,27,11,328.51,2019-11-02,2023-12-02,29.864545454545453,4,4,2,3.2,Others,1,Mid Value
7581,66,13,445.96999999999997,2019-03-13,2023-10-24,34.30538461538461,3,5,3,3.5,Loyal Customers,2,Premium
7582,57,10,361.11,2019-01-14,2023-11-02,36.111000000000004,3,3,2,2.5999999999999996,Potential Loyalists,1,Mid Value
7583,19,9,549.35,2019-02-10,2023-12-10,61.03888888888889,5,3,3,3.7,Loyal Customers,1,Mid Value
7584,146,9,267.35,2019-01-09,2023-08-05,29.70555555555556,2,3,1,1.85,Others,0,Low Value
7585,47,10,415.11,2019-02-17,2023-11-12,41.511,3,3,2,2.5999999999999996,Potential Loyalists,1,Mid Value
7586,711,8,302.02,2020-12-03,2022-01-17,37.7525,1,2,1,1.25,Lost,0,Low Value
7587,410,7,321.45,2019-08-25,2022-11-14,45.92142857142857,1,1,2,1.4,Lost,0,Low Value
7588,17,13,1407.51,2019-04-06,2023-12-12,108.27,5,5,5,5.0,Champions,2,Premium
7589,28,10,1270.09,2019-02-28,2023-12-01,127.00899999999999,4,3,5,4.15,Loyal Customers,2,Premium
7590,20,11,610.17,2019-01-22,2023-12-09,55.47,5,4,4,4.35,Champions,2,Premium
7591,48,8,280.56,2019-05-14,2023-11-11,35.07,3,2,1,1.9499999999999997,Potential Loyalists,0,Low Value
7592,134,9,639.4,2019-08-21,2023-08-17,71.04444444444444,2,3,4,3.05,Loyal Customers,3,High Value
7593,164,13,851.88,2019-09-23,2023-07-18,65.52923076923076,2,5,5,3.95,Loyal Customers,3,High Value
7594,226,10,789.74,2019-01-18,2023-05-17,78.974,2,3,5,3.45,Loyal Customers,3,High Value
7595,49,14,741.73,2019-04-16,2023-11-10,52.980714285714285,3,5,4,3.9,Loyal Customers,2,Premium
7596,34,12,455.4,2019-02-01,2023-11-25,37.949999999999996,4,4,3,3.6,Loyal Customers,2,Premium
7597,347,8,292.09000000000003,2019-03-18,2023-01-16,36.511250000000004,1,2,1,1.25,Lost,0,Low Value
7598,434,13,761.02,2019-02-23,2022-10-21,58.54,1,5,4,3.2,Others,3,High Value
7599,222,9,673.4499999999999,2019-02-03,2023-05-21,74.82777777777777,2,3,4,3.05,Loyal Customers,3,High Value
7600,400,11,477.0,2019-10-10,2022-11-24,43.36363636363637,1,4,3,2.5500000000000003,Others,3,High Value
7601,80,7,246.53,2019-10-10,2023-10-10,35.21857142857143,3,1,1,1.6999999999999997,Potential Loyalists,0,Low Value
7602,58,13,603.34,2019-06-09,2023-11-01,46.41076923076923,3,5,4,3.9,Loyal Customers,2,Premium
7603,117,7,492.11,2019-09-01,2023-09-03,70.30142857142857,2,1,3,2.1500000000000004,Others,0,Low Value
7604,81,11,878.47,2020-06-02,2023-10-09,79.86090909090909,3,4,5,4.05,Loyal Customers,2,Premium
7605,23,12,648.18,2019-01-07,2023-12-06,54.01499999999999,5,4,4,4.35,Champions,2,Premium
7606,25,13,628.36,2019-08-21,2023-12-04,48.33538461538462,4,5,4,4.25,Champions,2,Premium
7607,430,7,256.15,2020-02-03,2022-10-25,36.59285714285714,1,1,1,1.0,Lost,0,Low Value
7608,68,12,713.3299999999999,2019-05-13,2023-10-22,59.44416666666666,3,4,4,3.65,Loyal Customers,3,High Value
7609,36,13,823.54,2019-06-08,2023-11-23,63.349230769230765,4,5,5,4.65,Champions,2,Premium
7610,390,7,241.14,2019-02-08,2022-12-04,34.44857142857143,1,1,1,1.0,Lost,0,Low Value
7611,49,5,183.67000000000002,2019-09-01,2023-11-10,36.734,3,1,1,1.6999999999999997,Potential Loyalists,0,Low Value
7612,32,9,437.69,2020-01-23,2023-11-27,48.632222222222225,4,3,3,3.35,Loyal Customers,1,Mid Value
7613,1,9,295.33000000000004,2019-01-15,2023-12-28,32.81444444444445,5,3,1,2.9,Potential Loyalists,1,Mid Value
7614,300,6,300.22,2019-03-10,2023-03-04,50.03666666666667,1,1,1,1.0,Lost,0,Low Value
7615,37,3,145.94,2021-10-09,2023-11-22,48.64666666666667,4,1,1,2.05,Potential Loyalists,1,Mid Value
7616,36,9,356.24,2019-07-26,2023-11-23,39.58222222222222,4,3,2,2.95,Potential Loyalists,1,Mid Value
7617,23,8,721.36,2019-05-19,2023-12-06,90.17,5,2,4,3.85,Others,1,Mid Value
7618,28,7,243.41,2020-05-15,2023-12-01,34.77285714285714,4,1,1,2.05,Potential Loyalists,1,Mid Value
7619,84,9,525.92,2019-01-22,2023-10-06,58.43555555555555,3,3,3,3.0,Loyal Customers,3,High Value
7620,129,6,202.89,2019-09-13,2023-08-22,33.815,2,1,1,1.35,Lost,0,Low Value
7621,52,14,1011.04,2019-11-11,2023-11-07,72.21714285714286,3,5,5,4.3,Loyal Customers,2,Premium
7622,7,8,675.1800000000001,2019-08-22,2023-12-22,84.39750000000001,5,2,4,3.85,Others,1,Mid Value
7623,34,17,747.34,2020-01-24,2023-11-25,43.961176470588235,4,5,4,4.25,Champions,2,Premium
7624,2,8,306.62,2020-05-08,2023-12-27,38.3275,5,2,1,2.65,Potential Loyalists,1,Mid Value
7625,247,6,169.7,2019-11-22,2023-04-26,28.28333333333333,1,1,1,1.0,Lost,0,Low Value
7626,198,11,560.95,2019-05-24,2023-06-14,50.99545454545455,2,4,4,3.3,Loyal Customers,3,High Value
7627,50,10,597.6500000000001,2019-12-15,2023-11-09,59.76500000000001,3,3,4,3.4,Loyal Customers,3,High Value
7628,34,14,767.78,2019-03-14,2023-11-25,54.84142857142857,4,5,5,4.65,Champions,2,Premium
7629,351,11,523.17,2019-03-26,2023-01-12,47.560909090909085,1,4,3,2.5500000000000003,Others,3,High Value
7630,45,11,607.9,2019-08-11,2023-11-14,55.26363636363636,3,4,4,3.65,Loyal Customers,3,High Value
7631,407,9,779.85,2019-08-27,2022-11-17,86.65,1,3,5,3.1,Others,3,High Value
7632,114,8,294.97,2019-10-02,2023-09-06,36.87125,2,2,1,1.6,Lost,0,Low Value
7633,12,13,1280.9,2019-02-27,2023-12-17,98.53076923076924,5,5,5,5.0,Champions,2,Premium
7634,164,8,217.45,2019-06-17,2023-07-18,27.18125,2,2,1,1.6,Lost,0,Low Value
7635,46,13,507.69,2019-05-02,2023-11-13,39.05307692307692,3,5,3,3.5,Loyal Customers,2,Premium
7636,454,8,257.16,2019-11-28,2022-10-01,32.145,1,2,1,1.25,Lost,0,Low Value
7637,11,13,1059.6200000000001,2019-02-10,2023-12-18,81.50923076923078,5,5,5,5.0,Champions,2,Premium
7638,379,10,526.49,2019-06-26,2022-12-15,52.649,1,3,3,2.3000000000000003,Others,3,High Value
7639,8,15,918.08,2019-04-03,2023-12-21,61.205333333333336,5,5,5,5.0,Champions,2,Premium
7640,36,8,358.03,2019-12-23,2023-11-23,44.75375,4,2,2,2.7,Potential Loyalists,1,Mid Value
7641,242,10,948.8,2019-11-06,2023-05-01,94.88,2,3,5,3.45,Loyal Customers,3,High Value
7642,69,15,895.6,2019-01-23,2023-10-21,59.70666666666667,3,5,5,4.3,Loyal Customers,2,Premium
7643,87,15,820.93,2019-02-04,2023-10-03,54.72866666666666,2,5,5,3.95,Loyal Customers,3,High Value
7644,51,4,314.94,2020-02-21,2023-11-08,78.735,3,1,1,1.6999999999999997,Potential Loyalists,0,Low Value
7645,51,8,396.58000000000004,2020-09-08,2023-11-08,49.572500000000005,3,2,2,2.3499999999999996,Potential Loyalists,1,Mid Value
7646,58,4,140.27,2021-01-10,2023-11-01,35.0675,3,1,1,1.6999999999999997,Potential Loyalists,0,Low Value
7647,32,9,351.73,2019-04-22,2023-11-27,39.08111111111111,4,3,2,2.95,Potential Loyalists,1,Mid Value
7648,52,11,638.82,2019-09-06,2023-11-07,58.07454545454546,3,4,4,3.65,Loyal Customers,3,High Value
7649,157,13,808.79,2019-10-27,2023-07-25,62.214615384615385,2,5,5,3.95,Loyal Customers,3,High Value
7650,21,9,557.72,2019-08-03,2023-12-08,61.96888888888889,5,3,4,4.1,Loyal Customers,2,Premium
7651,18,16,768.89,2019-11-13,2023-12-11,48.055625,5,5,5,5.0,Champions,2,Premium
7652,444,9,485.26,2019-02-04,2022-10-11,53.91777777777778,1,3,3,2.3000000000000003,Others,3,High Value
7653,9,13,503.14,2019-02-13,2023-12-20,38.70307692307692,5,5,3,4.2,Loyal Customers,2,Premium
7654,300,9,343.89,2019-10-25,2023-03-04,38.21,1,3,2,1.9000000000000001,Others,0,Low Value
7655,27,9,357.84,2020-07-25,2023-12-02,39.76,4,3,2,2.95,Potential Loyalists,1,Mid Value
7656,397,9,606.18,2019-02-24,2022-11-27,67.35333333333332,1,3,4,2.7,Others,3,High Value
7657,5,11,867.11,2020-06-23,2023-12-24,78.82818181818182,5,4,5,4.75,Champions,2,Premium
7658,57,15,792.1800000000001,2019-11-12,2023-11-02,52.812000000000005,3,5,5,4.3,Loyal Customers,2,Premium
7659,209,10,497.57,2019-02-21,2023-06-03,49.757,2,3,3,2.6500000000000004,Loyal Customers,3,High Value
7660,38,8,1049.4,2020-03-02,2023-11-21,131.175,4,2,5,3.9,Others,2,Premium
7661,406,6,192.82999999999998,2019-10-05,2022-11-18,32.13833333333333,1,1,1,1.0,Lost,0,Low Value
7662,361,14,765.9,2019-09-16,2023-01-02,54.707142857142856,1,5,5,3.6,Others,3,High Value
7663,384,10,486.47,2019-10-15,2022-12-10,48.647000000000006,1,3,3,2.3000000000000003,Others,3,High Value
7664,375,8,878.76,2019-08-25,2022-12-19,109.845,1,2,5,2.85,Others,3,High Value
7665,20,7,372.71,2019-11-03,2023-12-09,53.24428571428571,5,1,2,2.8,Potential Loyalists,1,Mid Value
7666,40,11,830.45,2019-07-13,2023-11-19,75.49545454545455,4,4,5,4.4,Champions,2,Premium
7667,2,9,615.83,2019-06-16,2023-12-27,68.42555555555556,5,3,4,4.1,Loyal Customers,2,Premium
7668,32,15,846.9300000000001,2019-02-21,2023-11-27,56.462,4,5,5,4.65,Champions,2,Premium
7669,81,11,329.26,2019-06-25,2023-10-09,29.932727272727274,3,4,2,2.8499999999999996,At Risk,1,Mid Value
7670,26,7,481.45,2019-08-05,2023-12-03,68.77857142857142,4,1,3,2.85,Potential Loyalists,1,Mid Value
7671,45,12,481.40999999999997,2019-07-03,2023-11-14,40.1175,3,4,3,3.25,Loyal Customers,3,High Value
7672,51,9,525.21,2019-04-22,2023-11-08,58.35666666666667,3,3,3,3.0,Loyal Customers,3,High Value
7673,55,5,335.89,2019-11-14,2023-11-04,67.178,3,1,2,2.0999999999999996,Potential Loyalists,0,Low Value
7674,45,12,417.46,2019-02-05,2023-11-14,34.788333333333334,3,4,2,2.8499999999999996,At Risk,1,Mid Value
7675,270,9,278.78,2019-07-20,2023-04-03,30.97555555555555,1,3,1,1.5,Others,0,Low Value
7676,22,13,1060.21,2019-02-05,2023-12-07,81.55461538461539,5,5,5,5.0,Champions,2,Premium
7677,11,9,972.72,2019-11-24,2023-12-18,108.08,5,3,5,4.5,Loyal Customers,2,Premium
7678,50,12,751.46,2019-05-13,2023-11-09,62.62166666666667,3,4,4,3.65,Loyal Customers,3,High Value
7679,139,10,724.75,2019-04-28,2023-08-12,72.475,2,3,4,3.05,Loyal Customers,3,High Value
7680,319,9,829.26,2019-07-18,2023-02-13,92.14,1,3,5,3.1,Others,3,High Value
7681,134,8,1352.7,2019-02-19,2023-08-17,169.0875,2,2,5,3.2,At Risk,3,High Value
7682,1,13,907.3100000000001,2019-05-09,2023-12-28,69.79307692307692,5,5,5,5.0,Champions,2,Premium
7683,56,12,771.1899999999999,2019-08-02,2023-11-03,64.26583333333333,3,4,5,4.05,Loyal Customers,2,Premium
7684,470,13,543.6800000000001,2020-09-10,2022-09-15,41.821538461538466,1,5,3,2.8000000000000003,Others,3,High Value
7685,33,11,398.16,2019-01-26,2023-11-26,36.196363636363635,4,4,2,3.2,Others,1,Mid Value
7686,501,10,1123.8500000000001,2019-07-27,2022-08-15,112.38500000000002,1,3,5,3.1,Others,3,High Value
7687,763,5,597.67,2019-09-22,2021-11-26,119.53399999999999,1,1,4,2.2,Others,0,Low Value
7688,402,10,491.73,2019-10-04,2022-11-22,49.173,1,3,3,2.3000000000000003,Others,3,High Value
7689,653,8,325.69,2019-02-12,2022-03-16,40.71125,1,2,2,1.65,Lost,0,Low Value
7690,18,11,479.34,2019-12-09,2023-12-11,43.57636363636363,5,4,3,3.95,Loyal Customers,2,Premium
7691,35,13,426.67,2019-06-06,2023-11-24,32.82076923076923,4,5,2,3.45,Others,2,Premium
7692,11,11,356.54,2019-01-02,2023-12-18,32.412727272727274,5,4,2,3.55,Others,1,Mid Value
7693,499,5,378.51,2019-04-13,2022-08-17,75.702,1,1,2,1.4,Lost,0,Low Value
7694,26,13,757.84,2020-03-27,2023-12-03,58.29538461538462,4,5,4,4.25,Champions,2,Premium
7695,176,8,1093.3,2019-01-04,2023-07-06,136.6625,2,2,5,3.2,At Risk,3,High Value
7696,420,7,190.9,2019-08-10,2022-11-04,27.271428571428572,1,1,1,1.0,Lost,0,Low Value
7697,36,13,917.04,2019-08-17,2023-11-23,70.54153846153847,4,5,5,4.65,Champions,2,Premium
7698,50,7,390.15999999999997,2019-06-25,2023-11-09,55.73714285714285,3,1,2,2.0999999999999996,Potential Loyalists,0,Low Value
7699,11,15,595.1899999999999,2019-08-07,2023-12-18,39.67933333333333,5,5,4,4.6,Champions,2,Premium
7700,11,10,277.86,2020-08-20,2023-12-18,27.786,5,3,1,2.9,Potential Loyalists,1,Mid Value
7701,56,8,773.51,2019-02-23,2023-11-03,96.68875,3,2,5,3.55,At Risk,3,High Value
7702,128,10,546.77,2019-10-06,2023-08-23,54.677,2,3,3,2.6500000000000004,Loyal Customers,3,High Value
7703,384,8,283.38,2019-04-21,2022-12-10,35.4225,1,2,1,1.25,Lost,0,Low Value
7704,4,16,600.12,2019-04-05,2023-12-25,37.5075,5,5,4,4.6,Champions,2,Premium
7705,37,13,1561.4499999999998,2019-07-17,2023-11-22,120.11153846153844,4,5,5,4.65,Champions,2,Premium
7706,9,12,384.96000000000004,2019-07-14,2023-12-20,32.080000000000005,5,4,2,3.55,Others,1,Mid Value
7707,94,6,231.22,2019-02-23,2023-09-26,38.53666666666667,2,1,1,1.35,Lost,0,Low Value
7708,8,12,660.5,2019-01-26,2023-12-21,55.041666666666664,5,4,4,4.35,Champions,2,Premium
7709,40,13,881.99,2019-08-14,2023-11-19,67.84538461538462,4,5,5,4.65,Champions,2,Premium
7710,17,12,385.08,2019-08-25,2023-12-12,32.089999999999996,5,4,2,3.55,Others,1,Mid Value
7711,37,8,519.67,2019-05-11,2023-11-22,64.95875,4,2,3,3.1,Potential Loyalists,1,Mid Value
7712,78,13,780.41,2019-01-03,2023-10-12,60.03153846153846,3,5,5,4.3,Loyal Customers,2,Premium
7713,7,18,1571.34,2019-01-05,2023-12-22,87.29666666666667,5,5,5,5.0,Champions,2,Premium
7714,99,10,360.88,2019-06-17,2023-09-21,36.088,2,3,2,2.25,At Risk,0,Low Value
7715,470,7,218.45,2019-11-16,2022-09-15,31.207142857142856,1,1,1,1.0,Lost,0,Low Value
7716,115,6,331.51,2019-01-08,2023-09-05,55.251666666666665,2,1,2,1.75,Lost,0,Low Value
7717,63,10,353.2,2019-11-09,2023-10-27,35.32,3,3,2,2.5999999999999996,Potential Loyalists,1,Mid Value
7718,48,7,753.68,2019-04-16,2023-11-11,107.66857142857143,3,1,4,2.9,Others,1,Mid Value
7719,11,12,1835.01,2019-06-10,2023-12-18,152.9175,5,4,5,4.75,Champions,2,Premium
7720,188,8,458.06,2020-03-08,2023-06-24,57.2575,2,2,3,2.4000000000000004,At Risk,0,Low Value
7721,285,13,637.38,2019-08-27,2023-03-19,49.02923076923077,1,5,4,3.2,Others,3,High Value
7722,43,12,1079.3,2019-02-27,2023-11-16,89.94166666666666,4,4,5,4.4,Champions,2,Premium
7723,225,10,562.83,2020-11-07,2023-05-18,56.283,2,3,4,3.05,Loyal Customers,3,High Value
7724,27,10,404.5,2019-05-01,2023-12-02,40.45,4,3,2,2.95,Potential Loyalists,1,Mid Value
7725,193,9,330.83,2019-01-05,2023-06-19,36.75888888888889,2,3,2,2.25,At Risk,0,Low Value
7726,34,8,473.82000000000005,2019-07-10,2023-11-25,59.227500000000006,4,2,3,3.1,Potential Loyalists,1,Mid Value
7727,9,11,360.95,2019-08-03,2023-12-20,32.81363636363636,5,4,2,3.55,Others,1,Mid Value
7728,114,14,504.36,2019-06-16,2023-09-06,36.02571428571429,2,5,3,3.1500000000000004,Loyal Customers,3,High Value
7729,52,11,464.68,2019-07-05,2023-11-07,42.24363636363636,3,4,3,3.25,Loyal Customers,3,High Value
7730,724,6,290.73,2019-02-27,2022-01-04,48.455000000000005,1,1,1,1.0,Lost,0,Low Value
7731,99,14,498.48,2019-08-17,2023-09-21,35.605714285714285,2,5,3,3.1500000000000004,Loyal Customers,3,High Value
7732,1,12,706.41,2019-11-10,2023-12-28,58.8675,5,4,4,4.35,Champions,2,Premium
7733,224,7,272.43,2019-07-03,2023-05-19,38.91857142857143,2,1,1,1.35,Lost,0,Low Value
7734,252,5,124.03,2019-12-04,2023-04-21,24.806,1,1,1,1.0,Lost,0,Low Value
7735,35,14,1126.59,2019-12-22,2023-11-24,80.47071428571428,4,5,5,4.65,Champions,2,Premium
7736,126,15,743.7,2019-08-20,2023-08-25,49.580000000000005,2,5,4,3.55,Loyal Customers,3,High Value
7737,87,13,579.7,2019-03-27,2023-10-03,44.5923076923077,2,5,4,3.55,Loyal Customers,3,High Value
7738,31,13,848.37,2019-05-17,2023-11-28,65.25923076923077,4,5,5,4.65,Champions,2,Premium
7739,757,3,83.53999999999999,2020-02-08,2021-12-02,27.846666666666664,1,1,1,1.0,Lost,0,Low Value
7740,44,7,511.52,2019-12-24,2023-11-15,73.07428571428571,4,1,3,2.85,Potential Loyalists,1,Mid Value
7741,49,15,629.58,2019-11-04,2023-11-10,41.972,3,5,4,3.9,Loyal Customers,2,Premium
7742,68,9,262.72,2019-06-09,2023-10-22,29.191111111111113,3,3,1,2.1999999999999997,Potential Loyalists,1,Mid Value
7743,39,15,1830.26,2019-02-17,2023-11-20,122.01733333333333,4,5,5,4.65,Champions,2,Premium
7744,329,11,469.86999999999995,2019-01-06,2023-02-03,42.71545454545454,1,4,3,2.5500000000000003,Others,3,High Value
7745,33,13,394.88,2019-03-02,2023-11-26,30.375384615384615,4,5,2,3.45,Others,2,Premium
7746,73,11,439.22,2019-01-27,2023-10-17,39.92909090909091,3,4,3,3.25,Loyal Customers,3,High Value
7747,357,7,702.6600000000001,2019-04-14,2023-01-06,100.38000000000001,1,1,4,2.2,Others,0,Low Value
7748,587,7,385.83,2019-11-10,2022-05-21,55.11857142857143,1,1,2,1.4,Lost,0,Low Value
7749,4,9,703.79,2019-10-12,2023-12-25,78.19888888888889,5,3,4,4.1,Loyal Customers,2,Premium
7750,338,8,743.49,2019-11-11,2023-01-25,92.93625,1,2,4,2.45,Others,3,High Value
7751,255,4,94.56,2020-10-22,2023-04-18,23.64,1,1,1,1.0,Lost,0,Low Value
7752,128,8,485.24,2019-01-21,2023-08-23,60.655,2,2,3,2.4000000000000004,At Risk,0,Low Value
7753,194,16,661.46,2019-06-07,2023-06-18,41.34125,2,5,4,3.55,Loyal Customers,3,High Value
7754,40,10,1085.45,2019-09-04,2023-11-19,108.545,4,3,5,4.15,Loyal Customers,2,Premium
7755,398,21,1515.8,2019-06-05,2022-11-26,72.18095238095238,1,5,5,3.6,Others,3,High Value
7756,7,10,509.78000000000003,2020-01-14,2023-12-22,50.978,5,3,3,3.7,Loyal Customers,1,Mid Value
7757,13,8,1083.08,2019-10-18,2023-12-16,135.385,5,2,5,4.25,Others,2,Premium
7758,14,13,1092.74,2019-08-16,2023-12-15,84.05692307692308,5,5,5,5.0,Champions,2,Premium
7759,48,5,278.06,2019-10-10,2023-11-11,55.612,3,1,1,1.6999999999999997,Potential Loyalists,0,Low Value
7760,798,5,237.72,2019-12-14,2021-10-22,47.544,1,1,1,1.0,Lost,0,Low Value
7761,57,12,1115.7,2019-06-23,2023-11-02,92.97500000000001,3,4,5,4.05,Loyal Customers,2,Premium
7762,14,6,716.46,2020-07-11,2023-12-15,119.41000000000001,5,1,4,3.6,Others,1,Mid Value
7763,2,11,1700.0000000000002,2020-01-04,2023-12-27,154.54545454545456,5,4,5,4.75,Champions,2,Premium
7764,386,9,658.18,2019-11-07,2022-12-08,73.13111111111111,1,3,4,2.7,Others,3,High Value
7765,38,8,404.40000000000003,2020-03-27,2023-11-21,50.550000000000004,4,2,2,2.7,Potential Loyalists,1,Mid Value
7766,58,12,408.65,2019-04-15,2023-11-01,34.05416666666667,3,4,2,2.8499999999999996,At Risk,1,Mid Value
7767,39,12,1462.45,2020-05-20,2023-11-20,121.87083333333334,4,4,5,4.4,Champions,2,Premium
7768,39,8,573.8100000000001,2019-01-15,2023-11-20,71.72625000000001,4,2,4,3.5,Others,1,Mid Value
7769,2,11,577.15,2019-12-12,2023-12-27,52.46818181818182,5,4,4,4.35,Champions,2,Premium
7770,37,7,349.31,2019-03-10,2023-11-22,49.901428571428575,4,1,2,2.45,Potential Loyalists,1,Mid Value
7771,16,15,946.9399999999999,2019-01-02,2023-12-13,63.12933333333333,5,5,5,5.0,Champions,2,Premium
7772,207,13,490.81,2019-06-22,2023-06-05,37.754615384615384,2,5,3,3.1500000000000004,Loyal Customers,3,High Value
7773,42,11,545.96,2019-07-09,2023-11-17,49.63272727272727,4,4,3,3.6,Loyal Customers,2,Premium
7774,45,6,214.84,2021-03-26,2023-11-14,35.806666666666665,3,1,1,1.6999999999999997,Potential Loyalists,0,Low Value
7775,48,12,530.63,2019-11-26,2023-11-11,44.219166666666666,3,4,3,3.25,Loyal Customers,3,High Value
7776,372,10,435.58,2019-04-21,2022-12-22,43.558,1,3,3,2.3000000000000003,Others,3,High Value
7777,10,11,479.67,2019-11-22,2023-12-19,43.60636363636364,5,4,3,3.95,Loyal Customers,2,Premium
7778,24,11,461.43,2019-09-03,2023-12-05,41.948181818181816,5,4,3,3.95,Loyal Customers,2,Premium
7779,541,10,336.78,2019-02-04,2022-07-06,33.678,1,3,2,1.9000000000000001,Others,0,Low Value
7780,615,5,272.63,2020-04-26,2022-04-23,54.525999999999996,1,1,1,1.0,Lost,0,Low Value
7781,7,12,435.53,2020-03-21,2023-12-22,36.29416666666666,5,4,3,3.95,Loyal Customers,2,Premium
7782,391,8,386.29,2019-02-14,2022-12-03,48.28625,1,2,2,1.65,Lost,0,Low Value
7783,32,11,555.77,2019-06-17,2023-11-27,50.52454545454545,4,4,4,4.0,Champions,2,Premium
7784,19,13,765.69,2019-11-21,2023-12-10,58.899230769230776,5,5,5,5.0,Champions,2,Premium
7785,140,13,437.19,2019-09-03,2023-08-11,33.63,2,5,3,3.1500000000000004,Loyal Customers,3,High Value
7786,28,7,346.47,2021-11-26,2023-12-01,49.49571428571429,4,1,2,2.45,Potential Loyalists,1,Mid Value
7787,24,11,741.6,2020-01-02,2023-12-05,67.41818181818182,5,4,4,4.35,Champions,2,Premium
7788,3,15,507.76,2019-07-24,2023-12-26,33.85066666666667,5,5,3,4.2,Loyal Customers,2,Premium
7789,33,10,423.0,2019-11-10,2023-11-26,42.3,4,3,2,2.95,Potential Loyalists,1,Mid Value
7790,458,6,380.78000000000003,2019-03-21,2022-09-27,63.46333333333334,1,1,2,1.4,Lost,0,Low Value
7791,87,7,283.25,2019-09-17,2023-10-03,40.464285714285715,2,1,1,1.35,Lost,0,Low Value
7792,58,6,266.14,2019-12-01,2023-11-01,44.35666666666666,3,1,1,1.6999999999999997,Potential Loyalists,0,Low Value
7793,27,10,1091.38,2019-11-21,2023-12-02,109.138,4,3,5,4.15,Loyal Customers,2,Premium
7794,17,9,394.25,2019-08-14,2023-12-12,43.80555555555556,5,3,2,3.3,Potential Loyalists,1,Mid Value
7795,77,9,367.63,2019-03-22,2023-10-13,40.84777777777778,3,3,2,2.5999999999999996,Potential Loyalists,1,Mid Value
7796,250,12,642.87,2019-02-01,2023-04-23,53.5725,1,4,4,2.95,Others,3,High Value
7797,147,7,468.4,2019-05-23,2023-08-04,66.91428571428571,2,1,3,2.1500000000000004,Others,0,Low Value
7798,49,7,556.73,2019-07-09,2023-11-10,79.53285714285714,3,1,4,2.9,Others,1,Mid Value
7799,40,13,545.25,2019-11-24,2023-11-19,41.94230769230769,4,5,3,3.85,Loyal Customers,2,Premium
7800,261,8,296.46,2019-12-16,2023-04-12,37.0575,1,2,1,1.25,Lost,0,Low Value
7801,22,5,242.64,2019-10-02,2023-12-07,48.528,5,1,1,2.4,Potential Loyalists,1,Mid Value
7802,2,10,296.76,2019-04-26,2023-12-27,29.676,5,3,1,2.9,Potential Loyalists,1,Mid Value
7803,22,10,693.19,2020-01-02,2023-12-07,69.319,5,3,4,4.1,Loyal Customers,2,Premium
7804,47,8,310.95,2019-09-14,2023-11-12,38.86875,3,2,1,1.9499999999999997,Potential Loyalists,0,Low Value
7805,549,9,350.83,2019-07-08,2022-06-28,38.98111111111111,1,3,2,1.9000000000000001,Others,0,Low Value
7806,414,10,525.61,2019-02-25,2022-11-10,52.561,1,3,3,2.3000000000000003,Others,3,High Value
7807,55,13,530.85,2019-11-15,2023-11-04,40.83461538461539,3,5,3,3.5,Loyal Customers,2,Premium
7808,377,14,483.95,2019-07-25,2022-12-17,34.56785714285714,1,5,3,2.8000000000000003,Others,3,High Value
7809,778,6,369.25,2019-02-20,2021-11-11,61.541666666666664,1,1,2,1.4,Lost,0,Low Value
7810,188,13,486.06,2019-02-27,2023-06-24,37.38923076923077,2,5,3,3.1500000000000004,Loyal Customers,3,High Value
7811,169,7,294.5,2020-11-16,2023-07-13,42.07142857142857,2,1,1,1.35,Lost,0,Low Value
7812,37,13,726.41,2019-08-08,2023-11-22,55.87769230769231,4,5,4,4.25,Champions,2,Premium
7813,16,9,381.64,2019-01-21,2023-12-13,42.404444444444444,5,3,2,3.3,Potential Loyalists,1,Mid Value
7814,21,7,205.92,2021-11-28,2023-12-08,29.417142857142856,5,1,1,2.4,Potential Loyalists,1,Mid Value
7815,32,8,320.06,2019-11-15,2023-11-27,40.0075,4,2,2,2.7,Potential Loyalists,1,Mid Value
7816,50,7,426.46000000000004,2019-09-22,2023-11-09,60.92285714285715,3,1,2,2.0999999999999996,Potential Loyalists,0,Low Value
7817,32,5,162.64,2020-11-12,2023-11-27,32.528,4,1,1,2.05,Potential Loyalists,1,Mid Value
7818,133,12,967.45,2019-06-21,2023-08-18,80.62083333333334,2,4,5,3.7,Loyal Customers,3,High Value
7819,117,12,742.85,2019-07-24,2023-09-03,61.90416666666667,2,4,4,3.3,Loyal Customers,3,High Value
7820,177,13,786.66,2019-04-18,2023-07-05,60.51230769230769,2,5,5,3.95,Loyal Customers,3,High Value
7821,1259,6,158.81,2019-01-21,2020-07-18,26.468333333333334,1,1,1,1.0,Lost,0,Low Value
7822,9,13,961.53,2019-04-13,2023-12-20,73.96384615384615,5,5,5,5.0,Champions,2,Premium
7823,49,3,506.37,2020-11-06,2023-11-10,168.79,3,1,3,2.5,Potential Loyalists,1,Mid Value
7824,39,13,1274.41,2019-08-04,2023-11-20,98.03153846153847,4,5,5,4.65,Champions,2,Premium
7825,50,9,716.71,2020-09-07,2023-11-09,79.63444444444445,3,3,4,3.4,Loyal Customers,3,High Value
7826,22,7,591.36,2019-11-03,2023-12-07,84.48,5,1,4,3.6,Others,1,Mid Value
7827,22,8,600.3100000000001,2019-11-23,2023-12-07,75.03875000000001,5,2,4,3.85,Others,1,Mid Value
7828,437,6,187.86,2019-01-05,2022-10-18,31.310000000000002,1,1,1,1.0,Lost,0,Low Value
7829,40,12,1344.92,2019-01-21,2023-11-19,112.07666666666667,4,4,5,4.4,Champions,2,Premium
7830,41,8,505.2,2019-06-26,2023-11-18,63.15,4,2,3,3.1,Potential Loyalists,1,Mid Value
7831,31,11,973.17,2019-08-22,2023-11-28,88.47,4,4,5,4.4,Champions,2,Premium
7832,549,6,471.65999999999997,2019-10-16,2022-06-28,78.61,1,1,3,1.8000000000000003,Others,0,Low Value
7833,2,11,533.43,2019-06-22,2023-12-27,48.49363636363636,5,4,3,3.95,Loyal Customers,2,Premium
7834,143,12,644.42,2019-08-13,2023-08-08,53.70166666666666,2,4,4,3.3,Loyal Customers,3,High Value
7835,6,11,398.7,2019-07-15,2023-12-23,36.24545454545454,5,4,2,3.55,Others,1,Mid Value
7836,40,10,634.29,2020-03-14,2023-11-19,63.428999999999995,4,3,4,3.75,Loyal Customers,2,Premium
7837,24,12,483.29,2019-02-04,2023-12-05,40.274166666666666,5,4,3,3.95,Loyal Customers,2,Premium
7838,804,5,464.99,2019-04-21,2021-10-16,92.998,1,1,3,1.8000000000000003,Others,0,Low Value
7839,125,10,971.66,2019-09-14,2023-08-26,97.166,2,3,5,3.45,Loyal Customers,3,High Value
7840,19,13,657.13,2019-11-06,2023-12-10,50.54846153846154,5,5,4,4.6,Champions,2,Premium
7841,116,8,357.07,2019-05-01,2023-09-04,44.63375,2,2,2,2.0,At Risk,0,Low Value
7842,138,12,489.37,2019-02-02,2023-08-13,40.780833333333334,2,4,3,2.9000000000000004,Loyal Customers,3,High Value
7843,604,8,492.59999999999997,2019-05-21,2022-05-04,61.574999999999996,1,2,3,2.0500000000000003,Others,0,Low Value
7844,439,5,166.86,2019-12-02,2022-10-16,33.372,1,1,1,1.0,Lost,0,Low Value
7845,622,11,323.91999999999996,2019-02-11,2022-04-16,29.447272727272722,1,4,2,2.1500000000000004,Others,3,High Value
7846,38,8,510.66999999999996,2019-10-28,2023-11-21,63.833749999999995,4,2,3,3.1,Potential Loyalists,1,Mid Value
7847,7,13,568.77,2019-04-09,2023-12-22,43.75153846153846,5,5,4,4.6,Champions,2,Premium
7848,3,9,336.68,2019-10-05,2023-12-26,37.40888888888889,5,3,2,3.3,Potential Loyalists,1,Mid Value
7849,251,6,1162.83,2019-05-19,2023-04-22,193.80499999999998,1,1,5,2.6,Others,3,High Value
7850,180,10,1989.25,2019-11-14,2023-07-02,198.925,2,3,5,3.45,Loyal Customers,3,High Value
7851,304,12,793.5999999999999,2020-01-23,2023-02-28,66.13333333333333,1,4,5,3.35,Others,3,High Value
7852,14,9,931.08,2020-04-01,2023-12-15,103.45333333333333,5,3,5,4.5,Loyal Customers,2,Premium
7853,404,10,570.23,2019-09-10,2022-11-20,57.023,1,3,4,2.7,Others,3,High Value
7854,16,16,1009.24,2019-06-12,2023-12-13,63.0775,5,5,5,5.0,Champions,2,Premium
7855,21,7,587.45,2019-01-28,2023-12-08,83.92142857142858,5,2,4,3.85,Others,1,Mid Value
7856,43,13,558.53,2019-03-07,2023-11-16,42.96384615384615,4,5,4,4.25,Champions,2,Premium
7857,99,11,453.25,2019-03-09,2023-09-21,41.20454545454545,2,4,3,2.9000000000000004,Loyal Customers,3,High Value
7858,371,11,449.61,2019-11-09,2022-12-23,40.873636363636365,1,4,3,2.5500000000000003,Others,3,High Value
7859,7,16,1133.34,2019-01-09,2023-12-22,70.83375,5,5,5,5.0,Champions,2,Premium
7860,32,12,852.78,2019-01-28,2023-11-27,71.065,4,4,5,4.4,Champions,2,Premium
7861,44,8,229.51999999999998,2019-04-18,2023-11-15,28.689999999999998,4,2,1,2.3,Potential Loyalists,1,Mid Value
7862,51,9,350.08,2020-10-21,2023-11-08,38.897777777777776,3,3,2,2.5999999999999996,Potential Loyalists,1,Mid Value
7863,180,14,1112.83,2019-01-07,2023-07-02,79.48785714285714,2,5,5,3.95,Loyal Customers,3,High Value
7864,13,9,465.83,2020-11-18,2023-12-16,51.75888888888889,5,3,3,3.7,Loyal Customers,1,Mid Value
7865,37,8,402.17,2019-12-13,2023-11-22,50.27125,4,2,2,2.7,Potential Loyalists,1,Mid Value
7866,602,5,236.88,2019-04-09,2022-05-06,47.376,1,1,1,1.0,Lost,0,Low Value
7867,24,14,440.75,2019-11-01,2023-12-05,31.482142857142858,5,5,3,4.2,Loyal Customers,2,Premium
7868,16,17,609.45,2019-10-13,2023-12-13,35.85,5,5,4,4.6,Champions,2,Premium
7869,21,15,649.53,2019-08-28,2023-12-08,43.302,5,5,4,4.6,Champions,2,Premium
7870,2,12,771.42,2019-11-26,2023-12-27,64.285,5,4,5,4.75,Champions,2,Premium
7871,102,16,1248.56,2019-02-07,2023-09-18,78.035,2,5,5,3.95,Loyal Customers,3,High Value
7872,337,8,411.02,2019-11-01,2023-01-26,51.3775,1,2,2,1.65,Lost,0,Low Value
7873,49,13,1008.55,2019-11-14,2023-11-10,77.58076923076922,3,5,5,4.3,Loyal Customers,2,Premium
7874,32,11,717.61,2019-03-02,2023-11-27,65.23727272727272,4,4,4,4.0,Champions,2,Premium
7875,45,10,326.85,2019-08-06,2023-11-14,32.685,3,3,2,2.5999999999999996,Potential Loyalists,1,Mid Value
7876,82,7,322.99,2019-03-23,2023-10-08,46.14142857142857,3,2,2,2.3499999999999996,Potential Loyalists,1,Mid Value
7877,341,7,387.12,2019-11-12,2023-01-22,55.30285714285714,1,2,2,1.65,Lost,0,Low Value
7878,15,9,356.39,2019-08-01,2023-12-14,39.59888888888889,5,3,2,3.3,Potential Loyalists,1,Mid Value
7879,66,13,432.32,2019-01-04,2023-10-24,33.255384615384614,3,5,3,3.5,Loyal Customers,2,Premium
7880,308,8,835.47,2019-11-14,2023-02-24,104.43375,1,2,5,2.85,Others,3,High Value
7881,53,12,583.12,2019-02-06,2023-11-06,48.593333333333334,3,4,4,3.65,Loyal Customers,3,High Value
7882,124,13,490.3,2019-01-26,2023-08-27,37.715384615384615,2,5,3,3.1500000000000004,Loyal Customers,3,High Value
7883,776,8,264.62,2019-06-13,2021-11-13,33.0775,1,2,1,1.25,Lost,0,Low Value
7884,5,6,196.29000000000002,2019-04-03,2023-12-24,32.715,5,1,1,2.4,Potential Loyalists,1,Mid Value
7885,53,7,613.51,2019-11-19,2023-11-06,87.64428571428572,3,2,4,3.15,At Risk,3,High Value
7886,215,10,473.16,2019-04-28,2023-05-28,47.316,2,3,3,2.6500000000000004,Loyal Customers,3,High Value
7887,76,6,256.43,2019-05-13,2023-10-14,42.73833333333334,3,1,1,1.6999999999999997,Potential Loyalists,0,Low Value
7888,45,5,197.53,2019-03-02,2023-11-14,39.506,3,1,1,1.6999999999999997,Potential Loyalists,0,Low Value
7889,83,11,1028.15,2019-06-19,2023-10-07,93.46818181818183,3,4,5,4.05,Loyal Customers,2,Premium
7890,71,6,206.81,2019-09-03,2023-10-19,34.468333333333334,3,1,1,1.6999999999999997,Potential Loyalists,0,Low Value
7891,49,11,503.32,2019-01-16,2023-11-10,45.75636363636364,3,4,3,3.25,Loyal Customers,3,High Value
7892,55,5,543.95,2019-04-09,2023-11-04,108.79,3,1,3,2.5,Potential Loyalists,1,Mid Value
7893,21,7,354.89,2020-02-21,2023-12-08,50.69857142857143,5,2,2,3.05,Potential Loyalists,1,Mid Value
7894,115,12,519.53,2019-05-26,2023-09-05,43.29416666666666,2,4,3,2.9000000000000004,Loyal Customers,3,High Value
7895,135,18,1046.58,2019-03-05,2023-08-16,58.14333333333333,2,5,5,3.95,Loyal Customers,3,High Value
7896,12,13,500.6,2019-08-20,2023-12-17,38.50769230769231,5,5,3,4.2,Loyal Customers,2,Premium
7897,6,16,522.26,2020-01-12,2023-12-23,32.64125,5,5,3,4.2,Loyal Customers,2,Premium
7898,268,6,531.9,2020-02-23,2023-04-05,88.64999999999999,1,1,3,1.8000000000000003,Others,0,Low Value
7899,88,8,1262.42,2019-07-17,2023-10-02,157.8025,2,2,5,3.2,At Risk,3,High Value
7900,32,12,336.94,2019-05-07,2023-11-27,28.078333333333333,4,4,2,3.2,Others,1,Mid Value
7901,776,3,102.88,2019-01-28,2021-11-13,34.29333333333333,1,1,1,1.0,Lost,0,Low Value
7902,2,7,678.12,2019-04-14,2023-12-27,96.87428571428572,5,2,4,3.85,Others,1,Mid Value
7903,1143,2,160.92000000000002,2019-11-17,2020-11-11,80.46000000000001,1,1,1,1.0,Lost,0,Low Value
7904,1,11,365.73,2019-01-15,2023-12-28,33.24818181818182,5,4,2,3.55,Others,1,Mid Value
7905,42,9,331.54,2019-07-16,2023-11-17,36.83777777777778,4,3,2,2.95,Potential Loyalists,1,Mid Value
7906,502,9,505.82,2019-08-15,2022-08-14,56.20222222222222,1,3,3,2.3000000000000003,Others,3,High Value
7907,45,11,404.58,2019-11-18,2023-11-14,36.78,3,4,2,2.8499999999999996,At Risk,1,Mid Value
7908,43,8,224.49,2019-01-26,2023-11-16,28.06125,4,2,1,2.3,Potential Loyalists,1,Mid Value
7909,27,9,631.5899999999999,2020-05-09,2023-12-02,70.17666666666666,4,3,4,3.75,Loyal Customers,2,Premium
7910,63,17,807.8,2019-04-24,2023-10-27,47.51764705882353,3,5,5,4.3,Loyal Customers,2,Premium
7911,292,6,286.03,2019-04-17,2023-03-12,47.67166666666666,1,1,1,1.0,Lost,0,Low Value
7912,105,9,561.9,2019-09-07,2023-09-15,62.43333333333333,2,3,4,3.05,Loyal Customers,3,High Value
7913,309,8,1083.28,2019-08-05,2023-02-23,135.41,1,2,5,2.85,Others,3,High Value
7914,5,11,1153.6000000000001,2019-01-12,2023-12-24,104.87272727272729,5,4,5,4.75,Champions,2,Premium
7915,240,11,556.01,2019-07-13,2023-05-03,50.54636363636364,2,4,4,3.3,Loyal Customers,3,High Value
7916,33,5,142.94,2020-11-26,2023-11-26,28.588,4,1,1,2.05,Potential Loyalists,1,Mid Value
7917,144,10,371.83,2019-04-16,2023-08-07,37.183,2,3,2,2.25,At Risk,0,Low Value
7918,87,11,774.26,2019-01-09,2023-10-03,70.38727272727273,2,4,5,3.7,Loyal Customers,3,High Value
7919,1279,5,230.26,2019-02-25,2020-06-28,46.052,1,1,1,1.0,Lost,0,Low Value
7920,396,7,478.90999999999997,2019-11-21,2022-11-28,68.41571428571429,1,2,3,2.0500000000000003,Others,0,Low Value
7921,6,14,472.64,2019-11-03,2023-12-23,33.76,5,5,3,4.2,Loyal Customers,2,Premium
7922,32,8,358.72,2020-07-26,2023-11-27,44.84,4,2,2,2.7,Potential Loyalists,1,Mid Value
7923,135,12,588.42,2019-10-05,2023-08-16,49.035,2,4,4,3.3,Loyal Customers,3,High Value
7924,14,8,254.62,2020-06-13,2023-12-15,31.8275,5,2,1,2.65,Potential Loyalists,1,Mid Value
7925,154,7,189.21,2019-07-04,2023-07-28,27.03,2,2,1,1.6,Lost,0,Low Value
7926,67,5,274.08,2019-12-17,2023-10-23,54.815999999999995,3,1,1,1.6999999999999997,Potential Loyalists,0,Low Value
7927,52,15,513.12,2019-01-15,2023-11-07,34.208,3,5,3,3.5,Loyal Customers,2,Premium
7928,192,9,368.57,2019-04-11,2023-06-20,40.95222222222222,2,3,2,2.25,At Risk,0,Low Value
7929,37,7,272.42,2019-05-28,2023-11-22,38.917142857142856,4,2,1,2.3,Potential Loyalists,1,Mid Value
7930,409,7,251.37,2019-11-22,2022-11-15,35.910000000000004,1,2,1,1.25,Lost,0,Low Value
7931,40,15,810.35,2019-07-03,2023-11-19,54.02333333333333,4,5,5,4.65,Champions,2,Premium
7932,262,9,494.35,2019-01-21,2023-04-11,54.92777777777778,1,3,3,2.3000000000000003,Others,3,High Value
7933,87,13,376.28999999999996,2019-02-18,2023-10-03,28.94538461538461,2,5,2,2.75,At Risk,3,High Value
7934,33,9,312.95,2019-04-03,2023-11-26,34.77222222222222,4,3,1,2.55,Potential Loyalists,1,Mid Value
7935,54,12,558.0,2019-03-01,2023-11-05,46.5,3,4,4,3.65,Loyal Customers,3,High Value
7936,773,4,65.77,2019-08-14,2021-11-16,16.4425,1,1,1,1.0,Lost,0,Low Value
7937,118,12,668.0600000000001,2019-06-15,2023-09-02,55.671666666666674,2,4,4,3.3,Loyal Customers,3,High Value
7938,54,8,292.57,2019-04-12,2023-11-05,36.57125,3,2,1,1.9499999999999997,Potential Loyalists,0,Low Value
7939,3,9,393.74,2019-03-24,2023-12-26,43.74888888888889,5,3,2,3.3,Potential Loyalists,1,Mid Value
7940,11,7,248.46,2019-07-28,2023-12-18,35.494285714285716,5,2,1,2.65,Potential Loyalists,1,Mid Value
7941,14,12,559.78,2019-05-23,2023-12-15,46.64833333333333,5,4,4,4.35,Champions,2,Premium
7942,11,16,649.63,2019-10-19,2023-12-18,40.601875,5,5,4,4.6,Champions,2,Premium
7943,119,9,575.57,2019-08-05,2023-09-01,63.952222222222225,2,3,4,3.05,Loyal Customers,3,High Value
7944,55,8,353.15,2019-10-04,2023-11-04,44.14375,3,2,2,2.3499999999999996,Potential Loyalists,1,Mid Value
7945,372,12,593.29,2019-05-12,2022-12-22,49.44083333333333,1,4,4,2.95,Others,3,High Value
7946,22,12,1328.83,2019-11-17,2023-12-07,110.73583333333333,5,4,5,4.75,Champions,2,Premium
7947,50,9,1122.41,2020-04-09,2023-11-09,124.71222222222224,3,3,5,3.8,Loyal Customers,3,High Value
7948,2,10,755.42,2019-08-21,2023-12-27,75.542,5,3,4,4.1,Loyal Customers,2,Premium
7949,26,7,682.22,2020-09-12,2023-12-03,97.46000000000001,4,2,4,3.5,Others,1,Mid Value
7950,16,18,543.79,2019-05-17,2023-12-13,30.210555555555555,5,5,3,4.2,Loyal Customers,2,Premium
7951,85,9,372.29,2019-04-07,2023-10-05,41.36555555555556,3,3,2,2.5999999999999996,Potential Loyalists,1,Mid Value
7952,44,6,150.5,2020-02-13,2023-11-15,25.083333333333332,4,1,1,2.05,Potential Loyalists,1,Mid Value
7953,9,12,387.34000000000003,2019-05-21,2023-12-20,32.278333333333336,5,4,2,3.55,Others,1,Mid Value
7954,405,7,323.78000000000003,2019-08-18,2022-11-19,46.25428571428572,1,2,2,1.65,Lost,0,Low Value
7955,89,10,313.93,2019-01-23,2023-10-01,31.393,2,3,1,1.85,Others,0,Low Value
7956,44,15,541.28,2019-02-04,2023-11-15,36.08533333333333,4,5,3,3.85,Loyal Customers,2,Premium
7957,49,9,419.22,2019-09-03,2023-11-10,46.580000000000005,3,3,2,2.5999999999999996,Potential Loyalists,1,Mid Value
7958,76,9,374.22,2019-11-28,2023-10-14,41.580000000000005,3,3,2,2.5999999999999996,Potential Loyalists,1,Mid Value
7959,48,9,365.56,2019-03-14,2023-11-11,40.617777777777775,3,3,2,2.5999999999999996,Potential Loyalists,1,Mid Value
7960,56,10,512.64,2019-04-19,2023-11-03,51.263999999999996,3,3,3,3.0,Loyal Customers,3,High Value
7961,2,12,554.58,2019-10-16,2023-12-27,46.215,5,4,3,3.95,Loyal Customers,2,Premium
7962,66,15,738.02,2019-08-12,2023-10-24,49.20133333333333,3,5,4,3.9,Loyal Customers,2,Premium
7963,530,9,431.94,2019-12-08,2022-07-17,47.99333333333333,1,3,3,2.3000000000000003,Others,3,High Value
7964,139,12,433.33,2019-02-10,2023-08-12,36.11083333333333,2,4,3,2.9000000000000004,Loyal Customers,3,High Value
7965,54,14,486.78,2019-08-17,2023-11-05,34.769999999999996,3,5,3,3.5,Loyal Customers,2,Premium
7966,54,14,476.58,2019-05-14,2023-11-05,34.04142857142857,3,5,3,3.5,Loyal Customers,2,Premium
7967,33,9,258.09000000000003,2019-03-14,2023-11-26,28.67666666666667,4,3,1,2.55,Potential Loyalists,1,Mid Value
7968,208,4,147.56,2019-03-26,2023-06-04,36.89,2,1,1,1.35,Lost,0,Low Value
7969,8,10,352.03000000000003,2019-07-13,2023-12-21,35.203,5,3,2,3.3,Potential Loyalists,1,Mid Value
7970,253,12,542.0,2019-03-20,2023-04-20,45.166666666666664,1,4,3,2.5500000000000003,Others,3,High Value
7971,24,7,491.54,2019-11-28,2023-12-05,70.22,5,2,3,3.45,Potential Loyalists,1,Mid Value
7972,95,7,314.43,2019-06-20,2023-09-25,44.91857142857143,2,2,1,1.6,Lost,0,Low Value
7973,211,9,425.5,2019-11-02,2023-06-01,47.27777777777778,2,3,2,2.25,At Risk,0,Low Value
7974,45,14,491.72,2019-03-23,2023-11-14,35.12285714285714,3,5,3,3.5,Loyal Customers,2,Premium
7975,285,11,483.65999999999997,2019-09-12,2023-03-19,43.96909090909091,1,4,3,2.5500000000000003,Others,3,High Value
7976,238,4,145.79000000000002,2019-11-23,2023-05-05,36.447500000000005,2,1,1,1.35,Lost,0,Low Value
7977,74,9,405.13,2019-02-07,2023-10-16,45.01444444444444,3,3,2,2.5999999999999996,Potential Loyalists,1,Mid Value
7978,17,13,700.07,2019-03-12,2023-12-12,53.85153846153847,5,5,4,4.6,Champions,2,Premium
7979,11,10,325.34,2019-03-16,2023-12-18,32.534,5,3,2,3.3,Potential Loyalists,1,Mid Value
7980,14,11,627.21,2019-11-06,2023-12-15,57.01909090909091,5,4,4,4.35,Champions,2,Premium
7981,3,7,364.9,2020-01-10,2023-12-26,52.128571428571426,5,2,2,3.05,Potential Loyalists,1,Mid Value
7982,266,14,1072.47,2019-02-28,2023-04-07,76.605,1,5,5,3.6,Others,3,High Value
7983,16,14,966.45,2019-02-14,2023-12-13,69.03214285714286,5,5,5,5.0,Champions,2,Premium
7984,124,10,1111.67,2019-04-04,2023-08-27,111.167,2,3,5,3.45,Loyal Customers,3,High Value
7985,33,5,619.9399999999999,2020-09-23,2023-11-26,123.98799999999999,4,1,4,3.25,Others,1,Mid Value
7986,58,10,390.78,2019-10-06,2023-11-01,39.077999999999996,3,3,2,2.5999999999999996,Potential Loyalists,1,Mid Value
7987,143,10,318.48,2019-03-04,2023-08-08,31.848000000000003,2,3,2,2.25,At Risk,0,Low Value
7988,14,6,306.62,2019-03-14,2023-12-15,51.10333333333333,5,1,1,2.4,Potential Loyalists,1,Mid Value
7989,199,13,527.11,2019-02-07,2023-06-13,40.54692307692308,2,5,3,3.1500000000000004,Loyal Customers,3,High Value
7990,533,4,116.55,2019-04-22,2022-07-14,29.1375,1,1,1,1.0,Lost,0,Low Value
7991,118,13,1190.8,2019-05-05,2023-09-02,91.6,2,5,5,3.95,Loyal Customers,3,High Value
7992,36,10,758.25,2019-12-06,2023-11-23,75.825,4,3,4,3.75,Loyal Customers,2,Premium
7993,764,5,227.41000000000003,2019-08-07,2021-11-25,45.482000000000006,1,1,1,1.0,Lost,0,Low Value
7994,81,12,717.83,2019-11-09,2023-10-09,59.81916666666667,3,4,4,3.65,Loyal Customers,3,High Value
7995,114,14,1333.46,2019-05-28,2023-09-06,95.24714285714286,2,5,5,3.95,Loyal Customers,3,High Value
7996,40,9,320.83000000000004,2019-11-24,2023-11-19,35.64777777777778,4,3,2,2.95,Potential Loyalists,1,Mid Value
7997,13,6,259.81,2019-01-01,2023-12-16,43.30166666666667,5,1,1,2.4,Potential Loyalists,1,Mid Value
7998,43,13,1003.75,2019-06-28,2023-11-16,77.21153846153847,4,5,5,4.65,Champions,2,Premium
7999,181,16,753.4300000000001,2019-06-05,2023-07-01,47.089375000000004,2,5,4,3.55,Loyal Customers,3,High Value
8000,129,7,384.71,2019-03-07,2023-08-22,54.958571428571425,2,2,2,2.0,At Risk,0,Low Value
8001,56,12,885.38,2019-11-11,2023-11-03,73.78166666666667,3,4,5,4.05,Loyal Customers,2,Premium
8002,34,7,567.87,2021-04-26,2023-11-25,81.12428571428572,4,2,4,3.5,Others,1,Mid Value
8003,44,9,295.82,2019-11-15,2023-11-15,32.86888888888889,4,3,1,2.55,Potential Loyalists,1,Mid Value
8004,299,9,514.17,2019-11-19,2023-03-05,57.129999999999995,1,3,3,2.3000000000000003,Others,3,High Value
8005,45,11,1181.56,2019-11-04,2023-11-14,107.41454545454545,3,4,5,4.05,Loyal Customers,2,Premium
8006,125,11,772.63,2019-06-11,2023-08-26,70.2390909090909,2,4,5,3.7,Loyal Customers,3,High Value
8007,25,14,926.73,2019-06-20,2023-12-04,66.19500000000001,4,5,5,4.65,Champions,2,Premium
8008,49,5,219.54,2019-12-02,2023-11-10,43.908,3,1,1,1.6999999999999997,Potential Loyalists,0,Low Value
8009,78,8,356.51,2020-10-24,2023-10-12,44.56375,3,2,2,2.3499999999999996,Potential Loyalists,1,Mid Value
8010,50,11,837.08,2020-01-04,2023-11-09,76.09818181818183,3,4,5,4.05,Loyal Customers,2,Premium
8011,42,14,712.0500000000001,2019-08-08,2023-11-17,50.86071428571429,4,5,4,4.25,Champions,2,Premium
8012,111,10,696.89,2019-05-28,2023-09-09,69.689,2,3,4,3.05,Loyal Customers,3,High Value
8013,427,5,718.5400000000001,2020-07-09,2022-10-28,143.70800000000003,1,1,4,2.2,Others,0,Low Value
8014,403,8,299.65,2019-05-12,2022-11-21,37.45625,1,2,1,1.25,Lost,0,Low Value
8015,78,10,646.6,2019-06-13,2023-10-12,64.66,3,3,4,3.4,Loyal Customers,3,High Value
8016,22,8,287.76,2019-03-04,2023-12-07,35.97,5,2,1,2.65,Potential Loyalists,1,Mid Value
8017,867,6,219.7,2019-08-08,2021-08-14,36.61666666666667,1,1,1,1.0,Lost,0,Low Value
8018,33,7,161.42,2019-08-25,2023-11-26,23.06,4,2,1,2.3,Potential Loyalists,1,Mid Value
8019,270,3,154.32,2020-09-09,2023-04-03,51.44,1,1,1,1.0,Lost,0,Low Value
8020,15,13,981.3,2019-02-22,2023-12-14,75.48461538461538,5,5,5,5.0,Champions,2,Premium
8021,31,10,643.28,2019-04-27,2023-11-28,64.328,4,3,4,3.75,Loyal Customers,2,Premium
8022,367,10,487.05,2019-07-14,2022-12-27,48.705,1,3,3,2.3000000000000003,Others,3,High Value
8023,9,7,233.42000000000002,2019-11-20,2023-12-20,33.34571428571429,5,2,1,2.65,Potential Loyalists,1,Mid Value
8024,44,8,465.31,2019-10-23,2023-11-15,58.16375,4,2,3,3.1,Potential Loyalists,1,Mid Value
8025,47,15,840.1999999999999,2019-01-15,2023-11-12,56.01333333333333,3,5,5,4.3,Loyal Customers,2,Premium
8026,58,9,396.22,2019-11-27,2023-11-01,44.02444444444445,3,3,2,2.5999999999999996,Potential Loyalists,1,Mid Value
8027,679,10,707.38,2019-09-13,2022-02-18,70.738,1,3,4,2.7,Others,3,High Value
8028,21,9,724.47,2019-07-15,2023-12-08,80.49666666666667,5,3,4,4.1,Loyal Customers,2,Premium
8029,13,7,447.96000000000004,2020-09-11,2023-12-16,63.994285714285716,5,2,3,3.45,Potential Loyalists,1,Mid Value
8030,36,10,622.35,2019-07-02,2023-11-23,62.235,4,3,4,3.75,Loyal Customers,2,Premium
8031,13,9,859.36,2019-06-12,2023-12-16,95.48444444444445,5,3,5,4.5,Loyal Customers,2,Premium
8032,42,14,1279.88,2019-05-07,2023-11-17,91.42,4,5,5,4.65,Champions,2,Premium
8033,315,18,823.22,2019-01-13,2023-02-17,45.73444444444445,1,5,5,3.6,Others,3,High Value
8034,33,13,501.43,2019-03-08,2023-11-26,38.57153846153846,4,5,3,3.85,Loyal Customers,2,Premium
8035,27,10,1440.0,2019-04-13,2023-12-02,144.0,4,3,5,4.15,Loyal Customers,2,Premium
8036,77,9,302.75,2019-08-08,2023-10-13,33.638888888888886,3,3,1,2.1999999999999997,Potential Loyalists,1,Mid Value
8037,221,8,303.17,2019-10-16,2023-05-22,37.89625,2,2,1,1.6,Lost,0,Low Value
8038,399,8,271.03999999999996,2019-03-03,2022-11-25,33.879999999999995,1,2,1,1.25,Lost,0,Low Value
8039,84,12,436.36,2019-11-02,2023-10-06,36.36333333333334,3,4,3,3.25,Loyal Customers,3,High Value
8040,139,10,479.49,2019-05-10,2023-08-12,47.949,2,3,3,2.6500000000000004,Loyal Customers,3,High Value
8041,69,15,696.86,2019-04-25,2023-10-21,46.45733333333333,3,5,4,3.9,Loyal Customers,2,Premium
8042,307,8,737.9200000000001,2019-06-25,2023-02-25,92.24000000000001,1,2,4,2.45,Others,3,High Value
8043,95,13,340.35,2019-01-17,2023-09-25,26.180769230769233,2,5,2,2.75,At Risk,3,High Value
8044,48,6,425.46999999999997,2019-03-01,2023-11-11,70.91166666666666,3,1,2,2.0999999999999996,Potential Loyalists,0,Low Value
8045,176,12,436.65000000000003,2019-09-16,2023-07-06,36.3875,2,4,3,2.9000000000000004,Loyal Customers,3,High Value
8046,57,13,463.78000000000003,2019-10-21,2023-11-02,35.675384615384615,3,5,3,3.5,Loyal Customers,2,Premium
8047,416,4,268.49,2020-09-09,2022-11-08,67.1225,1,1,1,1.0,Lost,0,Low Value
8048,32,16,1424.41,2019-07-10,2023-11-27,89.025625,4,5,5,4.65,Champions,2,Premium
8049,370,7,249.18,2019-11-02,2022-12-24,35.597142857142856,1,2,1,1.25,Lost,0,Low Value
8050,53,13,486.93,2019-07-08,2023-11-06,37.456153846153846,3,5,3,3.5,Loyal Customers,2,Premium
8051,132,9,373.08000000000004,2019-02-10,2023-08-19,41.45333333333334,2,3,2,2.25,At Risk,0,Low Value
8052,7,16,1514.69,2019-08-24,2023-12-22,94.668125,5,5,5,5.0,Champions,2,Premium
8053,56,13,508.09,2019-03-09,2023-11-03,39.08384615384615,3,5,3,3.5,Loyal Customers,2,Premium
8054,27,11,343.38,2019-09-14,2023-12-02,31.216363636363635,4,4,2,3.2,Others,1,Mid Value
8055,84,7,371.29,2019-11-13,2023-10-06,53.041428571428575,3,2,2,2.3499999999999996,Potential Loyalists,1,Mid Value
8056,38,8,474.52,2020-12-25,2023-11-21,59.315,4,2,3,3.1,Potential Loyalists,1,Mid Value
8057,44,9,726.6800000000001,2019-12-03,2023-11-15,80.74222222222222,4,3,4,3.75,Loyal Customers,2,Premium
8058,380,13,791.65,2019-03-05,2022-12-14,60.896153846153844,1,5,5,3.6,Others,3,High Value
8059,156,9,283.17,2019-01-19,2023-07-26,31.463333333333335,2,3,1,1.85,Others,0,Low Value
8060,469,3,125.72,2019-12-04,2022-09-16,41.906666666666666,1,1,1,1.0,Lost,0,Low Value
8061,19,8,312.94,2019-11-21,2023-12-10,39.1175,5,2,1,2.65,Potential Loyalists,1,Mid Value
8062,96,13,1727.83,2019-09-05,2023-09-24,132.91,2,5,5,3.95,Loyal Customers,3,High Value
8063,64,8,299.62,2019-02-14,2023-10-26,37.4525,3,2,1,1.9499999999999997,Potential Loyalists,0,Low Value
8064,37,4,220.45,2021-02-25,2023-11-22,55.1125,4,1,1,2.05,Potential Loyalists,1,Mid Value
8065,24,8,255.94,2019-08-06,2023-12-05,31.9925,5,2,1,2.65,Potential Loyalists,1,Mid Value
8066,87,8,267.68,2019-01-21,2023-10-03,33.46,2,2,1,1.6,Lost,0,Low Value
8067,16,13,509.90999999999997,2019-11-05,2023-12-13,39.223846153846154,5,5,3,4.2,Loyal Customers,2,Premium
8068,165,12,720.32,2019-05-19,2023-07-17,60.02666666666667,2,4,4,3.3,Loyal Customers,3,High Value
8069,26,9,300.92,2019-02-04,2023-12-03,33.43555555555556,4,3,1,2.55,Potential Loyalists,1,Mid Value
8070,36,9,278.31,2019-08-09,2023-11-23,30.923333333333332,4,3,1,2.55,Potential Loyalists,1,Mid Value
8071,8,5,151.68,2020-06-28,2023-12-21,30.336000000000002,5,1,1,2.4,Potential Loyalists,1,Mid Value
8072,40,6,332.82,2019-02-16,2023-11-19,55.47,4,1,2,2.45,Potential Loyalists,1,Mid Value
8073,12,10,495.21000000000004,2019-03-10,2023-12-17,49.521,5,3,3,3.7,Loyal Customers,1,Mid Value
8074,18,7,356.72,2019-12-11,2023-12-11,50.96,5,2,2,3.05,Potential Loyalists,1,Mid Value
8075,109,6,184.96,2020-05-26,2023-09-11,30.826666666666668,2,1,1,1.35,Lost,0,Low Value
8076,14,14,878.0,2019-01-08,2023-12-15,62.714285714285715,5,5,5,5.0,Champions,2,Premium
8077,39,9,481.38,2019-01-24,2023-11-20,53.486666666666665,4,3,3,3.35,Loyal Customers,1,Mid Value
8078,63,13,835.9200000000001,2019-03-06,2023-10-27,64.30153846153847,3,5,5,4.3,Loyal Customers,2,Premium
8079,46,10,1021.25,2019-12-20,2023-11-13,102.125,3,3,5,3.8,Loyal Customers,3,High Value
8080,284,6,220.2,2019-11-10,2023-03-20,36.699999999999996,1,1,1,1.0,Lost,0,Low Value
8081,14,11,798.3100000000001,2019-01-04,2023-12-15,72.57363636363637,5,4,5,4.75,Champions,2,Premium
8082,106,14,1045.36,2019-02-03,2023-09-14,74.66857142857143,2,5,5,3.95,Loyal Customers,3,High Value
8083,56,11,822.01,2019-04-09,2023-11-03,74.72818181818182,3,4,5,4.05,Loyal Customers,2,Premium
8084,503,2,163.0,2021-05-20,2022-08-13,81.5,1,1,1,1.0,Lost,0,Low Value
8085,58,13,432.12,2019-09-24,2023-11-01,33.24,3,5,3,3.5,Loyal Customers,2,Premium
8086,148,11,401.07,2019-02-20,2023-08-03,36.46090909090909,2,4,2,2.5,At Risk,3,High Value
8087,131,9,413.49,2019-10-15,2023-08-20,45.943333333333335,2,3,2,2.25,At Risk,0,Low Value
8088,46,13,390.57,2019-02-24,2023-11-13,30.043846153846154,3,5,2,3.0999999999999996,At Risk,2,Premium
8089,403,6,268.63,2019-03-26,2022-11-21,44.77166666666667,1,1,1,1.0,Lost,0,Low Value
8090,227,6,315.12,2019-10-23,2023-05-16,52.52,2,1,1,1.35,Lost,0,Low Value
8091,74,7,241.75,2019-11-18,2023-10-16,34.535714285714285,3,2,1,1.9499999999999997,Potential Loyalists,0,Low Value
8092,208,7,238.68,2019-08-22,2023-06-04,34.097142857142856,2,2,1,1.6,Lost,0,Low Value
8093,51,13,488.42,2019-11-21,2023-11-08,37.57076923076923,3,5,3,3.5,Loyal Customers,2,Premium
8094,18,12,452.51,2019-04-25,2023-12-11,37.70916666666667,5,4,3,3.95,Loyal Customers,2,Premium
8095,413,8,343.15999999999997,2019-12-04,2022-11-11,42.894999999999996,1,2,2,1.65,Lost,0,Low Value
8096,154,16,696.62,2019-01-19,2023-07-28,43.53875,2,5,4,3.55,Loyal Customers,3,High Value
8097,80,9,359.74,2020-02-26,2023-10-10,39.971111111111114,3,3,2,2.5999999999999996,Potential Loyalists,1,Mid Value
8098,3,9,310.03000000000003,2019-11-15,2023-12-26,34.44777777777778,5,3,1,2.9,Potential Loyalists,1,Mid Value
8099,4,8,295.87,2019-06-24,2023-12-25,36.98375,5,2,1,2.65,Potential Loyalists,1,Mid Value
8100,56,13,1778.46,2019-08-02,2023-11-03,136.80461538461537,3,5,5,4.3,Loyal Customers,2,Premium
8101,4,12,1404.5,2019-03-01,2023-12-25,117.04166666666667,5,4,5,4.75,Champions,2,Premium
8102,6,14,454.34000000000003,2019-12-20,2023-12-23,32.45285714285715,5,5,3,4.2,Loyal Customers,2,Premium
8103,191,6,245.73000000000002,2019-06-25,2023-06-21,40.955000000000005,2,1,1,1.35,Lost,0,Low Value
8104,339,5,238.36,2020-03-27,2023-01-24,47.672000000000004,1,1,1,1.0,Lost,0,Low Value
8105,17,10,312.18,2020-11-17,2023-12-12,31.218,5,3,1,2.9,Potential Loyalists,1,Mid Value
8106,2,12,660.13,2019-05-25,2023-12-27,55.01083333333333,5,4,4,4.35,Champions,2,Premium
8107,84,11,410.11,2019-11-03,2023-10-06,37.28272727272727,3,4,2,2.8499999999999996,At Risk,1,Mid Value
8108,88,12,453.97,2019-02-05,2023-10-02,37.83083333333334,2,4,3,2.9000000000000004,Loyal Customers,3,High Value
8109,9,7,500.58,2020-03-11,2023-12-20,71.51142857142857,5,2,3,3.45,Potential Loyalists,1,Mid Value
8110,187,11,744.52,2019-01-11,2023-06-25,67.68363636363637,2,4,4,3.3,Loyal Customers,3,High Value
8111,171,8,808.88,2019-11-06,2023-07-11,101.11,2,2,5,3.2,At Risk,3,High Value
8112,42,8,299.0,2019-12-02,2023-11-17,37.375,4,2,1,2.3,Potential Loyalists,1,Mid Value
8113,50,11,657.49,2019-05-10,2023-11-09,59.77181818181818,3,4,4,3.65,Loyal Customers,3,High Value
8114,184,7,411.09999999999997,2019-11-21,2023-06-28,58.72857142857142,2,2,2,2.0,At Risk,0,Low Value
8115,12,11,1062.41,2019-07-15,2023-12-17,96.58272727272728,5,4,5,4.75,Champions,2,Premium
8116,535,5,495.36,2019-02-25,2022-07-12,99.072,1,1,3,1.8000000000000003,Others,0,Low Value
8117,36,10,620.91,2019-06-16,2023-11-23,62.090999999999994,4,3,4,3.75,Loyal Customers,2,Premium
8118,37,17,818.08,2019-01-03,2023-11-22,48.12235294117647,4,5,5,4.65,Champions,2,Premium
8119,15,12,793.8399999999999,2019-09-06,2023-12-14,66.15333333333332,5,4,5,4.75,Champions,2,Premium
8120,28,11,448.6,2019-02-25,2023-12-01,40.78181818181818,4,4,3,3.6,Loyal Customers,2,Premium
8121,190,3,190.01999999999998,2020-06-13,2023-06-22,63.339999999999996,2,1,1,1.35,Lost,0,Low Value
8122,53,7,726.28,2020-03-11,2023-11-06,103.75428571428571,3,2,4,3.15,At Risk,3,High Value
8123,15,12,1074.99,2019-08-26,2023-12-14,89.5825,5,4,5,4.75,Champions,2,Premium
8124,69,7,182.75,2019-01-26,2023-10-21,26.107142857142858,3,2,1,1.9499999999999997,Potential Loyalists,0,Low Value
8125,13,9,318.62,2019-06-04,2023-12-16,35.40222222222222,5,3,2,3.3,Potential Loyalists,1,Mid Value
8126,410,8,292.32,2019-02-17,2022-11-14,36.54,1,2,1,1.25,Lost,0,Low Value
8127,23,15,1006.39,2019-11-04,2023-12-06,67.09266666666666,5,5,5,5.0,Champions,2,Premium
8128,684,6,201.36,2020-07-15,2022-02-13,33.56,1,1,1,1.0,Lost,0,Low Value
8129,37,14,749.62,2020-11-04,2023-11-22,53.544285714285714,4,5,4,4.25,Champions,2,Premium
8130,103,12,860.96,2019-03-16,2023-09-17,71.74666666666667,2,4,5,3.7,Loyal Customers,3,High Value
8131,51,14,719.25,2019-04-06,2023-11-08,51.375,3,5,4,3.9,Loyal Customers,2,Premium
8132,45,11,1438.9,2019-01-09,2023-11-14,130.8090909090909,3,4,5,4.05,Loyal Customers,2,Premium
8133,55,6,629.39,2019-09-09,2023-11-04,104.89833333333333,3,1,4,2.9,Others,1,Mid Value
8134,11,12,496.64,2019-11-13,2023-12-18,41.38666666666666,5,4,3,3.95,Loyal Customers,2,Premium
8135,22,8,243.84,2019-10-21,2023-12-07,30.48,5,2,1,2.65,Potential Loyalists,1,Mid Value
8136,107,6,584.71,2019-08-25,2023-09-13,97.45166666666667,2,1,4,2.55,Others,0,Low Value
8137,287,10,812.23,2019-08-16,2023-03-17,81.223,1,3,5,3.1,Others,3,High Value
8138,45,8,751.55,2019-08-09,2023-11-14,93.94375,3,2,4,3.15,At Risk,3,High Value
8139,186,10,661.95,2019-07-23,2023-06-26,66.19500000000001,2,3,4,3.05,Loyal Customers,3,High Value
8140,13,10,291.39,2020-10-23,2023-12-16,29.139,5,3,1,2.9,Potential Loyalists,1,Mid Value
8141,31,12,497.33,2019-11-08,2023-11-28,41.44416666666667,4,4,3,3.6,Loyal Customers,2,Premium
8142,58,10,1575.76,2019-07-25,2023-11-01,157.576,3,3,5,3.8,Loyal Customers,3,High Value
8143,5,8,303.47,2021-03-08,2023-12-24,37.93375,5,2,1,2.65,Potential Loyalists,1,Mid Value
8144,224,9,550.23,2019-11-09,2023-05-19,61.13666666666667,2,3,3,2.6500000000000004,Loyal Customers,3,High Value
8145,200,10,475.04,2019-07-13,2023-06-12,47.504000000000005,2,3,3,2.6500000000000004,Loyal Customers,3,High Value
8146,51,8,331.84000000000003,2019-06-17,2023-11-08,41.480000000000004,3,2,2,2.3499999999999996,Potential Loyalists,1,Mid Value
8147,47,12,615.5699999999999,2019-03-25,2023-11-12,51.29749999999999,3,4,4,3.65,Loyal Customers,3,High Value
8148,360,8,301.13,2019-05-03,2023-01-03,37.64125,1,2,1,1.25,Lost,0,Low Value
8149,149,8,560.9,2019-04-08,2023-08-02,70.1125,2,2,4,2.8,At Risk,3,High Value
8150,386,8,216.3,2019-07-17,2022-12-08,27.0375,1,2,1,1.25,Lost,0,Low Value
8151,11,8,376.62,2019-07-28,2023-12-18,47.0775,5,2,2,3.05,Potential Loyalists,1,Mid Value
8152,15,11,745.03,2019-01-03,2023-12-14,67.73,5,4,4,4.35,Champions,2,Premium
8153,38,12,565.18,2019-04-03,2023-11-21,47.09833333333333,4,4,4,4.0,Champions,2,Premium
8154,16,5,153.22,2019-12-05,2023-12-13,30.644,5,1,1,2.4,Potential Loyalists,1,Mid Value
8155,55,7,408.13,2019-04-12,2023-11-04,58.30428571428571,3,2,2,2.3499999999999996,Potential Loyalists,1,Mid Value
8156,58,10,347.61,2019-04-02,2023-11-01,34.761,3,3,2,2.5999999999999996,Potential Loyalists,1,Mid Value
8157,368,10,459.73,2019-08-12,2022-12-26,45.973,1,3,3,2.3000000000000003,Others,3,High Value
8158,68,7,199.61,2019-07-10,2023-10-22,28.51571428571429,3,2,1,1.9499999999999997,Potential Loyalists,0,Low Value
8159,69,9,574.4399999999999,2020-05-24,2023-10-21,63.82666666666666,3,3,4,3.4,Loyal Customers,3,High Value
8160,10,6,422.27,2019-06-08,2023-12-19,70.37833333333333,5,1,2,2.8,Potential Loyalists,1,Mid Value
8161,50,15,789.78,2019-07-10,2023-11-09,52.652,3,5,5,4.3,Loyal Customers,2,Premium
8162,13,11,364.29,2019-09-08,2023-12-16,33.11727272727273,5,4,2,3.55,Others,1,Mid Value
8163,48,6,427.77,2019-02-05,2023-11-11,71.295,3,1,3,2.5,Potential Loyalists,1,Mid Value
8164,353,8,249.87,2019-02-01,2023-01-10,31.23375,1,2,1,1.25,Lost,0,Low Value
8165,33,11,418.3,2019-03-22,2023-11-26,38.02727272727273,4,4,2,3.2,Others,1,Mid Value
8166,157,8,456.45,2019-04-24,2023-07-25,57.05625,2,2,3,2.4000000000000004,At Risk,0,Low Value
8167,23,7,220.81,2020-04-01,2023-12-06,31.544285714285714,5,2,1,2.65,Potential Loyalists,1,Mid Value
8168,420,10,278.12,2019-08-27,2022-11-04,27.812,1,3,1,1.5,Others,0,Low Value
8169,76,7,258.85,2019-11-22,2023-10-14,36.978571428571435,3,2,1,1.9499999999999997,Potential Loyalists,0,Low Value
8170,49,11,350.13,2019-01-07,2023-11-10,31.83,3,4,2,2.8499999999999996,At Risk,1,Mid Value
8171,14,11,397.25,2019-10-16,2023-12-15,36.11363636363637,5,4,2,3.55,Others,1,Mid Value
8172,45,10,579.08,2019-07-08,2023-11-14,57.908,3,3,4,3.4,Loyal Customers,3,High Value
8173,45,9,287.64,2019-06-26,2023-11-14,31.959999999999997,3,3,1,2.1999999999999997,Potential Loyalists,1,Mid Value
8174,43,6,191.77,2019-03-26,2023-11-16,31.96166666666667,4,1,1,2.05,Potential Loyalists,1,Mid Value
8175,1017,6,316.11,2019-09-25,2021-03-17,52.685,1,1,1,1.0,Lost,0,Low Value
8176,52,7,568.76,2019-02-15,2023-11-07,81.25142857142858,3,2,4,3.15,At Risk,3,High Value
8177,55,5,391.17,2019-04-15,2023-11-04,78.23400000000001,3,1,2,2.0999999999999996,Potential Loyalists,0,Low Value
8178,1,14,662.05,2019-09-18,2023-12-28,47.28928571428571,5,5,4,4.6,Champions,2,Premium
8179,13,13,629.76,2019-04-02,2023-12-16,48.44307692307692,5,5,4,4.6,Champions,2,Premium
8180,51,8,265.1,2021-01-02,2023-11-08,33.1375,3,2,1,1.9499999999999997,Potential Loyalists,0,Low Value
8181,374,14,428.38,2019-01-04,2022-12-20,30.59857142857143,1,5,3,2.8000000000000003,Others,3,High Value
8182,336,10,470.26,2019-04-17,2023-01-27,47.025999999999996,1,3,3,2.3000000000000003,Others,3,High Value
8183,82,10,464.59,2019-05-19,2023-10-08,46.458999999999996,3,3,3,3.0,Loyal Customers,3,High Value
8184,54,8,305.51,2019-11-21,2023-11-05,38.18875,3,2,1,1.9499999999999997,Potential Loyalists,0,Low Value
8185,32,9,318.57,2020-03-20,2023-11-27,35.39666666666667,4,3,2,2.95,Potential Loyalists,1,Mid Value
8186,154,10,412.48,2019-07-20,2023-07-28,41.248000000000005,2,3,2,2.25,At Risk,0,Low Value
8187,101,8,663.71,2019-11-05,2023-09-19,82.96375,2,2,4,2.8,At Risk,3,High Value
8188,128,8,317.05,2019-04-20,2023-08-23,39.63125,2,2,1,1.6,Lost,0,Low Value
8189,419,10,486.10999999999996,2019-11-20,2022-11-05,48.611,1,3,3,2.3000000000000003,Others,3,High Value
8190,525,9,643.73,2019-01-05,2022-07-22,71.52555555555556,1,3,4,2.7,Others,3,High Value
8191,9,13,633.22,2020-11-01,2023-12-20,48.70923076923077,5,5,4,4.6,Champions,2,Premium
8192,12,8,278.37,2019-02-24,2023-12-17,34.79625,5,2,1,2.65,Potential Loyalists,1,Mid Value
8193,14,5,268.0,2019-02-26,2023-12-15,53.6,5,1,1,2.4,Potential Loyalists,1,Mid Value
8194,49,11,608.99,2020-05-13,2023-11-10,55.36272727272728,3,4,4,3.65,Loyal Customers,3,High Value
8195,313,11,497.36,2019-10-03,2023-02-19,45.21454545454546,1,4,3,2.5500000000000003,Others,3,High Value
8196,26,17,589.35,2019-08-25,2023-12-03,34.66764705882353,4,5,4,4.25,Champions,2,Premium
8197,47,9,779.47,2019-02-24,2023-11-12,86.60777777777778,3,3,5,3.8,Loyal Customers,3,High Value
8198,343,6,213.79,2020-12-19,2023-01-20,35.63166666666667,1,1,1,1.0,Lost,0,Low Value
8199,62,5,188.42000000000002,2019-11-09,2023-10-28,37.684000000000005,3,1,1,1.6999999999999997,Potential Loyalists,0,Low Value
8200,32,9,394.04,2019-11-22,2023-11-27,43.782222222222224,4,3,2,2.95,Potential Loyalists,1,Mid Value
8201,53,8,382.27,2019-03-10,2023-11-06,47.78375,3,2,2,2.3499999999999996,Potential Loyalists,1,Mid Value
8202,744,12,482.65,2019-02-19,2021-12-15,40.22083333333333,1,4,3,2.5500000000000003,Others,3,High Value
8203,129,9,560.5699999999999,2019-05-23,2023-08-22,62.28555555555555,2,3,4,3.05,Loyal Customers,3,High Value
8204,51,15,900.08,2019-09-14,2023-11-08,60.00533333333333,3,5,5,4.3,Loyal Customers,2,Premium
8205,3,6,206.37,2019-08-16,2023-12-26,34.395,5,1,1,2.4,Potential Loyalists,1,Mid Value
8206,217,13,429.08,2019-08-09,2023-05-26,33.00615384615384,2,5,3,3.1500000000000004,Loyal Customers,3,High Value
8207,47,13,869.41,2019-07-14,2023-11-12,66.8776923076923,3,5,5,4.3,Loyal Customers,2,Premium
8208,38,9,778.18,2019-11-18,2023-11-21,86.46444444444444,4,3,5,4.15,Loyal Customers,2,Premium
8209,444,11,414.98,2019-04-01,2022-10-11,37.72545454545455,1,4,2,2.1500000000000004,Others,3,High Value
8210,52,9,1103.32,2019-07-16,2023-11-07,122.5911111111111,3,3,5,3.8,Loyal Customers,3,High Value
8211,40,13,636.41,2019-12-20,2023-11-19,48.95461538461538,4,5,4,4.25,Champions,2,Premium
8212,545,8,322.96000000000004,2019-06-25,2022-07-02,40.370000000000005,1,2,2,1.65,Lost,0,Low Value
8213,9,9,1275.5700000000002,2019-07-19,2023-12-20,141.73000000000002,5,3,5,4.5,Loyal Customers,2,Premium
8214,22,9,646.1700000000001,2019-11-14,2023-12-07,71.79666666666668,5,3,4,4.1,Loyal Customers,2,Premium
8215,14,9,275.12,2019-01-02,2023-12-15,30.56888888888889,5,3,1,2.9,Potential Loyalists,1,Mid Value
8216,720,10,266.3,2019-02-10,2022-01-08,26.630000000000003,1,3,1,1.5,Others,0,Low Value
8217,23,12,404.47,2019-04-20,2023-12-06,33.70583333333334,5,4,2,3.55,Others,1,Mid Value
8218,382,12,497.94,2019-11-24,2022-12-12,41.495,1,4,3,2.5500000000000003,Others,3,High Value
8219,40,10,414.0,2019-09-08,2023-11-19,41.4,4,3,2,2.95,Potential Loyalists,1,Mid Value
8220,96,11,667.02,2019-02-24,2023-09-24,60.63818181818181,2,4,4,3.3,Loyal Customers,3,High Value
8221,43,12,414.08,2019-04-15,2023-11-16,34.50666666666667,4,4,2,3.2,Others,1,Mid Value
8222,126,7,468.47,2019-11-12,2023-08-25,66.92428571428572,2,2,3,2.4000000000000004,At Risk,0,Low Value
8223,210,8,359.62,2019-10-19,2023-06-02,44.9525,2,2,2,2.0,At Risk,0,Low Value
8224,422,10,381.6,2019-11-19,2022-11-02,38.160000000000004,1,3,2,1.9000000000000001,Others,0,Low Value
8225,162,13,899.52,2019-04-02,2023-07-20,69.19384615384615,2,5,5,3.95,Loyal Customers,3,High Value
8226,35,9,499.63,2019-08-12,2023-11-24,55.51444444444444,4,3,3,3.35,Loyal Customers,1,Mid Value
8227,4,4,389.56,2019-04-12,2023-12-25,97.39,5,1,2,2.8,Potential Loyalists,1,Mid Value
8228,71,9,361.38,2019-11-11,2023-10-19,40.153333333333336,3,3,2,2.5999999999999996,Potential Loyalists,1,Mid Value
8229,247,10,872.04,2019-07-15,2023-04-26,87.204,1,3,5,3.1,Others,3,High Value
8230,139,10,783.71,2019-01-20,2023-08-12,78.37100000000001,2,3,5,3.45,Loyal Customers,3,High Value
8231,39,11,372.07,2019-12-07,2023-11-20,33.82454545454545,4,4,2,3.2,Others,1,Mid Value
8232,418,6,368.39,2020-08-15,2022-11-06,61.39833333333333,1,1,2,1.4,Lost,0,Low Value
8233,49,7,320.79,2019-10-25,2023-11-10,45.82714285714286,3,2,2,2.3499999999999996,Potential Loyalists,1,Mid Value
8234,35,13,389.18,2019-01-23,2023-11-24,29.936923076923076,4,5,2,3.45,Others,2,Premium
8235,52,10,1160.25,2019-12-02,2023-11-07,116.025,3,3,5,3.8,Loyal Customers,3,High Value
8236,360,11,551.38,2019-08-16,2023-01-03,50.125454545454545,1,4,3,2.5500000000000003,Others,3,High Value
8237,71,9,556.81,2019-11-02,2023-10-19,61.867777777777775,3,3,4,3.4,Loyal Customers,3,High Value
8238,771,5,201.35,2019-01-19,2021-11-18,40.269999999999996,1,1,1,1.0,Lost,0,Low Value
8239,34,10,328.8,2019-10-10,2023-11-25,32.88,4,3,2,2.95,Potential Loyalists,1,Mid Value
8240,23,16,740.59,2019-10-23,2023-12-06,46.286875,5,5,4,4.6,Champions,2,Premium
8241,62,6,208.64,2020-10-15,2023-10-28,34.77333333333333,3,1,1,1.6999999999999997,Potential Loyalists,0,Low Value
8242,18,9,519.71,2019-03-07,2023-12-11,57.74555555555556,5,3,3,3.7,Loyal Customers,1,Mid Value
8243,83,6,268.49,2019-05-08,2023-10-07,44.748333333333335,3,1,1,1.6999999999999997,Potential Loyalists,0,Low Value
8244,62,12,373.42,2019-06-22,2023-10-28,31.118333333333336,3,4,2,2.8499999999999996,At Risk,1,Mid Value
8245,28,9,467.8,2019-01-15,2023-12-01,51.97777777777778,4,3,3,3.35,Loyal Customers,1,Mid Value
8246,31,13,1543.26,2020-03-26,2023-11-28,118.71230769230769,4,5,5,4.65,Champions,2,Premium
8247,19,14,628.49,2019-02-15,2023-12-10,44.89214285714286,5,5,4,4.6,Champions,2,Premium
8248,42,8,291.91,2019-01-18,2023-11-17,36.48875,4,2,1,2.3,Potential Loyalists,1,Mid Value
8249,156,9,409.68,2019-08-21,2023-07-26,45.52,2,3,2,2.25,At Risk,0,Low Value
8250,127,11,661.38,2019-07-19,2023-08-24,60.125454545454545,2,4,4,3.3,Loyal Customers,3,High Value
8251,96,11,1158.71,2019-02-08,2023-09-24,105.33727272727273,2,4,5,3.7,Loyal Customers,3,High Value
8252,106,10,1292.89,2019-01-18,2023-09-14,129.28900000000002,2,3,5,3.45,Loyal Customers,3,High Value
8253,53,11,964.83,2019-01-11,2023-11-06,87.71181818181819,3,4,5,4.05,Loyal Customers,2,Premium
8254,116,13,487.14,2019-03-13,2023-09-04,37.472307692307695,2,5,3,3.1500000000000004,Loyal Customers,3,High Value
8255,11,9,246.39,2019-09-10,2023-12-18,27.376666666666665,5,3,1,2.9,Potential Loyalists,1,Mid Value
8256,22,9,559.09,2019-09-12,2023-12-07,62.12111111111111,5,3,4,4.1,Loyal Customers,2,Premium
8257,185,13,481.32,2019-07-23,2023-06-27,37.02461538461539,2,5,3,3.1500000000000004,Loyal Customers,3,High Value
8258,200,8,325.1,2020-02-17,2023-06-12,40.6375,2,2,2,2.0,At Risk,0,Low Value
8259,46,14,529.46,2019-05-10,2023-11-13,37.81857142857143,3,5,3,3.5,Loyal Customers,2,Premium
8260,35,14,499.97,2019-01-06,2023-11-24,35.71214285714286,4,5,3,3.85,Loyal Customers,2,Premium
8261,10,11,342.47,2019-02-22,2023-12-19,31.133636363636366,5,4,2,3.55,Others,1,Mid Value
8262,4,9,490.38,2020-11-10,2023-12-25,54.486666666666665,5,3,3,3.7,Loyal Customers,1,Mid Value
8263,149,7,255.49,2019-06-11,2023-08-02,36.49857142857143,2,2,1,1.6,Lost,0,Low Value
8264,236,5,266.94,2020-11-04,2023-05-07,53.388,2,1,1,1.35,Lost,0,Low Value
8265,36,14,961.45,2019-01-25,2023-11-23,68.675,4,5,5,4.65,Champions,2,Premium
8266,53,12,842.96,2019-08-07,2023-11-06,70.24666666666667,3,4,5,4.05,Loyal Customers,2,Premium
8267,33,12,429.71000000000004,2019-11-02,2023-11-26,35.80916666666667,4,4,3,3.6,Loyal Customers,2,Premium
8268,326,13,493.05,2019-01-15,2023-02-06,37.926923076923075,1,5,3,2.8000000000000003,Others,3,High Value
8269,572,9,267.55,2019-12-15,2022-06-05,29.727777777777778,1,3,1,1.5,Others,0,Low Value
8270,100,13,902.13,2019-07-15,2023-09-20,69.39461538461538,2,5,5,3.95,Loyal Customers,3,High Value
8271,9,11,786.95,2019-09-09,2023-12-20,71.5409090909091,5,4,5,4.75,Champions,2,Premium
8272,11,9,340.21000000000004,2020-10-26,2023-12-18,37.80111111111111,5,3,2,3.3,Potential Loyalists,1,Mid Value
8273,7,13,1171.8700000000001,2019-01-26,2023-12-22,90.14384615384617,5,5,5,5.0,Champions,2,Premium
8274,154,12,725.89,2019-05-06,2023-07-28,60.490833333333335,2,4,4,3.3,Loyal Customers,3,High Value
8275,47,12,454.11,2019-04-18,2023-11-12,37.8425,3,4,3,3.25,Loyal Customers,3,High Value
8276,938,5,274.49,2019-06-13,2021-06-04,54.898,1,1,1,1.0,Lost,0,Low Value
8277,96,10,604.03,2019-01-27,2023-09-24,60.403,2,3,4,3.05,Loyal Customers,3,High Value
8278,357,9,315.71,2019-06-25,2023-01-06,35.07888888888888,1,3,1,1.5,Others,0,Low Value
8279,155,11,452.53000000000003,2019-07-13,2023-07-27,41.13909090909091,2,4,3,2.9000000000000004,Loyal Customers,3,High Value
8280,87,16,963.22,2019-04-16,2023-10-03,60.20125,2,5,5,3.95,Loyal Customers,3,High Value
8281,38,10,637.84,2019-11-20,2023-11-21,63.784000000000006,4,3,4,3.75,Loyal Customers,2,Premium
8282,254,11,449.37,2019-01-25,2023-04-19,40.85181818181818,1,4,3,2.5500000000000003,Others,3,High Value
8283,11,13,1062.08,2019-08-17,2023-12-18,81.69846153846153,5,5,5,5.0,Champions,2,Premium
8284,392,7,298.49,2019-04-20,2022-12-02,42.64142857142857,1,2,1,1.25,Lost,0,Low Value
8285,135,8,265.35,2019-05-21,2023-08-16,33.16875,2,2,1,1.6,Lost,0,Low Value
8286,54,13,1039.9299999999998,2019-09-01,2023-11-05,79.99461538461537,3,5,5,4.3,Loyal Customers,2,Premium
8287,53,8,639.02,2019-02-11,2023-11-06,79.8775,3,2,4,3.15,At Risk,3,High Value
8288,689,10,568.5,2019-09-06,2022-02-08,56.85,1,3,4,2.7,Others,3,High Value
8289,42,10,400.29,2019-11-01,2023-11-17,40.029,4,3,2,2.95,Potential Loyalists,1,Mid Value
8290,32,10,861.84,2019-08-11,2023-11-27,86.184,4,3,5,4.15,Loyal Customers,2,Premium
8291,53,9,515.78,2019-06-10,2023-11-06,57.30888888888889,3,3,3,3.0,Loyal Customers,3,High Value
8292,80,7,444.94000000000005,2019-07-22,2023-10-10,63.56285714285715,3,2,3,2.75,Potential Loyalists,1,Mid Value
8293,379,13,745.84,2019-07-12,2022-12-15,57.37230769230769,1,5,4,3.2,Others,3,High Value
8294,82,13,692.02,2019-06-13,2023-10-08,53.23230769230769,3,5,4,3.9,Loyal Customers,2,Premium
8295,116,13,446.06,2020-03-20,2023-09-04,34.31230769230769,2,5,3,3.1500000000000004,Loyal Customers,3,High Value
8296,35,11,506.31,2020-09-27,2023-11-24,46.02818181818182,4,4,3,3.6,Loyal Customers,2,Premium
8297,109,15,924.01,2019-01-03,2023-09-11,61.60066666666667,2,5,5,3.95,Loyal Customers,3,High Value
8298,236,8,306.08,2019-09-26,2023-05-07,38.26,2,2,1,1.6,Lost,0,Low Value
8299,379,7,371.9,2019-04-23,2022-12-15,53.128571428571426,1,2,2,1.65,Lost,0,Low Value
8300,118,10,403.21000000000004,2019-06-13,2023-09-02,40.321000000000005,2,3,2,2.25,At Risk,0,Low Value
8301,34,12,1234.07,2019-12-09,2023-11-25,102.83916666666666,4,4,5,4.4,Champions,2,Premium
8302,13,13,524.66,2019-10-10,2023-12-16,40.35846153846153,5,5,3,4.2,Loyal Customers,2,Premium
8303,28,8,386.98,2019-09-14,2023-12-01,48.3725,4,2,2,2.7,Potential Loyalists,1,Mid Value
8304,108,12,706.47,2019-06-28,2023-09-12,58.8725,2,4,4,3.3,Loyal Customers,3,High Value
8305,47,13,847.3199999999999,2019-05-20,2023-11-12,65.17846153846153,3,5,5,4.3,Loyal Customers,2,Premium
8306,15,10,1101.17,2019-08-17,2023-12-14,110.117,5,3,5,4.5,Loyal Customers,2,Premium
8307,674,5,144.29,2019-03-11,2022-02-23,28.857999999999997,1,1,1,1.0,Lost,0,Low Value
8308,37,8,465.11,2019-11-21,2023-11-22,58.13875,4,2,3,3.1,Potential Loyalists,1,Mid Value
8309,669,7,632.78,2019-05-25,2022-02-28,90.39714285714285,1,2,4,2.45,Others,3,High Value
8310,18,10,347.73,2020-10-05,2023-12-11,34.773,5,3,2,3.3,Potential Loyalists,1,Mid Value
8311,25,17,549.44,2019-01-21,2023-12-04,32.32,4,5,3,3.85,Loyal Customers,2,Premium
8312,34,11,1363.98,2019-11-19,2023-11-25,123.99818181818182,4,4,5,4.4,Champions,2,Premium
8313,224,9,381.96999999999997,2019-11-19,2023-05-19,42.441111111111105,2,3,2,2.25,At Risk,0,Low Value
8314,10,8,234.62,2019-11-09,2023-12-19,29.3275,5,2,1,2.65,Potential Loyalists,1,Mid Value
8315,134,7,312.88,2019-05-13,2023-08-17,44.69714285714286,2,2,1,1.6,Lost,0,Low Value
8316,342,4,253.26999999999998,2020-12-01,2023-01-21,63.317499999999995,1,1,1,1.0,Lost,0,Low Value
8317,49,12,726.21,2019-02-13,2023-11-10,60.517500000000005,3,4,4,3.65,Loyal Customers,3,High Value
8318,504,5,178.81,2019-09-09,2022-08-12,35.762,1,1,1,1.0,Lost,0,Low Value
8319,43,9,505.76,2019-05-22,2023-11-16,56.19555555555556,4,3,3,3.35,Loyal Customers,1,Mid Value
8320,9,7,168.89,2021-02-02,2023-12-20,24.127142857142854,5,2,1,2.65,Potential Loyalists,1,Mid Value
8321,717,9,604.84,2019-07-13,2022-01-11,67.20444444444445,1,3,4,2.7,Others,3,High Value
8322,205,14,745.6700000000001,2019-04-22,2023-06-07,53.26214285714286,2,5,4,3.55,Loyal Customers,3,High Value
8323,9,16,1244.89,2019-01-04,2023-12-20,77.805625,5,5,5,5.0,Champions,2,Premium
8324,46,9,347.44,2019-01-15,2023-11-13,38.60444444444445,3,3,2,2.5999999999999996,Potential Loyalists,1,Mid Value
8325,48,6,227.87,2021-07-20,2023-11-11,37.97833333333333,3,1,1,1.6999999999999997,Potential Loyalists,0,Low Value
8326,322,5,197.88,2019-11-13,2023-02-10,39.576,1,1,1,1.0,Lost,0,Low Value
8327,42,13,692.77,2019-10-12,2023-11-17,53.29,4,5,4,4.25,Champions,2,Premium
8328,233,8,592.94,2019-03-18,2023-05-10,74.1175,2,2,4,2.8,At Risk,3,High Value
8329,28,14,1467.05,2019-01-21,2023-12-01,104.78928571428571,4,5,5,4.65,Champions,2,Premium
8330,50,10,330.89,2019-11-11,2023-11-09,33.089,3,3,2,2.5999999999999996,Potential Loyalists,1,Mid Value
8331,7,10,819.14,2019-06-11,2023-12-22,81.914,5,3,5,4.5,Loyal Customers,2,Premium
8332,32,15,595.61,2020-06-27,2023-11-27,39.70733333333333,4,5,4,4.25,Champions,2,Premium
8333,370,8,212.31,2019-10-17,2022-12-24,26.53875,1,2,1,1.25,Lost,0,Low Value
8334,18,11,658.88,2019-02-06,2023-12-11,59.89818181818182,5,4,4,4.35,Champions,2,Premium
8335,31,13,435.54,2019-12-26,2023-11-28,33.503076923076925,4,5,3,3.85,Loyal Customers,2,Premium
8336,46,9,361.3,2020-04-27,2023-11-13,40.144444444444446,3,3,2,2.5999999999999996,Potential Loyalists,1,Mid Value
8337,588,7,469.32,2019-02-01,2022-05-20,67.04571428571428,1,2,3,2.0500000000000003,Others,0,Low Value
8338,6,9,315.96,2019-05-18,2023-12-23,35.10666666666666,5,3,1,2.9,Potential Loyalists,1,Mid Value
8339,216,14,588.04,2019-10-01,2023-05-27,42.00285714285714,2,5,4,3.55,Loyal Customers,3,High Value
8340,7,12,1297.02,2019-11-14,2023-12-22,108.085,5,4,5,4.75,Champions,2,Premium
8341,44,14,588.54,2019-03-20,2023-11-15,42.03857142857142,4,5,4,4.25,Champions,2,Premium
8342,380,10,355.73,2019-09-17,2022-12-14,35.573,1,3,2,1.9000000000000001,Others,0,Low Value
8343,9,9,372.34,2019-12-03,2023-12-20,41.371111111111105,5,3,2,3.3,Potential Loyalists,1,Mid Value
8344,25,12,665.91,2020-02-27,2023-12-04,55.4925,4,4,4,4.0,Champions,2,Premium
8345,230,8,370.25,2020-07-17,2023-05-13,46.28125,2,2,2,2.0,At Risk,0,Low Value
8346,10,11,565.5,2019-05-21,2023-12-19,51.40909090909091,5,4,4,4.35,Champions,2,Premium
8347,14,15,1908.01,2019-09-08,2023-12-15,127.20066666666666,5,5,5,5.0,Champions,2,Premium
8348,279,12,459.75,2019-08-28,2023-03-25,38.3125,1,4,3,2.5500000000000003,Others,3,High Value
8349,117,10,1029.99,2019-09-06,2023-09-03,102.999,2,3,5,3.45,Loyal Customers,3,High Value
8350,97,6,355.03999999999996,2019-01-11,2023-09-23,59.173333333333325,2,1,2,1.75,Lost,0,Low Value
8351,55,21,713.42,2019-04-05,2023-11-04,33.97238095238095,3,5,4,3.9,Loyal Customers,2,Premium
8352,54,5,356.82,2019-04-03,2023-11-05,71.364,3,1,2,2.0999999999999996,Potential Loyalists,0,Low Value
8353,22,9,327.13,2019-06-14,2023-12-07,36.34777777777778,5,3,2,3.3,Potential Loyalists,1,Mid Value
8354,68,8,362.64,2019-09-04,2023-10-22,45.33,3,2,2,2.3499999999999996,Potential Loyalists,1,Mid Value
8355,193,7,406.09000000000003,2019-11-08,2023-06-19,58.01285714285715,2,2,2,2.0,At Risk,0,Low Value
8356,247,7,383.99,2019-10-16,2023-04-26,54.855714285714285,1,2,2,1.65,Lost,0,Low Value
8357,85,13,444.81,2019-09-09,2023-10-05,34.216153846153844,3,5,3,3.5,Loyal Customers,2,Premium
8358,51,8,449.58,2019-03-26,2023-11-08,56.1975,3,2,3,2.75,Potential Loyalists,1,Mid Value
8359,20,18,1757.01,2019-02-23,2023-12-09,97.61166666666666,5,5,5,5.0,Champions,2,Premium
8360,109,14,812.63,2019-09-18,2023-09-11,58.045,2,5,5,3.95,Loyal Customers,3,High Value
8361,252,11,701.13,2019-01-27,2023-04-21,63.73909090909091,1,4,4,2.95,Others,3,High Value
8362,53,9,559.4,2020-04-21,2023-11-06,62.15555555555555,3,3,4,3.4,Loyal Customers,3,High Value
8363,19,11,652.87,2020-05-14,2023-12-10,59.35181818181818,5,4,4,4.35,Champions,2,Premium
8364,27,13,719.53,2019-03-15,2023-12-02,55.348461538461535,4,5,4,4.25,Champions,2,Premium
8365,87,11,703.66,2019-11-21,2023-10-03,63.96909090909091,2,4,4,3.3,Loyal Customers,3,High Value
8366,66,5,328.25,2020-02-04,2023-10-24,65.65,3,1,2,2.0999999999999996,Potential Loyalists,0,Low Value
8367,41,11,401.74,2019-10-11,2023-11-18,36.52181818181818,4,4,2,3.2,Others,1,Mid Value
8368,2,4,800.24,2022-04-21,2023-12-27,200.06,5,1,5,4.0,Others,1,Mid Value
8369,101,14,536.53,2019-06-10,2023-09-19,38.32357142857143,2,5,3,3.1500000000000004,Loyal Customers,3,High Value
8370,58,10,371.51,2019-09-14,2023-11-01,37.150999999999996,3,3,2,2.5999999999999996,Potential Loyalists,1,Mid Value
8371,208,7,441.59,2021-05-17,2023-06-04,63.08428571428571,2,2,3,2.4000000000000004,At Risk,0,Low Value
8372,38,14,459.09,2019-02-21,2023-11-21,32.792142857142856,4,5,3,3.85,Loyal Customers,2,Premium
8373,249,7,407.52,2019-07-12,2023-04-24,58.21714285714285,1,2,2,1.65,Lost,0,Low Value
8374,25,13,535.66,2019-02-23,2023-12-04,41.20461538461538,4,5,3,3.85,Loyal Customers,2,Premium
8375,18,13,624.05,2019-11-16,2023-12-11,48.00384615384615,5,5,4,4.6,Champions,2,Premium
8376,81,8,601.36,2019-10-16,2023-10-09,75.17,3,2,4,3.15,At Risk,3,High Value
8377,308,11,667.19,2019-11-02,2023-02-24,60.653636363636366,1,4,4,2.95,Others,3,High Value
8378,1133,5,231.77,2019-02-24,2020-11-21,46.354,1,1,1,1.0,Lost,0,Low Value
8379,54,13,1282.23,2019-01-08,2023-11-05,98.63307692307693,3,5,5,4.3,Loyal Customers,2,Premium
8380,41,7,234.43,2019-11-05,2023-11-18,33.49,4,2,1,2.3,Potential Loyalists,1,Mid Value
8381,2,8,320.85,2019-01-12,2023-12-27,40.10625,5,2,2,3.05,Potential Loyalists,1,Mid Value
8382,27,11,419.71,2019-11-28,2023-12-02,38.155454545454546,4,4,2,3.2,Others,1,Mid Value
8383,1,12,1378.91,2019-05-22,2023-12-28,114.90916666666668,5,4,5,4.75,Champions,2,Premium
8384,66,14,401.96,2019-11-05,2023-10-24,28.71142857142857,3,5,2,3.0999999999999996,At Risk,2,Premium
8385,34,16,897.22,2019-08-05,2023-11-25,56.07625,4,5,5,4.65,Champions,2,Premium
8386,126,12,401.57,2019-11-12,2023-08-25,33.464166666666664,2,4,2,2.5,At Risk,3,High Value
8387,194,11,343.65,2019-04-19,2023-06-18,31.24090909090909,2,4,2,2.5,At Risk,3,High Value
8388,5,17,992.49,2019-07-01,2023-12-24,58.381764705882354,5,5,5,5.0,Champions,2,Premium
8389,44,10,435.15,2019-04-15,2023-11-15,43.515,4,3,3,3.35,Loyal Customers,1,Mid Value
8390,28,17,1020.63,2019-03-06,2023-12-01,60.037058823529414,4,5,5,4.65,Champions,2,Premium
8391,98,10,367.61,2019-03-10,2023-09-22,36.761,2,3,2,2.25,At Risk,0,Low Value
8392,5,18,1052.64,2019-02-12,2023-12-24,58.480000000000004,5,5,5,5.0,Champions,2,Premium
8393,8,16,1191.71,2019-08-17,2023-12-21,74.481875,5,5,5,5.0,Champions,2,Premium
8394,44,15,563.16,2019-02-10,2023-11-15,37.544,4,5,4,4.25,Champions,2,Premium
8395,31,11,555.4,2019-11-09,2023-11-28,50.49090909090909,4,4,4,4.0,Champions,2,Premium
8396,40,9,675.09,2019-12-15,2023-11-19,75.01,4,3,4,3.75,Loyal Customers,2,Premium
8397,18,14,929.35,2019-09-16,2023-12-11,66.38214285714285,5,5,5,5.0,Champions,2,Premium
8398,617,10,428.12,2019-09-11,2022-04-21,42.812,1,3,3,2.3000000000000003,Others,3,High Value
8399,72,14,1104.29,2019-07-20,2023-10-18,78.87785714285714,3,5,5,4.3,Loyal Customers,2,Premium
8400,166,9,582.75,2020-06-10,2023-07-16,64.75,2,3,4,3.05,Loyal Customers,3,High Value
8401,35,11,444.97,2020-06-11,2023-11-24,40.45181818181818,4,4,3,3.6,Loyal Customers,2,Premium
8402,270,11,614.99,2019-01-15,2023-04-03,55.908181818181816,1,4,4,2.95,Others,3,High Value
8403,48,10,1225.18,2020-06-07,2023-11-11,122.518,3,3,5,3.8,Loyal Customers,3,High Value
8404,31,12,977.9100000000001,2019-10-01,2023-11-28,81.4925,4,4,5,4.4,Champions,2,Premium
8405,23,8,604.06,2019-09-13,2023-12-06,75.5075,5,2,4,3.85,Others,1,Mid Value
8406,167,12,473.99,2019-09-05,2023-07-15,39.49916666666667,2,4,3,2.9000000000000004,Loyal Customers,3,High Value
8407,36,13,2736.1000000000004,2019-01-04,2023-11-23,210.4692307692308,4,5,5,4.65,Champions,2,Premium
8408,225,6,357.49,2019-04-03,2023-05-18,59.58166666666667,2,1,2,1.75,Lost,0,Low Value
8409,327,15,537.26,2019-07-23,2023-02-05,35.81733333333333,1,5,3,2.8000000000000003,Others,3,High Value
8410,46,11,523.0600000000001,2019-01-18,2023-11-13,47.550909090909094,3,4,3,3.25,Loyal Customers,3,High Value
8411,676,7,614.35,2019-08-27,2022-02-21,87.76428571428572,1,2,4,2.45,Others,3,High Value
8412,192,22,966.0,2019-03-22,2023-06-20,43.90909090909091,2,5,5,3.95,Loyal Customers,3,High Value
8413,188,6,1034.1,2019-10-28,2023-06-24,172.35,2,1,5,2.95,Others,3,High Value
8414,31,7,1732.0499999999997,2019-10-03,2023-11-28,247.43571428571425,4,2,5,3.9,Others,2,Premium
8415,56,11,690.26,2020-02-08,2023-11-03,62.75090909090909,3,4,4,3.65,Loyal Customers,3,High Value
8416,46,8,542.87,2019-09-12,2023-11-13,67.85875,3,2,3,2.75,Potential Loyalists,1,Mid Value
8417,176,6,488.47,2019-12-09,2023-07-06,81.41166666666668,2,1,3,2.1500000000000004,Others,0,Low Value
8418,36,9,380.86,2019-06-19,2023-11-23,42.31777777777778,4,3,2,2.95,Potential Loyalists,1,Mid Value
8419,95,11,382.68,2019-11-05,2023-09-25,34.78909090909091,2,4,2,2.5,At Risk,3,High Value
8420,78,10,386.32,2019-11-07,2023-10-12,38.632,3,3,2,2.5999999999999996,Potential Loyalists,1,Mid Value
8421,108,19,724.26,2019-03-28,2023-09-12,38.118947368421054,2,5,4,3.55,Loyal Customers,3,High Value
8422,43,9,460.95000000000005,2019-11-10,2023-11-16,51.21666666666667,4,3,3,3.35,Loyal Customers,1,Mid Value
8423,43,6,311.71,2019-07-04,2023-11-16,51.95166666666666,4,1,1,2.05,Potential Loyalists,1,Mid Value
8424,3,13,1317.05,2019-03-15,2023-12-26,101.31153846153846,5,5,5,5.0,Champions,2,Premium
8425,40,8,867.23,2019-06-28,2023-11-19,108.40375,4,2,5,3.9,Others,2,Premium
8426,10,9,343.2,2019-02-14,2023-12-19,38.13333333333333,5,3,2,3.3,Potential Loyalists,1,Mid Value
8427,43,5,220.22,2019-08-02,2023-11-16,44.044,4,1,1,2.05,Potential Loyalists,1,Mid Value
8428,101,8,342.7,2019-12-19,2023-09-19,42.8375,2,2,2,2.0,At Risk,0,Low Value
8429,13,18,941.86,2019-09-23,2023-12-16,52.32555555555555,5,5,5,5.0,Champions,2,Premium
8430,5,12,421.08,2019-07-14,2023-12-24,35.089999999999996,5,4,2,3.55,Others,1,Mid Value
8431,74,14,982.99,2019-02-05,2023-10-16,70.21357142857143,3,5,5,4.3,Loyal Customers,2,Premium
8432,18,9,278.94,2019-01-27,2023-12-11,30.993333333333332,5,3,1,2.9,Potential Loyalists,1,Mid Value
8433,8,15,698.7,2019-07-22,2023-12-21,46.580000000000005,5,5,4,4.6,Champions,2,Premium
8434,2,10,672.66,2019-01-07,2023-12-27,67.26599999999999,5,3,4,4.1,Loyal Customers,2,Premium
8435,73,12,326.03000000000003,2019-09-27,2023-10-17,27.16916666666667,3,4,2,2.8499999999999996,At Risk,1,Mid Value
8436,23,10,273.98,2019-06-21,2023-12-06,27.398000000000003,5,3,1,2.9,Potential Loyalists,1,Mid Value
8437,128,9,561.6,2019-04-21,2023-08-23,62.400000000000006,2,3,4,3.05,Loyal Customers,3,High Value
8438,25,8,334.31,2019-07-03,2023-12-04,41.78875,4,2,2,2.7,Potential Loyalists,1,Mid Value
8439,1,12,393.12,2019-05-12,2023-12-28,32.76,5,4,2,3.55,Others,1,Mid Value
8440,305,6,257.48,2019-06-23,2023-02-27,42.913333333333334,1,1,1,1.0,Lost,0,Low Value
8441,20,10,358.08,2019-10-01,2023-12-09,35.808,5,3,2,3.3,Potential Loyalists,1,Mid Value
8442,859,6,265.6,2019-11-25,2021-08-22,44.26666666666667,1,1,1,1.0,Lost,0,Low Value
8443,58,6,257.75,2021-06-13,2023-11-01,42.958333333333336,3,1,1,1.6999999999999997,Potential Loyalists,0,Low Value
8444,34,9,261.24,2019-11-10,2023-11-25,29.026666666666667,4,3,1,2.55,Potential Loyalists,1,Mid Value
8445,40,14,899.49,2019-03-25,2023-11-19,64.24928571428572,4,5,5,4.65,Champions,2,Premium
8446,55,11,758.75,2019-03-17,2023-11-04,68.97727272727273,3,4,4,3.65,Loyal Customers,3,High Value
8447,32,16,567.26,2019-09-03,2023-11-27,35.45375,4,5,4,4.25,Champions,2,Premium
8448,170,10,349.61,2020-06-11,2023-07-12,34.961,2,3,2,2.25,At Risk,0,Low Value
8449,57,10,774.3199999999999,2019-10-21,2023-11-02,77.43199999999999,3,3,5,3.8,Loyal Customers,3,High Value
8450,16,8,940.13,2019-05-28,2023-12-13,117.51625,5,2,5,4.25,Others,2,Premium
8451,64,14,983.5300000000001,2019-01-25,2023-10-26,70.25214285714286,3,5,5,4.3,Loyal Customers,2,Premium
8452,167,9,290.63,2019-01-17,2023-07-15,32.29222222222222,2,3,1,1.85,Others,0,Low Value
8453,564,8,388.74,2019-10-27,2022-06-13,48.5925,1,2,2,1.65,Lost,0,Low Value
8454,24,10,655.91,2019-05-21,2023-12-05,65.591,5,3,4,4.1,Loyal Customers,2,Premium
8455,16,5,296.84999999999997,2019-10-28,2023-12-13,59.36999999999999,5,1,1,2.4,Potential Loyalists,1,Mid Value
8456,21,10,669.45,2020-03-09,2023-12-08,66.94500000000001,5,3,4,4.1,Loyal Customers,2,Premium
8457,13,11,486.78000000000003,2019-01-16,2023-12-16,44.25272727272728,5,4,3,3.95,Loyal Customers,2,Premium
8458,72,7,275.4,2019-11-04,2023-10-18,39.34285714285714,3,2,1,1.9499999999999997,Potential Loyalists,0,Low Value
8459,19,10,442.95,2019-03-15,2023-12-10,44.295,5,3,3,3.7,Loyal Customers,1,Mid Value
8460,26,15,549.94,2019-02-12,2023-12-03,36.662666666666674,4,5,3,3.85,Loyal Customers,2,Premium
8461,193,5,632.21,2021-10-02,2023-06-19,126.44200000000001,2,1,4,2.55,Others,0,Low Value
8462,40,9,231.05,2019-01-10,2023-11-19,25.672222222222224,4,3,1,2.55,Potential Loyalists,1,Mid Value
8463,42,10,496.96,2019-08-22,2023-11-17,49.696,4,3,3,3.35,Loyal Customers,1,Mid Value
8464,11,12,740.24,2019-11-23,2023-12-18,61.68666666666667,5,4,4,4.35,Champions,2,Premium
8465,36,14,489.61,2019-03-20,2023-11-23,34.972142857142856,4,5,3,3.85,Loyal Customers,2,Premium
8466,45,13,476.67,2020-02-17,2023-11-14,36.66692307692308,3,5,3,3.5,Loyal Customers,2,Premium
8467,66,11,473.70000000000005,2019-10-23,2023-10-24,43.06363636363637,3,4,3,3.25,Loyal Customers,3,High Value
8468,411,9,614.69,2020-06-16,2022-11-13,68.2988888888889,1,3,4,2.7,Others,3,High Value
8469,82,12,516.65,2019-11-26,2023-10-08,43.05416666666667,3,4,3,3.25,Loyal Customers,3,High Value
8470,20,9,272.04,2020-09-20,2023-12-09,30.22666666666667,5,3,1,2.9,Potential Loyalists,1,Mid Value
8471,33,11,386.21000000000004,2019-01-21,2023-11-26,35.11000000000001,4,4,2,3.2,Others,1,Mid Value
8472,7,16,960.5,2019-11-07,2023-12-22,60.03125,5,5,5,5.0,Champions,2,Premium
8473,22,8,567.45,2019-04-10,2023-12-07,70.93125,5,2,4,3.85,Others,1,Mid Value
8474,255,13,951.51,2019-11-02,2023-04-18,73.19307692307692,1,5,5,3.6,Others,3,High Value
8475,63,10,298.55,2019-06-27,2023-10-27,29.855,3,3,1,2.1999999999999997,Potential Loyalists,1,Mid Value
8476,37,15,747.73,2019-04-03,2023-11-22,49.84866666666667,4,5,4,4.25,Champions,2,Premium
8477,56,8,348.1,2020-02-23,2023-11-03,43.5125,3,2,2,2.3499999999999996,Potential Loyalists,1,Mid Value
8478,58,10,353.35,2019-08-07,2023-11-01,35.335,3,3,2,2.5999999999999996,Potential Loyalists,1,Mid Value
8479,44,12,441.94,2019-11-23,2023-11-15,36.82833333333333,4,4,3,3.6,Loyal Customers,2,Premium
8480,4,16,1055.77,2019-04-18,2023-12-25,65.985625,5,5,5,5.0,Champions,2,Premium
8481,67,19,1119.32,2019-02-11,2023-10-23,58.91157894736842,3,5,5,4.3,Loyal Customers,2,Premium
8482,18,10,743.2,2019-01-06,2023-12-11,74.32000000000001,5,3,4,4.1,Loyal Customers,2,Premium
8483,82,11,423.61,2019-08-07,2023-10-08,38.51,3,4,2,2.8499999999999996,At Risk,1,Mid Value
8484,297,11,757.49,2019-03-02,2023-03-07,68.86272727272727,1,4,4,2.95,Others,3,High Value
8485,37,3,438.04,2020-11-04,2023-11-22,146.01333333333335,4,1,3,2.85,Potential Loyalists,1,Mid Value
8486,56,13,480.19,2019-11-12,2023-11-03,36.93769230769231,3,5,3,3.5,Loyal Customers,2,Premium
8487,1096,3,179.83,2020-03-10,2020-12-28,59.943333333333335,1,1,1,1.0,Lost,0,Low Value
8488,34,10,414.41,2019-08-22,2023-11-25,41.441,4,3,2,2.95,Potential Loyalists,1,Mid Value
8489,39,5,455.08,2019-09-28,2023-11-20,91.01599999999999,4,1,3,2.85,Potential Loyalists,1,Mid Value
8490,16,10,681.0,2019-04-28,2023-12-13,68.1,5,3,4,4.1,Loyal Customers,2,Premium
8491,45,13,505.15,2019-07-22,2023-11-14,38.857692307692304,3,5,3,3.5,Loyal Customers,2,Premium
8492,57,5,262.76,2019-02-01,2023-11-02,52.552,3,1,1,1.6999999999999997,Potential Loyalists,0,Low Value
8493,101,9,326.49,2019-07-02,2023-09-19,36.27666666666667,2,3,2,2.25,At Risk,0,Low Value
8494,93,10,343.18,2019-01-03,2023-09-27,34.318,2,3,2,2.25,At Risk,0,Low Value
8495,32,14,514.34,2019-02-17,2023-11-27,36.73857142857143,4,5,3,3.85,Loyal Customers,2,Premium
8496,315,6,329.15,2019-02-15,2023-02-17,54.85833333333333,1,1,2,1.4,Lost,0,Low Value
8497,34,7,320.43,2019-07-01,2023-11-25,45.77571428571429,4,2,2,2.7,Potential Loyalists,1,Mid Value
8498,5,9,1155.09,2019-08-28,2023-12-24,128.34333333333333,5,3,5,4.5,Loyal Customers,2,Premium
8499,35,9,354.94,2019-11-27,2023-11-24,39.437777777777775,4,3,2,2.95,Potential Loyalists,1,Mid Value
8500,41,8,288.37,2019-12-21,2023-11-18,36.04625,4,2,1,2.3,Potential Loyalists,1,Mid Value
8501,56,9,743.6,2019-08-15,2023-11-03,82.62222222222222,3,3,4,3.4,Loyal Customers,3,High Value
8502,43,11,865.87,2019-04-28,2023-11-16,78.71545454545455,4,4,5,4.4,Champions,2,Premium
8503,185,8,666.18,2019-11-08,2023-06-27,83.2725,2,2,4,2.8,At Risk,3,High Value
8504,56,10,521.67,2019-05-02,2023-11-03,52.166999999999994,3,3,3,3.0,Loyal Customers,3,High Value
8505,382,17,879.3,2019-06-17,2022-12-12,51.7235294117647,1,5,5,3.6,Others,3,High Value
8506,267,8,426.73,2020-11-08,2023-04-06,53.34125,1,2,2,1.65,Lost,0,Low Value
8507,321,6,185.22,2019-12-10,2023-02-11,30.87,1,1,1,1.0,Lost,0,Low Value
8508,39,6,561.83,2021-05-09,2023-11-20,93.63833333333334,4,1,4,3.25,Others,1,Mid Value
8509,940,8,531.76,2019-05-27,2021-06-02,66.47,1,2,3,2.0500000000000003,Others,0,Low Value
8510,405,8,382.25,2019-02-18,2022-11-19,47.78125,1,2,2,1.65,Lost,0,Low Value
8511,3,13,759.5699999999999,2019-06-24,2023-12-26,58.428461538461534,5,5,4,4.6,Champions,2,Premium
8512,77,11,457.18,2019-08-22,2023-10-13,41.56181818181818,3,4,3,3.25,Loyal Customers,3,High Value
8513,1002,11,432.5,2019-06-01,2021-04-01,39.31818181818182,1,4,3,2.5500000000000003,Others,3,High Value
8514,118,9,274.15,2019-06-16,2023-09-02,30.46111111111111,2,3,1,1.85,Others,0,Low Value
8515,31,13,558.29,2019-03-17,2023-11-28,42.94538461538461,4,5,4,4.25,Champions,2,Premium
8516,45,11,413.23,2019-02-16,2023-11-14,37.56636363636364,3,4,2,2.8499999999999996,At Risk,1,Mid Value
8517,127,6,305.7,2019-05-25,2023-08-24,50.949999999999996,2,1,1,1.35,Lost,0,Low Value
8518,98,5,286.65999999999997,2020-03-13,2023-09-22,57.331999999999994,2,1,1,1.35,Lost,0,Low Value
8519,257,9,383.19,2019-09-28,2023-04-16,42.57666666666667,1,3,2,1.9000000000000001,Others,0,Low Value
8520,56,20,1068.92,2019-05-06,2023-11-03,53.446000000000005,3,5,5,4.3,Loyal Customers,2,Premium
8521,18,11,548.64,2019-08-08,2023-12-11,49.876363636363635,5,4,3,3.95,Loyal Customers,2,Premium
8522,7,5,228.23,2019-12-05,2023-12-22,45.646,5,1,1,2.4,Potential Loyalists,1,Mid Value
8523,36,13,734.14,2019-02-22,2023-11-23,56.472307692307695,4,5,4,4.25,Champions,2,Premium
8524,40,10,657.53,2019-07-07,2023-11-19,65.753,4,3,4,3.75,Loyal Customers,2,Premium
8525,13,9,352.62,2019-04-10,2023-12-16,39.18,5,3,2,3.3,Potential Loyalists,1,Mid Value
8526,490,11,451.71,2019-05-02,2022-08-26,41.06454545454545,1,4,3,2.5500000000000003,Others,3,High Value
8527,40,4,163.06,2019-02-03,2023-11-19,40.765,4,1,1,2.05,Potential Loyalists,1,Mid Value
8528,367,9,232.25,2019-03-13,2022-12-27,25.805555555555557,1,3,1,1.5,Others,0,Low Value
8529,34,14,597.02,2019-06-16,2023-11-25,42.644285714285715,4,5,4,4.25,Champions,2,Premium
8530,70,11,1839.69,2019-02-24,2023-10-20,167.24454545454546,3,4,5,4.05,Loyal Customers,2,Premium
8531,31,5,317.36,2019-05-17,2023-11-28,63.472,4,1,1,2.05,Potential Loyalists,1,Mid Value
8532,604,6,397.6,2019-05-03,2022-05-04,66.26666666666667,1,1,2,1.4,Lost,0,Low Value
8533,12,10,655.25,2019-04-14,2023-12-17,65.525,5,3,4,4.1,Loyal Customers,2,Premium
8534,289,6,371.58,2020-07-20,2023-03-15,61.93,1,1,2,1.4,Lost,0,Low Value
8535,366,5,156.7,2019-09-03,2022-12-28,31.339999999999996,1,1,1,1.0,Lost,0,Low Value
8536,207,8,258.53,2021-02-10,2023-06-05,32.31625,2,2,1,1.6,Lost,0,Low Value
8537,872,4,177.83,2019-10-12,2021-08-09,44.4575,1,1,1,1.0,Lost,0,Low Value
8538,372,7,634.9,2019-11-01,2022-12-22,90.7,1,2,4,2.45,Others,3,High Value
8539,92,8,234.2,2019-04-02,2023-09-28,29.275,2,2,1,1.6,Lost,0,Low Value
8540,48,7,333.09000000000003,2019-04-28,2023-11-11,47.58428571428572,3,2,2,2.3499999999999996,Potential Loyalists,1,Mid Value
8541,186,8,309.11,2020-02-28,2023-06-26,38.63875,2,2,1,1.6,Lost,0,Low Value
8542,229,10,359.67,2019-04-10,2023-05-14,35.967,2,3,2,2.25,At Risk,0,Low Value
8543,40,11,703.5,2019-08-06,2023-11-19,63.95454545454545,4,4,4,4.0,Champions,2,Premium
8544,320,10,691.63,2019-06-12,2023-02-12,69.163,1,3,4,2.7,Others,3,High Value
8545,45,14,465.54,2019-09-07,2023-11-14,33.252857142857145,3,5,3,3.5,Loyal Customers,2,Premium
8546,79,8,235.09,2020-01-27,2023-10-11,29.38625,3,2,1,1.9499999999999997,Potential Loyalists,0,Low Value
8547,871,6,220.68,2019-03-21,2021-08-10,36.78,1,1,1,1.0,Lost,0,Low Value
8548,242,11,1517.45,2019-01-01,2023-05-01,137.95000000000002,2,4,5,3.7,Loyal Customers,3,High Value
8549,31,9,358.89,2019-11-06,2023-11-28,39.876666666666665,4,3,2,2.95,Potential Loyalists,1,Mid Value
8550,44,10,305.7,2020-08-03,2023-11-15,30.57,4,3,1,2.55,Potential Loyalists,1,Mid Value
8551,139,6,216.44,2019-06-22,2023-08-12,36.07333333333333,2,1,1,1.35,Lost,0,Low Value
8552,33,10,237.26999999999998,2019-05-11,2023-11-26,23.726999999999997,4,3,1,2.55,Potential Loyalists,1,Mid Value
8553,32,9,2289.4,2019-09-11,2023-11-27,254.3777777777778,4,3,5,4.15,Loyal Customers,2,Premium
8554,545,6,275.62,2019-05-11,2022-07-02,45.93666666666667,1,1,1,1.0,Lost,0,Low Value
8555,36,10,675.16,2019-12-16,2023-11-23,67.51599999999999,4,3,4,3.75,Loyal Customers,2,Premium
8556,369,8,281.18,2019-05-08,2022-12-25,35.1475,1,2,1,1.25,Lost,0,Low Value
8557,33,6,203.34,2021-03-23,2023-11-26,33.89,4,1,1,2.05,Potential Loyalists,1,Mid Value
8558,78,6,242.0,2020-11-20,2023-10-12,40.333333333333336,3,1,1,1.6999999999999997,Potential Loyalists,0,Low Value
8559,1,9,630.77,2019-03-27,2023-12-28,70.08555555555556,5,3,4,4.1,Loyal Customers,2,Premium
8560,39,15,620.6999999999999,2019-08-14,2023-11-20,41.379999999999995,4,5,4,4.25,Champions,2,Premium
8561,38,10,465.43,2019-05-11,2023-11-21,46.543,4,3,3,3.35,Loyal Customers,1,Mid Value
8562,26,7,417.88,2021-05-23,2023-12-03,59.69714285714286,4,2,2,2.7,Potential Loyalists,1,Mid Value
8563,140,9,805.13,2019-08-25,2023-08-11,89.4588888888889,2,3,5,3.45,Loyal Customers,3,High Value
8564,15,13,394.39,2019-06-03,2023-12-14,30.337692307692308,5,5,2,3.8,Others,2,Premium
8565,48,8,871.55,2019-02-24,2023-11-11,108.94375,3,2,5,3.55,At Risk,3,High Value
8566,35,11,523.67,2019-03-07,2023-11-24,47.60636363636363,4,4,3,3.6,Loyal Customers,2,Premium
8567,32,9,686.25,2019-02-08,2023-11-27,76.25,4,3,4,3.75,Loyal Customers,2,Premium
8568,723,9,419.69,2019-09-21,2022-01-05,46.632222222222225,1,3,2,1.9000000000000001,Others,0,Low Value
8569,51,11,374.44,2019-08-10,2023-11-08,34.04,3,4,2,2.8499999999999996,At Risk,1,Mid Value
8570,27,7,179.43,2020-01-10,2023-12-02,25.632857142857144,4,2,1,2.3,Potential Loyalists,1,Mid Value
8571,884,4,166.26,2019-05-05,2021-07-28,41.565,1,1,1,1.0,Lost,0,Low Value
8572,155,12,561.1,2019-02-01,2023-07-27,46.75833333333333,2,4,4,3.3,Loyal Customers,3,High Value
8573,202,7,203.18,2019-06-04,2023-06-10,29.025714285714287,2,2,1,1.6,Lost,0,Low Value
8574,22,10,878.55,2019-05-10,2023-12-07,87.85499999999999,5,3,5,4.5,Loyal Customers,2,Premium
8575,5,7,337.32,2019-11-04,2023-12-24,48.18857142857143,5,2,2,3.05,Potential Loyalists,1,Mid Value
8576,9,12,501.67,2019-12-15,2023-12-20,41.80583333333333,5,4,3,3.95,Loyal Customers,2,Premium
8577,67,11,340.81,2019-04-25,2023-10-23,30.982727272727274,3,4,2,2.8499999999999996,At Risk,1,Mid Value
8578,87,10,374.51,2019-01-18,2023-10-03,37.451,2,3,2,2.25,At Risk,0,Low Value
8579,52,10,370.02,2019-12-11,2023-11-07,37.001999999999995,3,3,2,2.5999999999999996,Potential Loyalists,1,Mid Value
8580,175,8,989.3,2019-05-13,2023-07-07,123.6625,2,2,5,3.2,At Risk,3,High Value
8581,260,11,663.34,2019-04-11,2023-04-13,60.303636363636365,1,4,4,2.95,Others,3,High Value
8582,35,15,999.13,2019-03-11,2023-11-24,66.60866666666666,4,5,5,4.65,Champions,2,Premium
8583,92,12,820.52,2019-01-18,2023-09-28,68.37666666666667,2,4,5,3.7,Loyal Customers,3,High Value
8584,366,14,724.19,2019-04-02,2022-12-28,51.72785714285715,1,5,4,3.2,Others,3,High Value
8585,7,8,287.88,2020-06-10,2023-12-22,35.985,5,2,1,2.65,Potential Loyalists,1,Mid Value
8586,115,10,463.77,2019-11-11,2023-09-05,46.376999999999995,2,3,3,2.6500000000000004,Loyal Customers,3,High Value
8587,46,13,504.69,2019-01-07,2023-11-13,38.82230769230769,3,5,3,3.5,Loyal Customers,2,Premium
8588,283,10,565.77,2019-04-27,2023-03-21,56.577,1,3,4,2.7,Others,3,High Value
8589,129,7,236.86,2019-11-04,2023-08-22,33.83714285714286,2,2,1,1.6,Lost,0,Low Value
8590,46,8,355.41,2019-05-21,2023-11-13,44.42625,3,2,2,2.3499999999999996,Potential Loyalists,1,Mid Value
8591,8,12,372.0,2019-07-26,2023-12-21,31.0,5,4,2,3.55,Others,1,Mid Value
8592,53,15,647.44,2019-03-26,2023-11-06,43.162666666666674,3,5,4,3.9,Loyal Customers,2,Premium
8593,6,9,263.49,2019-01-26,2023-12-23,29.276666666666667,5,3,1,2.9,Potential Loyalists,1,Mid Value
8594,231,9,424.68,2020-02-24,2023-05-12,47.18666666666667,2,3,2,2.25,At Risk,0,Low Value
8595,12,5,276.16,2019-11-18,2023-12-17,55.232000000000006,5,1,1,2.4,Potential Loyalists,1,Mid Value
8596,260,12,719.9399999999999,2019-01-26,2023-04-13,59.995,1,4,4,2.95,Others,3,High Value
8597,65,9,769.44,2019-02-13,2023-10-25,85.49333333333334,3,3,5,3.8,Loyal Customers,3,High Value
8598,40,10,1182.19,2019-10-17,2023-11-19,118.21900000000001,4,3,5,4.15,Loyal Customers,2,Premium
8599,95,8,447.42,2019-09-01,2023-09-25,55.9275,2,2,3,2.4000000000000004,At Risk,0,Low Value
8600,31,13,551.96,2019-06-01,2023-11-28,42.45846153846154,4,5,3,3.85,Loyal Customers,2,Premium
8601,27,13,632.26,2019-08-03,2023-12-02,48.635384615384616,4,5,4,4.25,Champions,2,Premium
8602,9,7,478.74,2019-10-22,2023-12-20,68.39142857142858,5,2,3,3.45,Potential Loyalists,1,Mid Value
8603,23,11,1066.6399999999999,2019-04-26,2023-12-06,96.96727272727271,5,4,5,4.75,Champions,2,Premium
8604,17,11,500.74,2019-08-17,2023-12-12,45.52181818181818,5,4,3,3.95,Loyal Customers,2,Premium
8605,2,5,181.47,2020-01-22,2023-12-27,36.294,5,1,1,2.4,Potential Loyalists,1,Mid Value
8606,132,8,442.85,2019-05-04,2023-08-19,55.35625,2,2,3,2.4000000000000004,At Risk,0,Low Value
8607,66,16,595.84,2019-06-09,2023-10-24,37.24,3,5,4,3.9,Loyal Customers,2,Premium
8608,132,9,561.66,2019-03-16,2023-08-19,62.406666666666666,2,3,4,3.05,Loyal Customers,3,High Value
8609,41,10,434.9,2019-01-11,2023-11-18,43.489999999999995,4,3,3,3.35,Loyal Customers,1,Mid Value
8610,116,11,724.3,2019-01-26,2023-09-04,65.84545454545454,2,4,4,3.3,Loyal Customers,3,High Value
8611,68,6,516.42,2019-08-13,2023-10-22,86.07,3,1,3,2.5,Potential Loyalists,1,Mid Value
8612,411,12,1850.8799999999999,2019-03-15,2022-11-13,154.23999999999998,1,4,5,3.35,Others,3,High Value
8613,112,11,645.54,2019-04-21,2023-09-08,58.68545454545454,2,4,4,3.3,Loyal Customers,3,High Value
8614,72,11,383.64,2019-01-12,2023-10-18,34.876363636363635,3,4,2,2.8499999999999996,At Risk,1,Mid Value
8615,776,4,155.64,2019-03-15,2021-11-13,38.91,1,1,1,1.0,Lost,0,Low Value
8616,326,9,651.98,2019-04-17,2023-02-06,72.44222222222223,1,3,4,2.7,Others,3,High Value
8617,159,15,593.77,2019-01-28,2023-07-23,39.584666666666664,2,5,4,3.55,Loyal Customers,3,High Value
8618,40,6,192.48999999999998,2022-09-16,2023-11-19,32.08166666666666,4,1,1,2.05,Potential Loyalists,1,Mid Value
8619,373,5,145.41,2020-10-18,2022-12-21,29.082,1,1,1,1.0,Lost,0,Low Value
8620,45,6,732.66,2019-04-21,2023-11-14,122.11,3,1,4,2.9,Others,1,Mid Value
8621,165,4,156.54,2020-07-28,2023-07-17,39.135,2,1,1,1.35,Lost,0,Low Value
8622,762,6,291.09000000000003,2019-11-19,2021-11-27,48.51500000000001,1,1,1,1.0,Lost,0,Low Value
8623,32,7,291.43,2019-01-22,2023-11-27,41.63285714285714,4,2,1,2.3,Potential Loyalists,1,Mid Value
8624,710,8,319.65999999999997,2019-02-06,2022-01-18,39.957499999999996,1,2,2,1.65,Lost,0,Low Value
8625,27,10,470.53000000000003,2019-06-28,2023-12-02,47.053000000000004,4,3,3,3.35,Loyal Customers,1,Mid Value
8626,57,8,588.49,2020-12-23,2023-11-02,73.56125,3,2,4,3.15,At Risk,3,High Value
8627,40,6,644.38,2019-11-07,2023-11-19,107.39666666666666,4,1,4,3.25,Others,1,Mid Value
8628,288,7,184.85999999999999,2019-02-27,2023-03-16,26.408571428571427,1,2,1,1.25,Lost,0,Low Value
8629,43,7,709.89,2021-10-03,2023-11-16,101.41285714285713,4,2,4,3.5,Others,1,Mid Value
8630,71,13,920.27,2019-05-08,2023-10-19,70.78999999999999,3,5,5,4.3,Loyal Customers,2,Premium
8631,68,7,669.6,2019-01-01,2023-10-22,95.65714285714286,3,2,4,3.15,At Risk,3,High Value
8632,8,6,368.09,2020-01-11,2023-12-21,61.34833333333333,5,1,2,2.8,Potential Loyalists,1,Mid Value
8633,170,10,628.98,2019-03-13,2023-07-12,62.898,2,3,4,3.05,Loyal Customers,3,High Value
8634,84,11,737.47,2019-09-03,2023-10-06,67.04272727272728,3,4,4,3.65,Loyal Customers,3,High Value
8635,93,6,486.08,2020-01-07,2023-09-27,81.01333333333334,2,1,3,2.1500000000000004,Others,0,Low Value
8636,32,13,422.40999999999997,2019-09-10,2023-11-27,32.49307692307692,4,5,2,3.45,Others,2,Premium
8637,179,10,361.94,2019-09-28,2023-07-03,36.194,2,3,2,2.25,At Risk,0,Low Value
8638,328,10,898.12,2019-05-08,2023-02-04,89.812,1,3,5,3.1,Others,3,High Value
8639,78,8,1586.21,2019-08-08,2023-10-12,198.27625,3,2,5,3.55,At Risk,3,High Value
8640,128,8,396.47,2019-09-12,2023-08-23,49.55875,2,2,2,2.0,At Risk,0,Low Value
8641,18,7,294.98,2019-01-01,2023-12-11,42.14,5,2,1,2.65,Potential Loyalists,1,Mid Value
8642,286,10,522.56,2019-09-25,2023-03-18,52.25599999999999,1,3,3,2.3000000000000003,Others,3,High Value
8643,11,8,602.37,2019-04-21,2023-12-18,75.29625,5,2,4,3.85,Others,1,Mid Value
8644,140,16,1423.54,2019-06-13,2023-08-11,88.97125,2,5,5,3.95,Loyal Customers,3,High Value
8645,43,14,822.78,2019-02-06,2023-11-16,58.769999999999996,4,5,5,4.65,Champions,2,Premium
8646,28,21,1091.39,2019-04-25,2023-12-01,51.97095238095238,4,5,5,4.65,Champions,2,Premium
8647,1,12,421.52,2019-06-21,2023-12-28,35.126666666666665,5,4,2,3.55,Others,1,Mid Value
8648,387,11,438.34,2019-09-13,2022-12-07,39.849090909090904,1,4,3,2.5500000000000003,Others,3,High Value
8649,43,6,447.38,2021-11-18,2023-11-16,74.56333333333333,4,1,3,2.85,Potential Loyalists,1,Mid Value
8650,46,11,674.36,2019-05-24,2023-11-13,61.305454545454545,3,4,4,3.65,Loyal Customers,3,High Value
8651,255,5,227.28,2020-04-27,2023-04-18,45.456,1,1,1,1.0,Lost,0,Low Value
8652,72,15,753.87,2019-07-09,2023-10-18,50.258,3,5,4,3.9,Loyal Customers,2,Premium
8653,45,9,332.24,2020-11-17,2023-11-14,36.91555555555556,3,3,2,2.5999999999999996,Potential Loyalists,1,Mid Value
8654,510,7,257.3,2019-05-27,2022-08-06,36.75714285714286,1,2,1,1.25,Lost,0,Low Value
8655,33,14,682.59,2019-04-25,2023-11-26,48.75642857142857,4,5,4,4.25,Champions,2,Premium
8656,391,11,678.25,2019-04-07,2022-12-03,61.65909090909091,1,4,4,2.95,Others,3,High Value
8657,240,8,734.86,2019-02-02,2023-05-03,91.8575,2,2,4,2.8,At Risk,3,High Value
8658,1,18,901.9300000000001,2019-02-27,2023-12-28,50.10722222222223,5,5,5,5.0,Champions,2,Premium
8659,240,7,314.95,2019-10-02,2023-05-03,44.99285714285714,2,2,1,1.6,Lost,0,Low Value
8660,355,6,215.11,2019-01-23,2023-01-08,35.85166666666667,1,1,1,1.0,Lost,0,Low Value
8661,45,10,693.49,2019-08-27,2023-11-14,69.349,3,3,4,3.4,Loyal Customers,3,High Value
8662,368,6,210.04,2020-03-28,2022-12-26,35.00666666666667,1,1,1,1.0,Lost,0,Low Value
8663,40,11,583.84,2019-01-06,2023-11-19,53.07636363636364,4,4,4,4.0,Champions,2,Premium
8664,125,13,657.34,2019-03-01,2023-08-26,50.56461538461539,2,5,4,3.55,Loyal Customers,3,High Value
8665,14,7,267.15,2020-03-13,2023-12-15,38.16428571428571,5,2,1,2.65,Potential Loyalists,1,Mid Value
8666,45,9,445.57,2019-03-23,2023-11-14,49.507777777777775,3,3,3,3.0,Loyal Customers,3,High Value
8667,42,5,176.27,2019-02-06,2023-11-17,35.254000000000005,4,1,1,2.05,Potential Loyalists,1,Mid Value
8668,33,16,1147.96,2019-01-24,2023-11-26,71.7475,4,5,5,4.65,Champions,2,Premium
8669,11,11,608.75,2019-07-17,2023-12-18,55.34090909090909,5,4,4,4.35,Champions,2,Premium
8670,63,12,627.41,2019-03-21,2023-10-27,52.284166666666664,3,4,4,3.65,Loyal Customers,3,High Value
8671,764,6,489.59999999999997,2019-01-12,2021-11-25,81.6,1,1,3,1.8000000000000003,Others,0,Low Value
8672,128,9,1476.41,2019-03-20,2023-08-23,164.04555555555555,2,3,5,3.45,Loyal Customers,3,High Value
8673,104,10,646.6,2019-03-03,2023-09-16,64.66,2,3,4,3.05,Loyal Customers,3,High Value
8674,170,8,285.42,2019-11-15,2023-07-12,35.6775,2,2,1,1.6,Lost,0,Low Value
8675,36,17,1464.71,2019-06-07,2023-11-23,86.15941176470588,4,5,5,4.65,Champions,2,Premium
8676,97,8,370.69,2019-11-25,2023-09-23,46.33625,2,2,2,2.0,At Risk,0,Low Value
8677,44,14,1486.01,2019-03-04,2023-11-15,106.14357142857143,4,5,5,4.65,Champions,2,Premium
8678,35,10,494.94,2019-10-25,2023-11-24,49.494,4,3,3,3.35,Loyal Customers,1,Mid Value
8679,37,17,2501.53,2019-07-15,2023-11-22,147.14882352941177,4,5,5,4.65,Champions,2,Premium
8680,52,9,1089.44,2019-01-08,2023-11-07,121.0488888888889,3,3,5,3.8,Loyal Customers,3,High Value
8681,4,16,1273.04,2019-01-01,2023-12-25,79.565,5,5,5,5.0,Champions,2,Premium
8682,27,10,339.52,2019-11-01,2023-12-02,33.952,4,3,2,2.95,Potential Loyalists,1,Mid Value
8683,94,7,573.86,2020-09-17,2023-09-26,81.98,2,2,4,2.8,At Risk,3,High Value
8684,48,9,380.45,2019-07-20,2023-11-11,42.27222222222222,3,3,2,2.5999999999999996,Potential Loyalists,1,Mid Value
8685,44,8,460.34,2019-01-25,2023-11-15,57.5425,4,2,3,3.1,Potential Loyalists,1,Mid Value
8686,280,12,394.43,2019-05-20,2023-03-24,32.869166666666665,1,4,2,2.1500000000000004,Others,3,High Value
8687,39,12,375.95,2019-07-21,2023-11-20,31.329166666666666,4,4,2,3.2,Others,1,Mid Value
8688,38,12,1017.05,2020-10-03,2023-11-21,84.75416666666666,4,4,5,4.4,Champions,2,Premium
8689,75,12,974.79,2019-05-06,2023-10-15,81.2325,3,4,5,4.05,Loyal Customers,2,Premium
8690,9,12,428.38,2019-11-27,2023-12-20,35.69833333333333,5,4,3,3.95,Loyal Customers,2,Premium
8691,137,6,446.96999999999997,2019-02-09,2023-08-14,74.49499999999999,2,1,3,2.1500000000000004,Others,0,Low Value
8692,35,6,295.35,2019-02-04,2023-11-24,49.225,4,1,1,2.05,Potential Loyalists,1,Mid Value
8693,645,7,445.94,2019-10-09,2022-03-24,63.705714285714286,1,2,3,2.0500000000000003,Others,0,Low Value
8694,45,12,445.39,2019-01-14,2023-11-14,37.115833333333335,3,4,3,3.25,Loyal Customers,3,High Value
8695,199,11,1034.03,2019-05-16,2023-06-13,94.00272727272727,2,4,5,3.7,Loyal Customers,3,High Value
8696,36,12,663.52,2019-07-10,2023-11-23,55.29333333333333,4,4,4,4.0,Champions,2,Premium
8697,38,10,468.18,2019-01-01,2023-11-21,46.818,4,3,3,3.35,Loyal Customers,1,Mid Value
8698,95,10,380.33,2019-02-16,2023-09-25,38.033,2,3,2,2.25,At Risk,0,Low Value
8699,95,13,642.76,2019-07-02,2023-09-25,49.44307692307692,2,5,4,3.55,Loyal Customers,3,High Value
8700,252,4,240.84,2019-09-04,2023-04-21,60.21,1,1,1,1.0,Lost,0,Low Value
8701,11,12,964.5,2019-04-26,2023-12-18,80.375,5,4,5,4.75,Champions,2,Premium
8702,3,11,726.82,2019-04-13,2023-12-26,66.07454545454546,5,4,4,4.35,Champions,2,Premium
8703,191,11,727.09,2019-08-19,2023-06-21,66.09909090909092,2,4,4,3.3,Loyal Customers,3,High Value
8704,97,7,479.39,2019-07-25,2023-09-23,68.48428571428572,2,2,3,2.4000000000000004,At Risk,0,Low Value
8705,53,9,1054.8700000000001,2019-06-28,2023-11-06,117.20777777777779,3,3,5,3.8,Loyal Customers,3,High Value
8706,169,6,439.3,2019-04-09,2023-07-13,73.21666666666667,2,1,3,2.1500000000000004,Others,0,Low Value
8707,283,9,431.44,2019-08-27,2023-03-21,47.937777777777775,1,3,3,2.3000000000000003,Others,3,High Value
8708,496,13,756.48,2019-04-20,2022-08-20,58.190769230769234,1,5,4,3.2,Others,3,High Value
8709,44,10,553.38,2019-10-17,2023-11-15,55.338,4,3,3,3.35,Loyal Customers,1,Mid Value
8710,188,13,1328.88,2019-05-25,2023-06-24,102.22153846153847,2,5,5,3.95,Loyal Customers,3,High Value
8711,5,8,230.35,2020-11-11,2023-12-24,28.79375,5,2,1,2.65,Potential Loyalists,1,Mid Value
8712,67,13,625.51,2019-04-01,2023-10-23,48.11615384615384,3,5,4,3.9,Loyal Customers,2,Premium
8713,97,17,792.8,2019-01-01,2023-09-23,46.63529411764706,2,5,5,3.95,Loyal Customers,3,High Value
8714,8,9,481.37,2019-02-20,2023-12-21,53.48555555555556,5,3,3,3.7,Loyal Customers,1,Mid Value
8715,165,6,325.62,2020-01-27,2023-07-17,54.27,2,1,2,1.75,Lost,0,Low Value
8716,164,7,1021.9100000000001,2019-05-15,2023-07-18,145.98714285714286,2,2,5,3.2,At Risk,3,High Value
8717,32,6,295.64,2019-07-15,2023-11-27,49.27333333333333,4,1,1,2.05,Potential Loyalists,1,Mid Value
8718,5,15,590.49,2020-01-01,2023-12-24,39.366,5,5,4,4.6,Champions,2,Premium
8719,39,9,376.52,2019-02-19,2023-11-20,41.83555555555555,4,3,2,2.95,Potential Loyalists,1,Mid Value
8720,49,9,240.28,2019-10-20,2023-11-10,26.697777777777777,3,3,1,2.1999999999999997,Potential Loyalists,1,Mid Value
8721,164,10,321.0,2019-05-22,2023-07-18,32.1,2,3,2,2.25,At Risk,0,Low Value
8722,42,16,635.27,2019-01-08,2023-11-17,39.704375,4,5,4,4.25,Champions,2,Premium
8723,142,14,546.14,2019-01-11,2023-08-09,39.01,2,5,3,3.1500000000000004,Loyal Customers,3,High Value
8724,32,9,327.62,2019-02-12,2023-11-27,36.40222222222222,4,3,2,2.95,Potential Loyalists,1,Mid Value
8725,8,14,545.54,2019-07-27,2023-12-21,38.96714285714285,5,5,3,4.2,Loyal Customers,2,Premium
8726,230,10,432.40000000000003,2019-02-25,2023-05-13,43.24,2,3,3,2.6500000000000004,Loyal Customers,3,High Value
8727,249,8,231.12,2019-03-12,2023-04-24,28.89,1,2,1,1.25,Lost,0,Low Value
8728,80,11,436.71,2019-02-09,2023-10-10,39.700909090909086,3,4,3,3.25,Loyal Customers,3,High Value
8729,13,11,393.71999999999997,2019-04-08,2023-12-16,35.79272727272727,5,4,2,3.55,Others,1,Mid Value
8730,23,11,1546.5,2019-11-23,2023-12-06,140.5909090909091,5,4,5,4.75,Champions,2,Premium
8731,36,9,227.1,2019-11-27,2023-11-23,25.233333333333334,4,3,1,2.55,Potential Loyalists,1,Mid Value
8732,37,5,292.72,2020-09-22,2023-11-22,58.544000000000004,4,1,1,2.05,Potential Loyalists,1,Mid Value
8733,110,9,684.57,2019-03-01,2023-09-10,76.06333333333333,2,3,4,3.05,Loyal Customers,3,High Value
8734,137,10,363.76,2019-04-23,2023-08-14,36.376,2,3,2,2.25,At Risk,0,Low Value
8735,203,9,197.85,2019-11-15,2023-06-09,21.983333333333334,2,3,1,1.85,Others,0,Low Value
8736,185,9,279.73,2019-07-18,2023-06-27,31.081111111111113,2,3,1,1.85,Others,0,Low Value
8737,219,16,589.8,2019-03-19,2023-05-24,36.8625,2,5,4,3.55,Loyal Customers,3,High Value
8738,381,11,578.19,2019-03-06,2022-12-13,52.56272727272728,1,4,4,2.95,Others,3,High Value
8739,34,8,401.07,2019-07-04,2023-11-25,50.13375,4,2,2,2.7,Potential Loyalists,1,Mid Value
8740,11,12,911.16,2019-08-14,2023-12-18,75.92999999999999,5,4,5,4.75,Champions,2,Premium
8741,16,14,473.69,2019-05-17,2023-12-13,33.835,5,5,3,4.2,Loyal Customers,2,Premium
8742,407,7,359.9,2020-08-20,2022-11-17,51.41428571428571,1,2,2,1.65,Lost,0,Low Value
8743,209,9,530.38,2019-08-26,2023-06-03,58.93111111111111,2,3,3,2.6500000000000004,Loyal Customers,3,High Value
8744,6,6,276.02,2019-11-06,2023-12-23,46.00333333333333,5,1,1,2.4,Potential Loyalists,1,Mid Value
8745,100,4,135.85,2020-09-09,2023-09-20,33.9625,2,1,1,1.35,Lost,0,Low Value
8746,47,7,408.14,2019-07-15,2023-11-12,58.30571428571428,3,2,2,2.3499999999999996,Potential Loyalists,1,Mid Value
8747,238,8,330.29,2019-11-06,2023-05-05,41.28625,2,2,2,2.0,At Risk,0,Low Value
8748,68,14,1817.07,2019-09-16,2023-10-22,129.79071428571427,3,5,5,4.3,Loyal Customers,2,Premium
8749,140,6,232.34,2019-11-27,2023-08-11,38.723333333333336,2,1,1,1.35,Lost,0,Low Value
8750,51,12,703.18,2019-10-11,2023-11-08,58.59833333333333,3,4,4,3.65,Loyal Customers,3,High Value
8751,46,10,490.48,2019-12-26,2023-11-13,49.048,3,3,3,3.0,Loyal Customers,3,High Value
8752,27,9,346.27,2019-05-25,2023-12-02,38.474444444444444,4,3,2,2.95,Potential Loyalists,1,Mid Value
8753,8,13,611.44,2019-04-17,2023-12-21,47.033846153846156,5,5,4,4.6,Champions,2,Premium
8754,52,10,801.77,2019-03-03,2023-11-07,80.17699999999999,3,3,5,3.8,Loyal Customers,3,High Value
8755,405,8,538.74,2019-05-27,2022-11-19,67.3425,1,2,3,2.0500000000000003,Others,0,Low Value
8756,17,15,817.5,2019-02-26,2023-12-12,54.5,5,5,5,5.0,Champions,2,Premium
8757,409,10,313.74,2019-07-22,2022-11-15,31.374000000000002,1,3,1,1.5,Others,0,Low Value
8758,37,7,320.82,2019-10-26,2023-11-22,45.83142857142857,4,2,2,2.7,Potential Loyalists,1,Mid Value
8759,126,11,485.77000000000004,2019-01-24,2023-08-25,44.160909090909094,2,4,3,2.9000000000000004,Loyal Customers,3,High Value
8760,98,12,938.01,2019-09-10,2023-09-22,78.1675,2,4,5,3.7,Loyal Customers,3,High Value
8761,10,8,418.42,2020-01-17,2023-12-19,52.3025,5,2,2,3.05,Potential Loyalists,1,Mid Value
8762,20,11,821.54,2019-11-13,2023-12-09,74.68545454545455,5,4,5,4.75,Champions,2,Premium
8763,21,13,672.1999999999999,2019-03-27,2023-12-08,51.707692307692305,5,5,4,4.6,Champions,2,Premium
8764,2,10,669.67,2019-04-11,2023-12-27,66.967,5,3,4,4.1,Loyal Customers,2,Premium
8765,327,10,387.56,2019-02-06,2023-02-05,38.756,1,3,2,1.9000000000000001,Others,0,Low Value
8766,774,6,291.27,2020-12-06,2021-11-15,48.544999999999995,1,1,1,1.0,Lost,0,Low Value
8767,54,6,442.07000000000005,2020-07-25,2023-11-05,73.67833333333334,3,1,3,2.5,Potential Loyalists,1,Mid Value
8768,86,12,751.2,2019-09-19,2023-10-04,62.6,2,4,4,3.3,Loyal Customers,3,High Value
8769,33,15,535.79,2019-07-13,2023-11-26,35.71933333333333,4,5,3,3.85,Loyal Customers,2,Premium
8770,313,13,652.05,2019-02-06,2023-02-19,50.1576923076923,1,5,4,3.2,Others,3,High Value
8771,777,4,130.38,2019-11-05,2021-11-12,32.595,1,1,1,1.0,Lost,0,Low Value
8772,481,11,522.63,2019-02-17,2022-09-04,47.51181818181818,1,4,3,2.5500000000000003,Others,3,High Value
8773,73,13,514.6899999999999,2019-02-02,2023-10-17,39.591538461538455,3,5,3,3.5,Loyal Customers,2,Premium
8774,903,4,140.11,2019-08-06,2021-07-09,35.0275,1,1,1,1.0,Lost,0,Low Value
8775,57,15,836.07,2019-01-27,2023-11-02,55.73800000000001,3,5,5,4.3,Loyal Customers,2,Premium
8776,348,13,505.1,2019-10-04,2023-01-15,38.853846153846156,1,5,3,2.8000000000000003,Others,3,High Value
8777,279,7,267.56,2019-09-06,2023-03-25,38.222857142857144,1,2,1,1.25,Lost,0,Low Value
8778,5,8,436.68,2021-06-03,2023-12-24,54.585,5,2,3,3.45,Potential Loyalists,1,Mid Value
8779,205,10,359.40999999999997,2019-11-03,2023-06-07,35.940999999999995,2,3,2,2.25,At Risk,0,Low Value
8780,14,6,434.28999999999996,2021-11-05,2023-12-15,72.38166666666666,5,1,3,3.2,Potential Loyalists,1,Mid Value
8781,31,8,426.6,2019-07-20,2023-11-28,53.325,4,2,2,2.7,Potential Loyalists,1,Mid Value
8782,28,10,285.97,2019-11-01,2023-12-01,28.597,4,3,1,2.55,Potential Loyalists,1,Mid Value
8783,28,11,522.21,2019-10-14,2023-12-01,47.473636363636366,4,4,3,3.6,Loyal Customers,2,Premium
8784,57,12,675.61,2019-06-16,2023-11-02,56.30083333333334,3,4,4,3.65,Loyal Customers,3,High Value
8785,42,5,330.51,2019-12-14,2023-11-17,66.102,4,1,2,2.45,Potential Loyalists,1,Mid Value
8786,41,7,372.63,2019-09-07,2023-11-18,53.23285714285714,4,2,2,2.7,Potential Loyalists,1,Mid Value
8787,46,10,568.0,2020-03-21,2023-11-13,56.8,3,3,4,3.4,Loyal Customers,3,High Value
8788,419,1,67.22,2022-11-05,2022-11-05,67.22,1,1,1,1.0,Lost,0,Low Value
8789,13,9,243.36,2019-09-10,2023-12-16,27.040000000000003,5,3,1,2.9,Potential Loyalists,1,Mid Value
8790,22,11,598.49,2019-08-09,2023-12-07,54.408181818181816,5,4,4,4.35,Champions,2,Premium
8791,46,8,255.70999999999998,2020-11-22,2023-11-13,31.963749999999997,3,2,1,1.9499999999999997,Potential Loyalists,0,Low Value
8792,31,11,403.73,2019-10-15,2023-11-28,36.70272727272727,4,4,2,3.2,Others,1,Mid Value
8793,32,10,283.61,2019-06-17,2023-11-27,28.361,4,3,1,2.55,Potential Loyalists,1,Mid Value
8794,10,10,309.15,2019-08-06,2023-12-19,30.915,5,3,1,2.9,Potential Loyalists,1,Mid Value
8795,27,6,431.21,2019-11-06,2023-12-02,71.86833333333333,4,1,3,2.85,Potential Loyalists,1,Mid Value
8796,57,13,515.36,2019-11-11,2023-11-02,39.643076923076926,3,5,3,3.5,Loyal Customers,2,Premium
8797,13,6,231.67000000000002,2019-12-01,2023-12-16,38.61166666666667,5,1,1,2.4,Potential Loyalists,1,Mid Value
8798,127,14,501.33000000000004,2019-12-11,2023-08-24,35.809285714285714,2,5,3,3.1500000000000004,Loyal Customers,3,High Value
8799,45,13,489.21,2019-10-16,2023-11-14,37.63153846153846,3,5,3,3.5,Loyal Customers,2,Premium
8800,412,6,330.82,2019-08-26,2022-11-12,55.13666666666666,1,1,2,1.4,Lost,0,Low Value
8801,40,9,398.74,2019-02-11,2023-11-19,44.30444444444444,4,3,2,2.95,Potential Loyalists,1,Mid Value
8802,1126,3,175.39000000000001,2019-09-16,2020-11-28,58.46333333333334,1,1,1,1.0,Lost,0,Low Value
8803,354,8,959.9200000000001,2019-11-20,2023-01-09,119.99000000000001,1,2,5,2.85,Others,3,High Value
8804,44,12,744.33,2019-05-09,2023-11-15,62.0275,4,4,4,4.0,Champions,2,Premium
8805,94,11,478.41,2019-11-22,2023-09-26,43.49181818181818,2,4,3,2.9000000000000004,Loyal Customers,3,High Value
8806,2,9,540.66,2019-11-11,2023-12-27,60.07333333333333,5,3,3,3.7,Loyal Customers,1,Mid Value
8807,111,11,325.83,2019-09-21,2023-09-09,29.62090909090909,2,4,2,2.5,At Risk,3,High Value
8808,388,10,2068.71,2019-06-05,2022-12-06,206.871,1,3,5,3.1,Others,3,High Value
8809,278,8,1040.95,2019-12-23,2023-03-26,130.11875,1,2,5,2.85,Others,3,High Value
8810,368,12,2378.35,2019-02-02,2022-12-26,198.19583333333333,1,4,5,3.35,Others,3,High Value
8811,57,10,298.65,2019-01-03,2023-11-02,29.865,3,3,1,2.1999999999999997,Potential Loyalists,1,Mid Value
8812,52,18,832.35,2019-01-24,2023-11-07,46.24166666666667,3,5,5,4.3,Loyal Customers,2,Premium
8813,3,10,812.64,2019-08-15,2023-12-26,81.264,5,3,5,4.5,Loyal Customers,2,Premium
8814,74,9,493.49,2019-02-16,2023-10-16,54.83222222222222,3,3,3,3.0,Loyal Customers,3,High Value
8815,31,12,534.1,2019-07-14,2023-11-28,44.50833333333333,4,4,3,3.6,Loyal Customers,2,Premium
8816,99,11,384.14,2019-11-24,2023-09-21,34.92181818181818,2,4,2,2.5,At Risk,3,High Value
8817,40,11,878.41,2019-09-22,2023-11-19,79.85545454545455,4,4,5,4.4,Champions,2,Premium
8818,33,5,197.38,2019-04-05,2023-11-26,39.476,4,1,1,2.05,Potential Loyalists,1,Mid Value
8819,24,8,308.7,2019-02-08,2023-12-05,38.5875,5,2,1,2.65,Potential Loyalists,1,Mid Value
8820,225,12,792.88,2019-01-04,2023-05-18,66.07333333333334,2,4,5,3.7,Loyal Customers,3,High Value
8821,94,10,375.28,2019-11-20,2023-09-26,37.528,2,3,2,2.25,At Risk,0,Low Value
8822,7,9,492.33,2019-03-21,2023-12-22,54.70333333333333,5,3,3,3.7,Loyal Customers,1,Mid Value
8823,51,11,509.14,2019-08-21,2023-11-08,46.28545454545454,3,4,3,3.25,Loyal Customers,3,High Value
8824,452,11,751.74,2019-04-17,2022-10-03,68.34,1,4,4,2.95,Others,3,High Value
8825,359,11,429.28,2019-11-04,2023-01-04,39.025454545454544,1,4,3,2.5500000000000003,Others,3,High Value
8826,27,6,324.4,2019-07-05,2023-12-02,54.06666666666666,4,1,2,2.45,Potential Loyalists,1,Mid Value
8827,41,15,690.4,2019-08-15,2023-11-18,46.026666666666664,4,5,4,4.25,Champions,2,Premium
8828,73,14,548.23,2019-01-06,2023-10-17,39.159285714285716,3,5,3,3.5,Loyal Customers,2,Premium
8829,25,7,645.5699999999999,2019-11-04,2023-12-04,92.2242857142857,4,2,4,3.5,Others,1,Mid Value
8830,23,8,285.58,2019-12-16,2023-12-06,35.6975,5,2,1,2.65,Potential Loyalists,1,Mid Value
8831,66,13,778.39,2019-10-18,2023-10-24,59.87615384615385,3,5,5,4.3,Loyal Customers,2,Premium
8832,39,10,436.76,2019-06-09,2023-11-20,43.676,4,3,3,3.35,Loyal Customers,1,Mid Value
8833,497,12,759.09,2020-09-09,2022-08-19,63.2575,1,4,4,2.95,Others,3,High Value
8834,24,10,388.1,2020-05-17,2023-12-05,38.81,5,3,2,3.3,Potential Loyalists,1,Mid Value
8835,11,12,568.4,2019-02-14,2023-12-18,47.36666666666667,5,4,4,4.35,Champions,2,Premium
8836,235,7,338.06,2020-01-12,2023-05-08,48.294285714285714,2,2,2,2.0,At Risk,0,Low Value
8837,45,13,444.46000000000004,2019-02-12,2023-11-14,34.189230769230775,3,5,3,3.5,Loyal Customers,2,Premium
8838,387,6,432.73,2021-02-03,2022-12-07,72.12166666666667,1,1,3,1.8000000000000003,Others,0,Low Value
8839,111,11,411.21,2019-10-03,2023-09-09,37.38272727272727,2,4,2,2.5,At Risk,3,High Value
8840,27,11,881.84,2019-01-03,2023-12-02,80.16727272727273,4,4,5,4.4,Champions,2,Premium
8841,398,9,468.16,2020-03-03,2022-11-26,52.01777777777778,1,3,3,2.3000000000000003,Others,3,High Value
8842,25,12,740.36,2019-12-03,2023-12-04,61.696666666666665,4,4,4,4.0,Champions,2,Premium
8843,100,9,718.15,2019-10-10,2023-09-20,79.79444444444444,2,3,4,3.05,Loyal Customers,3,High Value
8844,1126,6,237.11,2019-07-18,2020-11-28,39.51833333333334,1,1,1,1.0,Lost,0,Low Value
8845,50,7,329.66,2020-06-21,2023-11-09,47.09428571428572,3,2,2,2.3499999999999996,Potential Loyalists,1,Mid Value
8846,37,12,515.29,2019-10-18,2023-11-22,42.94083333333333,4,4,3,3.6,Loyal Customers,2,Premium
8847,386,10,743.96,2019-03-07,2022-12-08,74.396,1,3,4,2.7,Others,3,High Value
8848,891,7,368.83,2019-02-01,2021-07-21,52.69,1,2,2,1.65,Lost,0,Low Value
8849,16,7,368.8,2020-11-08,2023-12-13,52.68571428571429,5,2,2,3.05,Potential Loyalists,1,Mid Value
8850,82,13,281.82,2019-02-16,2023-10-08,21.678461538461537,3,5,1,2.6999999999999997,Others,1,Mid Value
8851,443,12,478.51,2019-01-12,2022-10-12,39.87583333333333,1,4,3,2.5500000000000003,Others,3,High Value
8852,448,7,217.95000000000002,2019-08-16,2022-10-07,31.13571428571429,1,2,1,1.25,Lost,0,Low Value
8853,375,6,442.85,2019-11-07,2022-12-19,73.80833333333334,1,1,3,1.8000000000000003,Others,0,Low Value
8854,36,5,127.03999999999999,2019-10-11,2023-11-23,25.407999999999998,4,1,1,2.05,Potential Loyalists,1,Mid Value
8855,12,11,510.35,2020-10-24,2023-12-17,46.39545454545455,5,4,3,3.95,Loyal Customers,2,Premium
8856,18,13,541.73,2019-02-24,2023-12-11,41.67153846153846,5,5,3,4.2,Loyal Customers,2,Premium
8857,32,3,122.96000000000001,2019-06-09,2023-11-27,40.98666666666667,4,1,1,2.05,Potential Loyalists,1,Mid Value
8858,239,6,227.87,2021-01-10,2023-05-04,37.97833333333333,2,1,1,1.35,Lost,0,Low Value
8859,23,8,237.36,2019-11-10,2023-12-06,29.67,5,2,1,2.65,Potential Loyalists,1,Mid Value
8860,37,9,287.85999999999996,2019-08-03,2023-11-22,31.98444444444444,4,3,1,2.55,Potential Loyalists,1,Mid Value
8861,58,8,440.97,2019-10-01,2023-11-01,55.12125,3,2,3,2.75,Potential Loyalists,1,Mid Value
8862,35,13,507.17999999999995,2019-01-03,2023-11-24,39.01384615384615,4,5,3,3.85,Loyal Customers,2,Premium
8863,196,8,349.02,2019-11-01,2023-06-16,43.6275,2,2,2,2.0,At Risk,0,Low Value
8864,119,11,425.99,2019-08-01,2023-09-01,38.72636363636364,2,4,2,2.5,At Risk,3,High Value
8865,115,8,447.23,2019-06-05,2023-09-05,55.90375,2,2,3,2.4000000000000004,At Risk,0,Low Value
8866,44,7,244.69,2019-09-05,2023-11-15,34.955714285714286,4,2,1,2.3,Potential Loyalists,1,Mid Value
8867,6,11,522.51,2019-07-01,2023-12-23,47.50090909090909,5,4,3,3.95,Loyal Customers,2,Premium
8868,9,13,670.96,2019-01-26,2023-12-20,51.612307692307695,5,5,4,4.6,Champions,2,Premium
8869,16,11,440.83,2019-09-07,2023-12-13,40.07545454545454,5,4,3,3.95,Loyal Customers,2,Premium
8870,35,10,646.5699999999999,2019-02-06,2023-11-24,64.657,4,3,4,3.75,Loyal Customers,2,Premium
8871,117,7,309.38,2020-04-09,2023-09-03,44.19714285714286,2,2,1,1.6,Lost,0,Low Value
8872,12,12,416.39,2019-07-20,2023-12-17,34.69916666666666,5,4,2,3.55,Others,1,Mid Value
8873,107,9,464.11,2020-06-26,2023-09-13,51.56777777777778,2,3,3,2.6500000000000004,Loyal Customers,3,High Value
8874,132,10,424.1,2019-01-20,2023-08-19,42.410000000000004,2,3,2,2.25,At Risk,0,Low Value
8875,74,12,932.84,2019-02-04,2023-10-16,77.73666666666666,3,4,5,4.05,Loyal Customers,2,Premium
8876,135,5,289.06,2019-11-01,2023-08-16,57.812,2,1,1,1.35,Lost,0,Low Value
8877,3,10,396.19,2019-10-17,2023-12-26,39.619,5,3,2,3.3,Potential Loyalists,1,Mid Value
8878,48,5,181.73000000000002,2019-05-16,2023-11-11,36.346000000000004,3,1,1,1.6999999999999997,Potential Loyalists,0,Low Value
8879,217,10,673.74,2019-06-26,2023-05-26,67.374,2,3,4,3.05,Loyal Customers,3,High Value
8880,109,9,1118.07,2019-01-14,2023-09-11,124.22999999999999,2,3,5,3.45,Loyal Customers,3,High Value
8881,49,9,272.13,2019-11-02,2023-11-10,30.236666666666665,3,3,1,2.1999999999999997,Potential Loyalists,1,Mid Value
8882,9,12,496.77,2019-09-02,2023-12-20,41.3975,5,4,3,3.95,Loyal Customers,2,Premium
8883,1,14,719.49,2019-05-11,2023-12-28,51.39214285714286,5,5,4,4.6,Champions,2,Premium
8884,51,13,709.4,2019-09-26,2023-11-08,54.56923076923077,3,5,4,3.9,Loyal Customers,2,Premium
8885,19,11,428.90999999999997,2019-07-26,2023-12-10,38.99181818181818,5,4,3,3.95,Loyal Customers,2,Premium
8886,19,13,725.8100000000001,2019-11-07,2023-12-10,55.831538461538464,5,5,4,4.6,Champions,2,Premium
8887,607,11,469.0,2020-01-09,2022-05-01,42.63636363636363,1,4,3,2.5500000000000003,Others,3,High Value
8888,81,5,160.85,2020-02-07,2023-10-09,32.17,3,1,1,1.6999999999999997,Potential Loyalists,0,Low Value
8889,142,9,387.07,2019-06-27,2023-08-09,43.007777777777775,2,3,2,2.25,At Risk,0,Low Value
8890,5,11,516.95,2019-07-24,2023-12-24,46.99545454545455,5,4,3,3.95,Loyal Customers,2,Premium
8891,18,14,1068.16,2019-01-07,2023-12-11,76.29714285714286,5,5,5,5.0,Champions,2,Premium
8892,551,10,317.84000000000003,2019-02-22,2022-06-26,31.784000000000002,1,3,2,1.9000000000000001,Others,0,Low Value
8893,76,15,553.6,2019-04-16,2023-10-14,36.906666666666666,3,5,3,3.5,Loyal Customers,2,Premium
8894,42,4,271.84,2019-05-24,2023-11-17,67.96,4,1,1,2.05,Potential Loyalists,1,Mid Value
8895,37,8,353.81,2019-06-20,2023-11-22,44.22625,4,2,2,2.7,Potential Loyalists,1,Mid Value
8896,21,11,602.56,2019-07-03,2023-12-08,54.778181818181814,5,4,4,4.35,Champions,2,Premium
8897,173,13,672.96,2019-11-21,2023-07-09,51.76615384615385,2,5,4,3.55,Loyal Customers,3,High Value
8898,20,11,376.4,2019-03-14,2023-12-09,34.21818181818182,5,4,2,3.55,Others,1,Mid Value
8899,131,10,299.72,2019-04-26,2023-08-20,29.972,2,3,1,1.85,Others,0,Low Value
8900,211,8,465.25,2019-01-13,2023-06-01,58.15625,2,2,3,2.4000000000000004,At Risk,0,Low Value
8901,85,7,337.42,2019-11-16,2023-10-05,48.20285714285715,3,2,2,2.3499999999999996,Potential Loyalists,1,Mid Value
8902,103,10,248.51,2020-02-24,2023-09-17,24.851,2,3,1,1.85,Others,0,Low Value
8903,18,7,574.16,2019-02-12,2023-12-11,82.02285714285713,5,2,4,3.85,Others,1,Mid Value
8904,267,11,897.27,2019-09-24,2023-04-06,81.57,1,4,5,3.35,Others,3,High Value
8905,14,10,419.48,2019-04-12,2023-12-15,41.948,5,3,2,3.3,Potential Loyalists,1,Mid Value
8906,51,10,646.7,2020-08-05,2023-11-08,64.67,3,3,4,3.4,Loyal Customers,3,High Value
8907,688,10,623.08,2019-10-08,2022-02-09,62.30800000000001,1,3,4,2.7,Others,3,High Value
8908,73,9,325.51,2019-01-18,2023-10-17,36.16777777777778,3,3,2,2.5999999999999996,Potential Loyalists,1,Mid Value
8909,6,11,492.44,2019-06-05,2023-12-23,44.767272727272726,5,4,3,3.95,Loyal Customers,2,Premium
8910,448,6,326.78000000000003,2019-03-21,2022-10-07,54.46333333333334,1,1,2,1.4,Lost,0,Low Value
8911,35,13,741.0,2019-01-27,2023-11-24,57.0,4,5,4,4.25,Champions,2,Premium
8912,5,11,694.59,2019-11-09,2023-12-24,63.14454545454546,5,4,4,4.35,Champions,2,Premium
8913,5,10,407.3,2021-08-09,2023-12-24,40.730000000000004,5,3,2,3.3,Potential Loyalists,1,Mid Value
8914,343,9,604.51,2019-06-22,2023-01-20,67.16777777777777,1,3,4,2.7,Others,3,High Value
8915,42,9,380.90999999999997,2019-02-21,2023-11-17,42.32333333333333,4,3,2,2.95,Potential Loyalists,1,Mid Value
8916,664,13,1012.84,2019-02-11,2022-03-05,77.91076923076923,1,5,5,3.6,Others,3,High Value
8917,115,8,196.15,2019-06-18,2023-09-05,24.51875,2,2,1,1.6,Lost,0,Low Value
8918,25,15,1233.6399999999999,2019-08-14,2023-12-04,82.24266666666666,4,5,5,4.65,Champions,2,Premium
8919,368,11,707.3100000000001,2019-06-01,2022-12-26,64.3009090909091,1,4,4,2.95,Others,3,High Value
8920,401,9,919.12,2019-01-16,2022-11-23,102.12444444444445,1,3,5,3.1,Others,3,High Value
8921,149,12,584.08,2019-08-17,2023-08-02,48.67333333333334,2,4,4,3.3,Loyal Customers,3,High Value
8922,11,13,748.93,2019-02-08,2023-12-18,57.61,5,5,4,4.6,Champions,2,Premium
8923,439,4,260.07,2019-12-18,2022-10-16,65.0175,1,1,1,1.0,Lost,0,Low Value
8924,55,12,743.1899999999999,2019-10-22,2023-11-04,61.9325,3,4,4,3.65,Loyal Customers,3,High Value
8925,32,7,395.06,2020-10-23,2023-11-27,56.43714285714286,4,2,2,2.7,Potential Loyalists,1,Mid Value
8926,10,12,511.36,2019-02-12,2023-12-19,42.61333333333334,5,4,3,3.95,Loyal Customers,2,Premium
8927,39,9,256.02,2019-10-22,2023-11-20,28.446666666666665,4,3,1,2.55,Potential Loyalists,1,Mid Value
8928,75,6,167.3,2019-11-03,2023-10-15,27.883333333333336,3,1,1,1.6999999999999997,Potential Loyalists,0,Low Value
8929,33,10,351.16,2021-09-26,2023-11-26,35.116,4,3,2,2.95,Potential Loyalists,1,Mid Value
8930,39,12,664.01,2019-07-19,2023-11-20,55.33416666666667,4,4,4,4.0,Champions,2,Premium
8931,41,12,607.9,2019-05-28,2023-11-18,50.65833333333333,4,4,4,4.0,Champions,2,Premium
8932,371,5,219.8,2020-04-21,2022-12-23,43.96,1,1,1,1.0,Lost,0,Low Value
8933,415,15,514.23,2019-02-23,2022-11-09,34.282000000000004,1,5,3,2.8000000000000003,Others,3,High Value
8934,31,14,514.73,2019-07-24,2023-11-28,36.76642857142857,4,5,3,3.85,Loyal Customers,2,Premium
8935,49,17,745.71,2019-03-07,2023-11-10,43.86529411764706,3,5,4,3.9,Loyal Customers,2,Premium
8936,40,11,313.22,2019-10-08,2023-11-19,28.474545454545456,4,4,1,2.8,Others,1,Mid Value
8937,150,13,911.61,2019-04-14,2023-08-01,70.12384615384616,2,5,5,3.95,Loyal Customers,3,High Value
8938,68,12,1528.4399999999998,2019-02-18,2023-10-22,127.36999999999999,3,4,5,4.05,Loyal Customers,2,Premium
8939,281,13,825.75,2019-06-09,2023-03-23,63.51923076923077,1,5,5,3.6,Others,3,High Value
8940,45,13,490.98,2019-03-08,2023-11-14,37.76769230769231,3,5,3,3.5,Loyal Customers,2,Premium
8941,408,12,668.86,2019-11-25,2022-11-16,55.73833333333334,1,4,4,2.95,Others,3,High Value
8942,3,9,430.94000000000005,2019-01-28,2023-12-26,47.882222222222225,5,3,3,3.7,Loyal Customers,1,Mid Value
8943,75,11,498.44,2019-01-11,2023-10-15,45.31272727272727,3,4,3,3.25,Loyal Customers,3,High Value
8944,94,10,472.1,2019-12-09,2023-09-26,47.21,2,3,3,2.6500000000000004,Loyal Customers,3,High Value
8945,58,6,198.51,2019-11-10,2023-11-01,33.085,3,1,1,1.6999999999999997,Potential Loyalists,0,Low Value
8946,42,8,303.58,2019-02-05,2023-11-17,37.9475,4,2,1,2.3,Potential Loyalists,1,Mid Value
8947,51,13,512.26,2019-10-28,2023-11-08,39.40461538461538,3,5,3,3.5,Loyal Customers,2,Premium
8948,89,15,917.51,2019-01-06,2023-10-01,61.16733333333333,2,5,5,3.95,Loyal Customers,3,High Value
8949,746,6,327.36,2019-09-05,2021-12-13,54.56,1,1,2,1.4,Lost,0,Low Value
8950,41,10,449.47,2019-01-04,2023-11-18,44.947,4,3,3,3.35,Loyal Customers,1,Mid Value
8951,87,8,477.08,2019-11-05,2023-10-03,59.635,2,2,3,2.4000000000000004,At Risk,0,Low Value
8952,40,10,964.8199999999999,2019-01-11,2023-11-19,96.482,4,3,5,4.15,Loyal Customers,2,Premium
8953,41,10,1160.06,2019-09-25,2023-11-18,116.006,4,3,5,4.15,Loyal Customers,2,Premium
8954,49,7,450.64,2019-05-19,2023-11-10,64.37714285714286,3,2,3,2.75,Potential Loyalists,1,Mid Value
8955,74,9,772.46,2019-04-12,2023-10-16,85.8288888888889,3,3,5,3.8,Loyal Customers,3,High Value
8956,350,6,185.75,2019-11-27,2023-01-13,30.958333333333332,1,1,1,1.0,Lost,0,Low Value
8957,45,5,390.23,2021-08-05,2023-11-14,78.046,3,1,2,2.0999999999999996,Potential Loyalists,0,Low Value
8958,2,8,662.15,2019-08-15,2023-12-27,82.76875,5,2,4,3.85,Others,1,Mid Value
8959,68,9,337.76,2019-05-22,2023-10-22,37.528888888888886,3,3,2,2.5999999999999996,Potential Loyalists,1,Mid Value
8960,345,8,479.93,2019-02-06,2023-01-18,59.99125,1,2,3,2.0500000000000003,Others,0,Low Value
8961,26,7,445.65,2019-10-07,2023-12-03,63.66428571428571,4,2,3,3.1,Potential Loyalists,1,Mid Value
8962,291,11,2055.5499999999997,2019-02-14,2023-03-13,186.8681818181818,1,4,5,3.35,Others,3,High Value
8963,163,11,661.21,2020-03-19,2023-07-19,60.11000000000001,2,4,4,3.3,Loyal Customers,3,High Value
8964,52,16,1059.6,2019-01-18,2023-11-07,66.225,3,5,5,4.3,Loyal Customers,2,Premium
8965,105,11,438.49,2019-09-19,2023-09-15,39.86272727272728,2,4,3,2.9000000000000004,Loyal Customers,3,High Value
8966,135,12,487.72,2019-01-03,2023-08-16,40.64333333333334,2,4,3,2.9000000000000004,Loyal Customers,3,High Value
8967,9,5,484.01,2020-11-19,2023-12-20,96.80199999999999,5,1,3,3.2,Potential Loyalists,1,Mid Value
8968,20,6,257.1,2019-12-21,2023-12-09,42.85,5,1,1,2.4,Potential Loyalists,1,Mid Value
8969,10,6,191.34,2019-04-06,2023-12-19,31.89,5,1,1,2.4,Potential Loyalists,1,Mid Value
8970,12,16,594.06,2019-02-06,2023-12-17,37.12875,5,5,4,4.6,Champions,2,Premium
8971,160,6,408.63,2019-03-27,2023-07-22,68.105,2,1,2,1.75,Lost,0,Low Value
8972,184,10,1002.56,2019-11-12,2023-06-28,100.256,2,3,5,3.45,Loyal Customers,3,High Value
8973,39,7,276.4,2019-01-14,2023-11-20,39.48571428571428,4,2,1,2.3,Potential Loyalists,1,Mid Value
8974,386,10,582.0,2019-02-17,2022-12-08,58.2,1,3,4,2.7,Others,3,High Value
8975,105,3,251.35999999999999,2020-11-11,2023-09-15,83.78666666666666,2,1,1,1.35,Lost,0,Low Value
8976,40,9,291.87,2019-04-03,2023-11-19,32.43,4,3,1,2.55,Potential Loyalists,1,Mid Value
8977,218,7,318.85,2019-12-16,2023-05-25,45.550000000000004,2,2,2,2.0,At Risk,0,Low Value
8978,358,13,424.95,2019-03-15,2023-01-05,32.68846153846154,1,5,2,2.4000000000000004,Others,3,High Value
8979,22,15,584.0699999999999,2019-06-05,2023-12-07,38.937999999999995,5,5,4,4.6,Champions,2,Premium
8980,50,9,338.4,2019-03-06,2023-11-09,37.599999999999994,3,3,2,2.5999999999999996,Potential Loyalists,1,Mid Value
8981,42,11,377.33,2019-01-01,2023-11-17,34.302727272727275,4,4,2,3.2,Others,1,Mid Value
8982,99,8,312.29,2019-03-20,2023-09-21,39.03625,2,2,1,1.6,Lost,0,Low Value
8983,49,14,624.05,2019-08-18,2023-11-10,44.574999999999996,3,5,4,3.9,Loyal Customers,2,Premium
8984,38,8,387.73,2019-01-27,2023-11-21,48.46625,4,2,2,2.7,Potential Loyalists,1,Mid Value
8985,345,4,230.57,2020-10-02,2023-01-18,57.6425,1,1,1,1.0,Lost,0,Low Value
8986,56,8,426.66,2020-04-16,2023-11-03,53.3325,3,2,2,2.3499999999999996,Potential Loyalists,1,Mid Value
8987,15,9,287.26,2019-06-10,2023-12-14,31.917777777777776,5,3,1,2.9,Potential Loyalists,1,Mid Value
8988,307,9,693.11,2019-01-12,2023-02-25,77.01222222222222,1,3,4,2.7,Others,3,High Value
8989,20,12,383.0,2019-02-02,2023-12-09,31.916666666666668,5,4,2,3.55,Others,1,Mid Value
8990,35,16,590.71,2019-08-07,2023-11-24,36.919375,4,5,4,4.25,Champions,2,Premium
8991,24,7,195.95000000000002,2019-11-12,2023-12-05,27.992857142857144,5,2,1,2.65,Potential Loyalists,1,Mid Value
8992,40,8,474.96000000000004,2019-07-14,2023-11-19,59.370000000000005,4,2,3,3.1,Potential Loyalists,1,Mid Value
8993,83,17,970.36,2019-01-20,2023-10-07,57.08,3,5,5,4.3,Loyal Customers,2,Premium
8994,13,11,516.02,2019-03-13,2023-12-16,46.91090909090909,5,4,3,3.95,Loyal Customers,2,Premium
8995,113,10,386.17,2019-10-26,2023-09-07,38.617000000000004,2,3,2,2.25,At Risk,0,Low Value
8996,616,13,517.93,2019-01-06,2022-04-22,39.840769230769226,1,5,3,2.8000000000000003,Others,3,High Value
8997,28,11,507.51,2019-07-07,2023-12-01,46.13727272727272,4,4,3,3.6,Loyal Customers,2,Premium
8998,355,5,430.76,2019-09-14,2023-01-08,86.152,1,1,3,1.8000000000000003,Others,0,Low Value
8999,142,12,634.7,2019-04-05,2023-08-09,52.89166666666667,2,4,4,3.3,Loyal Customers,3,High Value
9000,3,10,477.94,2019-05-27,2023-12-26,47.794,5,3,3,3.7,Loyal Customers,1,Mid Value
9001,84,10,393.64,2019-02-13,2023-10-06,39.364,3,3,2,2.5999999999999996,Potential Loyalists,1,Mid Value
9002,36,17,613.1700000000001,2019-03-03,2023-11-23,36.068823529411766,4,5,4,4.25,Champions,2,Premium
9003,226,10,499.55,2019-05-01,2023-05-17,49.955,2,3,3,2.6500000000000004,Loyal Customers,3,High Value
9004,305,11,298.82,2019-07-26,2023-02-27,27.165454545454544,1,4,1,1.75,Others,0,Low Value
9005,47,8,284.46,2019-11-09,2023-11-12,35.5575,3,2,1,1.9499999999999997,Potential Loyalists,0,Low Value
9006,24,7,460.49,2019-11-25,2023-12-05,65.78428571428572,5,2,3,3.45,Potential Loyalists,1,Mid Value
9007,58,11,472.36,2019-11-07,2023-11-01,42.941818181818185,3,4,3,3.25,Loyal Customers,3,High Value
9008,35,19,1047.13,2019-08-01,2023-11-24,55.1121052631579,4,5,5,4.65,Champions,2,Premium
9009,36,12,532.66,2019-11-16,2023-11-23,44.38833333333333,4,4,3,3.6,Loyal Customers,2,Premium
9010,311,5,126.69,2020-08-06,2023-02-21,25.338,1,1,1,1.0,Lost,0,Low Value
9011,22,9,886.1,2019-11-24,2023-12-07,98.45555555555556,5,3,5,4.5,Loyal Customers,2,Premium
9012,62,9,592.04,2019-06-01,2023-10-28,65.78222222222222,3,3,4,3.4,Loyal Customers,3,High Value
9013,4,14,500.63,2019-03-20,2023-12-25,35.75928571428572,5,5,3,4.2,Loyal Customers,2,Premium
9014,26,12,760.24,2019-06-10,2023-12-03,63.35333333333333,4,4,4,4.0,Champions,2,Premium
9015,396,16,1045.53,2019-03-10,2022-11-28,65.345625,1,5,5,3.6,Others,3,High Value
9016,493,7,511.66999999999996,2020-01-14,2022-08-23,73.09571428571428,1,2,3,2.0500000000000003,Others,0,Low Value
9017,344,6,251.82999999999998,2019-08-03,2023-01-19,41.971666666666664,1,1,1,1.0,Lost,0,Low Value
9018,13,10,414.0,2019-01-15,2023-12-16,41.4,5,3,2,3.3,Potential Loyalists,1,Mid Value
9019,2,9,331.72,2019-05-09,2023-12-27,36.857777777777784,5,3,2,3.3,Potential Loyalists,1,Mid Value
9020,34,14,823.1,2019-02-06,2023-11-25,58.792857142857144,4,5,5,4.65,Champions,2,Premium
9021,4,14,575.97,2019-03-10,2023-12-25,41.14071428571429,5,5,4,4.6,Champions,2,Premium
9022,52,8,625.33,2019-06-27,2023-11-07,78.16625,3,2,4,3.15,At Risk,3,High Value
9023,45,12,359.95,2019-11-24,2023-11-14,29.995833333333334,3,4,2,2.8499999999999996,At Risk,1,Mid Value
9024,31,10,497.48,2019-05-08,2023-11-28,49.748000000000005,4,3,3,3.35,Loyal Customers,1,Mid Value
9025,380,8,305.28999999999996,2020-02-01,2022-12-14,38.161249999999995,1,2,1,1.25,Lost,0,Low Value
9026,41,8,494.07,2019-04-15,2023-11-18,61.75875,4,2,3,3.1,Potential Loyalists,1,Mid Value
9027,181,11,593.95,2019-10-26,2023-07-01,53.99545454545455,2,4,4,3.3,Loyal Customers,3,High Value
9028,292,4,264.54,2019-06-09,2023-03-12,66.135,1,1,1,1.0,Lost,0,Low Value
9029,416,11,758.08,2019-10-15,2022-11-08,68.91636363636364,1,4,4,2.95,Others,3,High Value
9030,10,13,501.58000000000004,2019-09-08,2023-12-19,38.58307692307692,5,5,3,4.2,Loyal Customers,2,Premium
9031,4,19,1124.56,2019-02-21,2023-12-25,59.18736842105263,5,5,5,5.0,Champions,2,Premium
9032,2,11,831.71,2019-09-03,2023-12-27,75.61,5,4,5,4.75,Champions,2,Premium
9033,19,12,431.83,2019-01-18,2023-12-10,35.98583333333333,5,4,3,3.95,Loyal Customers,2,Premium
9034,34,18,552.41,2019-11-18,2023-11-25,30.689444444444444,4,5,3,3.85,Loyal Customers,2,Premium
9035,197,12,390.19,2019-09-22,2023-06-15,32.51583333333333,2,4,2,2.5,At Risk,3,High Value
9036,57,5,405.5,2019-03-26,2023-11-02,81.1,3,1,2,2.0999999999999996,Potential Loyalists,0,Low Value
9037,50,9,353.27,2019-02-12,2023-11-09,39.25222222222222,3,3,2,2.5999999999999996,Potential Loyalists,1,Mid Value
9038,51,10,303.53,2019-08-13,2023-11-08,30.352999999999998,3,3,1,2.1999999999999997,Potential Loyalists,1,Mid Value
9039,538,3,86.26,2020-11-07,2022-07-09,28.753333333333334,1,1,1,1.0,Lost,0,Low Value
9040,147,7,441.88,2019-05-03,2023-08-04,63.12571428571429,2,2,3,2.4000000000000004,At Risk,0,Low Value
9041,23,8,668.6800000000001,2020-05-23,2023-12-06,83.58500000000001,5,2,4,3.85,Others,1,Mid Value
9042,32,2,54.57,2020-10-23,2023-11-27,27.285,4,1,1,2.05,Potential Loyalists,1,Mid Value
9043,480,9,296.78,2019-12-05,2022-09-05,32.97555555555555,1,3,1,1.5,Others,0,Low Value
9044,256,7,357.13,2019-09-11,2023-04-17,51.01857142857143,1,2,2,1.65,Lost,0,Low Value
9045,51,7,239.42000000000002,2019-01-17,2023-11-08,34.20285714285715,3,2,1,1.9499999999999997,Potential Loyalists,0,Low Value
9046,410,8,233.01,2019-03-09,2022-11-14,29.12625,1,2,1,1.25,Lost,0,Low Value
9047,43,8,456.09000000000003,2019-03-19,2023-11-16,57.011250000000004,4,2,3,3.1,Potential Loyalists,1,Mid Value
9048,231,9,648.42,2020-02-21,2023-05-12,72.04666666666667,2,3,4,3.05,Loyal Customers,3,High Value
9049,165,14,1580.11,2019-02-22,2023-07-17,112.865,2,5,5,3.95,Loyal Customers,3,High Value
9050,137,6,253.78,2019-05-07,2023-08-14,42.29666666666667,2,1,1,1.35,Lost,0,Low Value
9051,1359,3,93.21,2020-01-04,2020-04-09,31.069999999999997,1,1,1,1.0,Lost,0,Low Value
9052,393,12,726.98,2019-06-09,2022-12-01,60.58166666666667,1,4,4,2.95,Others,3,High Value
9053,20,5,168.01,2019-11-25,2023-12-09,33.602,5,1,1,2.4,Potential Loyalists,1,Mid Value
9054,50,11,441.72,2019-03-04,2023-11-09,40.156363636363636,3,4,3,3.25,Loyal Customers,3,High Value
9055,37,10,455.05,2019-06-25,2023-11-22,45.505,4,3,3,3.35,Loyal Customers,1,Mid Value
9056,7,10,1064.45,2019-08-16,2023-12-22,106.44500000000001,5,3,5,4.5,Loyal Customers,2,Premium
9057,14,7,480.31,2019-02-10,2023-12-15,68.61571428571429,5,2,3,3.45,Potential Loyalists,1,Mid Value
9058,249,6,207.59,2020-08-26,2023-04-24,34.598333333333336,1,1,1,1.0,Lost,0,Low Value
9059,54,9,366.57,2019-08-06,2023-11-05,40.73,3,3,2,2.5999999999999996,Potential Loyalists,1,Mid Value
9060,84,7,593.8,2019-07-25,2023-10-06,84.82857142857142,3,2,4,3.15,At Risk,3,High Value
9061,200,10,1111.44,2019-01-22,2023-06-12,111.144,2,3,5,3.45,Loyal Customers,3,High Value
9062,439,7,1708.87,2019-11-28,2022-10-16,244.1242857142857,1,2,5,2.85,Others,3,High Value
9063,196,8,380.98,2019-12-16,2023-06-16,47.6225,2,2,2,2.0,At Risk,0,Low Value
9064,37,11,591.17,2019-11-26,2023-11-22,53.74272727272727,4,4,4,4.0,Champions,2,Premium
9065,118,14,733.84,2019-06-28,2023-09-02,52.417142857142856,2,5,4,3.55,Loyal Customers,3,High Value
9066,313,11,754.94,2019-05-13,2023-02-19,68.6309090909091,1,4,4,2.95,Others,3,High Value
9067,1067,7,224.77,2019-07-02,2021-01-26,32.11,1,2,1,1.25,Lost,0,Low Value
9068,32,8,505.81,2019-11-16,2023-11-27,63.22625,4,2,3,3.1,Potential Loyalists,1,Mid Value
9069,306,6,188.69,2020-03-08,2023-02-26,31.448333333333334,1,1,1,1.0,Lost,0,Low Value
9070,4,13,536.27,2019-09-25,2023-12-25,41.25153846153846,5,5,3,4.2,Loyal Customers,2,Premium
9071,34,7,253.13,2020-02-28,2023-11-25,36.16142857142857,4,2,1,2.3,Potential Loyalists,1,Mid Value
9072,32,10,650.53,2019-03-11,2023-11-27,65.053,4,3,4,3.75,Loyal Customers,2,Premium
9073,685,9,323.56,2020-02-02,2022-02-12,35.95111111111111,1,3,2,1.9000000000000001,Others,0,Low Value
9074,319,10,388.81,2019-07-02,2023-02-13,38.881,1,3,2,1.9000000000000001,Others,0,Low Value
9075,75,10,345.05,2019-02-05,2023-10-15,34.505,3,3,2,2.5999999999999996,Potential Loyalists,1,Mid Value
9076,80,11,1051.65,2019-04-12,2023-10-10,95.60454545454546,3,4,5,4.05,Loyal Customers,2,Premium
9077,89,9,420.03,2019-07-08,2023-10-01,46.669999999999995,2,3,2,2.25,At Risk,0,Low Value
9078,6,11,432.66,2019-11-04,2023-12-23,39.332727272727276,5,4,3,3.95,Loyal Customers,2,Premium
9079,2,18,689.84,2019-10-05,2023-12-27,38.324444444444445,5,5,4,4.6,Champions,2,Premium
9080,28,11,873.89,2020-02-04,2023-12-01,79.44454545454545,4,4,5,4.4,Champions,2,Premium
9081,38,4,115.35,2019-12-22,2023-11-21,28.8375,4,1,1,2.05,Potential Loyalists,1,Mid Value
9082,97,14,473.51,2019-02-08,2023-09-23,33.82214285714286,2,5,3,3.1500000000000004,Loyal Customers,3,High Value
9083,525,8,428.22,2019-10-12,2022-07-22,53.5275,1,2,3,2.0500000000000003,Others,0,Low Value
9084,7,6,250.79,2020-08-17,2023-12-22,41.79833333333333,5,1,1,2.4,Potential Loyalists,1,Mid Value
9085,19,6,690.38,2020-08-27,2023-12-10,115.06333333333333,5,1,4,3.6,Others,1,Mid Value
9086,449,13,506.94,2019-01-07,2022-10-06,38.995384615384616,1,5,3,2.8000000000000003,Others,3,High Value
9087,9,6,225.64,2019-12-07,2023-12-20,37.60666666666666,5,1,1,2.4,Potential Loyalists,1,Mid Value
9088,376,13,1120.95,2019-08-17,2022-12-18,86.22692307692309,1,5,5,3.6,Others,3,High Value
9089,32,15,796.83,2019-01-22,2023-11-27,53.122,4,5,5,4.65,Champions,2,Premium
9090,43,12,573.24,2019-01-27,2023-11-16,47.77,4,4,4,4.0,Champions,2,Premium
9091,36,13,618.84,2019-08-20,2023-11-23,47.60307692307693,4,5,4,4.25,Champions,2,Premium
9092,31,11,411.67,2019-03-07,2023-11-28,37.42454545454546,4,4,2,3.2,Others,1,Mid Value
9093,108,8,270.45,2019-09-05,2023-09-12,33.80625,2,2,1,1.6,Lost,0,Low Value
9094,33,13,840.64,2019-04-12,2023-11-26,64.66461538461539,4,5,5,4.65,Champions,2,Premium
9095,39,13,1041.3799999999999,2019-01-17,2023-11-20,80.10615384615383,4,5,5,4.65,Champions,2,Premium
9096,135,9,511.87,2019-09-08,2023-08-16,56.87444444444444,2,3,3,2.6500000000000004,Loyal Customers,3,High Value
9097,160,6,376.2,2020-09-09,2023-07-22,62.699999999999996,2,1,2,1.75,Lost,0,Low Value
9098,262,8,316.31,2019-04-07,2023-04-11,39.53875,1,2,1,1.25,Lost,0,Low Value
9099,615,8,267.12,2019-06-03,2022-04-23,33.39,1,2,1,1.25,Lost,0,Low Value
9100,32,12,376.15,2019-07-21,2023-11-27,31.34583333333333,4,4,2,3.2,Others,1,Mid Value
9101,31,11,1347.67,2019-02-19,2023-11-28,122.51545454545455,4,4,5,4.4,Champions,2,Premium
9102,206,7,399.75,2019-11-04,2023-06-06,57.107142857142854,2,2,2,2.0,At Risk,0,Low Value
9103,240,10,491.03000000000003,2019-10-11,2023-05-03,49.103,2,3,3,2.6500000000000004,Loyal Customers,3,High Value
9104,55,11,821.49,2019-11-23,2023-11-04,74.6809090909091,3,4,5,4.05,Loyal Customers,2,Premium
9105,63,9,288.06,2019-04-05,2023-10-27,32.00666666666667,3,3,1,2.1999999999999997,Potential Loyalists,1,Mid Value
9106,1202,2,112.97,2019-11-20,2020-09-13,56.485,1,1,1,1.0,Lost,0,Low Value
9107,84,11,371.55,2019-05-08,2023-10-06,33.77727272727273,3,4,2,2.8499999999999996,At Risk,1,Mid Value
9108,14,10,461.3,2019-11-07,2023-12-15,46.13,5,3,3,3.7,Loyal Customers,1,Mid Value
9109,19,10,377.62,2019-04-11,2023-12-10,37.762,5,3,2,3.3,Potential Loyalists,1,Mid Value
9110,44,9,261.78,2019-11-09,2023-11-15,29.086666666666662,4,3,1,2.55,Potential Loyalists,1,Mid Value
9111,5,15,942.99,2019-01-06,2023-12-24,62.866,5,5,5,5.0,Champions,2,Premium
9112,119,4,158.22,2021-10-25,2023-09-01,39.555,2,1,1,1.35,Lost,0,Low Value
9113,96,11,357.87,2019-02-21,2023-09-24,32.53363636363636,2,4,2,2.5,At Risk,3,High Value
9114,52,9,581.33,2019-12-14,2023-11-07,64.59222222222223,3,3,4,3.4,Loyal Customers,3,High Value
9115,32,13,599.36,2019-05-28,2023-11-27,46.104615384615386,4,5,4,4.25,Champions,2,Premium
9116,46,4,122.25999999999999,2019-07-15,2023-11-13,30.564999999999998,3,1,1,1.6999999999999997,Potential Loyalists,0,Low Value
9117,16,14,846.06,2019-02-13,2023-12-13,60.43285714285714,5,5,5,5.0,Champions,2,Premium
9118,301,11,375.16999999999996,2019-01-08,2023-03-03,34.10636363636363,1,4,2,2.1500000000000004,Others,3,High Value
9119,38,12,329.26,2019-03-12,2023-11-21,27.438333333333333,4,4,2,3.2,Others,1,Mid Value
9120,11,7,632.99,2019-10-25,2023-12-18,90.42714285714285,5,2,4,3.85,Others,1,Mid Value
9121,37,12,716.2900000000001,2019-03-24,2023-11-22,59.69083333333334,4,4,4,4.0,Champions,2,Premium
9122,32,12,357.55,2019-01-19,2023-11-27,29.795833333333334,4,4,2,3.2,Others,1,Mid Value
9123,21,14,1182.97,2019-01-15,2023-12-08,84.49785714285714,5,5,5,5.0,Champions,2,Premium
9124,28,10,601.75,2020-04-17,2023-12-01,60.175,4,3,4,3.75,Loyal Customers,2,Premium
9125,12,10,1380.96,2019-06-18,2023-12-17,138.096,5,3,5,4.5,Loyal Customers,2,Premium
9126,317,7,434.46999999999997,2019-11-24,2023-02-15,62.067142857142855,1,2,3,2.0500000000000003,Others,0,Low Value
9127,96,13,466.52,2019-07-04,2023-09-24,35.886153846153846,2,5,3,3.1500000000000004,Loyal Customers,3,High Value
9128,301,9,454.73,2019-08-28,2023-03-03,50.525555555555556,1,3,3,2.3000000000000003,Others,3,High Value
9129,36,7,324.51,2019-03-17,2023-11-23,46.35857142857143,4,2,2,2.7,Potential Loyalists,1,Mid Value
9130,69,11,655.38,2019-01-26,2023-10-21,59.58,3,4,4,3.65,Loyal Customers,3,High Value
9131,25,9,536.22,2019-11-22,2023-12-04,59.580000000000005,4,3,3,3.35,Loyal Customers,1,Mid Value
9132,27,7,223.56,2020-02-05,2023-12-02,31.937142857142856,4,2,1,2.3,Potential Loyalists,1,Mid Value
9133,33,11,852.11,2019-01-24,2023-11-26,77.46454545454546,4,4,5,4.4,Champions,2,Premium
9134,35,10,422.64,2019-05-16,2023-11-24,42.263999999999996,4,3,2,2.95,Potential Loyalists,1,Mid Value
9135,56,14,432.47999999999996,2020-05-27,2023-11-03,30.89142857142857,3,5,3,3.5,Loyal Customers,2,Premium
9136,1333,1,63.75,2020-05-05,2020-05-05,63.75,1,1,1,1.0,Lost,0,Low Value
9137,348,8,213.8,2019-09-07,2023-01-15,26.725,1,2,1,1.25,Lost,0,Low Value
9138,13,11,408.6,2019-11-14,2023-12-16,37.14545454545455,5,4,2,3.55,Others,1,Mid Value
9139,38,7,380.16999999999996,2019-01-02,2023-11-21,54.309999999999995,4,2,2,2.7,Potential Loyalists,1,Mid Value
9140,50,7,228.18,2019-11-26,2023-11-09,32.597142857142856,3,2,1,1.9499999999999997,Potential Loyalists,0,Low Value
9141,110,10,381.16999999999996,2019-11-19,2023-09-10,38.117,2,3,2,2.25,At Risk,0,Low Value
9142,256,7,439.75,2020-01-23,2023-04-17,62.82142857142857,1,2,3,2.0500000000000003,Others,0,Low Value
9143,318,4,281.37,2020-05-24,2023-02-14,70.3425,1,1,1,1.0,Lost,0,Low Value
9144,146,13,438.92,2019-01-27,2023-08-05,33.76307692307692,2,5,3,3.1500000000000004,Loyal Customers,3,High Value
9145,745,6,160.89000000000001,2019-10-12,2021-12-14,26.815,1,1,1,1.0,Lost,0,Low Value
9146,28,12,363.89,2019-05-09,2023-12-01,30.324166666666667,4,4,2,3.2,Others,1,Mid Value
9147,818,6,241.87,2019-03-07,2021-10-02,40.31166666666667,1,1,1,1.0,Lost,0,Low Value
9148,88,6,372.53999999999996,2019-02-28,2023-10-02,62.089999999999996,2,1,2,1.75,Lost,0,Low Value
9149,137,7,392.38,2019-11-26,2023-08-14,56.05428571428571,2,2,2,2.0,At Risk,0,Low Value
9150,19,13,992.04,2020-01-04,2023-12-10,76.31076923076922,5,5,5,5.0,Champions,2,Premium
9151,14,13,755.3399999999999,2019-05-15,2023-12-15,58.10307692307692,5,5,4,4.6,Champions,2,Premium
9152,3,12,2095.3199999999997,2019-11-21,2023-12-26,174.60999999999999,5,4,5,4.75,Champions,2,Premium
9153,178,9,275.61,2019-02-09,2023-07-04,30.623333333333335,2,3,1,1.85,Others,0,Low Value
9154,87,8,357.04,2020-07-02,2023-10-03,44.63,2,2,2,2.0,At Risk,0,Low Value
9155,290,6,244.38,2019-08-18,2023-03-14,40.73,1,1,1,1.0,Lost,0,Low Value
9156,43,8,595.0,2019-06-26,2023-11-16,74.375,4,2,4,3.5,Others,1,Mid Value
9157,16,13,522.19,2019-01-03,2023-12-13,40.16846153846154,5,5,3,4.2,Loyal Customers,2,Premium
9158,119,9,460.19,2020-12-27,2023-09-01,51.132222222222225,2,3,3,2.6500000000000004,Loyal Customers,3,High Value
9159,194,12,405.1,2019-09-08,2023-06-18,33.75833333333333,2,4,2,2.5,At Risk,3,High Value
9160,389,10,498.08,2019-05-26,2022-12-05,49.808,1,3,3,2.3000000000000003,Others,3,High Value
9161,82,7,551.95,2019-04-21,2023-10-08,78.85000000000001,3,2,3,2.75,Potential Loyalists,1,Mid Value
9162,404,10,324.78,2019-04-17,2022-11-20,32.477999999999994,1,3,2,1.9000000000000001,Others,0,Low Value
9163,37,18,1134.71,2019-05-07,2023-11-22,63.03944444444445,4,5,5,4.65,Champions,2,Premium
9164,35,12,351.05,2019-10-21,2023-11-24,29.254166666666666,4,4,2,3.2,Others,1,Mid Value
9165,32,16,808.24,2019-02-01,2023-11-27,50.515,4,5,5,4.65,Champions,2,Premium
9166,375,7,220.46,2019-01-20,2022-12-19,31.494285714285716,1,2,1,1.25,Lost,0,Low Value
9167,2,15,615.87,2019-10-12,2023-12-27,41.058,5,5,4,4.6,Champions,2,Premium
9168,50,6,165.57999999999998,2019-10-16,2023-11-09,27.596666666666664,3,1,1,1.6999999999999997,Potential Loyalists,0,Low Value
9169,397,9,297.46,2019-11-18,2022-11-27,33.05111111111111,1,3,1,1.5,Others,0,Low Value
9170,764,7,381.02,2019-01-09,2021-11-25,54.43142857142857,1,2,2,1.65,Lost,0,Low Value
9171,15,10,1002.55,2019-07-20,2023-12-14,100.255,5,3,5,4.5,Loyal Customers,2,Premium
9172,23,7,708.11,2021-07-20,2023-12-06,101.15857142857143,5,2,4,3.85,Others,1,Mid Value
9173,38,13,398.5,2019-03-11,2023-11-21,30.653846153846153,4,5,2,3.45,Others,2,Premium
9174,52,7,411.58,2020-12-02,2023-11-07,58.79714285714285,3,2,2,2.3499999999999996,Potential Loyalists,1,Mid Value
9175,407,9,333.96999999999997,2019-11-10,2022-11-17,37.10777777777778,1,3,2,1.9000000000000001,Others,0,Low Value
9176,220,10,386.65,2020-03-20,2023-05-23,38.665,2,3,2,2.25,At Risk,0,Low Value
9177,44,9,375.17,2019-07-07,2023-11-15,41.68555555555556,4,3,2,2.95,Potential Loyalists,1,Mid Value
9178,9,12,705.48,2019-04-15,2023-12-20,58.79,5,4,4,4.35,Champions,2,Premium
9179,307,5,352.5,2019-06-28,2023-02-25,70.5,1,1,2,1.4,Lost,0,Low Value
9180,87,8,692.39,2019-05-07,2023-10-03,86.54875,2,2,4,2.8,At Risk,3,High Value
9181,25,12,522.64,2019-10-24,2023-12-04,43.553333333333335,4,4,3,3.6,Loyal Customers,2,Premium
9182,189,8,288.11,2020-10-23,2023-06-23,36.01375,2,2,1,1.6,Lost,0,Low Value
9183,257,12,703.8199999999999,2019-10-11,2023-04-16,58.651666666666664,1,4,4,2.95,Others,3,High Value
9184,35,10,370.57,2019-09-18,2023-11-24,37.057,4,3,2,2.95,Potential Loyalists,1,Mid Value
9185,233,5,273.75,2019-07-11,2023-05-10,54.75,2,1,1,1.35,Lost,0,Low Value
9186,20,11,1317.29,2019-01-28,2023-12-09,119.75363636363636,5,4,5,4.75,Champions,2,Premium
9187,79,7,493.75,2019-05-11,2023-10-11,70.53571428571429,3,2,3,2.75,Potential Loyalists,1,Mid Value
9188,88,12,880.6,2019-10-21,2023-10-02,73.38333333333334,2,4,5,3.7,Loyal Customers,3,High Value
9189,210,11,707.13,2019-01-03,2023-06-02,64.28454545454545,2,4,4,3.3,Loyal Customers,3,High Value
9190,268,8,436.76,2019-11-03,2023-04-05,54.595,1,2,3,2.0500000000000003,Others,0,Low Value
9191,49,13,856.14,2019-02-17,2023-11-10,65.85692307692308,3,5,5,4.3,Loyal Customers,2,Premium
9192,416,11,564.68,2019-06-14,2022-11-08,51.33454545454545,1,4,4,2.95,Others,3,High Value
9193,414,6,221.87,2019-06-18,2022-11-10,36.97833333333333,1,1,1,1.0,Lost,0,Low Value
9194,34,6,297.81,2019-11-10,2023-11-25,49.635,4,1,1,2.05,Potential Loyalists,1,Mid Value
9195,88,8,528.36,2019-11-28,2023-10-02,66.045,2,2,3,2.4000000000000004,At Risk,0,Low Value
9196,9,6,207.01999999999998,2019-09-07,2023-12-20,34.50333333333333,5,1,1,2.4,Potential Loyalists,1,Mid Value
9197,390,8,503.9,2020-04-09,2022-12-04,62.9875,1,2,3,2.0500000000000003,Others,0,Low Value
9198,69,10,283.69,2019-04-17,2023-10-21,28.369,3,3,1,2.1999999999999997,Potential Loyalists,1,Mid Value
9199,228,12,894.25,2019-05-07,2023-05-15,74.52083333333333,2,4,5,3.7,Loyal Customers,3,High Value
9200,37,12,619.75,2019-10-16,2023-11-22,51.645833333333336,4,4,4,4.0,Champions,2,Premium
9201,201,9,474.75,2019-02-08,2023-06-11,52.75,2,3,3,2.6500000000000004,Loyal Customers,3,High Value
9202,139,12,638.9,2019-12-06,2023-08-12,53.24166666666667,2,4,4,3.3,Loyal Customers,3,High Value
9203,194,10,709.9,2019-02-17,2023-06-18,70.99,2,3,4,3.05,Loyal Customers,3,High Value
9204,39,17,1345.62,2019-09-23,2023-11-20,79.15411764705881,4,5,5,4.65,Champions,2,Premium
9205,256,9,817.3000000000001,2019-02-28,2023-04-17,90.81111111111112,1,3,5,3.1,Others,3,High Value
9206,420,6,180.93,2021-04-01,2022-11-04,30.155,1,1,1,1.0,Lost,0,Low Value
9207,530,6,201.78,2019-09-27,2022-07-17,33.63,1,1,1,1.0,Lost,0,Low Value
9208,38,9,674.81,2020-02-21,2023-11-21,74.97888888888889,4,3,4,3.75,Loyal Customers,2,Premium
9209,50,11,878.57,2019-08-08,2023-11-09,79.87,3,4,5,4.05,Loyal Customers,2,Premium
9210,810,6,204.51999999999998,2019-03-08,2021-10-10,34.086666666666666,1,1,1,1.0,Lost,0,Low Value
9211,191,12,453.61,2019-01-05,2023-06-21,37.80083333333334,2,4,3,2.9000000000000004,Loyal Customers,3,High Value
9212,386,6,235.67,2019-09-12,2022-12-08,39.27833333333333,1,1,1,1.0,Lost,0,Low Value
9213,20,12,445.05,2019-08-05,2023-12-09,37.0875,5,4,3,3.95,Loyal Customers,2,Premium
9214,34,15,821.6,2020-05-02,2023-11-25,54.77333333333333,4,5,5,4.65,Champions,2,Premium
9215,8,15,492.68,2019-07-25,2023-12-21,32.845333333333336,5,5,3,4.2,Loyal Customers,2,Premium
9216,247,12,473.29999999999995,2019-04-19,2023-04-26,39.44166666666666,1,4,3,2.5500000000000003,Others,3,High Value
9217,109,6,527.45,2019-08-23,2023-09-11,87.90833333333335,2,1,3,2.1500000000000004,Others,0,Low Value
9218,132,8,267.71000000000004,2019-10-14,2023-08-19,33.463750000000005,2,2,1,1.6,Lost,0,Low Value
9219,10,8,2266.33,2019-02-24,2023-12-19,283.29125,5,2,5,4.25,Others,2,Premium
9220,26,8,315.22,2019-03-23,2023-12-03,39.4025,4,2,1,2.3,Potential Loyalists,1,Mid Value
9221,42,11,590.48,2019-02-21,2023-11-17,53.68,4,4,4,4.0,Champions,2,Premium
9222,44,12,465.53,2019-05-01,2023-11-15,38.79416666666666,4,4,3,3.6,Loyal Customers,2,Premium
9223,58,16,586.22,2019-08-08,2023-11-01,36.63875,3,5,4,3.9,Loyal Customers,2,Premium
9224,21,11,525.23,2019-04-07,2023-12-08,47.74818181818182,5,4,3,3.95,Loyal Customers,2,Premium
9225,93,14,1033.62,2019-10-15,2023-09-27,73.83,2,5,5,3.95,Loyal Customers,3,High Value
9226,612,10,510.21,2019-10-26,2022-04-26,51.021,1,3,3,2.3000000000000003,Others,3,High Value
9227,130,8,281.65,2020-08-17,2023-08-21,35.20625,2,2,1,1.6,Lost,0,Low Value
9228,375,2,129.76999999999998,2020-12-06,2022-12-19,64.88499999999999,1,1,1,1.0,Lost,0,Low Value
9229,45,10,315.95,2019-09-10,2023-11-14,31.595,3,3,1,2.1999999999999997,Potential Loyalists,1,Mid Value
9230,266,5,288.13,2020-11-04,2023-04-07,57.626,1,1,1,1.0,Lost,0,Low Value
9231,12,9,321.97,2019-08-06,2023-12-17,35.77444444444445,5,3,2,3.3,Potential Loyalists,1,Mid Value
9232,47,17,856.97,2019-05-24,2023-11-12,50.410000000000004,3,5,5,4.3,Loyal Customers,2,Premium
9233,143,8,1447.99,2019-09-05,2023-08-08,180.99875,2,2,5,3.2,At Risk,3,High Value
9234,78,12,755.28,2019-02-27,2023-10-12,62.94,3,4,4,3.65,Loyal Customers,3,High Value
9235,41,13,401.35,2019-11-22,2023-11-18,30.873076923076926,4,5,2,3.45,Others,2,Premium
9236,5,10,372.99,2019-04-17,2023-12-24,37.299,5,3,2,3.3,Potential Loyalists,1,Mid Value
9237,26,12,648.6,2019-01-04,2023-12-03,54.050000000000004,4,4,4,4.0,Champions,2,Premium
9238,993,8,607.1800000000001,2019-06-06,2021-04-10,75.89750000000001,1,2,4,2.45,Others,3,High Value
9239,23,12,932.9100000000001,2019-05-10,2023-12-06,77.7425,5,4,5,4.75,Champions,2,Premium
9240,410,15,887.65,2019-03-10,2022-11-14,59.17666666666666,1,5,5,3.6,Others,3,High Value
9241,738,10,689.8199999999999,2019-04-14,2021-12-21,68.982,1,3,4,2.7,Others,3,High Value
9242,37,12,601.06,2019-03-15,2023-11-22,50.08833333333333,4,4,4,4.0,Champions,2,Premium
9243,31,8,266.83000000000004,2019-01-12,2023-11-28,33.353750000000005,4,2,1,2.3,Potential Loyalists,1,Mid Value
9244,35,12,829.83,2019-07-01,2023-11-24,69.1525,4,4,5,4.4,Champions,2,Premium
9245,103,10,442.88,2019-02-20,2023-09-17,44.288,2,3,3,2.6500000000000004,Loyal Customers,3,High Value
9246,300,14,885.12,2019-02-05,2023-03-04,63.222857142857144,1,5,5,3.6,Others,3,High Value
9247,10,6,262.89,2019-11-18,2023-12-19,43.815,5,1,1,2.4,Potential Loyalists,1,Mid Value
9248,130,8,388.7,2019-05-23,2023-08-21,48.5875,2,2,2,2.0,At Risk,0,Low Value
9249,87,10,749.56,2019-12-23,2023-10-03,74.95599999999999,2,3,4,3.05,Loyal Customers,3,High Value
9250,47,11,447.54,2019-12-01,2023-11-12,40.68545454545455,3,4,3,3.25,Loyal Customers,3,High Value
9251,354,7,336.82,2019-11-05,2023-01-09,48.11714285714286,1,2,2,1.65,Lost,0,Low Value
9252,131,13,613.31,2019-08-11,2023-08-20,47.177692307692304,2,5,4,3.55,Loyal Customers,3,High Value
9253,34,8,259.13,2019-01-15,2023-11-25,32.39125,4,2,1,2.3,Potential Loyalists,1,Mid Value
9254,419,10,299.72,2019-05-28,2022-11-05,29.972,1,3,1,1.5,Others,0,Low Value
9255,40,13,1052.5,2019-10-10,2023-11-19,80.96153846153847,4,5,5,4.65,Champions,2,Premium
9256,26,14,456.99,2019-02-19,2023-12-03,32.64214285714286,4,5,3,3.85,Loyal Customers,2,Premium
9257,3,10,338.26,2019-06-13,2023-12-26,33.826,5,3,2,3.3,Potential Loyalists,1,Mid Value
9258,57,11,386.87,2019-11-13,2023-11-02,35.17,3,4,2,2.8499999999999996,At Risk,1,Mid Value
9259,12,9,2246.27,2019-10-01,2023-12-17,249.58555555555554,5,3,5,4.5,Loyal Customers,2,Premium
9260,8,8,488.01,2019-04-21,2023-12-21,61.00125,5,2,3,3.45,Potential Loyalists,1,Mid Value
9261,409,9,385.76,2019-01-17,2022-11-15,42.86222222222222,1,3,2,1.9000000000000001,Others,0,Low Value
9262,216,6,288.15999999999997,2020-03-10,2023-05-27,48.026666666666664,2,1,1,1.35,Lost,0,Low Value
9263,39,10,369.46,2019-12-25,2023-11-20,36.946,4,3,2,2.95,Potential Loyalists,1,Mid Value
9264,89,12,497.52,2019-11-10,2023-10-01,41.46,2,4,3,2.9000000000000004,Loyal Customers,3,High Value
9265,34,10,696.75,2019-01-26,2023-11-25,69.675,4,3,4,3.75,Loyal Customers,2,Premium
9266,367,6,234.13,2019-12-03,2022-12-27,39.02166666666667,1,1,1,1.0,Lost,0,Low Value
9267,726,3,112.6,2021-02-21,2022-01-02,37.53333333333333,1,1,1,1.0,Lost,0,Low Value
9268,268,9,610.71,2020-05-10,2023-04-05,67.85666666666667,1,3,4,2.7,Others,3,High Value
9269,286,3,87.16,2019-10-21,2023-03-18,29.05333333333333,1,1,1,1.0,Lost,0,Low Value
9270,55,10,530.11,2019-07-13,2023-11-04,53.011,3,3,3,3.0,Loyal Customers,3,High Value
9271,97,11,717.09,2019-06-20,2023-09-23,65.19,2,4,4,3.3,Loyal Customers,3,High Value
9272,412,9,383.3,2019-03-04,2022-11-12,42.58888888888889,1,3,2,1.9000000000000001,Others,0,Low Value
9273,489,8,241.58,2019-09-25,2022-08-27,30.1975,1,2,1,1.25,Lost,0,Low Value
9274,8,12,923.59,2019-01-27,2023-12-21,76.96583333333334,5,4,5,4.75,Champions,2,Premium
9275,33,13,806.41,2019-01-07,2023-11-26,62.03153846153846,4,5,5,4.65,Champions,2,Premium
9276,51,17,1068.57,2019-06-26,2023-11-08,62.85705882352941,3,5,5,4.3,Loyal Customers,2,Premium
9277,39,7,430.47,2020-01-01,2023-11-20,61.49571428571429,4,2,3,3.1,Potential Loyalists,1,Mid Value
9278,78,8,475.39,2019-11-27,2023-10-12,59.42375,3,2,3,2.75,Potential Loyalists,1,Mid Value
9279,57,13,495.46,2019-03-16,2023-11-02,38.11230769230769,3,5,3,3.5,Loyal Customers,2,Premium
9280,24,7,1033.9099999999999,2019-04-10,2023-12-05,147.70142857142855,5,2,5,4.25,Others,2,Premium
9281,33,10,453.65999999999997,2019-10-07,2023-11-26,45.366,4,3,3,3.35,Loyal Customers,1,Mid Value
9282,624,8,465.61,2019-04-14,2022-04-14,58.20125,1,2,3,2.0500000000000003,Others,0,Low Value
9283,51,10,354.27,2019-11-03,2023-11-08,35.427,3,3,2,2.5999999999999996,Potential Loyalists,1,Mid Value
9284,95,14,555.18,2019-05-08,2023-09-25,39.65571428571428,2,5,3,3.1500000000000004,Loyal Customers,3,High Value
9285,57,6,508.3,2019-01-17,2023-11-02,84.71666666666667,3,1,3,2.5,Potential Loyalists,1,Mid Value
9286,35,12,426.16,2019-11-22,2023-11-24,35.513333333333335,4,4,2,3.2,Others,1,Mid Value
9287,97,16,1544.92,2019-11-14,2023-09-23,96.5575,2,5,5,3.95,Loyal Customers,3,High Value
9288,48,15,576.69,2019-04-07,2023-11-11,38.446000000000005,3,5,4,3.9,Loyal Customers,2,Premium
9289,54,8,272.83,2019-08-23,2023-11-05,34.10375,3,2,1,1.9499999999999997,Potential Loyalists,0,Low Value
9290,42,10,1133.35,2019-12-23,2023-11-17,113.335,4,3,5,4.15,Loyal Customers,2,Premium
9291,37,9,641.33,2019-05-15,2023-11-22,71.25888888888889,4,3,4,3.75,Loyal Customers,2,Premium
9292,26,9,361.06,2020-11-16,2023-12-03,40.117777777777775,4,3,2,2.95,Potential Loyalists,1,Mid Value
9293,19,15,583.09,2019-07-15,2023-12-10,38.87266666666667,5,5,4,4.6,Champions,2,Premium
9294,119,15,733.33,2019-08-12,2023-09-01,48.88866666666667,2,5,4,3.55,Loyal Customers,3,High Value
9295,173,10,610.4,2019-06-04,2023-07-09,61.04,2,3,4,3.05,Loyal Customers,3,High Value
9296,325,5,231.51,2020-06-07,2023-02-07,46.302,1,1,1,1.0,Lost,0,Low Value
9297,92,14,790.48,2019-05-12,2023-09-28,56.462857142857146,2,5,5,3.95,Loyal Customers,3,High Value
9298,20,10,1199.21,2020-03-12,2023-12-09,119.921,5,3,5,4.5,Loyal Customers,2,Premium
9299,76,11,451.56,2019-05-06,2023-10-14,41.050909090909094,3,4,3,3.25,Loyal Customers,3,High Value
9300,784,5,326.85,2019-11-23,2021-11-05,65.37,1,1,2,1.4,Lost,0,Low Value
9301,8,12,680.63,2019-03-15,2023-12-21,56.719166666666666,5,4,4,4.35,Champions,2,Premium
9302,21,11,486.90999999999997,2019-09-11,2023-12-08,44.26454545454545,5,4,3,3.95,Loyal Customers,2,Premium
9303,42,10,449.89,2020-02-26,2023-11-17,44.989,4,3,3,3.35,Loyal Customers,1,Mid Value
9304,47,12,545.63,2019-05-23,2023-11-12,45.469166666666666,3,4,3,3.25,Loyal Customers,3,High Value
9305,9,11,736.15,2019-11-21,2023-12-20,66.92272727272727,5,4,4,4.35,Champions,2,Premium
9306,68,10,504.41,2019-11-17,2023-10-22,50.441,3,3,3,3.0,Loyal Customers,3,High Value
9307,280,11,469.55,2019-07-18,2023-03-24,42.68636363636364,1,4,3,2.5500000000000003,Others,3,High Value
9308,25,9,457.09000000000003,2019-11-04,2023-12-04,50.787777777777784,4,3,3,3.35,Loyal Customers,1,Mid Value
9309,107,20,1464.62,2019-03-12,2023-09-13,73.231,2,5,5,3.95,Loyal Customers,3,High Value
9310,22,8,613.17,2019-03-13,2023-12-07,76.64625,5,2,4,3.85,Others,1,Mid Value
9311,262,7,544.17,2019-07-21,2023-04-11,77.73857142857142,1,2,3,2.0500000000000003,Others,0,Low Value
9312,35,8,406.71,2019-12-15,2023-11-24,50.83875,4,2,2,2.7,Potential Loyalists,1,Mid Value
9313,65,11,642.3,2019-01-24,2023-10-25,58.39090909090908,3,4,4,3.65,Loyal Customers,3,High Value
9314,52,13,442.3,2019-02-07,2023-11-07,34.02307692307692,3,5,3,3.5,Loyal Customers,2,Premium
9315,23,11,332.82,2019-08-21,2023-12-06,30.256363636363634,5,4,2,3.55,Others,1,Mid Value
9316,39,9,844.45,2020-02-27,2023-11-20,93.82777777777778,4,3,5,4.15,Loyal Customers,2,Premium
9317,652,8,256.5,2019-11-23,2022-03-17,32.0625,1,2,1,1.25,Lost,0,Low Value
9318,17,9,553.96,2019-02-28,2023-12-12,61.55111111111111,5,3,3,3.7,Loyal Customers,1,Mid Value
9319,7,10,592.48,2019-04-28,2023-12-22,59.248000000000005,5,3,4,4.1,Loyal Customers,2,Premium
9320,7,7,471.53000000000003,2019-04-15,2023-12-22,67.36142857142858,5,2,3,3.45,Potential Loyalists,1,Mid Value
9321,117,9,707.26,2019-11-22,2023-09-03,78.58444444444444,2,3,4,3.05,Loyal Customers,3,High Value
9322,15,13,726.62,2019-01-06,2023-12-14,55.893846153846155,5,5,4,4.6,Champions,2,Premium
9323,626,7,387.52,2019-11-07,2022-04-12,55.36,1,2,2,1.65,Lost,0,Low Value
9324,86,6,221.2,2020-11-18,2023-10-04,36.86666666666667,2,1,1,1.35,Lost,0,Low Value
9325,154,13,735.9,2019-06-24,2023-07-28,56.607692307692304,2,5,4,3.55,Loyal Customers,3,High Value
9326,287,6,1408.75,2020-09-28,2023-03-17,234.79166666666666,1,1,5,2.6,Others,3,High Value
9327,413,9,275.89,2019-01-21,2022-11-11,30.654444444444444,1,3,1,1.5,Others,0,Low Value
9328,631,6,383.32,2019-11-10,2022-04-07,63.88666666666666,1,1,2,1.4,Lost,0,Low Value
9329,6,9,278.28,2020-12-16,2023-12-23,30.919999999999998,5,3,1,2.9,Potential Loyalists,1,Mid Value
9330,285,8,293.69,2019-06-16,2023-03-19,36.71125,1,2,1,1.25,Lost,0,Low Value
9331,43,7,215.18,2019-03-18,2023-11-16,30.740000000000002,4,2,1,2.3,Potential Loyalists,1,Mid Value
9332,37,10,898.6500000000001,2019-07-13,2023-11-22,89.86500000000001,4,3,5,4.15,Loyal Customers,2,Premium
9333,337,5,128.10999999999999,2019-07-09,2023-01-26,25.621999999999996,1,1,1,1.0,Lost,0,Low Value
9334,48,12,410.18,2019-02-03,2023-11-11,34.181666666666665,3,4,2,2.8499999999999996,At Risk,1,Mid Value
9335,35,10,646.76,2019-11-26,2023-11-24,64.676,4,3,4,3.75,Loyal Customers,2,Premium
9336,230,6,602.64,2019-11-10,2023-05-13,100.44,2,1,4,2.55,Others,0,Low Value
9337,16,10,292.24,2020-01-20,2023-12-13,29.224,5,3,1,2.9,Potential Loyalists,1,Mid Value
9338,3,10,708.21,2019-02-28,2023-12-26,70.821,5,3,4,4.1,Loyal Customers,2,Premium
9339,104,7,256.9,2019-12-25,2023-09-16,36.699999999999996,2,2,1,1.6,Lost,0,Low Value
9340,50,11,368.03999999999996,2019-01-07,2023-11-09,33.458181818181814,3,4,2,2.8499999999999996,At Risk,1,Mid Value
9341,54,8,333.91,2019-09-20,2023-11-05,41.73875,3,2,2,2.3499999999999996,Potential Loyalists,1,Mid Value
9342,39,11,569.58,2019-01-13,2023-11-20,51.78,4,4,4,4.0,Champions,2,Premium
9343,54,8,318.57,2019-04-18,2023-11-05,39.82125,3,2,2,2.3499999999999996,Potential Loyalists,1,Mid Value
9344,31,9,704.17,2019-02-21,2023-11-28,78.24111111111111,4,3,4,3.75,Loyal Customers,2,Premium
9345,284,10,382.54,2019-09-15,2023-03-20,38.254000000000005,1,3,2,1.9000000000000001,Others,0,Low Value
9346,38,11,555.16,2019-04-21,2023-11-21,50.46909090909091,4,4,3,3.6,Loyal Customers,2,Premium
9347,593,7,295.03,2019-11-15,2022-05-15,42.14714285714285,1,2,1,1.25,Lost,0,Low Value
9348,44,9,576.96,2020-09-07,2023-11-15,64.10666666666667,4,3,4,3.75,Loyal Customers,2,Premium
9349,32,12,483.22,2019-07-09,2023-11-27,40.26833333333334,4,4,3,3.6,Loyal Customers,2,Premium
9350,44,6,392.5,2019-01-16,2023-11-15,65.41666666666667,4,1,2,2.45,Potential Loyalists,1,Mid Value
9351,44,6,328.05,2021-06-28,2023-11-15,54.675000000000004,4,1,2,2.45,Potential Loyalists,1,Mid Value
9352,77,11,565.1,2019-05-22,2023-10-13,51.372727272727275,3,4,4,3.65,Loyal Customers,3,High Value
9353,241,11,881.82,2019-05-02,2023-05-02,80.16545454545455,2,4,5,3.7,Loyal Customers,3,High Value
9354,53,11,478.02,2020-11-02,2023-11-06,43.45636363636363,3,4,3,3.25,Loyal Customers,3,High Value
9355,179,11,782.17,2019-04-22,2023-07-03,71.10636363636364,2,4,5,3.7,Loyal Customers,3,High Value
9356,39,16,1126.0,2019-12-27,2023-11-20,70.375,4,5,5,4.65,Champions,2,Premium
9357,33,18,582.11,2019-10-11,2023-11-26,32.339444444444446,4,5,4,4.25,Champions,2,Premium
9358,8,16,722.65,2019-04-21,2023-12-21,45.165625,5,5,4,4.6,Champions,2,Premium
9359,22,9,1682.96,2020-11-10,2023-12-07,186.99555555555557,5,3,5,4.5,Loyal Customers,2,Premium
9360,50,13,495.14,2019-04-02,2023-11-09,38.08769230769231,3,5,3,3.5,Loyal Customers,2,Premium
9361,857,4,409.65,2020-03-27,2021-08-24,102.4125,1,1,2,1.4,Lost,0,Low Value
9362,411,4,715.21,2019-08-28,2022-11-13,178.8025,1,1,4,2.2,Others,0,Low Value
9363,83,12,535.99,2019-09-27,2023-10-07,44.66583333333333,3,4,3,3.25,Loyal Customers,3,High Value
9364,2,5,125.6,2019-02-01,2023-12-27,25.119999999999997,5,1,1,2.4,Potential Loyalists,1,Mid Value
9365,56,10,390.06,2019-06-07,2023-11-03,39.006,3,3,2,2.5999999999999996,Potential Loyalists,1,Mid Value
9366,447,6,987.6,2019-01-15,2022-10-08,164.6,1,1,5,2.6,Others,3,High Value
9367,55,7,283.73,2019-11-03,2023-11-04,40.53285714285715,3,2,1,1.9499999999999997,Potential Loyalists,0,Low Value
9368,1,14,431.08000000000004,2019-02-10,2023-12-28,30.791428571428575,5,5,3,4.2,Loyal Customers,2,Premium
9369,45,5,435.99,2019-03-24,2023-11-14,87.19800000000001,3,1,3,2.5,Potential Loyalists,1,Mid Value
9370,55,10,406.47,2019-01-13,2023-11-04,40.647000000000006,3,3,2,2.5999999999999996,Potential Loyalists,1,Mid Value
9371,32,6,291.49,2019-06-03,2023-11-27,48.58166666666667,4,1,1,2.05,Potential Loyalists,1,Mid Value
9372,31,11,783.93,2019-10-08,2023-11-28,71.26636363636364,4,4,5,4.4,Champions,2,Premium
9373,5,16,572.65,2019-06-22,2023-12-24,35.790625,5,5,4,4.6,Champions,2,Premium
9374,52,10,342.05,2019-10-12,2023-11-07,34.205,3,3,2,2.5999999999999996,Potential Loyalists,1,Mid Value
9375,45,7,295.88,2019-02-04,2023-11-14,42.26857142857143,3,2,1,1.9499999999999997,Potential Loyalists,0,Low Value
9376,16,9,249.91,2019-11-04,2023-12-13,27.767777777777777,5,3,1,2.9,Potential Loyalists,1,Mid Value
9377,43,14,626.25,2019-10-13,2023-11-16,44.732142857142854,4,5,4,4.25,Champions,2,Premium
9378,46,11,683.2,2019-03-03,2023-11-13,62.10909090909092,3,4,4,3.65,Loyal Customers,3,High Value
9379,73,7,338.5,2019-12-19,2023-10-17,48.357142857142854,3,2,2,2.3499999999999996,Potential Loyalists,1,Mid Value
9380,6,11,501.05,2019-08-02,2023-12-23,45.550000000000004,5,4,3,3.95,Loyal Customers,2,Premium
9381,36,13,453.4,2019-10-06,2023-11-23,34.87692307692308,4,5,3,3.85,Loyal Customers,2,Premium
9382,329,10,326.33,2019-03-27,2023-02-03,32.632999999999996,1,3,2,1.9000000000000001,Others,0,Low Value
9383,123,8,302.4,2019-09-24,2023-08-28,37.8,2,2,1,1.6,Lost,0,Low Value
9384,392,12,547.65,2019-09-12,2022-12-02,45.637499999999996,1,4,3,2.5500000000000003,Others,3,High Value
9385,349,7,372.96999999999997,2019-12-27,2023-01-14,53.28142857142857,1,2,2,1.65,Lost,0,Low Value
9386,28,11,445.93,2019-01-09,2023-12-01,40.53909090909091,4,4,3,3.6,Loyal Customers,2,Premium
9387,860,2,117.01,2021-08-15,2021-08-21,58.505,1,1,1,1.0,Lost,0,Low Value
9388,295,13,710.34,2019-01-12,2023-03-09,54.64153846153847,1,5,4,3.2,Others,3,High Value
9389,80,13,647.65,2020-01-21,2023-10-10,49.81923076923077,3,5,4,3.9,Loyal Customers,2,Premium
9390,399,10,1364.84,2019-05-12,2022-11-25,136.48399999999998,1,3,5,3.1,Others,3,High Value
9391,252,12,440.63,2019-03-03,2023-04-21,36.719166666666666,1,4,3,2.5500000000000003,Others,3,High Value
9392,148,9,333.92,2019-08-07,2023-08-03,37.102222222222224,2,3,2,2.25,At Risk,0,Low Value
9393,197,5,155.48,2019-10-02,2023-06-15,31.095999999999997,2,1,1,1.35,Lost,0,Low Value
9394,11,13,386.89,2019-02-22,2023-12-18,29.76076923076923,5,5,2,3.8,Others,2,Premium
9395,10,9,427.92,2019-11-03,2023-12-19,47.54666666666667,5,3,3,3.7,Loyal Customers,1,Mid Value
9396,45,9,697.54,2020-11-19,2023-11-14,77.50444444444445,3,3,4,3.4,Loyal Customers,3,High Value
9397,22,14,792.76,2019-04-09,2023-12-07,56.62571428571429,5,5,5,5.0,Champions,2,Premium
9398,74,12,537.76,2019-03-07,2023-10-16,44.81333333333333,3,4,3,3.25,Loyal Customers,3,High Value
9399,237,14,941.28,2019-02-04,2023-05-06,67.23428571428572,2,5,5,3.95,Loyal Customers,3,High Value
9400,7,7,1121.52,2019-01-26,2023-12-22,160.21714285714285,5,2,5,4.25,Others,2,Premium
9401,110,7,221.67000000000002,2019-04-22,2023-09-10,31.66714285714286,2,2,1,1.6,Lost,0,Low Value
9402,53,12,949.9300000000001,2019-11-06,2023-11-06,79.16083333333334,3,4,5,4.05,Loyal Customers,2,Premium
9403,403,8,1087.64,2019-06-12,2022-11-21,135.955,1,2,5,2.85,Others,3,High Value
9404,31,8,849.53,2019-10-22,2023-11-28,106.19125,4,2,5,3.9,Others,2,Premium
9405,2,9,579.1,2020-11-02,2023-12-27,64.34444444444445,5,3,4,4.1,Loyal Customers,2,Premium
9406,945,8,329.07,2020-02-06,2021-05-28,41.13375,1,2,2,1.65,Lost,0,Low Value
9407,283,7,393.62,2019-09-12,2023-03-21,56.23142857142857,1,2,2,1.65,Lost,0,Low Value
9408,156,8,253.83,2019-02-07,2023-07-26,31.72875,2,2,1,1.6,Lost,0,Low Value
9409,172,9,295.69,2019-11-05,2023-07-10,32.85444444444445,2,3,1,1.85,Others,0,Low Value
9410,23,9,331.65,2019-01-03,2023-12-06,36.849999999999994,5,3,2,3.3,Potential Loyalists,1,Mid Value
9411,224,9,288.23,2019-01-27,2023-05-19,32.025555555555556,2,3,1,1.85,Others,0,Low Value
9412,31,13,541.26,2019-02-01,2023-11-28,41.635384615384616,4,5,3,3.85,Loyal Customers,2,Premium
9413,575,3,75.71000000000001,2019-10-11,2022-06-02,25.236666666666668,1,1,1,1.0,Lost,0,Low Value
9414,115,13,563.68,2020-01-06,2023-09-05,43.36,2,5,4,3.55,Loyal Customers,3,High Value
9415,37,8,1105.57,2019-10-22,2023-11-22,138.19625,4,2,5,3.9,Others,2,Premium
9416,64,12,574.7,2019-07-21,2023-10-26,47.89166666666667,3,4,4,3.65,Loyal Customers,3,High Value
9417,52,10,419.33,2019-01-17,2023-11-07,41.933,3,3,2,2.5999999999999996,Potential Loyalists,1,Mid Value
9418,77,9,381.61,2019-11-17,2023-10-13,42.40111111111111,3,3,2,2.5999999999999996,Potential Loyalists,1,Mid Value
9419,417,7,237.14999999999998,2019-01-03,2022-11-07,33.878571428571426,1,2,1,1.25,Lost,0,Low Value
9420,87,13,659.0,2019-07-17,2023-10-03,50.69230769230769,2,5,4,3.55,Loyal Customers,3,High Value
9421,203,11,772.19,2019-02-21,2023-06-09,70.19909090909091,2,4,5,3.7,Loyal Customers,3,High Value
9422,116,10,535.22,2019-01-15,2023-09-04,53.522000000000006,2,3,3,2.6500000000000004,Loyal Customers,3,High Value
9423,277,5,266.82,2019-06-11,2023-03-27,53.364,1,1,1,1.0,Lost,0,Low Value
9424,14,8,1453.3,2019-09-18,2023-12-15,181.6625,5,2,5,4.25,Others,2,Premium
9425,475,15,524.25,2019-06-04,2022-09-10,34.95,1,5,3,2.8000000000000003,Others,3,High Value
9426,44,8,344.48,2020-03-18,2023-11-15,43.06,4,2,2,2.7,Potential Loyalists,1,Mid Value
9427,40,8,880.9300000000001,2019-05-21,2023-11-19,110.11625000000001,4,2,5,3.9,Others,2,Premium
9428,86,10,520.5,2019-09-09,2023-10-04,52.05,2,3,3,2.6500000000000004,Loyal Customers,3,High Value
9429,215,6,310.32,2019-06-13,2023-05-28,51.72,2,1,1,1.35,Lost,0,Low Value
9430,41,13,467.1,2019-02-24,2023-11-18,35.93076923076923,4,5,3,3.85,Loyal Customers,2,Premium
9431,144,9,595.51,2019-06-01,2023-08-07,66.16777777777777,2,3,4,3.05,Loyal Customers,3,High Value
9432,39,6,210.44,2019-04-05,2023-11-20,35.07333333333333,4,1,1,2.05,Potential Loyalists,1,Mid Value
9433,301,12,635.58,2019-01-13,2023-03-03,52.965,1,4,4,2.95,Others,3,High Value
9434,5,8,320.21000000000004,2019-11-10,2023-12-24,40.026250000000005,5,2,2,3.05,Potential Loyalists,1,Mid Value
9435,357,12,540.39,2019-02-08,2023-01-06,45.0325,1,4,3,2.5500000000000003,Others,3,High Value
9436,34,11,398.38,2019-06-06,2023-11-25,36.21636363636364,4,4,2,3.2,Others,1,Mid Value
9437,35,12,1048.6100000000001,2019-03-27,2023-11-24,87.38416666666667,4,4,5,4.4,Champions,2,Premium
9438,855,8,432.12,2019-01-06,2021-08-26,54.015,1,2,3,2.0500000000000003,Others,0,Low Value
9439,35,10,847.1,2019-11-01,2023-11-24,84.71000000000001,4,3,5,4.15,Loyal Customers,2,Premium
9440,33,10,418.27,2019-02-15,2023-11-26,41.827,4,3,2,2.95,Potential Loyalists,1,Mid Value
9441,4,6,632.61,2020-10-18,2023-12-25,105.435,5,1,4,3.6,Others,1,Mid Value
9442,85,10,564.04,2020-06-11,2023-10-05,56.403999999999996,3,3,4,3.4,Loyal Customers,3,High Value
9443,111,8,397.1,2019-11-16,2023-09-09,49.6375,2,2,2,2.0,At Risk,0,Low Value
9444,154,9,754.24,2019-11-28,2023-07-28,83.80444444444444,2,3,4,3.05,Loyal Customers,3,High Value
9445,412,8,573.07,2019-02-04,2022-11-12,71.63375,1,2,4,2.45,Others,3,High Value
9446,15,6,656.6800000000001,2020-11-15,2023-12-14,109.44666666666667,5,1,4,3.6,Others,1,Mid Value
9447,190,7,488.68,2019-03-09,2023-06-22,69.81142857142858,2,2,3,2.4000000000000004,At Risk,0,Low Value
9448,54,11,535.67,2019-06-27,2023-11-05,48.697272727272725,3,4,3,3.25,Loyal Customers,3,High Value
9449,45,5,432.74,2019-03-14,2023-11-14,86.548,3,1,3,2.5,Potential Loyalists,1,Mid Value
9450,40,10,295.14,2019-02-13,2023-11-19,29.514,4,3,1,2.55,Potential Loyalists,1,Mid Value
9451,156,5,314.71,2020-01-10,2023-07-26,62.94199999999999,2,1,1,1.35,Lost,0,Low Value
9452,97,6,145.91,2019-07-02,2023-09-23,24.31833333333333,2,1,1,1.35,Lost,0,Low Value
9453,84,10,487.76,2019-09-13,2023-10-06,48.775999999999996,3,3,3,3.0,Loyal Customers,3,High Value
9454,11,7,360.19,2020-08-04,2023-12-18,51.455714285714286,5,2,2,3.05,Potential Loyalists,1,Mid Value
9455,209,10,682.27,2019-07-27,2023-06-03,68.227,2,3,4,3.05,Loyal Customers,3,High Value
9456,34,16,1039.09,2019-05-08,2023-11-25,64.943125,4,5,5,4.65,Champions,2,Premium
9457,50,7,328.04,2019-02-07,2023-11-09,46.862857142857145,3,2,2,2.3499999999999996,Potential Loyalists,1,Mid Value
9458,33,8,336.8,2021-11-18,2023-11-26,42.1,4,2,2,2.7,Potential Loyalists,1,Mid Value
9459,68,13,481.32,2019-09-03,2023-10-22,37.02461538461539,3,5,3,3.5,Loyal Customers,2,Premium
9460,280,7,350.05,2019-02-18,2023-03-24,50.00714285714286,1,2,2,1.65,Lost,0,Low Value
9461,53,7,400.47,2019-11-17,2023-11-06,57.21,3,2,2,2.3499999999999996,Potential Loyalists,1,Mid Value
9462,49,10,453.95,2019-10-21,2023-11-10,45.394999999999996,3,3,3,3.0,Loyal Customers,3,High Value
9463,15,11,637.74,2019-08-12,2023-12-14,57.97636363636364,5,4,4,4.35,Champions,2,Premium
9464,19,8,212.95000000000002,2019-07-02,2023-12-10,26.618750000000002,5,2,1,2.65,Potential Loyalists,1,Mid Value
9465,194,6,198.81,2020-01-16,2023-06-18,33.135,2,1,1,1.35,Lost,0,Low Value
9466,208,8,422.24,2019-09-21,2023-06-04,52.78,2,2,2,2.0,At Risk,0,Low Value
9467,297,14,797.74,2019-04-13,2023-03-07,56.98142857142857,1,5,5,3.6,Others,3,High Value
9468,100,15,509.92,2019-01-25,2023-09-20,33.99466666666667,2,5,3,3.1500000000000004,Loyal Customers,3,High Value
9469,54,6,469.57000000000005,2019-04-03,2023-11-05,78.26166666666667,3,1,3,2.5,Potential Loyalists,1,Mid Value
9470,75,9,274.59,2020-06-22,2023-10-15,30.509999999999998,3,3,1,2.1999999999999997,Potential Loyalists,1,Mid Value
9471,757,7,425.12,2019-08-10,2021-12-02,60.73142857142857,1,2,2,1.65,Lost,0,Low Value
9472,402,8,221.57,2019-02-10,2022-11-22,27.69625,1,2,1,1.25,Lost,0,Low Value
9473,372,13,1424.27,2019-02-04,2022-12-22,109.55923076923077,1,5,5,3.6,Others,3,High Value
9474,56,15,583.31,2019-08-05,2023-11-03,38.88733333333333,3,5,4,3.9,Loyal Customers,2,Premium
9475,149,6,292.15,2019-09-17,2023-08-02,48.69166666666666,2,1,1,1.35,Lost,0,Low Value
9476,35,10,621.72,2019-09-14,2023-11-24,62.172000000000004,4,3,4,3.75,Loyal Customers,2,Premium
9477,262,6,188.62,2020-05-19,2023-04-11,31.436666666666667,1,1,1,1.0,Lost,0,Low Value
9478,126,10,331.47999999999996,2019-01-10,2023-08-25,33.147999999999996,2,3,2,2.25,At Risk,0,Low Value
9479,26,10,390.59,2019-11-03,2023-12-03,39.059,4,3,2,2.95,Potential Loyalists,1,Mid Value
9480,377,9,642.59,2019-06-15,2022-12-17,71.39888888888889,1,3,4,2.7,Others,3,High Value
9481,34,16,599.8299999999999,2019-11-23,2023-11-25,37.489374999999995,4,5,4,4.25,Champions,2,Premium
9482,40,15,705.11,2019-11-12,2023-11-19,47.007333333333335,4,5,4,4.25,Champions,2,Premium
9483,271,10,468.63,2019-02-18,2023-04-02,46.863,1,3,3,2.3000000000000003,Others,3,High Value
9484,34,12,372.82,2019-05-04,2023-11-25,31.06833333333333,4,4,2,3.2,Others,1,Mid Value
9485,16,13,368.88,2019-08-17,2023-12-13,28.375384615384615,5,5,2,3.8,Others,2,Premium
9486,15,13,707.04,2019-07-23,2023-12-14,54.387692307692305,5,5,4,4.6,Champions,2,Premium
9487,38,9,288.8,2019-02-27,2023-11-21,32.08888888888889,4,3,1,2.55,Potential Loyalists,1,Mid Value
9488,22,6,262.14,2020-06-11,2023-12-07,43.69,5,1,1,2.4,Potential Loyalists,1,Mid Value
9489,373,5,268.38,2019-08-16,2022-12-21,53.676,1,1,1,1.0,Lost,0,Low Value
9490,10,15,657.54,2020-09-25,2023-12-19,43.836,5,5,4,4.6,Champions,2,Premium
9491,7,7,171.69,2020-01-11,2023-12-22,24.527142857142856,5,2,1,2.65,Potential Loyalists,1,Mid Value
9492,6,8,295.93,2019-07-14,2023-12-23,36.99125,5,2,1,2.65,Potential Loyalists,1,Mid Value
9493,68,9,1022.31,2019-12-10,2023-10-22,113.58999999999999,3,3,5,3.8,Loyal Customers,3,High Value
9494,54,10,351.12,2020-06-13,2023-11-05,35.112,3,3,2,2.5999999999999996,Potential Loyalists,1,Mid Value
9495,378,3,237.07,2021-09-10,2022-12-16,79.02333333333333,1,1,1,1.0,Lost,0,Low Value
9496,355,7,284.11,2019-02-02,2023-01-08,40.58714285714286,1,2,1,1.25,Lost,0,Low Value
9497,70,8,877.7800000000001,2019-11-20,2023-10-20,109.72250000000001,3,2,5,3.55,At Risk,3,High Value
9498,175,9,627.7,2019-08-25,2023-07-07,69.74444444444445,2,3,4,3.05,Loyal Customers,3,High Value
9499,358,5,242.11,2019-02-23,2023-01-05,48.422000000000004,1,1,1,1.0,Lost,0,Low Value
9500,31,16,589.91,2019-06-05,2023-11-28,36.869375,4,5,4,4.25,Champions,2,Premium
9501,1,12,472.73,2019-01-10,2023-12-28,39.39416666666667,5,4,3,3.95,Loyal Customers,2,Premium
9502,5,10,988.55,2020-01-18,2023-12-24,98.85499999999999,5,3,5,4.5,Loyal Customers,2,Premium
9503,1,10,335.51,2019-10-20,2023-12-28,33.551,5,3,2,3.3,Potential Loyalists,1,Mid Value
9504,70,9,478.45000000000005,2019-01-08,2023-10-20,53.16111111111112,3,3,3,3.0,Loyal Customers,3,High Value
9505,23,12,660.7,2019-05-12,2023-12-06,55.05833333333334,5,4,4,4.35,Champions,2,Premium
9506,404,3,100.53,2020-10-25,2022-11-20,33.51,1,1,1,1.0,Lost,0,Low Value
9507,7,14,880.61,2019-12-18,2023-12-22,62.90071428571429,5,5,5,5.0,Champions,2,Premium
9508,27,11,883.88,2019-09-14,2023-12-02,80.35272727272728,4,4,5,4.4,Champions,2,Premium
9509,278,13,816.39,2019-01-26,2023-03-26,62.79923076923077,1,5,5,3.6,Others,3,High Value
9510,10,13,742.09,2019-07-01,2023-12-19,57.08384615384615,5,5,4,4.6,Champions,2,Premium
9511,85,7,303.57,2019-02-12,2023-10-05,43.36714285714286,3,2,1,1.9499999999999997,Potential Loyalists,0,Low Value
9512,42,11,403.83000000000004,2019-08-08,2023-11-17,36.71181818181819,4,4,2,3.2,Others,1,Mid Value
9513,51,6,364.56,2020-11-03,2023-11-08,60.76,3,1,2,2.0999999999999996,Potential Loyalists,0,Low Value
9514,35,7,325.55,2019-07-13,2023-11-24,46.50714285714286,4,2,2,2.7,Potential Loyalists,1,Mid Value
9515,39,7,424.94,2019-11-14,2023-11-20,60.705714285714286,4,2,2,2.7,Potential Loyalists,1,Mid Value
9516,187,11,459.18,2019-04-16,2023-06-25,41.74363636363636,2,4,3,2.9000000000000004,Loyal Customers,3,High Value
9517,6,11,1214.35,2019-05-08,2023-12-23,110.39545454545454,5,4,5,4.75,Champions,2,Premium
9518,241,7,262.39,2019-08-15,2023-05-02,37.48428571428571,2,2,1,1.6,Lost,0,Low Value
9519,8,4,123.97,2020-08-09,2023-12-21,30.9925,5,1,1,2.4,Potential Loyalists,1,Mid Value
9520,49,16,1617.38,2019-05-16,2023-11-10,101.08625,3,5,5,4.3,Loyal Customers,2,Premium
9521,14,11,463.55,2019-05-18,2023-12-15,42.14090909090909,5,4,3,3.95,Loyal Customers,2,Premium
9522,47,9,327.25,2019-03-07,2023-11-12,36.361111111111114,3,3,2,2.5999999999999996,Potential Loyalists,1,Mid Value
9523,123,13,880.02,2019-04-16,2023-08-28,67.69384615384615,2,5,5,3.95,Loyal Customers,3,High Value
9524,397,7,268.42,2019-10-25,2022-11-27,38.34571428571429,1,2,1,1.25,Lost,0,Low Value
9525,49,9,273.62,2019-12-27,2023-11-10,30.40222222222222,3,3,1,2.1999999999999997,Potential Loyalists,1,Mid Value
9526,148,12,671.1800000000001,2019-02-27,2023-08-03,55.93166666666667,2,4,4,3.3,Loyal Customers,3,High Value
9527,50,5,226.20000000000002,2019-05-06,2023-11-09,45.24,3,1,1,1.6999999999999997,Potential Loyalists,0,Low Value
9528,119,10,303.45,2019-08-21,2023-09-01,30.345,2,3,1,1.85,Others,0,Low Value
9529,67,10,313.93,2019-01-23,2023-10-23,31.393,3,3,1,2.1999999999999997,Potential Loyalists,1,Mid Value
9530,369,12,582.07,2019-03-05,2022-12-25,48.505833333333335,1,4,4,2.95,Others,3,High Value
9531,40,8,276.33,2019-11-23,2023-11-19,34.54125,4,2,1,2.3,Potential Loyalists,1,Mid Value
9532,156,13,963.06,2019-11-12,2023-07-26,74.08153846153846,2,5,5,3.95,Loyal Customers,3,High Value
9533,384,9,353.13,2019-04-02,2022-12-10,39.236666666666665,1,3,2,1.9000000000000001,Others,0,Low Value
9534,9,6,289.06,2019-10-05,2023-12-20,48.17666666666667,5,1,1,2.4,Potential Loyalists,1,Mid Value
9535,109,16,1805.04,2019-01-28,2023-09-11,112.815,2,5,5,3.95,Loyal Customers,3,High Value
9536,108,11,777.43,2019-04-27,2023-09-12,70.67545454545454,2,4,5,3.7,Loyal Customers,3,High Value
9537,493,5,305.92,2019-03-12,2022-08-23,61.184000000000005,1,1,1,1.0,Lost,0,Low Value
9538,12,10,1156.6100000000001,2019-09-06,2023-12-17,115.66100000000002,5,3,5,4.5,Loyal Customers,2,Premium
9539,20,14,376.75,2019-04-24,2023-12-09,26.910714285714285,5,5,2,3.8,Others,2,Premium
9540,99,10,788.47,2019-04-05,2023-09-21,78.84700000000001,2,3,5,3.45,Loyal Customers,3,High Value
9541,46,9,355.91999999999996,2019-12-28,2023-11-13,39.54666666666666,3,3,2,2.5999999999999996,Potential Loyalists,1,Mid Value
9542,419,12,442.18,2019-09-14,2022-11-05,36.848333333333336,1,4,3,2.5500000000000003,Others,3,High Value
9543,51,11,544.77,2019-05-11,2023-11-08,49.52454545454545,3,4,3,3.25,Loyal Customers,3,High Value
9544,409,8,325.59000000000003,2019-06-03,2022-11-15,40.698750000000004,1,2,2,1.65,Lost,0,Low Value
9545,11,8,1270.59,2019-06-23,2023-12-18,158.82375,5,2,5,4.25,Others,2,Premium
9546,287,9,673.86,2019-09-18,2023-03-17,74.87333333333333,1,3,4,2.7,Others,3,High Value
9547,402,5,200.07,2019-10-12,2022-11-22,40.013999999999996,1,1,1,1.0,Lost,0,Low Value
9548,145,19,1491.82,2019-05-17,2023-08-06,78.51684210526315,2,5,5,3.95,Loyal Customers,3,High Value
9549,17,12,454.78000000000003,2020-09-23,2023-12-12,37.89833333333333,5,4,3,3.95,Loyal Customers,2,Premium
9550,264,8,416.64,2019-03-15,2023-04-09,52.08,1,2,2,1.65,Lost,0,Low Value
9551,248,9,517.13,2019-01-03,2023-04-25,57.458888888888886,1,3,3,2.3000000000000003,Others,3,High Value
9552,34,18,695.13,2019-04-17,2023-11-25,38.61833333333333,4,5,4,4.25,Champions,2,Premium
9553,52,12,847.96,2019-11-22,2023-11-07,70.66333333333334,3,4,5,4.05,Loyal Customers,2,Premium
9554,53,9,561.12,2019-01-02,2023-11-06,62.346666666666664,3,3,4,3.4,Loyal Customers,3,High Value
9555,11,9,994.4399999999999,2019-09-22,2023-12-18,110.49333333333333,5,3,5,4.5,Loyal Customers,2,Premium
9556,34,7,349.11,2019-11-26,2023-11-25,49.87285714285714,4,2,2,2.7,Potential Loyalists,1,Mid Value
9557,32,12,485.86,2019-11-02,2023-11-27,40.48833333333334,4,4,3,3.6,Loyal Customers,2,Premium
9558,32,7,243.95,2019-12-04,2023-11-27,34.85,4,2,1,2.3,Potential Loyalists,1,Mid Value
9559,189,9,356.38,2019-02-23,2023-06-23,39.59777777777778,2,3,2,2.25,At Risk,0,Low Value
9560,75,9,390.51,2019-09-20,2023-10-15,43.39,3,3,2,2.5999999999999996,Potential Loyalists,1,Mid Value
9561,190,14,527.01,2019-11-17,2023-06-22,37.64357142857143,2,5,3,3.1500000000000004,Loyal Customers,3,High Value
9562,32,7,352.35,2019-09-15,2023-11-27,50.33571428571429,4,2,2,2.7,Potential Loyalists,1,Mid Value
9563,235,9,450.58,2019-09-19,2023-05-08,50.06444444444444,2,3,3,2.6500000000000004,Loyal Customers,3,High Value
9564,157,10,352.31,2019-02-23,2023-07-25,35.231,2,3,2,2.25,At Risk,0,Low Value
9565,917,5,312.09,2019-06-19,2021-06-25,62.41799999999999,1,1,1,1.0,Lost,0,Low Value
9566,9,12,389.57,2019-02-24,2023-12-20,32.464166666666664,5,4,2,3.55,Others,1,Mid Value
9567,457,9,434.59000000000003,2019-04-23,2022-09-28,48.287777777777784,1,3,3,2.3000000000000003,Others,3,High Value
9568,32,2,174.45,2022-11-11,2023-11-27,87.225,4,1,1,2.05,Potential Loyalists,1,Mid Value
9569,464,8,529.95,2019-09-21,2022-09-21,66.24375,1,2,3,2.0500000000000003,Others,0,Low Value
9570,33,6,221.86,2019-11-20,2023-11-26,36.97666666666667,4,1,1,2.05,Potential Loyalists,1,Mid Value
9571,65,9,487.8,2019-11-06,2023-10-25,54.2,3,3,3,3.0,Loyal Customers,3,High Value
9572,3,9,478.35,2019-10-10,2023-12-26,53.150000000000006,5,3,3,3.7,Loyal Customers,1,Mid Value
9573,377,8,453.26,2019-09-04,2022-12-17,56.6575,1,2,3,2.0500000000000003,Others,0,Low Value
9574,201,9,1073.87,2019-04-10,2023-06-11,119.31888888888888,2,3,5,3.45,Loyal Customers,3,High Value
9575,37,12,615.76,2020-01-03,2023-11-22,51.31333333333333,4,4,4,4.0,Champions,2,Premium
9576,82,6,216.33,2019-08-01,2023-10-08,36.055,3,1,1,1.6999999999999997,Potential Loyalists,0,Low Value
9577,22,9,311.17,2019-04-25,2023-12-07,34.574444444444445,5,3,1,2.9,Potential Loyalists,1,Mid Value
9578,21,13,859.26,2019-09-17,2023-12-08,66.09692307692308,5,5,5,5.0,Champions,2,Premium
9579,743,3,218.4,2020-03-12,2021-12-16,72.8,1,1,1,1.0,Lost,0,Low Value
9580,44,13,380.65999999999997,2019-11-05,2023-11-15,29.28153846153846,4,5,2,3.45,Others,2,Premium
9581,56,8,289.42,2019-10-11,2023-11-03,36.1775,3,2,1,1.9499999999999997,Potential Loyalists,0,Low Value
9582,39,9,536.0,2019-01-09,2023-11-20,59.55555555555556,4,3,3,3.35,Loyal Customers,1,Mid Value
9583,92,7,996.29,2019-07-13,2023-09-28,142.32714285714286,2,2,5,3.2,At Risk,3,High Value
9584,1,8,341.28000000000003,2019-11-12,2023-12-28,42.660000000000004,5,2,2,3.05,Potential Loyalists,1,Mid Value
9585,254,10,371.07,2019-06-21,2023-04-19,37.107,1,3,2,1.9000000000000001,Others,0,Low Value
9586,46,11,351.3,2019-07-23,2023-11-13,31.936363636363637,3,4,2,2.8499999999999996,At Risk,1,Mid Value
9587,129,11,308.0,2019-05-05,2023-08-22,28.0,2,4,1,2.1,Others,0,Low Value
9588,133,7,394.07,2019-11-07,2023-08-18,56.29571428571428,2,2,2,2.0,At Risk,0,Low Value
9589,55,9,358.47999999999996,2019-11-22,2023-11-04,39.831111111111106,3,3,2,2.5999999999999996,Potential Loyalists,1,Mid Value
9590,670,12,591.33,2019-06-07,2022-02-27,49.2775,1,4,4,2.95,Others,3,High Value
9591,15,15,1000.5,2019-02-07,2023-12-14,66.7,5,5,5,5.0,Champions,2,Premium
9592,27,10,437.24,2019-11-11,2023-12-02,43.724000000000004,4,3,3,3.35,Loyal Customers,1,Mid Value
9593,37,15,877.11,2019-03-24,2023-11-22,58.474000000000004,4,5,5,4.65,Champions,2,Premium
9594,39,16,1386.26,2020-02-20,2023-11-20,86.64125,4,5,5,4.65,Champions,2,Premium
9595,204,13,416.61,2019-07-28,2023-06-08,32.04692307692308,2,5,2,2.75,At Risk,3,High Value
9596,39,12,554.84,2019-10-22,2023-11-20,46.23666666666667,4,4,3,3.6,Loyal Customers,2,Premium
9597,399,10,763.75,2019-09-08,2022-11-25,76.375,1,3,4,2.7,Others,3,High Value
9598,32,10,475.98,2019-04-12,2023-11-27,47.598,4,3,3,3.35,Loyal Customers,1,Mid Value
9599,32,11,415.56,2020-01-23,2023-11-27,37.77818181818182,4,4,2,3.2,Others,1,Mid Value
9600,643,12,493.85,2019-03-02,2022-03-26,41.15416666666667,1,4,3,2.5500000000000003,Others,3,High Value
9601,4,6,322.6,2019-10-06,2023-12-25,53.76666666666667,5,1,2,2.8,Potential Loyalists,1,Mid Value
9602,32,11,402.89,2019-11-05,2023-11-27,36.626363636363635,4,4,2,3.2,Others,1,Mid Value
9603,4,7,346.5,2019-04-24,2023-12-25,49.5,5,2,2,3.05,Potential Loyalists,1,Mid Value
9604,5,15,585.01,2019-11-10,2023-12-24,39.00066666666667,5,5,4,4.6,Champions,2,Premium
9605,196,14,1091.32,2019-10-28,2023-06-16,77.95142857142856,2,5,5,3.95,Loyal Customers,3,High Value
9606,40,10,724.96,2019-02-22,2023-11-19,72.49600000000001,4,3,4,3.75,Loyal Customers,2,Premium
9607,38,14,968.65,2019-04-21,2023-11-21,69.18928571428572,4,5,5,4.65,Champions,2,Premium
9608,2,12,679.55,2019-08-20,2023-12-27,56.62916666666666,5,4,4,4.35,Champions,2,Premium
9609,72,7,235.49,2019-11-24,2023-10-18,33.64142857142857,3,2,1,1.9499999999999997,Potential Loyalists,0,Low Value
9610,32,14,1307.3700000000001,2019-04-03,2023-11-27,93.38357142857144,4,5,5,4.65,Champions,2,Premium
9611,88,11,726.51,2019-02-26,2023-10-02,66.04636363636364,2,4,4,3.3,Loyal Customers,3,High Value
9612,50,10,744.41,2019-06-23,2023-11-09,74.441,3,3,4,3.4,Loyal Customers,3,High Value
9613,312,9,485.57,2019-01-13,2023-02-20,53.95222222222222,1,3,3,2.3000000000000003,Others,3,High Value
9614,227,13,717.93,2019-05-02,2023-05-16,55.22538461538461,2,5,4,3.55,Loyal Customers,3,High Value
9615,3,11,282.84000000000003,2019-02-18,2023-12-26,25.712727272727275,5,4,1,3.15,Others,1,Mid Value
9616,292,9,834.14,2019-04-14,2023-03-12,92.68222222222222,1,3,5,3.1,Others,3,High Value
9617,23,10,329.89,2019-10-01,2023-12-06,32.989,5,3,2,3.3,Potential Loyalists,1,Mid Value
9618,85,11,1417.95,2019-04-19,2023-10-05,128.90454545454546,3,4,5,4.05,Loyal Customers,2,Premium
9619,52,14,519.33,2019-04-10,2023-11-07,37.095000000000006,3,5,3,3.5,Loyal Customers,2,Premium
9620,35,13,382.07,2019-10-10,2023-11-24,29.39,4,5,2,3.45,Others,2,Premium
9621,19,11,826.5,2020-06-05,2023-12-10,75.13636363636364,5,4,5,4.75,Champions,2,Premium
9622,67,8,426.78,2019-11-04,2023-10-23,53.3475,3,2,2,2.3499999999999996,Potential Loyalists,1,Mid Value
9623,35,9,475.99,2019-08-13,2023-11-24,52.88777777777778,4,3,3,3.35,Loyal Customers,1,Mid Value
9624,52,11,433.33,2019-11-14,2023-11-07,39.39363636363636,3,4,3,3.25,Loyal Customers,3,High Value
9625,396,6,336.82,2019-01-10,2022-11-28,56.13666666666666,1,1,2,1.4,Lost,0,Low Value
9626,353,12,1051.47,2019-03-13,2023-01-10,87.6225,1,4,5,3.35,Others,3,High Value
9627,38,6,202.68,2020-08-25,2023-11-21,33.78,4,1,1,2.05,Potential Loyalists,1,Mid Value
9628,45,8,612.77,2019-11-05,2023-11-14,76.59625,3,2,4,3.15,At Risk,3,High Value
9629,370,10,529.41,2019-01-08,2022-12-24,52.940999999999995,1,3,3,2.3000000000000003,Others,3,High Value
9630,42,4,90.76,2021-03-12,2023-11-17,22.69,4,1,1,2.05,Potential Loyalists,1,Mid Value
9631,429,9,688.84,2019-10-07,2022-10-26,76.53777777777778,1,3,4,2.7,Others,3,High Value
9632,10,14,721.39,2019-01-20,2023-12-19,51.527857142857144,5,5,4,4.6,Champions,2,Premium
9633,39,13,1148.92,2019-02-17,2023-11-20,88.37846153846155,4,5,5,4.65,Champions,2,Premium
9634,49,6,139.79999999999998,2020-04-07,2023-11-10,23.299999999999997,3,1,1,1.6999999999999997,Potential Loyalists,0,Low Value
9635,26,11,594.4,2019-08-10,2023-12-03,54.03636363636363,4,4,4,4.0,Champions,2,Premium
9636,56,11,526.0699999999999,2020-01-01,2023-11-03,47.82454545454545,3,4,3,3.25,Loyal Customers,3,High Value
9637,441,9,310.12,2019-03-20,2022-10-14,34.45777777777778,1,3,1,1.5,Others,0,Low Value
9638,14,14,484.78000000000003,2019-01-19,2023-12-15,34.62714285714286,5,5,3,4.2,Loyal Customers,2,Premium
9639,142,10,354.28999999999996,2019-09-23,2023-08-09,35.428999999999995,2,3,2,2.25,At Risk,0,Low Value
9640,81,6,296.65,2019-11-03,2023-10-09,49.44166666666666,3,1,1,1.6999999999999997,Potential Loyalists,0,Low Value
9641,133,11,685.6,2019-08-08,2023-08-18,62.32727272727273,2,4,4,3.3,Loyal Customers,3,High Value
9642,242,12,782.4399999999999,2019-10-25,2023-05-01,65.20333333333333,2,4,5,3.7,Loyal Customers,3,High Value
9643,31,19,1205.6399999999999,2019-01-20,2023-11-28,63.454736842105255,4,5,5,4.65,Champions,2,Premium
9644,25,12,691.83,2019-08-24,2023-12-04,57.6525,4,4,4,4.0,Champions,2,Premium
9645,6,4,227.56,2019-05-27,2023-12-23,56.89,5,1,1,2.4,Potential Loyalists,1,Mid Value
9646,549,8,308.47,2019-01-11,2022-06-28,38.55875,1,2,1,1.25,Lost,0,Low Value
9647,3,10,751.47,2019-02-22,2023-12-26,75.147,5,3,4,4.1,Loyal Customers,2,Premium
9648,102,16,1039.8,2019-04-25,2023-09-18,64.9875,2,5,5,3.95,Loyal Customers,3,High Value
9649,433,5,252.31,2020-05-07,2022-10-22,50.462,1,1,1,1.0,Lost,0,Low Value
9650,8,13,575.58,2019-01-15,2023-12-21,44.27538461538462,5,5,4,4.6,Champions,2,Premium
9651,412,7,343.86,2019-07-27,2022-11-12,49.12285714285714,1,2,2,1.65,Lost,0,Low Value
9652,81,8,341.12,2020-10-21,2023-10-09,42.64,3,2,2,2.3499999999999996,Potential Loyalists,1,Mid Value
9653,405,8,281.56,2020-04-25,2022-11-19,35.195,1,2,1,1.25,Lost,0,Low Value
9654,48,14,535.78,2019-05-10,2023-11-11,38.269999999999996,3,5,3,3.5,Loyal Customers,2,Premium
9655,27,14,1326.16,2019-08-13,2023-12-02,94.72571428571429,4,5,5,4.65,Champions,2,Premium
9656,49,12,727.06,2019-12-16,2023-11-10,60.58833333333333,3,4,4,3.65,Loyal Customers,3,High Value
9657,84,6,299.56,2019-11-06,2023-10-06,49.92666666666667,3,1,1,1.6999999999999997,Potential Loyalists,0,Low Value
9658,80,11,386.54,2019-06-13,2023-10-10,35.14,3,4,2,2.8499999999999996,At Risk,1,Mid Value
9659,192,6,283.86,2019-07-14,2023-06-20,47.31,2,1,1,1.35,Lost,0,Low Value
9660,383,9,256.73,2019-10-06,2022-12-11,28.525555555555556,1,3,1,1.5,Others,0,Low Value
9661,117,11,573.13,2019-11-24,2023-09-03,52.10272727272727,2,4,4,3.3,Loyal Customers,3,High Value
9662,13,11,297.0,2020-06-16,2023-12-16,27.0,5,4,1,3.15,Others,1,Mid Value
9663,34,10,458.96,2019-04-10,2023-11-25,45.896,4,3,3,3.35,Loyal Customers,1,Mid Value
9664,1,6,598.72,2020-11-03,2023-12-28,99.78666666666668,5,1,4,3.6,Others,1,Mid Value
9665,28,12,474.43,2019-04-12,2023-12-01,39.535833333333336,4,4,3,3.6,Loyal Customers,2,Premium
9666,141,12,398.69,2019-02-03,2023-08-10,33.22416666666667,2,4,2,2.5,At Risk,3,High Value
9667,17,10,533.7,2019-08-19,2023-12-12,53.370000000000005,5,3,3,3.7,Loyal Customers,1,Mid Value
9668,4,17,850.72,2019-03-16,2023-12-25,50.042352941176475,5,5,5,5.0,Champions,2,Premium
9669,34,8,339.84,2020-01-26,2023-11-25,42.48,4,2,2,2.7,Potential Loyalists,1,Mid Value
9670,235,10,583.4399999999999,2019-03-06,2023-05-08,58.343999999999994,2,3,4,3.05,Loyal Customers,3,High Value
9671,96,12,396.34000000000003,2019-02-10,2023-09-24,33.028333333333336,2,4,2,2.5,At Risk,3,High Value
9672,58,6,189.02,2019-07-09,2023-11-01,31.503333333333334,3,1,1,1.6999999999999997,Potential Loyalists,0,Low Value
9673,53,12,558.55,2019-02-13,2023-11-06,46.54583333333333,3,4,4,3.65,Loyal Customers,3,High Value
9674,72,10,369.69,2019-11-25,2023-10-18,36.969,3,3,2,2.5999999999999996,Potential Loyalists,1,Mid Value
9675,111,14,853.55,2019-04-13,2023-09-09,60.96785714285714,2,5,5,3.95,Loyal Customers,3,High Value
9676,406,7,415.56,2019-10-02,2022-11-18,59.36571428571428,1,2,2,1.65,Lost,0,Low Value
9677,162,11,571.53,2019-12-08,2023-07-20,51.95727272727272,2,4,4,3.3,Loyal Customers,3,High Value
9678,309,8,674.23,2019-01-23,2023-02-23,84.27875,1,2,4,2.45,Others,3,High Value
9679,5,10,432.41999999999996,2019-03-04,2023-12-24,43.242,5,3,3,3.7,Loyal Customers,1,Mid Value
9680,43,9,310.08000000000004,2019-04-13,2023-11-16,34.45333333333334,4,3,1,2.55,Potential Loyalists,1,Mid Value
9681,40,14,578.95,2019-11-06,2023-11-19,41.353571428571435,4,5,4,4.25,Champions,2,Premium
9682,412,6,220.43,2019-11-27,2022-11-12,36.73833333333334,1,1,1,1.0,Lost,0,Low Value
9683,515,11,870.95,2019-03-06,2022-08-01,79.17727272727274,1,4,5,3.35,Others,3,High Value
9684,423,6,517.85,2019-11-04,2022-11-01,86.30833333333334,1,1,3,1.8000000000000003,Others,0,Low Value
9685,117,4,250.17,2021-12-04,2023-09-03,62.5425,2,1,1,1.35,Lost,0,Low Value
9686,72,18,1046.44,2019-01-02,2023-10-18,58.135555555555555,3,5,5,4.3,Loyal Customers,2,Premium
9687,21,8,243.78,2019-09-08,2023-12-08,30.4725,5,2,1,2.65,Potential Loyalists,1,Mid Value
9688,619,6,227.62,2019-11-09,2022-04-19,37.93666666666667,1,1,1,1.0,Lost,0,Low Value
9689,341,11,532.04,2019-10-10,2023-01-22,48.36727272727273,1,4,3,2.5500000000000003,Others,3,High Value
9690,44,6,207.44,2019-07-20,2023-11-15,34.57333333333333,4,1,1,2.05,Potential Loyalists,1,Mid Value
9691,410,8,497.46999999999997,2019-10-20,2022-11-14,62.183749999999996,1,2,3,2.0500000000000003,Others,0,Low Value
9692,45,8,316.17,2020-08-25,2023-11-14,39.52125,3,2,1,1.9499999999999997,Potential Loyalists,0,Low Value
9693,551,8,411.44,2019-10-16,2022-06-26,51.43,1,2,2,1.65,Lost,0,Low Value
9694,33,22,1778.0,2019-11-19,2023-11-26,80.81818181818181,4,5,5,4.65,Champions,2,Premium
9695,45,10,783.08,2019-08-24,2023-11-14,78.308,3,3,5,3.8,Loyal Customers,3,High Value
9696,752,4,318.38,2020-03-13,2021-12-07,79.595,1,1,2,1.4,Lost,0,Low Value
9697,46,7,620.38,2019-12-25,2023-11-13,88.62571428571428,3,2,4,3.15,At Risk,3,High Value
9698,368,13,782.97,2019-12-24,2022-12-26,60.22846153846154,1,5,5,3.6,Others,3,High Value
9699,225,14,856.64,2019-03-05,2023-05-18,61.18857142857143,2,5,5,3.95,Loyal Customers,3,High Value
9700,23,8,235.93,2019-04-09,2023-12-06,29.49125,5,2,1,2.65,Potential Loyalists,1,Mid Value
9701,63,13,511.53,2019-11-05,2023-10-27,39.348461538461535,3,5,3,3.5,Loyal Customers,2,Premium
9702,422,7,1242.78,2019-10-25,2022-11-02,177.54,1,2,5,2.85,Others,3,High Value
9703,141,15,610.64,2019-01-09,2023-08-10,40.70933333333333,2,5,4,3.55,Loyal Customers,3,High Value
9704,203,8,303.65999999999997,2019-02-19,2023-06-09,37.957499999999996,2,2,1,1.6,Lost,0,Low Value
9705,142,3,189.76999999999998,2019-12-13,2023-08-09,63.25666666666666,2,1,1,1.35,Lost,0,Low Value
9706,9,4,197.68,2021-05-28,2023-12-20,49.42,5,1,1,2.4,Potential Loyalists,1,Mid Value
9707,70,7,215.18,2019-08-10,2023-10-20,30.740000000000002,3,2,1,1.9499999999999997,Potential Loyalists,0,Low Value
9708,342,11,961.71,2019-02-22,2023-01-21,87.42818181818183,1,4,5,3.35,Others,3,High Value
9709,297,3,55.1,2019-10-12,2023-03-07,18.366666666666667,1,1,1,1.0,Lost,0,Low Value
9710,443,13,509.87,2019-04-11,2022-10-12,39.22076923076923,1,5,3,2.8000000000000003,Others,3,High Value
9711,24,7,176.15,2019-04-23,2023-12-05,25.164285714285715,5,2,1,2.65,Potential Loyalists,1,Mid Value
9712,16,19,1931.16,2019-05-17,2023-12-13,101.64,5,5,5,5.0,Champions,2,Premium
9713,39,12,704.26,2020-01-12,2023-11-20,58.68833333333333,4,4,4,4.0,Champions,2,Premium
9714,49,13,638.71,2019-07-17,2023-11-10,49.13153846153846,3,5,4,3.9,Loyal Customers,2,Premium
9715,111,12,695.5600000000001,2019-01-18,2023-09-09,57.96333333333334,2,4,4,3.3,Loyal Customers,3,High Value
9716,371,8,271.46000000000004,2019-11-08,2022-12-23,33.932500000000005,1,2,1,1.25,Lost,0,Low Value
9717,16,12,970.19,2020-11-03,2023-12-13,80.84916666666668,5,4,5,4.75,Champions,2,Premium
9718,168,6,516.53,2019-10-14,2023-07-14,86.08833333333332,2,1,3,2.1500000000000004,Others,0,Low Value
9719,69,9,331.71000000000004,2019-01-05,2023-10-21,36.85666666666667,3,3,2,2.5999999999999996,Potential Loyalists,1,Mid Value
9720,16,9,371.45,2019-03-26,2023-12-13,41.27222222222222,5,3,2,3.3,Potential Loyalists,1,Mid Value
9721,46,10,700.5699999999999,2019-11-23,2023-11-13,70.05699999999999,3,3,4,3.4,Loyal Customers,3,High Value
9722,477,10,416.77,2019-02-26,2022-09-08,41.677,1,3,2,1.9000000000000001,Others,0,Low Value
9723,35,13,1798.75,2019-11-18,2023-11-24,138.3653846153846,4,5,5,4.65,Champions,2,Premium
9724,4,13,992.97,2019-12-23,2023-12-25,76.38230769230769,5,5,5,5.0,Champions,2,Premium
9725,32,9,397.3,2019-11-11,2023-11-27,44.144444444444446,4,3,2,2.95,Potential Loyalists,1,Mid Value
9726,26,10,473.03000000000003,2019-05-25,2023-12-03,47.303000000000004,4,3,3,3.35,Loyal Customers,1,Mid Value
9727,397,7,385.97,2019-11-22,2022-11-27,55.13857142857143,1,2,2,1.65,Lost,0,Low Value
9728,413,11,473.15,2019-02-09,2022-11-11,43.01363636363636,1,4,3,2.5500000000000003,Others,3,High Value
9729,762,7,624.28,2019-06-07,2021-11-27,89.18285714285715,1,2,4,2.45,Others,3,High Value
9730,5,9,399.09000000000003,2019-11-14,2023-12-24,44.343333333333334,5,3,2,3.3,Potential Loyalists,1,Mid Value
9731,238,8,914.3,2019-07-12,2023-05-05,114.2875,2,2,5,3.2,At Risk,3,High Value
9732,80,5,181.31,2019-11-15,2023-10-10,36.262,3,1,1,1.6999999999999997,Potential Loyalists,0,Low Value
9733,62,10,571.28,2019-03-18,2023-10-28,57.128,3,3,4,3.4,Loyal Customers,3,High Value
9734,368,7,199.73000000000002,2019-02-27,2022-12-26,28.532857142857146,1,2,1,1.25,Lost,0,Low Value
9735,179,5,393.15000000000003,2020-02-22,2023-07-03,78.63000000000001,2,1,2,1.75,Lost,0,Low Value
9736,130,11,679.69,2019-04-06,2023-08-21,61.790000000000006,2,4,4,3.3,Loyal Customers,3,High Value
9737,205,10,366.47,2019-08-11,2023-06-07,36.647000000000006,2,3,2,2.25,At Risk,0,Low Value
9738,344,8,235.05,2019-11-05,2023-01-19,29.38125,1,2,1,1.25,Lost,0,Low Value
9739,12,13,501.17,2019-04-14,2023-12-17,38.55153846153846,5,5,3,4.2,Loyal Customers,2,Premium
9740,52,10,395.67,2019-08-14,2023-11-07,39.567,3,3,2,2.5999999999999996,Potential Loyalists,1,Mid Value
9741,44,8,553.29,2019-11-19,2023-11-15,69.16125,4,2,3,3.1,Potential Loyalists,1,Mid Value
9742,45,17,904.48,2019-05-19,2023-11-14,53.20470588235294,3,5,5,4.3,Loyal Customers,2,Premium
9743,559,5,162.64,2020-03-04,2022-06-18,32.528,1,1,1,1.0,Lost,0,Low Value
9744,42,16,627.41,2019-04-27,2023-11-17,39.213125,4,5,4,4.25,Champions,2,Premium
9745,583,8,348.09,2019-11-04,2022-05-25,43.51125,1,2,2,1.65,Lost,0,Low Value
9746,17,18,1788.72,2019-09-21,2023-12-12,99.37333333333333,5,5,5,5.0,Champions,2,Premium
9747,405,6,532.0,2019-03-09,2022-11-19,88.66666666666667,1,1,3,1.8000000000000003,Others,0,Low Value
9748,411,10,454.54,2019-01-21,2022-11-13,45.454,1,3,3,2.3000000000000003,Others,3,High Value
9749,31,11,636.64,2019-05-23,2023-11-28,57.876363636363635,4,4,4,4.0,Champions,2,Premium
9750,161,8,433.97,2019-04-17,2023-07-21,54.24625,2,2,3,2.4000000000000004,At Risk,0,Low Value
9751,25,9,379.60999999999996,2019-11-16,2023-12-04,42.178888888888885,4,3,2,2.95,Potential Loyalists,1,Mid Value
9752,51,9,329.59,2019-12-27,2023-11-08,36.621111111111105,3,3,2,2.5999999999999996,Potential Loyalists,1,Mid Value
9753,48,10,500.12,2019-12-17,2023-11-11,50.012,3,3,3,3.0,Loyal Customers,3,High Value
9754,398,11,484.62,2019-02-14,2022-11-26,44.056363636363635,1,4,3,2.5500000000000003,Others,3,High Value
9755,53,16,1045.04,2019-03-05,2023-11-06,65.315,3,5,5,4.3,Loyal Customers,2,Premium
9756,309,12,730.33,2019-06-15,2023-02-23,60.86083333333334,1,4,4,2.95,Others,3,High Value
9757,21,10,560.81,2020-08-10,2023-12-08,56.080999999999996,5,3,4,4.1,Loyal Customers,2,Premium
9758,64,10,308.48,2019-01-19,2023-10-26,30.848000000000003,3,3,1,2.1999999999999997,Potential Loyalists,1,Mid Value
9759,311,14,727.61,2019-06-10,2023-02-21,51.972142857142856,1,5,4,3.2,Others,3,High Value
9760,9,6,167.81,2019-11-23,2023-12-20,27.968333333333334,5,1,1,2.4,Potential Loyalists,1,Mid Value
9761,229,10,408.53,2019-12-18,2023-05-14,40.852999999999994,2,3,2,2.25,At Risk,0,Low Value
9762,44,8,583.15,2020-05-04,2023-11-15,72.89375,4,2,4,3.5,Others,1,Mid Value
9763,203,8,262.29,2019-08-20,2023-06-09,32.78625,2,2,1,1.6,Lost,0,Low Value
9764,133,14,554.82,2019-01-21,2023-08-18,39.63,2,5,3,3.1500000000000004,Loyal Customers,3,High Value
9765,27,15,833.77,2019-01-03,2023-12-02,55.584666666666664,4,5,5,4.65,Champions,2,Premium
9766,42,15,1193.49,2019-10-16,2023-11-17,79.566,4,5,5,4.65,Champions,2,Premium
9767,31,8,369.5,2019-08-23,2023-11-28,46.1875,4,2,2,2.7,Potential Loyalists,1,Mid Value
9768,19,11,480.3,2020-12-01,2023-12-10,43.663636363636364,5,4,3,3.95,Loyal Customers,2,Premium
9769,126,7,526.83,2020-11-19,2023-08-25,75.26142857142858,2,2,3,2.4000000000000004,At Risk,0,Low Value
9770,783,7,255.77,2019-11-17,2021-11-06,36.53857142857143,1,2,1,1.25,Lost,0,Low Value
9771,553,12,396.56,2019-02-19,2022-06-24,33.04666666666667,1,4,2,2.1500000000000004,Others,3,High Value
9772,2,15,975.01,2019-06-25,2023-12-27,65.00066666666666,5,5,5,5.0,Champions,2,Premium
9773,335,6,224.9,2020-12-14,2023-01-28,37.483333333333334,1,1,1,1.0,Lost,0,Low Value
9774,402,12,504.3,2019-06-20,2022-11-22,42.025,1,4,3,2.5500000000000003,Others,3,High Value
9775,355,7,499.71999999999997,2019-01-09,2023-01-08,71.38857142857142,1,2,3,2.0500000000000003,Others,0,Low Value
9776,23,13,653.47,2019-06-22,2023-12-06,50.26692307692308,5,5,4,4.6,Champions,2,Premium
9777,17,10,373.4,2019-07-08,2023-12-12,37.339999999999996,5,3,2,3.3,Potential Loyalists,1,Mid Value
9778,190,10,367.24,2019-04-22,2023-06-22,36.724000000000004,2,3,2,2.25,At Risk,0,Low Value
9779,10,10,534.15,2019-11-02,2023-12-19,53.415,5,3,3,3.7,Loyal Customers,1,Mid Value
9780,22,17,636.1800000000001,2019-04-23,2023-12-07,37.42235294117648,5,5,4,4.6,Champions,2,Premium
9781,12,11,790.12,2019-04-23,2023-12-17,71.82909090909091,5,4,5,4.75,Champions,2,Premium
9782,38,12,661.36,2019-02-11,2023-11-21,55.11333333333334,4,4,4,4.0,Champions,2,Premium
9783,34,9,386.19,2019-06-06,2023-11-25,42.91,4,3,2,2.95,Potential Loyalists,1,Mid Value
9784,58,9,921.5600000000001,2019-01-01,2023-11-01,102.39555555555556,3,3,5,3.8,Loyal Customers,3,High Value
9785,224,10,601.49,2019-10-18,2023-05-19,60.149,2,3,4,3.05,Loyal Customers,3,High Value
9786,18,7,224.26,2019-01-19,2023-12-11,32.037142857142854,5,2,1,2.65,Potential Loyalists,1,Mid Value
9787,51,12,349.39,2019-11-04,2023-11-08,29.11583333333333,3,4,2,2.8499999999999996,At Risk,1,Mid Value
9788,20,9,421.03000000000003,2019-06-15,2023-12-09,46.781111111111116,5,3,2,3.3,Potential Loyalists,1,Mid Value
9789,168,13,443.62,2019-03-01,2023-07-14,34.12461538461538,2,5,3,3.1500000000000004,Loyal Customers,3,High Value
9790,402,7,215.47,2020-11-07,2022-11-22,30.78142857142857,1,2,1,1.25,Lost,0,Low Value
9791,27,11,616.0799999999999,2019-03-28,2023-12-02,56.00727272727272,4,4,4,4.0,Champions,2,Premium
9792,97,10,451.53,2019-02-03,2023-09-23,45.153,2,3,3,2.6500000000000004,Loyal Customers,3,High Value
9793,46,9,322.18,2020-08-23,2023-11-13,35.79777777777778,3,3,2,2.5999999999999996,Potential Loyalists,1,Mid Value
9794,148,8,250.51,2019-12-09,2023-08-03,31.31375,2,2,1,1.6,Lost,0,Low Value
9795,34,7,229.92000000000002,2019-09-27,2023-11-25,32.84571428571429,4,2,1,2.3,Potential Loyalists,1,Mid Value
9796,46,9,349.97,2019-11-19,2023-11-13,38.885555555555555,3,3,2,2.5999999999999996,Potential Loyalists,1,Mid Value
9797,65,18,701.72,2019-06-25,2023-10-25,38.98444444444445,3,5,4,3.9,Loyal Customers,2,Premium
9798,96,10,814.03,2020-03-08,2023-09-24,81.40299999999999,2,3,5,3.45,Loyal Customers,3,High Value
9799,41,10,351.26,2019-11-07,2023-11-18,35.126,4,3,2,2.95,Potential Loyalists,1,Mid Value
9800,189,14,1916.1299999999999,2019-02-03,2023-06-23,136.86642857142857,2,5,5,3.95,Loyal Customers,3,High Value
9801,234,8,346.7,2019-11-27,2023-05-09,43.3375,2,2,2,2.0,At Risk,0,Low Value
9802,58,5,412.86,2020-04-28,2023-11-01,82.572,3,1,2,2.0999999999999996,Potential Loyalists,0,Low Value
9803,39,13,552.68,2019-10-12,2023-11-20,42.51384615384615,4,5,3,3.85,Loyal Customers,2,Premium
9804,427,4,319.36,2019-08-17,2022-10-28,79.84,1,1,2,1.4,Lost,0,Low Value
9805,197,7,340.3,2019-01-04,2023-06-15,48.614285714285714,2,2,2,2.0,At Risk,0,Low Value
9806,232,5,733.51,2019-12-13,2023-05-11,146.702,2,1,4,2.55,Others,0,Low Value
9807,14,14,564.1,2019-12-06,2023-12-15,40.292857142857144,5,5,4,4.6,Champions,2,Premium
9808,43,12,442.63,2019-09-01,2023-11-16,36.88583333333333,4,4,3,3.6,Loyal Customers,2,Premium
9809,92,8,427.18,2020-06-03,2023-09-28,53.3975,2,2,3,2.4000000000000004,At Risk,0,Low Value
9810,146,5,289.73,2020-02-21,2023-08-05,57.946000000000005,2,1,1,1.35,Lost,0,Low Value
9811,10,9,1022.14,2019-08-07,2023-12-19,113.57111111111111,5,3,5,4.5,Loyal Customers,2,Premium
9812,379,10,314.3,2020-11-09,2022-12-15,31.43,1,3,1,1.5,Others,0,Low Value
9813,34,12,532.01,2019-05-20,2023-11-25,44.33416666666667,4,4,3,3.6,Loyal Customers,2,Premium
9814,118,10,713.17,2019-01-10,2023-09-02,71.317,2,3,4,3.05,Loyal Customers,3,High Value
9815,100,12,648.49,2019-04-13,2023-09-20,54.04083333333333,2,4,4,3.3,Loyal Customers,3,High Value
9816,237,6,337.14,2019-01-25,2023-05-06,56.19,2,1,2,1.75,Lost,0,Low Value
9817,78,8,278.37,2019-05-04,2023-10-12,34.79625,3,2,1,1.9499999999999997,Potential Loyalists,0,Low Value
9818,51,11,407.93,2019-05-22,2023-11-08,37.084545454545456,3,4,2,2.8499999999999996,At Risk,1,Mid Value
9819,66,14,797.94,2019-10-21,2023-10-24,56.99571428571429,3,5,5,4.3,Loyal Customers,2,Premium
9820,24,12,688.84,2019-05-21,2023-12-05,57.403333333333336,5,4,4,4.35,Champions,2,Premium
9821,35,10,941.35,2019-07-15,2023-11-24,94.135,4,3,5,4.15,Loyal Customers,2,Premium
9822,399,7,720.47,2020-02-23,2022-11-25,102.92428571428572,1,2,4,2.45,Others,3,High Value
9823,47,11,851.56,2019-03-11,2023-11-12,77.41454545454545,3,4,5,4.05,Loyal Customers,2,Premium
9824,49,12,404.32,2020-03-02,2023-11-10,33.693333333333335,3,4,2,2.8499999999999996,At Risk,1,Mid Value
9825,4,8,235.64000000000001,2019-08-18,2023-12-25,29.455000000000002,5,2,1,2.65,Potential Loyalists,1,Mid Value
9826,23,4,145.73,2019-02-07,2023-12-06,36.4325,5,1,1,2.4,Potential Loyalists,1,Mid Value
9827,105,11,1427.49,2019-05-24,2023-09-15,129.7718181818182,2,4,5,3.7,Loyal Customers,3,High Value
9828,164,10,314.57,2019-01-06,2023-07-18,31.457,2,3,1,1.85,Others,0,Low Value
9829,5,17,555.51,2019-05-20,2023-12-24,32.677058823529414,5,5,4,4.6,Champions,2,Premium
9830,202,7,266.08,2019-09-27,2023-06-10,38.01142857142857,2,2,1,1.6,Lost,0,Low Value
9831,45,10,403.62,2019-11-27,2023-11-14,40.362,3,3,2,2.5999999999999996,Potential Loyalists,1,Mid Value
9832,202,10,375.01,2019-04-20,2023-06-10,37.501,2,3,2,2.25,At Risk,0,Low Value
9833,251,7,238.76,2019-08-20,2023-04-22,34.10857142857143,1,2,1,1.25,Lost,0,Low Value
9834,127,8,262.99,2019-04-13,2023-08-24,32.87375,2,2,1,1.6,Lost,0,Low Value
9835,71,9,2062.97,2019-03-13,2023-10-19,229.21888888888887,3,3,5,3.8,Loyal Customers,3,High Value
9836,85,9,606.62,2019-03-05,2023-10-05,67.40222222222222,3,3,4,3.4,Loyal Customers,3,High Value
9837,49,14,810.7,2019-01-21,2023-11-10,57.90714285714286,3,5,5,4.3,Loyal Customers,2,Premium
9838,368,5,218.78,2019-05-15,2022-12-26,43.756,1,1,1,1.0,Lost,0,Low Value
9839,35,4,302.57,2019-11-10,2023-11-24,75.6425,4,1,1,2.05,Potential Loyalists,1,Mid Value
9840,39,13,908.5,2019-02-10,2023-11-20,69.88461538461539,4,5,5,4.65,Champions,2,Premium
9841,41,13,1257.09,2019-04-19,2023-11-18,96.69923076923077,4,5,5,4.65,Champions,2,Premium
9842,179,15,741.57,2019-01-19,2023-07-03,49.438,2,5,4,3.55,Loyal Customers,3,High Value
9843,4,14,969.96,2019-03-08,2023-12-25,69.28285714285714,5,5,5,5.0,Champions,2,Premium
9844,301,8,301.05,2020-02-05,2023-03-03,37.63125,1,2,1,1.25,Lost,0,Low Value
9845,159,10,1214.76,2019-10-16,2023-07-23,121.476,2,3,5,3.45,Loyal Customers,3,High Value
9846,44,8,304.23,2020-11-01,2023-11-15,38.02875,4,2,1,2.3,Potential Loyalists,1,Mid Value
9847,34,9,517.15,2019-02-03,2023-11-25,57.46111111111111,4,3,3,3.35,Loyal Customers,1,Mid Value
9848,17,11,677.34,2019-06-06,2023-12-12,61.57636363636364,5,4,4,4.35,Champions,2,Premium
9849,479,8,297.37,2019-06-03,2022-09-06,37.17125,1,2,1,1.25,Lost,0,Low Value
9850,187,8,466.92,2020-01-14,2023-06-25,58.365,2,2,3,2.4000000000000004,At Risk,0,Low Value
9851,113,14,508.98,2019-03-02,2023-09-07,36.355714285714285,2,5,3,3.1500000000000004,Loyal Customers,3,High Value
9852,172,9,605.31,2019-04-17,2023-07-10,67.25666666666666,2,3,4,3.05,Loyal Customers,3,High Value
9853,48,14,572.4399999999999,2019-12-07,2023-11-11,40.888571428571424,3,5,4,3.9,Loyal Customers,2,Premium
9854,57,11,410.71000000000004,2019-06-11,2023-11-02,37.33727272727273,3,4,2,2.8499999999999996,At Risk,1,Mid Value
9855,367,14,642.1999999999999,2019-08-17,2022-12-27,45.87142857142857,1,5,4,3.2,Others,3,High Value
9856,104,6,191.67000000000002,2019-11-10,2023-09-16,31.945000000000004,2,1,1,1.35,Lost,0,Low Value
9857,43,9,852.89,2019-02-08,2023-11-16,94.76555555555555,4,3,5,4.15,Loyal Customers,2,Premium
9858,35,14,1203.0,2019-07-06,2023-11-24,85.92857142857143,4,5,5,4.65,Champions,2,Premium
9859,102,10,367.06,2020-09-03,2023-09-18,36.706,2,3,2,2.25,At Risk,0,Low Value
9860,236,10,627.79,2019-09-24,2023-05-07,62.778999999999996,2,3,4,3.05,Loyal Customers,3,High Value
9861,124,9,342.24,2019-01-22,2023-08-27,38.02666666666667,2,3,2,2.25,At Risk,0,Low Value
9862,145,12,817.03,2019-01-08,2023-08-06,68.08583333333333,2,4,5,3.7,Loyal Customers,3,High Value
9863,148,10,422.34000000000003,2019-01-27,2023-08-03,42.234,2,3,2,2.25,At Risk,0,Low Value
9864,370,6,171.59,2019-12-14,2022-12-24,28.598333333333333,1,1,1,1.0,Lost,0,Low Value
9865,77,11,474.14,2019-09-13,2023-10-13,43.10363636363636,3,4,3,3.25,Loyal Customers,3,High Value
9866,238,10,382.39,2019-05-20,2023-05-05,38.239,2,3,2,2.25,At Risk,0,Low Value
9867,32,14,395.65,2019-09-06,2023-11-27,28.260714285714283,4,5,2,3.45,Others,2,Premium
9868,82,9,703.53,2019-09-01,2023-10-08,78.17,3,3,4,3.4,Loyal Customers,3,High Value
9869,378,12,1271.75,2019-08-09,2022-12-16,105.97916666666667,1,4,5,3.35,Others,3,High Value
9870,105,7,597.71,2019-02-03,2023-09-15,85.38714285714286,2,2,4,2.8,At Risk,3,High Value
9871,176,12,1398.22,2019-01-04,2023-07-06,116.51833333333333,2,4,5,3.7,Loyal Customers,3,High Value
9872,20,11,354.77,2019-07-13,2023-12-09,32.25181818181818,5,4,2,3.55,Others,1,Mid Value
9873,85,9,837.0,2019-11-19,2023-10-05,93.0,3,3,5,3.8,Loyal Customers,3,High Value
9874,14,9,367.84,2019-01-18,2023-12-15,40.871111111111105,5,3,2,3.3,Potential Loyalists,1,Mid Value
9875,21,6,578.59,2020-01-07,2023-12-08,96.43166666666667,5,1,4,3.6,Others,1,Mid Value
9876,170,12,920.56,2019-09-28,2023-07-12,76.71333333333332,2,4,5,3.7,Loyal Customers,3,High Value
9877,598,10,766.65,2019-04-14,2022-05-10,76.66499999999999,1,3,5,3.1,Others,3,High Value
9878,1,13,510.94,2019-03-01,2023-12-28,39.30307692307692,5,5,3,4.2,Loyal Customers,2,Premium
9879,8,10,397.41,2020-10-11,2023-12-21,39.741,5,3,2,3.3,Potential Loyalists,1,Mid Value
9880,323,10,294.05,2019-03-02,2023-02-09,29.405,1,3,1,1.5,Others,0,Low Value
9881,112,8,686.45,2021-07-08,2023-09-08,85.80625,2,2,4,2.8,At Risk,3,High Value
9882,94,10,1022.4799999999999,2019-11-02,2023-09-26,102.24799999999999,2,3,5,3.45,Loyal Customers,3,High Value
9883,23,11,435.07,2019-12-15,2023-12-06,39.551818181818184,5,4,3,3.95,Loyal Customers,2,Premium
9884,22,12,547.97,2019-04-03,2023-12-07,45.66416666666667,5,4,3,3.95,Loyal Customers,2,Premium
9885,3,12,567.5799999999999,2019-12-13,2023-12-26,47.298333333333325,5,4,4,4.35,Champions,2,Premium
9886,40,10,1287.84,2019-02-17,2023-11-19,128.784,4,3,5,4.15,Loyal Customers,2,Premium
9887,346,6,441.68,2019-11-04,2023-01-17,73.61333333333333,1,1,3,1.8000000000000003,Others,0,Low Value
9888,98,10,1208.4699999999998,2019-05-22,2023-09-22,120.84699999999998,2,3,5,3.45,Loyal Customers,3,High Value
9889,239,9,326.95,2019-07-19,2023-05-04,36.327777777777776,2,3,2,2.25,At Risk,0,Low Value
9890,48,12,655.1700000000001,2019-07-22,2023-11-11,54.597500000000004,3,4,4,3.65,Loyal Customers,3,High Value
9891,723,6,195.88,2019-12-09,2022-01-05,32.64666666666667,1,1,1,1.0,Lost,0,Low Value
9892,46,6,659.05,2020-11-10,2023-11-13,109.84166666666665,3,1,4,2.9,Others,1,Mid Value
9893,38,8,555.4499999999999,2019-02-28,2023-11-21,69.43124999999999,4,2,4,3.5,Others,1,Mid Value
9894,2,9,350.48,2019-12-19,2023-12-27,38.94222222222223,5,3,2,3.3,Potential Loyalists,1,Mid Value
9895,377,7,178.03,2019-12-19,2022-12-17,25.43285714285714,1,2,1,1.25,Lost,0,Low Value
9896,12,10,568.21,2019-05-16,2023-12-17,56.821000000000005,5,3,4,4.1,Loyal Customers,2,Premium
9897,43,5,170.43,2020-07-21,2023-11-16,34.086,4,1,1,2.05,Potential Loyalists,1,Mid Value
9898,103,10,555.84,2019-05-21,2023-09-17,55.584,2,3,4,3.05,Loyal Customers,3,High Value
9899,303,7,566.08,2019-05-11,2023-03-01,80.86857142857143,1,2,4,2.45,Others,3,High Value
9900,172,8,355.46,2019-05-27,2023-07-10,44.4325,2,2,2,2.0,At Risk,0,Low Value
9901,41,12,971.73,2019-06-25,2023-11-18,80.9775,4,4,5,4.4,Champions,2,Premium
9902,341,12,738.49,2019-01-10,2023-01-22,61.54083333333333,1,4,4,2.95,Others,3,High Value
9903,423,9,362.29,2019-10-16,2022-11-01,40.254444444444445,1,3,2,1.9000000000000001,Others,0,Low Value
9904,300,8,305.56,2019-11-10,2023-03-04,38.195,1,2,1,1.25,Lost,0,Low Value
9905,188,11,483.95,2019-03-01,2023-06-24,43.99545454545454,2,4,3,2.9000000000000004,Loyal Customers,3,High Value
9906,80,10,686.85,2019-04-19,2023-10-10,68.685,3,3,4,3.4,Loyal Customers,3,High Value
9907,53,11,1163.32,2020-01-07,2023-11-06,105.75636363636363,3,4,5,4.05,Loyal Customers,2,Premium
9908,14,13,547.63,2019-07-24,2023-12-15,42.12538461538462,5,5,3,4.2,Loyal Customers,2,Premium
9909,55,14,1076.8899999999999,2020-12-24,2023-11-04,76.92071428571428,3,5,5,4.3,Loyal Customers,2,Premium
9910,239,10,530.97,2019-11-13,2023-05-04,53.097,2,3,3,2.6500000000000004,Loyal Customers,3,High Value
9911,623,10,1181.37,2019-08-17,2022-04-15,118.13699999999999,1,3,5,3.1,Others,3,High Value
9912,27,9,253.69,2019-03-12,2023-12-02,28.18777777777778,4,3,1,2.55,Potential Loyalists,1,Mid Value
9913,38,12,658.23,2020-04-12,2023-11-21,54.8525,4,4,4,4.0,Champions,2,Premium
9914,23,9,694.46,2019-08-01,2023-12-06,77.16222222222223,5,3,4,4.1,Loyal Customers,2,Premium
9915,15,16,570.72,2020-10-01,2023-12-14,35.67,5,5,4,4.6,Champions,2,Premium
9916,355,7,244.54,2019-11-02,2023-01-08,34.934285714285714,1,2,1,1.25,Lost,0,Low Value
9917,53,9,361.51,2019-02-03,2023-11-06,40.16777777777778,3,3,2,2.5999999999999996,Potential Loyalists,1,Mid Value
9918,62,15,440.87,2019-04-03,2023-10-28,29.391333333333332,3,5,3,3.5,Loyal Customers,2,Premium
9919,48,14,496.05,2019-08-09,2023-11-11,35.43214285714286,3,5,3,3.5,Loyal Customers,2,Premium
9920,55,17,896.38,2019-01-03,2023-11-04,52.728235294117646,3,5,5,4.3,Loyal Customers,2,Premium
9921,200,7,286.74,2019-11-18,2023-06-12,40.962857142857146,2,2,1,1.6,Lost,0,Low Value
9922,52,8,1220.56,2019-06-14,2023-11-07,152.57,3,2,5,3.55,At Risk,3,High Value
9923,208,14,841.01,2019-04-06,2023-06-04,60.07214285714286,2,5,5,3.95,Loyal Customers,3,High Value
9924,148,10,658.95,2019-07-13,2023-08-03,65.89500000000001,2,3,4,3.05,Loyal Customers,3,High Value
9925,32,12,817.52,2019-06-13,2023-11-27,68.12666666666667,4,4,5,4.4,Champions,2,Premium
9926,73,8,257.16,2019-10-21,2023-10-17,32.145,3,2,1,1.9499999999999997,Potential Loyalists,0,Low Value
9927,337,11,725.41,2019-09-28,2023-01-26,65.94636363636363,1,4,4,2.95,Others,3,High Value
9928,329,6,283.74,2019-12-07,2023-02-03,47.29,1,1,1,1.0,Lost,0,Low Value
9929,519,9,316.65,2019-11-02,2022-07-28,35.18333333333333,1,3,1,1.5,Others,0,Low Value
9930,35,11,764.8,2019-04-12,2023-11-24,69.52727272727272,4,4,5,4.4,Champions,2,Premium
9931,57,15,811.15,2019-11-13,2023-11-02,54.07666666666667,3,5,5,4.3,Loyal Customers,2,Premium
9932,279,6,799.78,2019-07-28,2023-03-25,133.29666666666665,1,1,5,2.6,Others,3,High Value
9933,256,10,810.0,2019-02-08,2023-04-17,81.0,1,3,5,3.1,Others,3,High Value
9934,20,10,1043.77,2019-06-25,2023-12-09,104.377,5,3,5,4.5,Loyal Customers,2,Premium
9935,108,7,388.68,2019-09-16,2023-09-12,55.52571428571429,2,2,2,2.0,At Risk,0,Low Value
9936,43,5,298.63,2021-12-26,2023-11-16,59.726,4,1,1,2.05,Potential Loyalists,1,Mid Value
9937,414,9,1000.95,2019-09-21,2022-11-10,111.21666666666667,1,3,5,3.1,Others,3,High Value
9938,47,10,678.75,2019-06-18,2023-11-12,67.875,3,3,4,3.4,Loyal Customers,3,High Value
9939,28,9,444.3,2019-01-02,2023-12-01,49.36666666666667,4,3,3,3.35,Loyal Customers,1,Mid Value
9940,100,7,388.76,2019-02-11,2023-09-20,55.537142857142854,2,2,2,2.0,At Risk,0,Low Value
9941,2,10,657.66,2019-01-17,2023-12-27,65.76599999999999,5,3,4,4.1,Loyal Customers,2,Premium
9942,116,8,350.27,2019-11-15,2023-09-04,43.78375,2,2,2,2.0,At Risk,0,Low Value
9943,14,13,704.3100000000001,2019-08-12,2023-12-15,54.17769230769231,5,5,4,4.6,Champions,2,Premium
9944,408,8,345.12,2019-02-16,2022-11-16,43.14,1,2,2,1.65,Lost,0,Low Value
9945,85,5,206.52999999999997,2019-09-15,2023-10-05,41.306,3,1,1,1.6999999999999997,Potential Loyalists,0,Low Value
9946,733,3,152.32999999999998,2021-04-02,2021-12-26,50.776666666666664,1,1,1,1.0,Lost,0,Low Value
9947,195,10,637.01,2019-02-22,2023-06-17,63.701,2,3,4,3.05,Loyal Customers,3,High Value
9948,5,10,691.36,2019-06-06,2023-12-24,69.136,5,3,4,4.1,Loyal Customers,2,Premium
9949,79,11,571.6800000000001,2019-01-01,2023-10-11,51.970909090909096,3,4,4,3.65,Loyal Customers,3,High Value
9950,88,12,1428.0,2019-10-22,2023-10-02,119.0,2,4,5,3.7,Loyal Customers,3,High Value
9951,446,10,1064.22,2019-02-26,2022-10-09,106.422,1,3,5,3.1,Others,3,High Value
9952,388,9,290.8,2019-03-09,2022-12-06,32.31111111111111,1,3,1,1.5,Others,0,Low Value
9953,47,13,752.9,2020-02-14,2023-11-12,57.91538461538461,3,5,4,3.9,Loyal Customers,2,Premium
9954,37,6,335.72,2019-10-15,2023-11-22,55.95333333333334,4,1,2,2.45,Potential Loyalists,1,Mid Value
9955,82,7,522.5899999999999,2019-11-14,2023-10-08,74.65571428571427,3,2,3,2.75,Potential Loyalists,1,Mid Value
9956,138,11,465.33,2019-03-21,2023-08-13,42.302727272727275,2,4,3,2.9000000000000004,Loyal Customers,3,High Value
9957,31,13,1552.3700000000001,2019-03-04,2023-11-28,119.41307692307693,4,5,5,4.65,Champions,2,Premium
9958,55,15,990.59,2019-02-28,2023-11-04,66.03933333333333,3,5,5,4.3,Loyal Customers,2,Premium
9959,15,10,274.3,2019-08-02,2023-12-14,27.43,5,3,1,2.9,Potential Loyalists,1,Mid Value
9960,23,13,507.75,2020-11-25,2023-12-06,39.05769230769231,5,5,3,4.2,Loyal Customers,2,Premium
9961,374,8,283.73,2019-06-09,2022-12-20,35.46625,1,2,1,1.25,Lost,0,Low Value
9962,25,11,603.01,2019-02-11,2023-12-04,54.81909090909091,4,4,4,4.0,Champions,2,Premium
9963,72,9,645.49,2019-08-20,2023-10-18,71.72111111111111,3,3,4,3.4,Loyal Customers,3,High Value
9964,19,10,432.61,2019-09-04,2023-12-10,43.261,5,3,3,3.7,Loyal Customers,1,Mid Value
9965,41,14,818.9300000000001,2019-01-10,2023-11-18,58.495000000000005,4,5,5,4.65,Champions,2,Premium
9966,146,11,957.78,2019-10-07,2023-08-05,87.07090909090908,2,4,5,3.7,Loyal Customers,3,High Value
9967,235,10,594.65,2019-03-11,2023-05-08,59.464999999999996,2,3,4,3.05,Loyal Customers,3,High Value
9968,527,5,252.93,2019-07-25,2022-07-20,50.586,1,1,1,1.0,Lost,0,Low Value
9969,54,16,2614.81,2019-12-06,2023-11-05,163.425625,3,5,5,4.3,Loyal Customers,2,Premium
9970,186,9,511.52,2019-05-27,2023-06-26,56.83555555555555,2,3,3,2.6500000000000004,Loyal Customers,3,High Value
9971,302,9,535.2,2019-02-12,2023-03-02,59.46666666666667,1,3,3,2.3000000000000003,Others,3,High Value
9972,10,12,429.12,2019-04-06,2023-12-19,35.76,5,4,3,3.95,Loyal Customers,2,Premium
9973,65,15,678.36,2019-03-15,2023-10-25,45.224000000000004,3,5,4,3.9,Loyal Customers,2,Premium
9974,32,8,397.02,2020-11-18,2023-11-27,49.6275,4,2,2,2.7,Potential Loyalists,1,Mid Value
9975,52,11,808.1,2020-06-09,2023-11-07,73.46363636363637,3,4,5,4.05,Loyal Customers,2,Premium
9976,1,8,498.52,2019-08-03,2023-12-28,62.315,5,2,3,3.45,Potential Loyalists,1,Mid Value
9977,148,11,469.52,2019-05-05,2023-08-03,42.68363636363636,2,4,3,2.9000000000000004,Loyal Customers,3,High Value
9978,130,9,417.95,2020-11-20,2023-08-21,46.43888888888889,2,3,2,2.25,At Risk,0,Low Value
9979,54,7,1061.95,2019-02-11,2023-11-05,151.70714285714286,3,2,5,3.55,At Risk,3,High Value
9980,13,7,829.21,2019-05-05,2023-12-16,118.45857142857143,5,2,5,4.25,Others,2,Premium
9981,17,13,625.6899999999999,2019-03-01,2023-12-12,48.129999999999995,5,5,4,4.6,Champions,2,Premium
9982,86,16,720.58,2019-02-14,2023-10-04,45.03625,2,5,4,3.55,Loyal Customers,3,High Value
9983,53,10,1265.16,2019-01-10,2023-11-06,126.516,3,3,5,3.8,Loyal Customers,3,High Value
9984,124,17,1854.69,2019-01-13,2023-08-27,109.09941176470589,2,5,5,3.95,Loyal Customers,3,High Value
9985,179,8,257.2,2019-12-14,2023-07-03,32.15,2,2,1,1.6,Lost,0,Low Value
9986,14,10,372.1,2019-07-05,2023-12-15,37.21,5,3,2,3.3,Potential Loyalists,1,Mid Value
9987,54,7,552.68,2019-05-04,2023-11-05,78.9542857142857,3,2,3,2.75,Potential Loyalists,1,Mid Value
9988,49,8,584.93,2019-12-06,2023-11-10,73.11625,3,2,4,3.15,At Risk,3,High Value
9989,1127,6,176.32,2019-06-08,2020-11-27,29.386666666666667,1,1,1,1.0,Lost,0,Low Value
9990,58,10,1459.82,2019-11-05,2023-11-01,145.982,3,3,5,3.8,Loyal Customers,3,High Value
9991,50,9,208.49,2019-04-05,2023-11-09,23.165555555555557,3,3,1,2.1999999999999997,Potential Loyalists,1,Mid Value
9992,33,9,545.73,2019-10-28,2023-11-26,60.63666666666667,4,3,3,3.35,Loyal Customers,1,Mid Value
9993,377,8,1421.64,2019-11-08,2022-12-17,177.705,1,2,5,2.85,Others,3,High Value
9994,33,11,335.9,2019-03-04,2023-11-26,30.536363636363635,4,4,2,3.2,Others,1,Mid Value
9995,42,9,349.02,2019-03-08,2023-11-17,38.78,4,3,2,2.95,Potential Loyalists,1,Mid Value
9996,134,8,327.5,2019-12-07,2023-08-17,40.9375,2,2,2,2.0,At Risk,0,Low Value
9997,11,9,548.3199999999999,2019-02-17,2023-12-18,60.92444444444444,5,3,3,3.7,Loyal Customers,1,Mid Value
9998,442,6,198.51,2019-02-28,2022-10-13,33.085,1,1,1,1.0,Lost,0,Low Value
9999,1,11,616.4,2019-02-11,2023-12-28,56.03636363636363,5,4,4,4.35,Champions,2,Premium
10000,7,14,829.6,2019-09-09,2023-12-22,59.25714285714286,5,5,5,5.0,Champions,2,Premium
