customer_id,name,gender,age,country,signup_date,customer_tier,months_since_signup,churned,CLV,next_purchase_prob
1,Allison Hill,M,24,USA,2021-07-10,Bronze,30,True,92.37230273241835,0.41029879454132856
2,Noah Rhodes,M,38,Other,2020-03-22,Bronze,46,True,110.26357459505607,0.4691786081777629
3,Angie Henderson,M,46,Asia,2020-10-02,Silver,39,True,141.05728640412747,0.5064721183696098
4,Daniel Wagner,F,20,EU,2020-10-15,Bronze,39,False,84.17410896523305,0.6100807618914015
5,Cristian Santos,M,50,USA,2023-07-17,Bronze,5,False,80.9777677330963,0.4172954608251552
6,Connie Lawrence,F,31,USA,2022-11-28,Bronze,13,False,125.32962724670561,0.0815648302855323
7,Abigail Shaffer,M,23,USA,2023-11-06,Bronze,1,False,97.55000937954075,0.35650863630806706
8,Gina Moore,F,40,Asia,2023-06-28,Silver,6,False,91.27055609965281,0.5200540022713077
9,Gabrielle Davis,F,28,EU,2019-12-03,Bronze,49,True,99.84511412012769,0.6772743989542014
10,Ryan Munoz,F,32,Asia,2020-05-11,Platinum,44,True,275.07675673866555,0.5449554440318997
11,Monica Herrera,F,28,USA,2020-12-28,Silver,36,True,156.13393055689508,0.6493557878187666
12,Jamie Arnold,F,24,Other,2021-03-05,Bronze,34,True,88.65550915781202,0.5236464790067621
13,Lisa Hensley,F,40,Asia,2020-05-22,Bronze,43,True,125.73751653160556,0.5327065682129546
14,Michele Williams,M,30,USA,2023-11-13,Bronze,1,False,96.93217025964096,0.4636921009418044
15,Dylan Miller,F,18,USA,2019-11-16,Silver,50,True,143.68804005443562,0.6574122948093021
16,Brian Ramirez,M,38,USA,2021-06-26,Bronze,30,True,93.6791130776594,0.7469083630485609
17,Holly Wood,M,20,USA,2023-08-22,Bronze,4,False,109.47377503899465,0.35530916301292614
18,Derek Zuniga,M,21,EU,2023-12-28,Bronze,0,False,107.89865500508495,0.533708317891615
19,Lisa Jackson,M,44,EU,2021-08-10,Silver,29,True,138.2747205237983,0.3212106037090458
20,Carla Gray,M,21,USA,2023-06-13,Silver,6,False,150.7156640205112,0.7507197235749584
21,Margaret Hawkins DDS,M,18,EU,2023-03-23,Silver,9,False,142.40958572417492,0.5256426098504189
22,Patty Perez,M,39,USA,2019-07-23,Gold,54,True,233.98832424185872,0.49701315189270806
23,Ethan Adams,F,29,USA,2019-11-11,Bronze,50,False,74.22424137235741,0.3292062356025459
24,Tommy Walter,M,30,USA,2019-03-16,Silver,58,True,139.7817852419148,0.46618769019515605
25,Matthew Foster,F,29,EU,2020-10-06,Bronze,39,False,96.08902878739515,0.48865941300483745
26,Judy Baker,M,35,Asia,2021-11-28,Silver,25,True,191.8404679193555,0.33889209904180373
27,Justin Baker,F,25,USA,2019-11-01,Silver,50,True,185.260319340482,0.5226424723560462
28,Stephanie Ross,F,47,EU,2023-12-08,Bronze,0,False,107.84307767201167,0.3711963410511285
29,Zachary Hicks,F,18,EU,2020-08-26,Bronze,40,True,80.11172525673352,0.5652013389844847
30,Anthony Rodriguez,F,37,USA,2021-01-20,Gold,35,True,202.28966119443476,0.3520852394869628
31,Rebecca Henderson,M,39,EU,2019-11-17,Bronze,50,False,137.59294549781737,0.5235645203057205
32,James Ferrell,Other,25,USA,2019-02-10,Bronze,59,True,97.02610753666104,0.4709466802738741
33,Tricia Valencia,F,22,USA,2021-12-02,Gold,25,True,205.14472754802304,0.5452073842998998
34,Nathan Maldonado,F,43,Other,2019-09-19,Silver,52,False,155.59232234777542,0.5248490007699018
35,Debra Davidson,F,23,Other,2021-10-06,Silver,27,True,124.50686902819186,0.5142149224684963
36,Jeffrey Chavez,M,26,Asia,2021-12-02,Gold,25,False,167.6409868786874,0.3890552952104314
37,Sherri Baker,F,41,USA,2023-12-18,Bronze,0,False,83.79994785116371,0.5831032491225738
38,Cassandra Gaines,M,33,USA,2021-01-14,Bronze,36,True,94.03454863611098,0.543103904294086
39,Elizabeth Fowler,F,18,EU,2022-01-06,Silver,24,False,163.2660680728294,0.5955727499191488
40,Brittany Farmer,M,50,EU,2019-05-12,Silver,56,True,155.09807974114335,0.4961996575263752
41,Paula Moreno,F,27,USA,2023-11-20,Bronze,1,False,110.14757561303695,0.4730736720057467
42,Fred Smith,M,28,EU,2020-02-21,Bronze,47,True,143.20821522171616,0.34775905813293717
43,Sherry Decker,M,35,USA,2022-11-27,Bronze,13,False,151.89716421765624,0.40088868413857925
44,Anthony Humphrey,F,39,Other,2021-01-08,Gold,36,True,203.7535675562454,0.4290115929461525
45,Angelica Tucker,F,52,USA,2020-11-03,Bronze,38,False,118.46377933799657,0.644214319891499
46,Philip Cannon,F,18,EU,2020-05-05,Gold,44,False,226.3641972092118,0.3133229815723969
47,John Pierce,M,41,USA,2020-10-17,Platinum,39,True,364.61644274329575,0.2990891833045778
48,Shane Henderson,M,40,EU,2020-05-26,Silver,43,True,181.25077202965193,0.4894024426461194
49,Joshua Blair,F,31,EU,2023-11-20,Silver,1,False,134.1536477818765,0.38504657349763005
50,Eric Carney,Other,40,USA,2023-07-05,Bronze,6,False,139.62650093252404,0.4426293134861744
51,Jessica Holmes,F,42,Other,2020-05-14,Bronze,44,True,130.62196474930028,0.4340551640653824
52,Danny Morgan,M,19,Asia,2022-07-20,Silver,17,False,178.99729257187306,0.40536419877629465
53,Crystal Robinson,F,50,Other,2019-04-28,Bronze,56,True,113.71331775186387,0.38554470250996037
54,Mark Perez,M,18,Asia,2019-11-14,Bronze,50,True,107.96800191722193,0.3602404042860222
55,Shannon Jones,F,21,EU,2023-08-09,Silver,4,False,156.15697681062272,0.44457760562146625
56,Michael Lewis,M,30,Other,2022-08-08,Bronze,17,False,115.75302573986687,0.2806464153293238
57,Timothy Duncan,M,52,USA,2022-10-11,Silver,14,False,157.61260663457793,0.5908487938778576
58,Richard Aguirre,F,29,USA,2021-03-28,Bronze,33,True,107.55951368264977,0.3673445951059616
59,Brent Jordan,F,32,USA,2023-10-18,Bronze,2,False,100.47191219672173,0.5679781677830242
60,John Daniel,M,47,USA,2022-11-09,Bronze,13,False,97.32993370161363,0.4010958933023824
61,Victoria Garcia,M,29,USA,2022-11-02,Platinum,14,False,414.9441398185895,0.6556067573895521
62,Gerald Hensley,M,21,USA,2019-01-22,Gold,60,True,208.42639400116238,0.5060387278779198
63,Connor West,F,28,Asia,2022-10-02,Bronze,15,False,94.30645166896373,0.338508966011158
64,Donald Wright,M,46,USA,2022-12-06,Bronze,13,False,105.81691485258601,0.8747072916225953
65,Jessica Callahan,M,33,USA,2020-11-06,Gold,38,True,156.6900414095333,0.43733487001289423
66,Amber Kidd,F,52,EU,2019-02-11,Bronze,59,False,121.32848516549188,0.4165176655686104
67,Tracy House,F,40,USA,2019-07-23,Bronze,54,True,102.75927242077174,0.4267510463957235
68,Carol Tucker,F,26,Asia,2020-11-10,Bronze,38,False,95.96571302536555,0.5596920915956028
69,James Brown,F,33,USA,2019-04-13,Silver,57,True,140.87519012017628,0.2820885706565335
70,William Baker,F,24,Other,2021-03-21,Bronze,33,False,70.9428878183251,0.5203824421762758
71,Jordan Henderson,F,26,Asia,2021-11-28,Bronze,25,True,139.02508868425122,0.24721968890755652
72,Whitney Peters,F,65,USA,2023-11-19,Silver,1,False,159.74112458777432,0.48894285455093356
73,Brittney Phillips,F,43,USA,2019-07-28,Bronze,53,True,138.74042626589954,0.6689915960665725
74,Lauren Daniels,M,41,Asia,2019-07-02,Silver,54,False,146.24752276108347,0.41680816471997617
75,Amy Silva,Other,26,Asia,2021-07-20,Silver,29,True,167.6899321846021,0.6331530579794385
76,Sarah Moore,M,48,Asia,2023-01-14,Bronze,11,False,117.38255894574554,0.24959003451761513
77,Angela Lopez,M,43,Asia,2023-12-28,Bronze,0,False,112.4812326092104,0.40675163354934785
78,Megan Young,M,51,USA,2021-04-01,Silver,33,True,140.47980762987686,0.3163312053790357
79,Steve Sanchez,M,51,USA,2021-04-27,Bronze,32,True,67.26033431753797,0.7862296705626846
80,Lisa Barnes,F,18,USA,2020-10-12,Bronze,39,True,147.8175678156449,0.43883347128289507
81,Kelly Donovan,F,21,Asia,2023-01-18,Silver,11,False,132.0864728281507,0.4024342971606187
82,Mike Allen,F,22,EU,2023-11-24,Silver,1,False,230.11660284277238,0.4613352866196364
83,Michael Evans,F,23,USA,2020-12-16,Bronze,37,True,90.59616090873237,0.501003775964569
84,Paul Jones,F,36,USA,2021-08-05,Bronze,29,True,130.23863508400345,0.4443453545664222
85,Zachary Ferrell,M,27,USA,2020-12-21,Bronze,36,True,114.36611427144739,0.3213272566472052
86,Daniel Baker,F,53,USA,2020-07-19,Silver,42,True,172.9215234488732,0.7024010007186232
87,Shirley Suarez,F,52,Asia,2022-05-14,Silver,19,False,135.14718596298619,0.6632242621237285
88,Christopher Bass,M,32,EU,2023-12-11,Silver,0,False,141.79796783902884,0.5499770839851134
89,Lisa Archer,F,52,Asia,2021-05-17,Silver,31,True,142.22381065806582,0.5419801183599467
90,Aimee Montoya,M,47,EU,2022-08-22,Gold,16,False,210.99075466579242,0.5323076016384294
91,Matthew Mcmillan,M,28,USA,2022-11-15,Bronze,13,False,98.30529205499117,0.43150463068819955
92,Brian Rodriguez,M,18,Asia,2022-07-16,Bronze,17,False,91.8656684059768,0.41521827088972174
93,Denise Jacobs,M,30,Asia,2021-08-14,Gold,29,False,167.3789378518856,0.7391031082350376
94,Christina Walters,F,26,EU,2020-11-28,Bronze,37,True,85.66023901081215,0.5937657328659413
95,John Whitehead,F,35,Asia,2021-11-17,Bronze,25,True,110.67485341335333,0.30052952863195204
96,Anna Henderson,M,33,EU,2023-11-04,Bronze,1,False,85.96287080931738,0.4322504976733822
97,Aaron Wise,F,33,EU,2023-10-14,Gold,2,False,156.03822852265117,0.5731469104540718
98,Deborah Figueroa,F,38,EU,2020-05-04,Bronze,44,True,102.8202027311342,0.5551887390663809
99,Jessica Smith,M,20,USA,2021-07-27,Bronze,29,True,56.36054319915261,0.5791884125300986
100,Stephen Mckee,M,37,USA,2020-12-03,Silver,37,False,149.80807242117922,0.2770942832346116
101,Sandra Aguilar,F,28,USA,2020-11-04,Bronze,38,True,101.57675519336271,0.5480228611759197
102,Cameron Parker,F,34,EU,2021-02-22,Gold,34,True,222.51589932740234,0.6673192400942336
103,Rebecca Valencia,Other,42,USA,2023-11-06,Bronze,1,False,106.82203906566745,0.27421427154865574
104,Christine Wright,M,20,EU,2021-07-27,Silver,29,True,111.66257405421248,0.7609408498727499
105,Richard Henson,F,30,Other,2023-12-22,Bronze,0,False,96.27559395944145,0.54951301764144
106,Marc Moore,M,31,USA,2019-03-22,Gold,58,True,226.11118196336977,0.5164589613349377
107,Sharon Cherry,M,27,EU,2019-07-04,Gold,54,True,216.7216128975172,0.35726228013667116
108,Sierra Johnson,F,41,Asia,2019-01-27,Silver,60,False,126.54388738358327,0.4044740326427026
109,Evelyn Galvan,M,25,USA,2022-06-07,Gold,19,False,216.63613897057763,0.4433685253012005
110,Sharon Cochran,M,27,USA,2023-10-07,Bronze,2,False,118.2977850360888,0.28612191514034696
111,Richard Rodriguez,M,25,USA,2023-11-18,Gold,1,False,160.948038551582,0.4527753226719033
112,Shannon Walker,M,43,USA,2021-11-12,Silver,26,True,91.19298784162294,0.3661809741957046
113,Julia Torres,F,28,Other,2023-11-16,Gold,1,False,270.9625354562874,0.6024436335321994
114,Crystal Johnson,F,37,Asia,2021-01-06,Silver,36,True,159.4600474223323,0.04307251250550531
115,Garrett Lin,M,52,EU,2022-08-05,Bronze,17,False,90.8541634221761,0.4629444883299222
116,Diana May,M,32,Asia,2021-11-10,Silver,26,False,135.25334115118133,0.3548465323289338
117,William Herrera,M,44,Asia,2019-05-17,Bronze,56,False,102.93581075047545,0.5004025505809615
118,Ashley Waller,F,49,USA,2021-04-03,Silver,33,True,181.23055231564678,0.8530752477473504
119,Victor Baker,M,43,Asia,2021-08-09,Bronze,29,True,69.80423726257028,0.7511240536002148
120,Jeffrey Chandler,F,32,EU,2021-04-27,Bronze,32,False,91.98110880352512,0.42575384161404256
121,Larry Dixon,M,39,Asia,2023-11-25,Platinum,1,False,399.23804519727446,0.4721813879640132
122,Kenneth Scott,M,20,Asia,2020-12-10,Gold,37,True,232.98475823280404,0.3743251892740258
123,April Frost,F,25,USA,2020-11-25,Gold,37,True,229.57230882219037,0.47737052687757003
124,Michelle Harmon,F,26,USA,2020-05-27,Silver,43,True,162.23089534136682,0.6104219029201278
125,Helen Jones,M,55,USA,2023-12-10,Silver,0,False,159.3144382959751,0.30294769088318146
126,Erin Edwards,F,24,EU,2019-11-21,Silver,50,True,135.95474688534765,0.735005899556069
127,Michelle Evans,F,24,Asia,2020-03-06,Bronze,46,False,88.83566964871949,0.6371642709748055
128,Jason Powell,F,22,Asia,2020-11-25,Gold,37,True,232.24529790241462,0.6306336134706431
129,Cameron Fisher,F,38,USA,2022-12-04,Gold,13,False,178.41569744450896,0.5573707452425509
130,Megan Orr,F,34,EU,2022-02-11,Silver,22,False,158.51497745384586,0.36445976758936005
131,Elizabeth Kelley,Other,43,EU,2019-06-20,Gold,55,True,206.06941965300248,0.6518151211719005
132,Dustin Jordan,M,39,USA,2021-08-28,Silver,28,True,215.75662747452594,0.4520403776332054
133,Mary Marshall,F,19,USA,2021-03-09,Bronze,34,False,96.79155407326623,0.2467208039580805
134,Daniel Kennedy,M,24,USA,2022-06-12,Platinum,18,False,370.1077987351201,0.5119368998590401
135,Rebecca Jackson,M,46,Other,2022-02-23,Bronze,22,False,114.14610211327829,0.32614644196602405
136,Jose Schultz,M,30,USA,2019-11-22,Silver,50,True,146.48271337763003,0.4092375658446938
137,Robert Potter,M,44,EU,2019-11-10,Bronze,50,False,75.12025328478882,0.6060067181460881
138,Courtney Gonzalez,F,31,Asia,2023-12-06,Silver,0,False,148.4110932567106,0.4820558933420811
139,David Alvarez,F,23,USA,2021-12-13,Silver,24,False,176.97709280241597,0.49438283040398195
140,Angel Perry,F,29,Other,2023-04-05,Silver,9,False,113.25547259312508,0.6752599515201458
141,Cheyenne Horton,M,23,Other,2020-02-28,Silver,46,False,175.07128504605902,0.1615825395536879
142,David Douglas Jr.,M,27,USA,2019-12-27,Bronze,48,False,126.85773740842349,0.6687333721235711
143,Patricia Rodriguez,F,35,EU,2021-12-04,Silver,25,True,152.88021209735695,0.5221231486233853
144,Christopher Rubio,M,38,USA,2021-10-03,Gold,27,True,236.54786805694016,0.4896278077903735
145,Amber Wright,F,18,USA,2023-11-23,Bronze,1,False,102.8050896585186,0.4943419421712458
146,Joyce Solis,F,32,USA,2022-11-05,Bronze,14,False,111.42762881853054,0.5959680621683967
147,Victoria Larson,F,27,EU,2022-08-18,Bronze,16,False,129.87160571510339,0.6538932859735365
148,Stephanie Salazar,F,26,EU,2019-11-03,Gold,50,False,137.84096199021758,0.46453869188094393
149,Kathy Rivas,F,34,USA,2022-03-05,Silver,22,False,127.0434332158855,0.4798743303732355
150,Stephanie Manning,M,27,USA,2020-10-09,Platinum,39,True,375.04088627540125,0.5913418993097306
151,David Wright,F,46,Other,2021-07-28,Silver,29,True,193.05361773911676,0.18528849597657
152,Pamela Boyd,M,44,USA,2022-03-06,Bronze,22,False,71.84148125263064,0.48519525252704343
153,Denise Jones,M,44,USA,2019-10-15,Silver,51,False,196.86910793422146,0.5747123516942949
154,Devon Flores,M,28,EU,2020-11-27,Bronze,37,True,48.55721167519869,0.4260029654524288
155,Brenda Hall,F,23,Other,2023-09-18,Bronze,3,False,112.51179037390158,0.3802084629912992
156,Michelle Brown,M,33,USA,2023-12-08,Bronze,0,False,104.37588570670007,0.4771497054406369
157,Joshua Perry,M,31,EU,2020-07-12,Bronze,42,True,85.33774715547301,0.4122598071616944
158,Jason Stein,M,26,Asia,2019-07-22,Bronze,54,True,86.56907752718514,0.4631522206274959
159,Melissa Gates,F,21,USA,2023-11-06,Bronze,1,False,87.3063258431484,0.42918291019889515
160,Jamie Smith,F,32,Asia,2021-08-08,Bronze,29,True,95.91695158592633,0.7342454383722925
161,Paul Castaneda,F,28,USA,2021-11-23,Bronze,25,True,139.72070749183257,0.3290708716462619
162,Jennifer Adkins,F,39,EU,2019-08-15,Silver,53,True,174.69310912421625,0.6252170851904191
163,Lindsey Walker,M,39,EU,2019-11-16,Bronze,50,True,128.6880826013847,0.41191570672698186
164,Jeffrey Johnson,M,44,EU,2021-09-05,Bronze,28,True,93.55845690230542,0.5488723333786244
165,Michael Powell,F,20,USA,2019-12-11,Bronze,49,False,104.60517848114326,0.5970539693630363
166,John Anderson,M,37,Asia,2020-07-25,Silver,41,False,117.85216088649484,0.729559990953394
167,Alyssa Long,M,25,USA,2019-07-17,Silver,54,True,141.64665837723894,0.5589379684727815
168,Alyssa Day,M,20,USA,2021-12-13,Gold,24,False,177.90001691741867,0.44053612894362454
169,Joel Williams,F,28,USA,2022-11-20,Gold,13,False,219.5455689667283,0.5098661123448592
170,Daniel Murphy,M,43,EU,2019-11-26,Bronze,49,True,85.86291220455016,0.7877715172254893
171,Jamie Walton,F,29,EU,2023-06-28,Bronze,6,False,83.26270136065088,0.5245179485936982
172,Darlene Miller,M,48,USA,2020-10-27,Bronze,38,False,107.92701838490298,0.3038263661327992
173,Joshua Cooke,F,38,EU,2020-07-25,Platinum,41,True,296.7889819876907,0.44250635614230793
174,Matthew Harrington,M,29,USA,2020-05-16,Silver,44,True,128.98397824289728,0.4386420728300645
175,Nicole Herring,M,44,EU,2023-09-18,Bronze,3,False,83.06711737757699,0.6094952672535527
176,Alex Hernandez,M,37,USA,2023-12-13,Bronze,0,False,85.98260448984034,0.3167020562511157
177,Michael Elliott,F,23,EU,2020-05-03,Bronze,44,False,116.29229053797393,0.4238338760443346
178,Michael Wang,M,51,USA,2020-05-03,Bronze,44,True,108.35056284725201,0.5320281253705599
179,Lawrence Adkins,F,35,Other,2020-01-06,Gold,48,True,169.79291499294283,0.45793701634694706
180,Robert Oconnell,F,33,USA,2019-09-15,Silver,52,False,128.53827537186115,0.5136379635340409
181,Alexander Collins,F,24,USA,2023-11-19,Silver,1,False,115.58000093888893,0.5221381279388854
182,Tina Sanders,M,44,USA,2021-09-03,Bronze,28,True,92.13483468711226,0.5321735840351844
183,Angela Vaughn,M,38,Other,2019-01-21,Bronze,60,True,102.45908505497982,0.3609554414056837
184,Ashley Barton,M,39,Asia,2021-12-03,Silver,25,True,123.6317597696072,0.6196376296002314
185,Lindsay Martinez,F,27,USA,2019-06-21,Silver,55,False,215.61940680260471,0.41970732582561265
186,Dr. Hannah Patterson,F,41,EU,2019-08-03,Bronze,53,True,112.47564870093996,0.4982613041989545
187,Jonathan Peterson,F,42,Asia,2021-02-18,Silver,34,True,149.03473370393982,0.318217557413465
188,Samantha Garcia,F,26,EU,2020-03-08,Gold,46,False,203.40290499931837,0.505984096639838
189,Madison Poole,M,18,EU,2021-03-16,Bronze,34,False,72.17190844899889,0.5285266222339321
190,Jessica Gross,M,38,USA,2022-07-03,Silver,18,False,114.0291672488599,0.5054344925137224
191,Debra Morton,F,18,USA,2023-10-22,Bronze,2,False,126.45784228839668,0.38295306894032916
192,Karen Graham,M,34,Asia,2022-01-11,Silver,24,False,199.05296487972475,0.6691905399494855
193,Debra Christian,M,28,Other,2019-04-16,Bronze,57,True,55.69217140359807,0.587516051809604
194,Angelica Keith,F,45,EU,2021-07-02,Silver,30,False,164.11152486279474,0.4791649219067109
195,John Bishop,M,29,USA,2020-11-01,Bronze,38,True,127.63277005425172,0.47778938522808767
196,Allen Rosales,F,44,USA,2020-09-08,Bronze,40,False,93.16515799883791,0.38927821113413263
197,Daniel Salinas,F,27,Asia,2022-11-12,Silver,13,False,195.58030592096466,0.40657662494517455
198,Spencer Haynes,F,42,Asia,2022-03-19,Silver,21,False,173.02042708681,0.7185282205534466
199,Adam Vaughan,M,53,Asia,2019-11-18,Gold,50,False,218.03640797886493,0.4462516958770161
200,Nathan Freeman,M,22,Asia,2023-03-18,Silver,9,False,142.66025907889582,0.9145870824298428
201,Melissa Brewer,F,35,EU,2019-11-21,Silver,50,True,152.76329768046497,0.3260529926918265
202,Ricky Davis II,M,60,USA,2020-10-22,Silver,38,True,136.57758008981847,0.5553162412153868
203,Elizabeth Perkins,M,33,USA,2021-11-11,Bronze,26,True,105.9291432635213,0.5339310180361801
204,Joseph Coleman,M,33,Asia,2022-04-18,Bronze,20,False,105.05607867557516,0.5054379618283517
205,Erin Warner,M,40,EU,2020-08-06,Bronze,41,True,91.31424715790341,0.2611883398993401
206,David Martinez,M,33,USA,2019-12-01,Bronze,49,True,61.05931271859113,0.29431595115369147
207,Bryan Herrera,F,18,USA,2023-11-09,Bronze,1,False,96.1002380727935,0.5293358719791585
208,Cathy Robinson,M,44,EU,2021-12-20,Gold,24,False,159.28506973922697,0.34639054285603
209,Dr. William Warren,M,18,USA,2023-05-16,Gold,7,False,155.16510927669316,0.6813575270999568
210,Brian Lee,F,28,USA,2019-10-05,Gold,51,False,172.40007429626036,0.4664037602450326
211,Christopher Smith,F,45,EU,2019-01-19,Platinum,60,True,349.6129426744102,0.538251002169797
212,Denise Mccann,M,29,EU,2020-12-22,Bronze,36,True,77.77737529992686,0.49393208738664124
213,Melissa Martinez,M,26,EU,2021-04-17,Bronze,32,True,82.25175567731193,0.4897704157984612
214,Katherine Salas,F,41,USA,2019-12-23,Silver,49,False,171.2032139580519,0.7281166737541767
215,Julie Alexander,F,24,Asia,2020-11-08,Gold,38,True,169.37413239390975,0.6626505084564428
216,Anthony Everett,F,20,USA,2019-12-19,Bronze,49,False,77.45599991046082,0.5231479240108984
217,Rodney Morales,F,35,USA,2020-05-18,Silver,44,False,174.2650928866089,0.6012433880694279
218,Mark Brown,M,31,Asia,2023-07-12,Bronze,5,False,97.41068957686545,0.6759671279890775
219,Justin Torres,F,20,EU,2020-04-16,Bronze,45,True,101.30679855427628,0.4103261482423225
220,Bailey Duran DDS,M,39,Asia,2023-09-14,Bronze,3,False,95.52264418057675,0.2667557263672933
221,Courtney Mills,F,37,EU,2022-12-04,Bronze,13,False,108.46617221291204,0.582953087762834
222,Jeremy Dalton,F,29,EU,2019-10-08,Gold,51,True,227.41891845936166,0.6868968928838056
223,Elizabeth Oliver DDS,F,30,USA,2022-08-27,Bronze,16,False,97.5402685117385,0.24279750997815058
224,Theresa Clark,M,37,USA,2021-07-24,Platinum,29,True,210.11121523550605,0.40905270124436144
225,Matthew Moore,M,44,USA,2022-11-12,Bronze,13,False,105.9496275906734,0.4637882363240121
226,Benjamin Smith,F,30,USA,2020-11-11,Gold,38,True,186.39975012386077,0.3526270479548166
227,Kirk Carter,F,39,Other,2020-09-13,Silver,40,True,175.71854331115375,0.4783071672547104
228,Michael Warner,F,38,USA,2021-12-08,Silver,25,False,123.13167386622803,0.33297699137610737
229,Michael Bradshaw,M,41,Asia,2021-01-18,Bronze,35,True,93.71210689318352,0.4521369361012905
230,Lori Guerrero,M,33,EU,2019-09-13,Silver,52,True,105.5439944765057,0.604905069082568
231,Jessica Stephens,F,23,Asia,2020-01-04,Gold,48,True,231.32622161632705,0.18957685547674313
232,Susan Serrano,M,28,EU,2021-08-26,Bronze,28,True,124.50699584186766,0.34233494944391296
233,Christopher Parker,F,36,EU,2022-10-01,Bronze,15,False,90.24004488430703,0.7101037855963284
234,Laura Roberts,M,51,EU,2020-08-27,Bronze,40,False,96.1183637272623,0.376351837278053
235,Michael Lyons,F,28,USA,2021-12-23,Bronze,24,False,83.80641709533052,0.11021306648086299
236,Kathryn Snyder,F,41,Asia,2019-11-10,Bronze,50,True,85.73491406650443,0.5256770219861863
237,Andrew Reynolds,F,29,USA,2023-11-06,Silver,1,False,170.80682121397132,0.4887870751398869
238,David Davis,M,34,USA,2020-08-11,Bronze,41,True,89.91696733595556,0.5222202197536882
239,Sara Johnston,F,48,EU,2020-01-07,Silver,48,True,164.254498136003,0.5086080054357883
240,Yvonne Chambers,M,40,USA,2020-11-10,Gold,38,True,199.390798386215,0.6909372552079306
241,Andrew Avila,F,20,Other,2020-12-12,Silver,37,True,172.51686957577166,0.3945407305987691
242,Matthew Moon,M,27,Other,2023-05-21,Bronze,7,False,92.15203270669467,0.4859291286711141
243,Kevin Walters,M,45,Other,2023-04-22,Silver,8,False,182.55928743547497,0.43509680864887307
244,Brandon Bailey MD,M,34,USA,2019-10-28,Bronze,50,True,137.50901353611957,0.6014543949376575
245,Shannon Rivera,M,21,USA,2020-11-06,Bronze,38,True,65.99300357291477,0.6166314586672943
246,Donna Landry,F,24,Other,2021-08-06,Bronze,29,True,98.1566133937826,0.5558605321455138
247,Krista Gibson,M,40,EU,2022-12-25,Gold,12,False,196.2887145158801,0.8230703878738354
248,Frank Cordova,F,42,Other,2020-10-04,Silver,39,True,128.52861159011113,0.5829956916816017
249,Jose Travis,Other,33,Other,2023-08-02,Bronze,5,False,108.15015508294044,0.6882498552108112
250,Kimberly Gutierrez,M,57,Asia,2019-01-25,Bronze,60,False,122.4119446283797,0.3671941969894241
251,Isaiah Avila,F,41,USA,2020-11-26,Bronze,37,True,60.51961463503722,0.39526846294448686
252,Olivia Harris,M,30,USA,2019-11-07,Platinum,50,False,177.01894589769697,0.7970505162394301
253,Tanya Kim,M,24,Asia,2021-02-21,Platinum,34,True,399.44571354474544,0.29691074245317806
254,Barbara Dudley,M,23,USA,2021-09-22,Bronze,27,True,95.2079382490289,0.6151774213703972
255,Cynthia Moore,F,36,USA,2021-11-27,Bronze,25,True,101.7891429478461,0.6930033429550784
256,Kristen Davis,M,28,EU,2021-11-07,Silver,26,True,117.94587733998358,0.6763320874388463
257,Susan Murray MD,F,49,Other,2022-07-21,Bronze,17,False,100.88663520762562,0.2607011031052095
258,Kathleen Moran,F,47,EU,2019-11-21,Bronze,50,True,127.3775087908085,0.4473786460911182
259,Denise Davenport,F,39,EU,2020-10-22,Silver,38,False,164.89273053145337,0.5933291051860148
260,Mrs. Kristen Reyes,M,21,USA,2022-01-24,Bronze,23,False,103.8548873134359,0.6113020477137268
261,Katie Suarez,F,26,EU,2020-10-02,Silver,39,True,96.9000617111856,0.4986487241405545
262,Desiree Tyler,F,45,Other,2023-03-27,Bronze,9,False,114.85384888933065,0.395583761522876
263,Timothy Romero,F,27,USA,2022-06-10,Silver,19,False,150.287606543297,0.4589770731809952
264,Diane Evans,F,44,EU,2022-04-25,Silver,20,False,131.76010349424945,0.40726525083822585
265,Yvonne Burns,F,37,Asia,2023-04-14,Silver,8,False,169.27525518067387,0.3135913723454934
266,Joshua Reed,M,33,Asia,2022-04-26,Silver,20,False,124.56432399367272,0.4551387324578726
267,Kimberly Gibson,M,25,EU,2019-11-05,Bronze,50,True,111.21546550021728,0.7773944421053329
268,Colin Terry,M,32,Asia,2021-03-20,Bronze,33,True,124.33771747664514,0.45816965415873695
269,Cynthia Rowe,M,34,USA,2020-06-08,Bronze,43,True,103.08428916136327,0.27308225294250377
270,Patrick Thornton,M,43,USA,2023-05-20,Bronze,7,False,91.52010811169502,0.446198608544082
271,Jasmin Alvarado,M,24,Asia,2021-11-18,Bronze,25,True,88.55697057090046,0.7592059452514731
272,Veronica Simpson,M,30,Asia,2022-04-21,Silver,20,False,161.48056031213278,0.26106073444884104
273,Jonathan Lawrence,F,33,Asia,2019-01-05,Bronze,60,True,91.35942881514724,0.49985920939211936
274,Shelly Alexander,M,39,Other,2022-06-04,Bronze,19,False,147.32979805681174,0.6106611396085082
275,Joyce Bowen,F,23,EU,2023-07-19,Gold,5,False,143.3953492545368,0.32885672970132596
276,Matthew Moore,M,19,EU,2022-08-11,Silver,16,False,146.10713599245298,0.5286192044252891
277,Wayne Morgan,F,39,Asia,2019-11-05,Bronze,50,True,105.45142758877276,0.36301035484986166
278,Marie Christian,F,18,EU,2022-01-16,Bronze,23,False,103.07034630233836,0.31613658280151
279,Shannon James,M,45,Asia,2022-01-09,Bronze,24,False,88.78493214007494,0.5934001890251499
280,Nathan Malone,M,31,Asia,2022-05-25,Bronze,19,False,124.64525085094373,0.7734581986119438
281,Amanda Jones,M,18,Asia,2022-12-25,Gold,12,False,226.6741160257203,0.44194487471803245
282,Tammie Bright,M,28,USA,2019-04-06,Bronze,57,True,114.79573826034039,0.5871130867887611
283,Jessica Garcia,F,36,USA,2020-12-08,Silver,37,True,129.9622279086534,0.57256144110165
284,Shelia Wallace,F,27,USA,2021-11-01,Platinum,26,True,275.83575386941794,0.5260993625838144
285,Stephanie Williams,M,33,EU,2023-09-01,Silver,4,False,164.64748558616967,0.39668951570397626
286,Elaine Brooks,M,40,USA,2020-11-23,Bronze,37,True,77.98989186383707,0.34800454588344953
287,Joseph Knight,M,30,EU,2019-09-28,Silver,51,True,169.96698005209774,0.3804222811649649
288,Carolyn Miller,M,23,EU,2023-10-05,Gold,2,False,195.96198019423161,0.4731881183337243
289,Lisa Allen,F,30,USA,2023-11-18,Silver,1,False,181.9378684055632,0.43710645968345296
290,Briana Murray,M,47,EU,2022-10-04,Gold,15,False,182.89521742687964,0.32763604798743606
291,David Smith,F,49,USA,2021-02-16,Silver,34,True,204.42532170981792,0.46922596569246955
292,Stephanie Byrd,M,18,USA,2021-11-20,Gold,25,True,216.42012212674098,0.40464416976856404
293,Jeremy Reed,M,43,Asia,2019-11-22,Platinum,50,True,331.22591939258973,0.5835442071150018
294,Margaret Coleman,F,35,USA,2020-06-24,Silver,42,False,129.22286072124277,0.44135843814493614
295,Ryan Gonzalez,M,42,USA,2022-12-19,Silver,12,False,157.60020928575074,0.6265626208328029
296,John Young,F,27,EU,2021-03-28,Silver,33,True,133.5230060385656,0.5344581443980884
297,Laura Haney,F,18,Asia,2022-12-28,Silver,12,False,103.78949904542903,0.42550145848957965
298,William Barrett,M,38,USA,2020-11-07,Gold,38,True,192.1738368627308,0.47548717615355296
299,Keith Jennings,M,23,EU,2023-11-15,Bronze,1,False,123.25634640225111,0.4797333632865204
300,Amber Obrien,F,19,USA,2020-12-18,Silver,36,False,148.07639104148967,0.5249241322537687
301,Tanner Mitchell DDS,F,19,USA,2023-11-09,Silver,1,False,141.17565608590698,0.5541528931925906
302,Heather Fields,F,39,EU,2020-07-28,Silver,41,False,140.77748078501685,0.43245940680225997
303,Megan Le,M,34,EU,2022-11-07,Silver,14,False,217.247488436516,0.46422113483382554
304,Sara Fuller,Other,40,EU,2020-02-01,Bronze,47,True,112.16844352339486,0.5171533474233551
305,Maria Parker,M,39,Asia,2021-09-13,Bronze,28,True,68.19988116500582,0.05642538110392281
306,Kevin Oconnor,F,28,Other,2021-12-04,Gold,25,True,178.2741752963464,0.5829499585676756
307,Edward Burgess,F,32,EU,2019-06-02,Gold,55,False,183.9673103279724,0.35694214014179826
308,Carlos Ryan,M,27,USA,2021-01-10,Bronze,36,True,85.57585864943913,0.4566409884889469
309,Kiara Mcintyre,F,30,Asia,2021-11-05,Silver,26,True,151.930699483197,0.39839557583826496
310,Dawn Summers,M,23,USA,2023-07-25,Gold,5,False,177.04423219083276,0.6122741288239395
311,Dr. Paul Morgan,F,36,EU,2022-08-03,Silver,17,False,134.61739266106247,0.6537090208864602
312,Victor Taylor,M,43,USA,2022-11-05,Silver,14,False,154.6055617087718,0.4831534739509824
313,Shannon Ramsey,F,24,USA,2023-11-11,Bronze,1,False,69.1855562458781,0.4850935481129058
314,Tracy Ballard,M,45,Other,2021-03-26,Silver,33,True,85.46786552041297,0.4941642298568536
315,Richard Smith,F,34,Asia,2020-11-18,Silver,37,True,187.28465693197134,0.49764264321309126
316,Jordan Chambers,F,35,EU,2023-03-20,Silver,9,False,175.11686102829643,0.6501509347943677
317,Lauren Carson,M,18,EU,2022-12-02,Silver,13,False,161.06676864784328,0.9515614290079183
318,Ashley Hall,M,18,USA,2019-06-24,Bronze,55,True,106.093367093015,0.47420490106208146
319,Stephen Hoffman,F,34,USA,2022-08-23,Platinum,16,False,288.64484591664024,0.5852733669316748
320,Connie Brown,M,40,USA,2020-05-16,Silver,44,False,240.478986607453,0.3729880435647145
321,Susan Turner,F,26,EU,2022-10-23,Silver,14,False,155.7886340708221,0.38671055171840873
322,Charles Shah,M,49,Asia,2023-02-23,Gold,10,False,304.32385791582146,0.3469631353665995
323,Johnathan Davis,F,40,EU,2019-12-25,Gold,48,False,282.5122928555912,0.7009192424781181
324,Brandy Chavez,M,23,USA,2022-06-18,Gold,18,False,218.46602160238575,0.6055364819281193
325,Natalie Bautista,M,33,Other,2023-09-06,Silver,3,False,143.70033374530527,0.4422675462256019
326,Patrick Moore,M,57,Asia,2023-12-15,Silver,0,False,150.48034332716003,0.5319396848879466
327,Brett Burns,M,20,EU,2023-01-12,Bronze,11,False,91.98345783325851,0.6146726183051234
328,Trevor Johnson,M,38,EU,2019-08-04,Bronze,53,False,109.22003844995795,0.6794004888358047
329,Jeremy Sampson,F,29,EU,2023-11-12,Silver,1,False,170.21384443687808,0.561275632639312
330,Ariana Jennings,F,40,USA,2019-12-26,Silver,48,True,113.27432967223373,0.5137934837892308
331,Vanessa Howard,F,45,USA,2020-11-11,Bronze,38,True,152.28932632329935,0.6978476310473948
332,Colton Martinez,F,29,Asia,2020-04-22,Gold,44,True,168.7606989954956,0.334475918725488
333,Jordan Bates,M,44,USA,2020-12-09,Silver,37,True,69.4103974084802,0.21172330892901187
334,Linda Smith,F,55,USA,2023-10-27,Silver,2,False,147.5460666875786,0.6884292823974476
335,Dana Martinez,M,33,USA,2019-03-01,Bronze,58,True,77.03118576297437,0.4326138922166091
336,Andrea Hubbard,F,40,USA,2020-09-18,Bronze,40,True,98.93143816410473,0.7005461109801903
337,Daniel Kane,M,27,Asia,2021-11-06,Gold,26,True,202.83700545523354,0.787925139717353
338,Charles Lester,M,33,Asia,2020-09-12,Bronze,40,True,108.90562963036967,0.7780872497731096
339,Scott Thomas,M,31,EU,2023-11-28,Silver,1,False,180.17564837449316,0.048179040622409575
340,David Thompson,F,40,USA,2021-09-23,Silver,27,True,119.77575806336661,0.6201486585109526
341,Allison Smith,M,45,EU,2022-10-03,Silver,15,False,139.09992209800282,0.423662521216807
342,Cynthia Morris,F,31,EU,2021-05-01,Silver,32,True,170.35640210689579,0.40213972494199224
343,Anthony Harmon,M,48,USA,2022-10-07,Bronze,15,False,86.85173494267369,0.5557982664891261
344,Nichole Alvarez,F,48,EU,2021-05-28,Bronze,31,False,62.452080770719355,0.40600128236031774
345,Kayla Rodriguez,F,41,USA,2019-05-18,Silver,56,True,168.58180827876183,0.6123903667230974
346,Theresa Williams,M,27,EU,2021-06-12,Silver,31,True,133.0424003875373,0.6981994420877717
347,Sharon Boyd,M,26,EU,2020-01-22,Bronze,48,False,87.36375094428774,0.46969884532821254
348,Victor Brown,F,24,USA,2022-04-20,Bronze,20,False,102.40131896425851,0.5538431410231781
349,James Parks,F,42,USA,2022-09-16,Bronze,15,False,100.08276567387394,0.43129918219183994
350,Theodore Jones Jr.,M,20,EU,2020-03-26,Silver,45,False,179.91658842749297,0.5702004105777438
351,Ana Hill,F,39,EU,2019-03-20,Bronze,58,True,75.01889718257432,0.7125826999407112
352,Kimberly Nguyen,F,22,Asia,2021-12-25,Bronze,24,False,145.24306877181664,0.5614954419987094
353,Kerry Chavez DDS,M,41,EU,2019-08-07,Silver,53,True,107.5757707449614,0.48214003752699863
354,Michael Farrell,F,33,USA,2020-08-17,Bronze,41,True,92.24501709789769,0.6965728606787549
355,Patricia Le,M,46,USA,2021-06-04,Silver,31,True,123.94428922535492,0.43896287420309454
356,Jesse Perez,M,44,EU,2020-09-10,Bronze,40,False,101.11080486966974,0.4426710266868692
357,Jesse Perry,F,47,USA,2022-11-06,Gold,14,False,200.7509650107459,0.40037545101090766
358,Jeffery Ortega,M,47,EU,2022-08-02,Bronze,17,False,103.3273418951834,0.26469660200437206
359,Christian Leblanc,M,34,Other,2022-10-04,Bronze,15,False,105.22660169981127,0.37099245670508113
360,Ronald Davis,F,21,EU,2023-07-18,Platinum,5,False,378.38381646346846,0.5082517990800911
361,Parker Cain,F,22,USA,2023-03-01,Bronze,10,False,103.13283217299762,0.5343802202191479
362,Laurie Hoffman,F,18,EU,2022-12-01,Silver,13,False,191.65080873752044,0.3548499929948997
363,Bryan Gomez,F,22,EU,2023-12-16,Bronze,0,False,64.99205693341645,0.4234604516045601
364,Nicole Parrish,F,33,EU,2023-11-25,Bronze,1,False,56.313207935058955,0.21611618841008418
365,Tracy Burke,M,27,Other,2020-01-13,Silver,48,False,153.81106545643365,0.8280676252918695
366,Kenneth Lewis,M,31,USA,2021-10-14,Gold,26,False,213.07984470359602,0.7200104348694703
367,Courtney Rodriguez,F,37,Other,2022-11-11,Bronze,13,False,89.32282935913739,0.3926328537529519
368,Holly Farmer,M,29,Other,2023-06-25,Silver,6,False,149.69587582034677,0.5206295722744919
369,Renee Bruce,F,21,USA,2020-10-20,Silver,38,False,182.25987333675252,0.3680528959378796
370,Sabrina Austin,F,32,USA,2020-11-08,Bronze,38,True,113.40693154612981,0.6536614328102516
371,Allison Hickman,M,24,USA,2021-11-28,Silver,25,True,140.10106673383302,0.5964600085024315
372,Debra White,F,30,USA,2020-11-10,Bronze,38,True,103.95739159452025,0.3028637575344665
373,Ellen Morgan,F,46,USA,2019-01-16,Bronze,60,True,115.17767790284665,0.35388143581407455
374,Sergio Knight,M,30,EU,2019-11-27,Bronze,49,False,75.40904409876427,0.4895589026272159
375,Charles Schultz,Other,50,USA,2022-11-07,Gold,14,False,167.80064495184254,0.7076463005014844
376,Paul Lewis,F,47,USA,2021-02-05,Bronze,35,False,118.46708565954718,0.44313509645949833
377,Glen Wood,M,27,Asia,2019-07-10,Silver,54,False,98.11003993437943,0.6961313194040933
378,Paula Bradley,F,21,USA,2021-11-18,Bronze,25,True,78.19305605220607,0.5466324491578496
379,Anthony Moore,F,32,Asia,2022-10-25,Bronze,14,False,75.73267100215266,0.3751101049436722
380,Megan Nelson,F,44,USA,2020-11-07,Silver,38,True,177.53513380380974,0.43728352614319715
381,Karla Ramos,F,28,USA,2020-10-04,Silver,39,True,117.45492492909594,0.5948568813838244
382,Paul Wilson,F,42,EU,2020-12-10,Bronze,37,True,115.8378566433301,0.6261480416354455
383,Douglas Gregory,M,45,EU,2019-12-18,Bronze,49,True,92.93362147068807,0.6397594989723538
384,Mr. Andrew Foster,F,25,Asia,2021-06-18,Gold,30,True,271.1482193597613,0.5321167353325926
385,Aimee Turner,F,26,Asia,2019-08-03,Bronze,53,True,102.56652574576151,0.5668670929214401
386,Chad Scott,M,40,Asia,2023-09-13,Silver,3,False,182.00825133345947,0.8384864586350509
387,Adam Burgess,M,34,USA,2021-02-14,Silver,35,True,163.81077083650217,0.8610583369307518
388,James Padilla,F,26,USA,2022-08-22,Silver,16,False,136.47504911810972,0.5071059678165687
389,Sandra Drake,F,29,Asia,2019-11-14,Gold,50,False,199.49820026386715,0.23479346118780864
390,Scott Williams,F,32,Asia,2020-12-01,Silver,37,True,150.25135000526356,0.5193980313953462
391,Thomas Atkins,F,18,Other,2020-10-05,Bronze,39,True,90.76300150639227,0.5173903307360725
392,Laura Mckinney,F,40,EU,2020-01-10,Bronze,48,True,117.75815658030288,0.3106327246959454
393,Brian Smith,F,28,USA,2019-11-14,Bronze,50,True,150.21213123267842,0.5186904678114675
394,Robert Montgomery,F,18,Asia,2019-10-19,Bronze,51,True,102.31706227109557,0.34327646323644107
395,Tamara Davis,M,32,USA,2020-04-23,Gold,44,True,228.66444813829906,0.5565154492473957
396,Dana Chapman,F,25,Other,2020-02-07,Bronze,47,False,110.57606981462864,0.5892454299794304
397,Jennifer Collins,F,49,Asia,2020-11-26,Silver,37,True,71.6983690739247,0.5790389860135725
398,Gary Jackson,F,27,EU,2023-11-15,Silver,1,False,164.7470298455749,0.6483818461970199
399,Ashley Hicks,F,22,Asia,2019-10-28,Gold,50,False,217.6608830149982,0.5704027168551891
400,Hannah Luna,F,38,Asia,2020-12-21,Silver,36,True,112.54241919067093,0.6182950052226764
401,Robin Young,M,26,USA,2022-12-09,Silver,12,False,96.34472225395426,0.6937896569604587
402,Craig Morrison,M,25,Other,2020-01-27,Bronze,47,True,108.54297392770853,0.4337107273394803
403,Mary Thompson,M,38,EU,2019-06-10,Silver,55,True,199.3585902996344,0.478415152223804
404,Kathleen Webster,M,22,Asia,2022-01-08,Bronze,24,False,92.61336941654012,0.446701909317393
405,Joann Glass,F,18,USA,2019-11-09,Gold,50,True,186.7333912299084,0.38820722512606165
406,Madison Weber,M,50,Asia,2019-11-11,Bronze,50,False,146.16619148867946,0.45525451430480013
407,Lori Hernandez,M,38,USA,2019-10-22,Bronze,51,True,117.91977760995024,0.6252422272104189
408,Jeremy Turner,F,30,USA,2021-10-08,Bronze,27,False,75.71468025335986,0.6090727347422329
409,Anthony Romero,F,32,Other,2022-09-26,Silver,15,False,128.60986991614607,0.24586219279335253
410,Jesse Brown,M,38,USA,2023-04-18,Silver,8,False,215.37834331319883,0.7573190063687193
411,Angela Lin,F,42,USA,2023-07-05,Bronze,6,False,86.73936201730314,0.6270605123600977
412,Lisa Hunter,F,25,Other,2021-06-08,Bronze,31,True,89.33532040866076,0.5341434188723806
413,Julian Conner,M,36,Other,2019-04-02,Bronze,57,True,113.41273370802858,0.2928210509967404
414,Joanna Pacheco,M,27,EU,2023-11-18,Bronze,1,False,94.72959757619772,0.3222003782067905
415,Erica Alvarez,F,31,EU,2022-09-19,Silver,15,False,163.3027696475426,0.725452565626692
416,Antonio Garcia,F,34,EU,2020-09-18,Bronze,40,False,105.75753121548112,0.650673804538336
417,Gwendolyn Klein,F,32,USA,2022-10-20,Silver,14,False,145.6457602160742,0.6692970485539521
418,Carrie Wright,M,40,USA,2019-05-16,Bronze,56,True,124.18695195856895,0.4801064574733323
419,Jeffrey Mills,M,37,EU,2022-11-04,Gold,14,False,148.98884533433045,0.6959913083142422
420,Jake Campbell,F,18,Asia,2019-11-17,Bronze,50,True,102.34994102245533,0.29455886818458854
421,George Harper,M,19,Asia,2022-05-06,Silver,20,False,132.5929194536406,0.3149906286100283
422,Maria Jones,M,29,Asia,2021-11-12,Silver,26,False,199.25921295928453,0.6513000632912094
423,Michael Mitchell,F,51,USA,2022-12-07,Bronze,13,False,96.51091427016169,0.3623577914251519
424,Mary Escobar,M,24,EU,2023-10-23,Bronze,2,False,138.45199377691927,0.4940179579559126
425,Felicia Aguilar,F,30,USA,2020-03-14,Bronze,46,False,91.5649873863233,0.2337573299899378
426,Gregory Ponce,F,27,EU,2021-07-12,Bronze,30,False,102.18287234261611,0.07334607579117997
427,Jenna Larson,M,27,EU,2022-02-21,Bronze,22,False,121.76209605600657,0.34676183239211045
428,Emily Bennett,F,34,Asia,2019-06-20,Bronze,55,False,80.88867407662178,0.44317625989448434
429,Robin Santiago,M,47,USA,2021-05-02,Bronze,32,True,130.18197996007456,0.3612717231946533
430,Nancy Jennings,F,37,USA,2023-10-21,Bronze,2,False,100.52234011025885,0.59306970414419
431,Maria Henderson,M,24,USA,2020-09-04,Bronze,40,False,108.23121655577347,0.6516345211137787
432,Jack White,M,60,Asia,2020-11-08,Bronze,38,True,110.92041035963005,0.5915131882427616
433,Travis Tucker,F,33,EU,2022-08-10,Bronze,16,False,98.47890201857759,0.3265183087802188
434,Chad Jones,M,27,USA,2023-03-17,Silver,9,False,125.7060565374935,0.5787117717719801
435,Ashley Wise,F,47,USA,2023-05-07,Silver,7,False,152.82694642140964,0.31576527149919464
436,Sophia Johnson,M,28,Asia,2020-11-21,Gold,37,False,119.5478715938704,0.7794927218961683
437,Ralph Anderson,M,49,USA,2020-09-10,Bronze,40,True,73.7863971158854,0.5073207614101376
438,Christopher Guerra,F,24,Asia,2023-01-21,Bronze,11,False,97.19794582878981,0.3716195821045566
439,Rhonda Martin,M,47,Asia,2020-04-17,Bronze,45,False,130.94704209408877,0.5079332659833773
440,Jason Rhodes,M,35,USA,2019-06-16,Silver,55,True,195.5122787244625,0.5252314627712804
441,Jeremy Mitchell,F,45,USA,2020-11-25,Silver,37,True,179.3839870238006,0.6061282996058824
442,Joann Ferguson,F,52,Other,2019-02-13,Bronze,59,True,69.21883847700923,0.21679468837143945
443,Robert Harrison,F,21,USA,2020-01-23,Silver,47,False,159.0228846082343,0.39557573946629443
444,Holly Valentine,F,45,USA,2021-11-18,Silver,25,True,124.18184167199789,0.5722375046605621
445,Mrs. Diane Reyes,M,18,Asia,2021-06-27,Platinum,30,False,295.9673941868707,0.616819184573424
446,Tracy Montoya,F,22,Other,2021-12-05,Bronze,25,False,119.09006576703771,0.990573853613508
447,Brenda Wright,M,24,Other,2019-03-08,Bronze,58,True,113.15764507720175,0.706752864452193
448,Shelly Spencer,F,38,Asia,2019-10-27,Bronze,50,False,125.6636037566533,0.39669976591526435
449,Ryan Rosales,M,33,USA,2022-03-07,Bronze,22,False,71.81555739090385,0.7661380058466056
450,Phillip Nelson,Other,31,USA,2022-07-18,Gold,17,False,159.08696770208232,0.5869893295861274
451,Brittany Kim,F,34,Asia,2020-11-23,Bronze,37,False,130.1286950801571,0.7049740378569215
452,Courtney Hayes,F,38,EU,2019-10-06,Silver,51,True,195.65355889695996,0.5700134694400452
453,Alexander Brown,F,39,EU,2021-03-28,Bronze,33,True,99.67633617632201,0.7155616697851084
454,Cynthia Vang,F,43,Other,2021-11-13,Bronze,25,False,99.53264794381565,0.6624292963352119
455,Alfred Galvan,F,51,USA,2021-07-24,Bronze,29,True,123.45620886924748,0.582844123994127
456,Marie Moody,M,32,EU,2020-11-09,Bronze,38,False,110.64262827923865,0.43424999476277687
457,Dustin Gallegos,M,27,USA,2019-12-23,Silver,49,True,168.19008233002995,0.4337682883793162
458,Brenda Thornton,M,39,EU,2020-10-08,Platinum,39,True,244.51108303155223,0.3575060940876527
459,Aaron Miller,M,21,USA,2023-11-12,Silver,1,False,184.4808309455671,0.48884194271055786
460,Ruben Dunn,F,26,USA,2023-12-10,Silver,0,False,144.01017702759364,0.6660836774357541
461,Kelsey Rodriguez,F,42,USA,2022-12-07,Bronze,13,False,72.15289270206321,0.5871550405560338
462,Eric Williams,F,31,EU,2019-08-07,Gold,53,True,168.746205412713,0.3837362226253989
463,Riley Bryant,F,20,Asia,2021-12-17,Bronze,24,False,88.05839323338368,0.6452180113971991
464,Taylor Carlson,F,18,EU,2019-01-05,Gold,60,True,259.1206056579483,0.3235939930017566
465,Jose Allen,M,33,Other,2022-05-10,Silver,20,False,129.10104170437634,0.549864524210356
466,Jeffrey Mendez,M,44,USA,2021-10-21,Bronze,26,True,107.69378834204696,0.7092256973246482
467,Jason Beck,M,44,USA,2020-07-20,Bronze,42,True,57.79492016095222,0.32358705602257976
468,William Jones,M,34,Asia,2021-05-15,Platinum,32,True,356.208254300737,0.5255774377245764
469,Katie Mcneil,F,53,USA,2023-11-13,Bronze,1,False,84.168286510952,0.39520571114055403
470,Jeanette Harrison,F,31,Other,2020-12-14,Bronze,37,False,107.81643247098421,0.7442559141418343
471,Veronica King,F,31,USA,2021-05-17,Bronze,31,True,107.8086358069033,0.837445395755706
472,Richard Cooper,F,18,Other,2020-10-07,Silver,39,True,168.98963788948927,0.5832942025122942
473,Lori Ingram,F,28,USA,2023-12-24,Bronze,0,False,106.64612578925706,0.6317322642393333
474,Evelyn Williams,M,41,Asia,2023-11-21,Silver,1,False,207.43588155008237,0.7049521508346153
475,Robin Thompson,F,48,EU,2019-06-04,Gold,55,True,208.34947441200814,0.6147385613133795
476,Julie Dominguez,M,24,Other,2023-08-28,Gold,4,False,289.94119371751583,0.37649358502014363
477,Robin Brown,M,37,USA,2023-10-09,Bronze,2,False,112.75465624628029,0.4332757355521575
478,Judith Carter,M,43,EU,2023-06-19,Silver,6,False,158.24139604580785,0.4322043314929385
479,Curtis Williams,M,33,Other,2022-02-14,Bronze,22,False,117.83020572192781,0.2400651151044561
480,Kaylee Hays,M,18,EU,2023-03-03,Silver,10,False,155.90167031537908,0.64667998345242
481,Dawn Mullins,M,35,EU,2019-01-04,Gold,60,False,217.96634793409837,0.3122401362469408
482,Howard Norman,F,40,EU,2020-09-23,Silver,39,True,160.41879788309575,0.6242908484060455
483,Evelyn Martinez,F,23,EU,2022-08-02,Gold,17,False,209.90053700834315,0.39096936309256514
484,Steve Paul,M,30,EU,2020-11-08,Gold,38,True,284.74083994751277,0.4666561223332382
485,Jasmine Beltran,M,21,EU,2020-04-02,Bronze,45,False,145.44746074233973,0.5837155295439618
486,Jonathan Glass MD,F,18,Other,2019-03-04,Silver,58,False,159.81095579725346,0.7291321123408776
487,Monica Miller,M,43,USA,2022-11-02,Bronze,14,False,125.18917935338011,0.6304193058726169
488,Samantha Gardner,F,32,USA,2021-12-25,Bronze,24,False,124.0189802380349,0.4823157104048088
489,Bobby Guerrero,F,48,Other,2023-03-04,Bronze,10,False,121.85505872697735,0.49487010352427946
490,Lance Simmons,M,41,Asia,2020-01-21,Gold,48,True,221.80206098480267,0.3234402376257275
491,Heather Williams,M,29,EU,2020-01-09,Bronze,48,True,113.26798213819217,0.5955093171978396
492,Heather Bolton,M,32,EU,2019-03-02,Silver,58,True,167.1363312532295,0.48769242472354196
493,William Gould,M,38,USA,2019-08-20,Silver,53,True,128.44339970936426,0.3604390557916929
494,Mark Cox,M,42,USA,2019-12-22,Silver,49,False,148.0405994754511,0.6167348957854163
495,Meghan Cisneros,F,36,EU,2022-11-17,Silver,13,False,114.09608488945207,0.7128883263490172
496,Lawrence Harrington,M,44,USA,2023-10-01,Bronze,3,False,111.52884607634108,0.47324899186417696
497,Austin Osborne,F,30,EU,2022-08-23,Silver,16,False,162.93517283000972,0.4156282120258546
498,James Bradley,F,23,USA,2019-09-06,Silver,52,True,170.979669189236,0.4132696506603825
499,Meghan Rush,M,32,Other,2019-07-16,Silver,54,False,126.75630702579522,0.5602470955463766
500,Phillip Berry,M,35,Other,2020-12-04,Bronze,37,False,119.28976464042496,0.32114257712614336
501,Jennifer Banks,M,20,EU,2022-04-05,Bronze,21,False,109.42627523954003,0.5113286132295982
502,Brian Fitzgerald,M,19,EU,2022-12-05,Gold,13,False,289.318287070197,0.43909778384018566
503,Mr. Justin Green III,F,37,USA,2023-11-09,Bronze,1,False,116.12099770713911,0.5758186911888485
504,Zachary Mitchell,M,28,Asia,2022-01-05,Bronze,24,False,88.04458495219615,0.5872772701826722
505,Katherine Martinez,F,31,EU,2023-09-02,Bronze,4,False,72.99484009238688,0.33159505984648174
506,Jodi Roach,M,29,USA,2021-11-07,Bronze,26,True,104.36314279003291,0.600158461149267
507,Brandon Fleming,M,48,Other,2023-05-15,Bronze,7,False,79.41556211579532,0.5686654983665779
508,Emma Reed,F,45,Asia,2019-09-26,Silver,51,True,127.96452164281104,0.47141134421757735
509,Joshua Vance,F,20,Other,2021-05-25,Gold,31,True,161.36176714063683,0.43542471320310827
510,Michelle Ho,M,27,Asia,2020-09-23,Bronze,39,True,88.37745440168196,0.43628772122829823
511,Rebecca Hicks,M,41,EU,2020-09-08,Bronze,40,False,129.12408565764056,0.4743263394807027
512,Curtis Taylor,F,39,EU,2020-06-26,Silver,42,True,120.97973658114375,0.36030272564200283
513,Allison Spencer,M,32,Other,2019-01-03,Bronze,60,True,91.50626305104346,0.39734784382873983
514,Robert Arnold,M,21,Asia,2020-11-11,Gold,38,True,142.77761098184996,0.5306507193064259
515,Angelica Parker,F,26,USA,2023-12-25,Bronze,0,False,65.87186982443765,0.4142659698885152
516,Dr. Kelly Hammond DVM,F,27,USA,2019-11-23,Bronze,50,False,94.41160973032427,0.6317259679489485
517,William Day,F,35,USA,2022-11-10,Silver,13,False,156.22453172767445,0.48030664327583245
518,Michael Cooper,F,50,Asia,2019-05-04,Silver,56,True,115.48936908037732,0.428766696791389
519,Penny Bowman,F,26,Other,2019-12-12,Silver,49,True,104.41696044648361,0.5497269690446748
520,Vincent Reynolds,F,22,USA,2022-10-26,Bronze,14,False,62.573351857217965,0.43911058719719315
521,Amy Martinez,F,31,EU,2023-09-13,Bronze,3,False,102.90877176031492,0.3830428876954962
522,Christopher Morris,F,43,USA,2021-05-07,Gold,32,False,237.39759301794572,0.44930861349892276
523,Hannah Everett,F,18,Other,2022-10-19,Gold,14,False,142.8683110219699,0.19364062464939974
524,Sarah King,M,47,Asia,2019-12-27,Bronze,48,True,87.04489239316409,0.20437845969781782
525,Krista Martinez,M,31,Asia,2020-11-16,Gold,38,True,243.29095387656247,0.36195246878582266
526,Joseph Shaw,F,25,EU,2022-11-10,Silver,13,False,143.5935141642935,0.3209484678348175
527,Todd Moore,F,18,EU,2022-10-07,Silver,15,False,146.9884023579978,0.5975144971539609
528,Michelle Jacobs,M,40,USA,2021-09-03,Bronze,28,False,107.60610864085407,0.6889765855857181
529,Kristy Bryan,F,31,USA,2019-08-02,Silver,53,True,136.70495755021054,0.5487192322705543
530,Angel May,M,34,Asia,2020-12-01,Bronze,37,False,84.44593233269681,0.2154944503800621
531,Marilyn Wang,F,23,Asia,2020-08-27,Silver,40,False,159.22016328196594,0.2885344269683586
532,Mark Jimenez,F,29,Other,2021-01-22,Bronze,35,True,72.37490580900811,0.5525245675300621
533,Donna Frye,F,28,Other,2020-10-16,Silver,39,False,101.63356173407215,0.47424709838108253
534,Dr. Michael Evans,M,31,EU,2023-11-13,Bronze,1,False,86.15913264254428,0.22151236874047903
535,Anthony Gonzales,F,26,Asia,2022-12-03,Bronze,13,False,114.24113608319765,0.37140120122343917
536,Mr. Lawrence Edwards,M,18,Other,2022-03-26,Bronze,21,False,123.24931361484168,0.3387791320014506
537,Morgan Valencia,M,60,Asia,2020-12-28,Bronze,36,True,90.50186630752708,0.71855312124281
538,Bianca Wood,M,19,USA,2020-08-27,Bronze,40,False,116.60582142484344,0.6057915584490723
539,Emma Owens,F,34,EU,2020-10-14,Bronze,39,True,127.63407192191904,0.4568767970116944
540,David Davis,M,18,USA,2022-10-18,Platinum,14,False,302.2651728540732,0.5343111964489526
541,James Gilbert,M,18,Other,2020-01-11,Silver,48,True,169.0927299219039,0.5218691397851388
542,Sean Moore,F,33,EU,2023-11-19,Silver,1,False,205.99684967579907,0.5118774947835208
543,Kenneth Edwards,F,34,USA,2023-10-24,Bronze,2,False,85.9042178721291,0.7739961445556802
544,Kathleen Robertson,F,45,EU,2022-08-03,Bronze,17,False,95.16745526484527,0.7113170344248031
545,Mr. Alexander Landry MD,F,36,EU,2019-06-20,Bronze,55,True,132.010206803983,0.7287352279665043
546,Cindy Gomez,M,31,USA,2019-05-02,Silver,56,True,121.79316214587863,0.549618201349658
547,Johnny Khan,F,23,USA,2019-05-24,Bronze,56,True,103.11039878119429,0.4493280497814411
548,Julie Herrera,F,47,EU,2023-11-06,Silver,1,False,131.15147534226796,0.3139004694523117
549,Jessica Khan,M,42,EU,2021-12-25,Bronze,24,False,127.27410643188122,0.3507037495781739
550,Pamela Diaz,M,20,Asia,2019-11-24,Platinum,49,True,228.9120922824393,0.6521152467681511
551,Kelly Lee,M,33,EU,2021-02-04,Bronze,35,True,98.65712245388693,0.30886065858887557
552,Angel Gordon,M,34,Asia,2022-11-13,Bronze,13,False,79.06076302235435,0.47307446232557193
553,Diana Hays,F,29,EU,2023-11-08,Silver,1,False,106.00326853520986,0.29222012656288665
554,Barbara Hester,F,40,EU,2019-12-15,Platinum,49,True,186.11381004896037,0.48540069423105836
555,Robert Morgan,F,41,Asia,2023-11-01,Silver,2,False,145.05994021059348,0.34079438680308044
556,Nicole Gonzalez,F,31,EU,2022-09-27,Bronze,15,False,109.67302037457752,0.5995983154179604
557,Kathryn Williams,M,30,USA,2023-11-25,Silver,1,False,150.54961496852863,0.46340871624367513
558,Gary Wells,F,47,USA,2020-01-16,Gold,48,False,209.38433237468956,0.3786558933428287
559,Larry Robertson,M,42,Asia,2019-11-21,Bronze,50,True,91.3119402300149,0.3565504462157997
560,Louis Martin,F,33,EU,2023-11-20,Bronze,1,False,119.68757280044947,0.5200702409789312
561,Nancy Evans MD,M,18,Asia,2023-11-05,Gold,1,False,229.11195530659066,0.5076068183830577
562,Kim Erickson,F,36,USA,2023-10-13,Gold,2,False,205.02105473695244,0.41716241057933234
563,Robert Richardson,M,39,USA,2022-11-17,Silver,13,False,156.16306860590953,0.45227472460080204
564,Veronica Silva,M,18,USA,2019-11-02,Platinum,50,False,272.0533707351234,0.4260732130506875
565,Molly Watts,M,35,USA,2019-03-13,Bronze,58,True,138.90854202675789,0.17316654503006507
566,John Coffey,F,28,EU,2020-11-02,Silver,38,False,174.24628372657315,0.4941556997463375
567,Paula Lane,F,30,USA,2020-11-11,Silver,38,True,146.91572625581694,0.26662880956983304
568,Lauren Jackson,M,23,EU,2023-11-15,Silver,1,False,144.82122829202203,0.36689055089080536
569,Lisa Randall,F,31,Other,2019-06-09,Silver,55,True,138.30886860573048,0.5481275714750515
570,Michael Johnson,F,46,USA,2019-12-22,Gold,49,False,188.053172217273,0.46405985213705
571,Ashley Smith,F,28,EU,2023-08-19,Bronze,4,False,104.92798258267884,0.7292038510812109
572,Christian Vaughn,F,42,Asia,2021-04-04,Bronze,33,True,65.86658068340691,0.38040714010070886
573,Reginald Knapp,M,24,USA,2019-10-17,Bronze,51,True,95.0178536181697,0.43832158454538855
574,Nancy Brown,M,40,EU,2023-11-15,Silver,1,False,146.06714477482518,0.5243381241792133
575,Daniel Nguyen,F,33,Asia,2023-11-07,Bronze,1,False,99.83377275493892,0.4944264369983171
576,Kelly Edwards,F,36,Other,2021-11-23,Gold,25,True,206.98448950136844,0.6571480578808601
577,Thomas Peterson,F,33,USA,2020-01-13,Bronze,48,True,100.63762208933292,0.5960172338652341
578,Raymond Le,F,39,Other,2023-10-08,Bronze,2,False,108.10199155337854,0.7082289798862579
579,Melissa Bishop,M,18,EU,2019-12-01,Silver,49,True,145.95097333575137,0.2576397422131286
580,David Grant,F,18,USA,2020-02-09,Silver,47,True,179.64010203382622,0.6179400901877081
581,William Evans,M,37,EU,2020-09-18,Bronze,40,True,113.15662310487582,0.35279699671869036
582,Daniel Bush,Other,18,Other,2020-03-17,Silver,46,True,217.3781402675585,0.5666903829762093
583,Gregory Peck,M,27,EU,2023-03-17,Bronze,9,False,114.0348008253108,0.46342835136171556
584,Denise Martinez,F,32,USA,2019-03-08,Bronze,58,True,85.09669601672158,0.39669456292995764
585,Jamie Baird,F,24,EU,2021-11-03,Bronze,26,True,96.86431187230642,0.6760966169953634
586,Tina Ballard,M,26,USA,2022-12-22,Silver,12,False,134.7807770393948,0.24838597996084888
587,Dwayne Klein,M,35,USA,2022-10-22,Bronze,14,False,100.15930697933693,0.7719341515552391
588,Jeremy Scott,F,43,USA,2020-11-11,Gold,38,True,243.91452663262194,0.594674701885569
589,Dale Ryan,F,23,USA,2022-07-02,Silver,18,False,140.28447186394976,0.5253645155813619
590,Melissa Taylor,M,27,USA,2022-12-02,Bronze,13,False,88.62971764576844,0.47771120445697157
591,Laurie Sanchez,F,25,USA,2023-12-16,Bronze,0,False,110.3257468486554,0.44440958976682665
592,Kiara Little,F,18,EU,2021-11-17,Bronze,25,True,83.69477457101833,0.5702745577838583
593,Jason Love,M,34,USA,2022-01-09,Silver,24,False,123.77021678136236,0.29093722189025095
594,Randy Smith,M,42,USA,2021-10-01,Silver,27,True,161.4592365229771,0.03902340530507148
595,Tanya Russell,F,43,Asia,2022-01-22,Silver,23,False,96.2534615073366,0.5128554148210135
596,Sherry Woods,F,24,EU,2020-11-12,Bronze,38,True,90.34556165241919,0.38811545587079244
597,Victor Morris,F,20,EU,2020-04-25,Bronze,44,False,117.11673644053839,0.3625955189568958
598,Susan Davis,F,33,USA,2021-11-06,Bronze,26,False,63.32798276173434,0.26365837978343454
599,Kimberly Sharp,M,41,USA,2021-02-11,Bronze,35,False,64.78285177343065,0.6806339972816391
600,Susan Thompson,M,34,USA,2021-11-06,Bronze,26,True,71.32026429603053,0.7730920137862547
601,Casey Gillespie,M,35,USA,2021-11-20,Platinum,25,True,136.12971399971886,0.4922410184773141
602,Jennifer Simpson DVM,M,44,USA,2019-01-05,Silver,60,True,206.89997892443319,0.47665170355715336
603,Tammy Mcdowell,F,25,USA,2020-11-13,Silver,38,True,153.61452790539272,0.5634716459685354
604,Keith Rodriguez,F,30,USA,2022-04-01,Bronze,21,False,86.59088853999319,0.5545085313298777
605,Mrs. Virginia Daniels,M,49,USA,2019-03-16,Bronze,58,False,74.19690282981418,0.4219679309910372
606,Todd Rosales MD,M,31,EU,2021-09-19,Bronze,27,True,144.02428134135954,0.6819448157868108
607,Brian Martin,F,20,USA,2022-11-11,Bronze,13,False,113.10037892493031,0.6698535010955746
608,David Lopez,F,26,USA,2020-02-22,Silver,46,True,146.14840395378866,0.6114363112446153
609,Rachel Bradley,F,23,EU,2021-07-02,Bronze,30,False,124.39038345557373,0.7667178367028897
610,Casey Chase,F,36,EU,2023-08-01,Gold,5,False,215.5504010249404,0.6161429176391906
611,Samantha Robertson,F,24,USA,2021-12-13,Platinum,24,False,269.881225227719,0.40156947114522035
612,Michael Lopez,F,35,Asia,2022-05-17,Bronze,19,False,87.87175317414027,0.5118600894631368
613,Franklin Wright,M,25,EU,2020-06-14,Silver,43,True,132.2880261365221,0.6409901334065028
614,David Molina,M,18,USA,2021-11-17,Silver,25,True,119.51931122288622,0.342268355849527
615,Elizabeth Sharp,M,36,Asia,2020-11-26,Bronze,37,True,122.23150883809083,0.45908215962241355
616,Matthew Schwartz,F,34,Other,2019-01-10,Gold,60,False,179.28074779999162,0.262523414436461
617,Bryan Parker,F,38,USA,2023-03-28,Bronze,9,False,127.06369352361466,0.8017307234174202
618,Jonathan Jacobson,F,26,USA,2019-07-17,Silver,54,False,125.13941329365363,0.5610850049861787
619,Emily Wilson,M,25,Asia,2023-11-13,Bronze,1,False,88.01960127054758,0.5894515994426179
620,Elizabeth Mendez,M,37,Asia,2019-03-06,Bronze,58,False,90.95171124436003,0.2737235956022824
621,Casey Hernandez,M,48,USA,2020-07-26,Bronze,41,True,82.01847198949446,0.666801181532044
622,Lisa Perry,M,33,USA,2020-02-04,Gold,47,False,176.5428960621743,0.5466573179408142
623,Kaitlin Medina,F,37,USA,2019-10-04,Bronze,51,True,111.01151606569894,0.23024070929458795
624,Colleen Wright,F,29,EU,2022-08-14,Bronze,16,False,124.0398589398362,0.5685151944635468
625,Shelley Miller,F,18,EU,2019-11-04,Bronze,50,False,105.98131619395942,0.35332619570006607
626,Michael Miller,F,42,USA,2021-10-24,Bronze,26,True,76.18635283362937,0.508479127876402
627,Amy Kelley,F,42,EU,2022-11-23,Silver,13,False,132.01491541307658,0.612914810562563
628,Laura Hernandez,F,40,Asia,2020-11-05,Silver,38,True,132.64139297032804,0.5292370268050858
629,Joseph Wilson,M,31,USA,2019-11-14,Gold,50,False,268.0202311517836,0.2233803003462661
630,Kevin Davis,F,38,USA,2022-01-15,Silver,23,False,179.5666589118332,0.5396769057941162
631,Rhonda Chavez,F,41,Asia,2021-11-23,Gold,25,False,248.56842952445894,0.627835332057594
632,Joyce Brown,F,49,Asia,2023-12-08,Silver,0,False,128.73146409123115,0.4699468358503438
633,Robert Cummings,M,42,EU,2020-09-26,Gold,39,True,149.0618848945869,0.5773635151059818
634,Robert Reese,M,33,EU,2022-03-24,Bronze,21,False,111.46754621469566,0.5798875893326363
635,Amber Cooper,M,19,USA,2022-11-11,Bronze,13,False,90.79575194263258,0.19681565871645512
636,Zachary Michael,F,34,EU,2022-08-07,Platinum,17,False,317.49514789433056,0.6875525044462745
637,Timothy Johnson,M,35,EU,2019-02-23,Silver,59,True,162.37404570434586,0.4160541806339475
638,Randy Cannon,F,40,USA,2020-12-13,Gold,37,True,184.19550238380052,0.39132730507536384
639,Maria Fisher,F,46,USA,2020-11-14,Bronze,38,True,120.08221712001297,0.3957597891367437
640,Janet Kane DVM,M,32,USA,2019-11-09,Gold,50,True,141.58401762922108,0.684569330381536
641,Michael Stanley,F,54,USA,2019-11-27,Silver,49,True,153.28189414454852,0.7210537162915335
642,Martha Bailey,F,18,USA,2019-07-15,Bronze,54,True,113.56980305424811,0.5708582298585555
643,Joshua Rice,M,37,USA,2021-10-21,Bronze,26,False,134.04532745902247,0.4278395304210296
644,Courtney Smith,F,25,USA,2022-05-08,Bronze,20,False,102.69628803803427,0.9363679457895093
645,Edwin Nunez,M,18,USA,2021-11-02,Gold,26,True,250.2971510930298,0.4973109165558983
646,Kim Morrow,M,30,Asia,2020-10-12,Silver,39,True,185.75280363440893,0.4021131001376754
647,Gregory Hill,F,18,EU,2019-11-16,Gold,50,False,293.4720607401189,0.6537005718712092
648,Molly Rodriguez,F,31,EU,2022-08-08,Bronze,17,False,106.47469386791593,0.4818338609195963
649,Jennifer Miranda,Other,33,Asia,2023-11-01,Gold,2,False,282.08318073348005,0.8135756779333403
650,Alexis Harris,F,44,EU,2022-11-25,Bronze,13,False,116.20130252510714,0.37304930056860375
651,Andrew Harper,F,18,USA,2023-11-17,Bronze,1,False,69.31724673502896,0.47288232457544505
652,Amber Yang,F,42,EU,2022-04-24,Bronze,20,False,100.57470553372004,0.7299212002836726
653,David Robinson,F,33,EU,2019-10-19,Platinum,51,True,245.00690641180518,0.5732202619990008
654,Amy Gordon,F,43,Asia,2023-12-20,Bronze,0,False,130.60513392258028,0.455552535458661
655,Robert Dennis,M,28,EU,2023-02-27,Bronze,10,False,103.37154969658509,0.36161444516390673
656,Kyle Chambers,F,19,USA,2020-12-13,Bronze,37,False,73.60890438269912,0.32960621664669004
657,Eric Thomas,M,20,USA,2022-04-26,Bronze,20,False,117.65542613588292,0.3057901285047364
658,Connie Turner,F,20,USA,2021-12-23,Gold,24,False,252.86198820627547,0.6457692932139036
659,Travis Hobbs,M,37,EU,2021-11-15,Silver,25,False,137.90479003967545,0.6178433398839818
660,Lori Simmons,F,47,EU,2020-11-26,Silver,37,False,136.58879740613344,0.5781608223987309
661,William David DDS,M,27,USA,2020-04-13,Gold,45,True,208.06671897823145,0.3342463407243239
662,Emma Butler,M,39,Other,2020-04-03,Silver,45,False,95.67961448501623,0.4563406302002154
663,James Webster,F,18,EU,2019-11-16,Gold,50,True,228.38878282166368,0.5489193027890554
664,Samuel Turner,M,34,USA,2019-11-09,Bronze,50,False,133.8262332476665,0.6891036622192754
665,Renee Melendez,F,39,USA,2019-12-19,Platinum,49,False,260.95838738921384,0.5541522595176605
666,Tracy Grant,M,18,USA,2019-09-08,Bronze,52,True,136.86118336223797,0.5197864656883314
667,David Harris,M,30,USA,2020-08-08,Silver,41,True,179.84474031043075,0.36075839828447737
668,Tammy Boone,M,40,USA,2020-11-14,Silver,38,False,147.68931414232682,0.6352515262186336
669,Nathaniel Lee,F,18,USA,2019-02-19,Bronze,59,True,112.69671546643224,0.4582499240921449
670,Michael Morrison,M,46,USA,2019-01-13,Bronze,60,True,131.9537717730974,0.2885383843365128
671,Chelsea Gill,F,36,USA,2023-07-03,Bronze,6,False,102.83636290750424,0.36731791766018895
672,Kristin Mendoza,M,40,Asia,2022-11-26,Bronze,13,False,107.85142680167874,0.6025318750727208
673,Felicia Krueger,M,28,USA,2023-03-05,Silver,10,False,133.93568782215468,0.6074077832790349
674,Timothy Hayden,M,18,EU,2022-10-08,Platinum,15,False,292.80741428110707,0.09784308381936635
675,Zachary Mendoza,M,38,EU,2019-06-06,Silver,55,False,171.0240027960342,0.4862696345739886
676,Larry Harris,F,32,Other,2019-07-05,Silver,54,True,144.5894669478475,0.30611445035661977
677,Kristen Rowe,F,33,USA,2019-12-21,Bronze,49,True,89.93124474511237,0.5593662221860924
678,Joseph Howard,F,43,USA,2023-02-27,Bronze,10,False,123.01973056807594,0.5882720470096764
679,Jose Crawford,M,40,Other,2020-03-12,Silver,46,True,164.4751033905161,0.3389003232130704
680,William Harrison,M,52,Asia,2022-05-06,Platinum,20,False,271.19321424786165,0.5014821935539369
681,Suzanne Wood,M,34,Asia,2023-05-08,Gold,7,False,270.11211900377924,0.6254147298800428
682,Justin Walker,F,26,USA,2019-04-22,Bronze,57,True,142.27233271545845,0.6535470818795137
683,Dean Donovan,M,31,USA,2020-09-23,Silver,39,False,180.43800645843135,0.3731956693429668
684,Jennifer Hernandez,F,37,EU,2023-12-25,Silver,0,False,114.16030070866265,0.6618450043468158
685,James Whitaker,M,43,Other,2022-02-07,Silver,23,False,162.21105635274637,0.5386885181567124
686,Mr. Michael Scott PhD,M,18,EU,2019-10-14,Silver,51,False,167.65861318174814,0.425978547692632
687,Maria Henry,M,33,EU,2022-06-09,Silver,19,False,102.45111114884236,0.4864165338246309
688,Robert Jackson,M,49,USA,2019-12-26,Bronze,48,True,123.84139808046719,0.6200323386866096
689,Katherine Stark,F,30,Asia,2019-11-17,Gold,50,True,208.3663969014186,0.6174644970889576
690,Maria Brown,M,42,USA,2021-11-19,Bronze,25,True,122.45148944690567,0.6361297502004774
691,Ryan Landry,F,37,USA,2022-08-06,Bronze,17,False,93.88929901605148,0.3991216303589219
692,Pamela Gutierrez,M,42,EU,2020-12-19,Gold,36,False,219.36882743899406,0.5336343704988366
693,Crystal Mann,F,24,EU,2019-06-27,Bronze,54,True,110.63819747441568,0.4640259902426013
694,Jonathan Brooks,M,24,USA,2020-11-18,Bronze,37,True,103.77175527119869,0.5318035856347563
695,Mary Jensen,F,33,USA,2023-03-21,Bronze,9,False,109.82766596458461,0.4239548789118597
696,Mr. Aaron Arnold,F,18,EU,2019-09-01,Silver,52,True,145.88676230864476,0.7381116840123589
697,Joseph Hill,F,30,USA,2019-10-05,Bronze,51,False,76.33923146732967,0.49728543612664594
698,Alicia Li,M,35,EU,2019-04-13,Bronze,57,True,59.166255228054496,0.47914506192979145
699,Renee Browning,F,50,USA,2020-07-11,Bronze,42,True,87.65301671401377,0.5666299913863613
700,Brent Hernandez,M,37,EU,2021-04-24,Gold,32,False,231.63254332843775,0.6663542078525907
701,Joseph Ochoa,M,39,EU,2022-11-09,Bronze,13,False,79.2231381913049,0.5067766975271334
702,James Watson,M,44,USA,2019-11-10,Silver,50,True,181.82415614656338,0.4531527520800852
703,Karl Branch,M,23,USA,2022-09-22,Bronze,15,False,127.8237165236531,0.6335251753567113
704,Michael Abbott,Other,31,USA,2022-10-20,Silver,14,False,164.1815516889954,0.7612393770826695
705,Shannon Malone,M,57,USA,2022-07-19,Bronze,17,False,96.680880793416,0.7131241618799917
706,James Tran,F,32,Other,2020-03-24,Silver,45,True,180.7412475266027,0.3524012145715844
707,Adam Jackson,F,44,USA,2022-05-28,Silver,19,False,184.71054437627043,0.6159361118480305
708,Mr. Richard Knight PhD,F,42,Asia,2023-12-02,Bronze,1,False,95.49785918556506,0.4894838915492678
709,Joseph Williams,F,18,USA,2020-07-08,Gold,42,False,203.39250676657477,0.6910634767099424
710,Sean Clay,M,36,EU,2020-09-23,Gold,39,True,167.46015397017607,0.7750049660975539
711,Anthony Jones,F,34,Asia,2023-11-18,Bronze,1,False,105.7240127321667,0.14397346811234663
712,Stephanie Elliott,M,36,EU,2021-06-18,Silver,30,True,87.99127985146397,0.5020303739828116
713,Timothy Edwards,F,25,EU,2021-03-02,Silver,34,False,141.22391294260476,0.43151320635828394
714,Laurie Goodwin,F,21,EU,2019-12-15,Bronze,49,True,82.93547837227032,0.39338038238323625
715,Jennifer Jones,F,28,USA,2021-11-17,Bronze,25,False,98.23833821331729,0.3615404833762699
716,David Davenport,M,32,Other,2019-05-23,Platinum,56,False,252.2877033628243,0.4329681364013669
717,Steven Rivera,M,44,Asia,2022-04-24,Silver,20,False,92.60765979183313,0.4565844305663665
718,Brenda Hinton,M,51,Other,2019-11-23,Gold,50,False,173.8443795179361,0.4473938274013749
719,Kathryn Mccann,M,46,USA,2021-11-15,Silver,25,True,135.7298171083162,0.19669562714497069
720,Jeffrey Roberson,M,41,Asia,2019-11-20,Bronze,50,True,121.30459429409972,0.5192066444486938
721,Randy Friedman,F,22,Other,2020-05-27,Bronze,43,True,87.17853422746963,0.6583004027472629
722,Raymond Johnson,M,28,USA,2021-10-15,Silver,26,False,124.57425971446159,0.41632499434832365
723,Willie Henry,F,35,USA,2019-11-28,Silver,49,True,114.24323019268417,0.25373360393700395
724,Todd Reynolds,F,26,Asia,2021-11-25,Bronze,25,False,122.85098762609528,0.514297334253692
725,Mary Miller,F,38,EU,2023-05-13,Silver,7,False,143.30950515460302,0.6591052816543755
726,Rebecca Marquez,M,40,Asia,2021-12-18,Gold,24,False,210.89310138118034,0.523548593638259
727,Christian Dawson,M,38,USA,2023-12-21,Silver,0,False,103.68642814758525,0.39093642090292907
728,Nancy Stewart,M,43,Asia,2019-01-15,Bronze,60,False,64.90315609255522,0.34261539573474475
729,Aaron Parker,M,23,USA,2023-07-18,Bronze,5,False,81.96248546421408,0.6059002779680082
730,Derrick Anderson,F,42,USA,2021-02-19,Platinum,34,False,397.3934192828325,0.4652051984873704
731,Jerry Peters,M,26,USA,2020-07-18,Gold,42,True,156.3436982381907,0.4221329987950817
732,Alexander Gomez,F,23,Asia,2023-11-24,Bronze,1,False,87.47766121067036,0.4089163063992487
733,Kyle Nguyen,F,38,EU,2021-10-15,Gold,26,True,200.51650232915284,0.5329936245007124
734,Edgar Hughes,F,45,EU,2020-02-10,Bronze,47,True,87.49684949094545,0.5175411197544124
735,Steven Stein,M,37,USA,2022-11-22,Bronze,13,False,109.56927800648964,0.5081464051602199
736,Laura Jackson,M,33,Asia,2023-12-21,Bronze,0,False,83.37843702039055,0.35527306708282325
737,Charles Turner,F,36,USA,2023-11-21,Bronze,1,False,77.97976547987176,0.3461973535186561
738,Arthur Hamilton MD,M,34,Asia,2019-06-16,Gold,55,True,308.7130550907667,0.40239638755585017
739,Mr. David Wright,M,21,EU,2022-01-09,Silver,24,False,121.89718449235241,0.5435168301679957
740,Linda Gonzalez,M,20,USA,2019-11-02,Bronze,50,True,115.90323998677226,0.5824275678211887
741,Eric Rush,M,32,EU,2019-11-13,Gold,50,False,162.31049703410991,0.7199902501216747
742,Manuel Brock,F,33,USA,2021-11-01,Gold,26,True,138.3621186736442,0.3744976153732686
743,George Ochoa,M,33,Asia,2019-01-22,Bronze,60,True,98.19482078434872,0.6088331085616814
744,Valerie Taylor,F,39,EU,2023-09-24,Silver,3,False,109.77285691722795,0.24203526433067252
745,Travis Harris,M,30,USA,2019-08-08,Silver,53,True,138.20563885505152,0.5525255200833241
746,Vincent Novak,F,38,Asia,2020-11-06,Silver,38,True,126.12463417409825,0.2731386138880436
747,Michael Henry,F,31,USA,2023-11-19,Silver,1,False,187.55553661343686,0.3161849113251387
748,Dana Bennett,F,51,EU,2021-12-19,Bronze,24,False,69.16122321940908,0.6129475153375947
749,Jenna Wilson,M,33,Other,2019-10-02,Bronze,51,True,113.51772484823151,0.5229316221173265
750,Leslie Gardner,M,56,EU,2020-04-18,Gold,45,False,211.4042443599406,0.4524496116847158
751,Krista Benton,M,36,USA,2020-05-18,Gold,44,True,190.83662863099084,0.2909002846375849
752,Michael Gonzales,F,30,Other,2023-08-23,Bronze,4,False,84.8368899604749,0.5553662281088161
753,Michael Fuentes,F,24,EU,2019-12-15,Bronze,49,True,103.44553701884247,0.5129835149655122
754,Jennifer Porter,F,18,USA,2020-05-26,Gold,43,True,209.0114687850039,0.6085122148516312
755,Dana Hopkins,M,23,USA,2019-12-25,Bronze,48,True,107.87495716901877,0.2395053491782163
756,Rachel Jones,F,24,Asia,2023-04-26,Bronze,8,False,94.61731305287267,0.5930175759341119
757,Karen Morales DDS,M,36,EU,2022-01-16,Bronze,23,False,77.09954153281262,0.41866679715801075
758,Melissa Stephens,F,27,EU,2020-11-27,Bronze,37,True,117.56928445469539,0.5436672914259668
759,Heather Woodard,M,34,Asia,2021-11-13,Bronze,25,True,99.9311469214799,0.49059265220604165
760,Margaret Miller,F,45,Asia,2019-07-23,Silver,54,True,131.6135441304096,0.37231114527172887
761,Mary Kelly,M,32,USA,2023-10-28,Bronze,2,False,79.96803116229306,0.43821462970751646
762,Amanda Terrell,M,53,USA,2023-05-24,Platinum,7,False,355.3480453045968,0.3684412249149175
763,Jennifer Goodwin,F,21,USA,2021-11-28,Gold,25,True,255.37432566591167,0.42121498130929286
764,Jessica Smith,M,31,Asia,2022-11-28,Gold,13,False,223.01354564381757,0.3636371981045098
765,Jorge Stone,F,27,USA,2019-02-05,Gold,59,True,225.69796203464244,0.5602359238014889
766,Laura Griffin,F,42,EU,2022-12-18,Silver,12,False,185.17151757292137,0.37101836592533183
767,Raymond Chapman,F,18,Asia,2023-09-24,Bronze,3,False,92.76283413196556,0.5836655070696639
768,Haley Johnson,M,18,Asia,2020-04-05,Bronze,45,True,142.68202054464518,0.9898637436007601
769,Jason Nixon,M,31,USA,2022-06-16,Bronze,18,False,78.80861214321035,0.4614646296864956
770,Todd Thomas,F,48,Asia,2020-12-25,Bronze,36,True,95.132715522726,0.2626959462306906
771,Jesse Clark,M,35,USA,2021-08-06,Silver,29,True,126.85327630745184,0.8156051716048118
772,Mr. Jeffrey Horton,F,19,Asia,2023-11-07,Platinum,1,False,303.8152950876029,0.5523502818728218
773,Eric Patrick,M,21,USA,2020-12-01,Bronze,37,True,134.61824701230597,0.48047638127417464
774,Samuel Wong,M,49,USA,2019-11-08,Silver,50,True,142.84784570563244,0.44382736157310554
775,Carly Riggs,M,26,Asia,2023-11-07,Silver,1,False,162.64754169766678,0.342323841886482
776,Christopher Moore,M,23,USA,2021-05-23,Bronze,31,True,41.83714241970239,0.4492151396820659
777,Tina Hall,M,47,USA,2019-11-07,Gold,50,True,217.10762257754865,0.3830150454988637
778,Cody Davidson,F,43,Asia,2023-08-07,Silver,4,False,179.95413604316337,0.38439811728438805
779,Allen Mendez,F,45,Asia,2022-12-27,Bronze,12,False,102.45882855174752,0.5878833515189857
780,Kevin Price,M,23,EU,2023-03-01,Gold,10,False,157.34801829005704,0.6456921791331853
781,Christine Goodwin,F,18,EU,2019-06-12,Silver,55,True,113.9860498828275,0.46613747830216434
782,Amy Garcia,F,34,EU,2020-02-25,Bronze,46,True,88.90923753492011,0.5753020975399366
783,Chelsea Nguyen,F,36,USA,2020-08-23,Silver,40,False,113.73483617896278,0.814339236709479
784,Dennis Huffman,F,36,USA,2023-03-23,Silver,9,False,197.27987254179342,0.3739007506373954
785,Margaret Harper,F,47,USA,2023-12-11,Bronze,0,False,109.35001037936712,0.2549251752271863
786,Laurie Bailey,M,18,Other,2021-09-16,Gold,27,True,257.78727878074363,0.6249187418627453
787,Lisa Cervantes,M,41,EU,2022-11-28,Platinum,13,False,282.6539310987296,0.3899336107519352
788,Elizabeth Mendez,M,22,EU,2021-03-01,Silver,34,True,127.06462113139085,0.42089205110317074
789,Cesar Wilson,F,41,EU,2021-05-06,Silver,32,False,128.91214291844855,0.518456344017983
790,Clayton Steele,M,28,Other,2020-04-26,Gold,44,True,181.51185146637772,0.6858698898298802
791,Jennifer Taylor,F,24,USA,2020-12-24,Bronze,36,True,90.11305908852928,0.5196547508022505
792,Cody Reid,M,26,EU,2019-03-05,Platinum,58,True,373.30750543302736,0.18207475326870498
793,Maria Cooke,F,18,EU,2021-10-12,Silver,27,True,177.4093880314851,0.5537350393412869
794,Katherine Taylor,M,33,EU,2019-08-28,Bronze,52,True,105.41755185064478,0.5347327466557755
795,Jerry Brown,M,25,USA,2023-12-17,Silver,0,False,100.2078845732108,0.3709649345044112
796,Adam Taylor,M,40,Asia,2019-06-13,Silver,55,True,158.85166590567655,0.24466029723859756
797,Tracey Wagner,M,39,Other,2020-09-05,Bronze,40,True,93.7840690090349,0.4426655173552711
798,Michael Perry PhD,M,49,EU,2021-11-15,Silver,25,True,192.18705311826545,0.15453827358687328
799,Bradley Johnson DDS,F,36,EU,2020-07-02,Silver,42,False,176.86295837182837,0.2319881405873817
800,Donald Medina,M,38,Other,2023-12-02,Silver,1,False,154.2648840391555,0.29735046621659844
801,Jim Newton,M,47,Asia,2022-01-20,Bronze,23,False,58.04611269446488,0.3121086636838757
802,Krista Wilson,F,26,USA,2021-12-16,Silver,24,False,145.91713359401786,0.6318749304629995
803,Reginald Morrow,M,18,EU,2020-08-12,Silver,41,True,130.40085939508845,0.47737817664331206
804,Rodney Williams,F,35,EU,2022-12-27,Platinum,12,False,324.32045783868944,0.5522817769176421
805,Kimberly Fritz,Other,18,EU,2023-04-04,Gold,9,False,154.3151139033922,0.5312139930991153
806,Ronald Potter,M,57,Asia,2022-04-26,Gold,20,False,210.4936991662608,0.269198205749142
807,Zachary Cole,M,47,Other,2020-12-23,Bronze,36,False,55.63674642542022,0.4154502499313017
808,Robert Gonzales,M,54,Other,2020-06-09,Gold,43,False,144.57535636048914,0.4657656250915271
809,Patricia Young PhD,F,33,EU,2023-11-27,Bronze,1,False,82.40290070748927,0.480052347380215
810,Heather Page,F,38,USA,2023-10-12,Bronze,2,False,89.07634388419459,0.5718526746286193
811,Carol Taylor,F,28,Other,2022-11-02,Bronze,14,False,107.77831717537153,0.6387614761682935
812,Daniel Brown,F,41,Asia,2022-04-08,Gold,21,False,133.79792759224924,0.5554732725092523
813,Douglas Ryan,M,20,USA,2020-11-14,Bronze,38,True,87.17648337775435,0.7642497959954694
814,Michael Roberts,F,18,Other,2023-02-24,Bronze,10,False,87.68521275071862,0.5657779543813304
815,Scott Duke,F,25,Asia,2019-05-11,Bronze,56,True,113.75997705171004,0.4198333691805854
816,Anna Estes,F,18,EU,2023-11-08,Silver,1,False,144.2482522860117,0.6926116183805672
817,Tamara Riddle,F,47,EU,2021-11-09,Gold,26,False,161.3049408901532,0.31706536155485676
818,Beth Cline,F,51,USA,2021-06-25,Bronze,30,True,78.42340236862388,0.5801167741741604
819,Michael Poole,M,18,USA,2023-11-26,Silver,1,False,133.416652427855,0.4774783654334093
820,Megan Burns,M,45,USA,2022-12-07,Bronze,13,False,67.03166285839117,0.37127502567592274
821,Debra Perry,F,42,Asia,2021-11-21,Bronze,25,False,132.51750309709337,0.5313933987982423
822,Mark Beard,M,18,USA,2020-11-23,Bronze,37,False,99.91283138119907,0.4571779882858049
823,Jose Ramirez,F,29,USA,2020-06-14,Bronze,43,True,81.72903832085876,0.2231380194958213
824,Jackie Clements,M,27,USA,2020-12-07,Silver,37,False,118.36605528421148,0.5276297994449469
825,Aaron Schroeder,F,40,EU,2023-06-26,Bronze,6,False,75.85364082638752,0.34517192168983435
826,Monica Ellis,F,20,Other,2021-02-10,Gold,35,True,214.84712616590113,0.5183725509782313
827,Heather Brown,M,32,USA,2022-01-07,Platinum,24,False,200.79737427590277,0.4809265155099696
828,Claudia Jordan,F,26,USA,2020-02-24,Bronze,46,False,96.44018709826787,0.5645791723104231
829,Derrick Clayton,F,37,Asia,2022-12-15,Bronze,12,False,111.47249574368762,0.15913663919427085
830,Kenneth Knight,F,30,EU,2020-10-18,Silver,39,True,132.4212520600846,0.35136517376934484
831,Mr. Michael Williams,M,27,USA,2023-10-13,Bronze,2,False,79.7625786552883,0.5161168111808015
832,Richard Stevens,M,30,EU,2020-11-04,Bronze,38,True,116.75396745072975,0.9324496183406206
833,Scott Alexander,M,53,USA,2023-11-12,Bronze,1,False,77.36131934306184,0.5208234337218123
834,Tyler Harris,M,28,USA,2021-04-25,Gold,32,True,188.89246321691348,0.4339949478775712
835,Bonnie Santos,F,22,EU,2021-01-20,Silver,35,True,153.45660818661392,0.6309692860640268
836,Timothy Hill,F,38,EU,2022-12-18,Bronze,12,False,87.91740637491971,0.41163909511123464
837,Danielle Watson,F,31,Other,2020-09-07,Bronze,40,False,76.03230413122084,0.5648894041094145
838,Carol Sanders,F,18,USA,2021-12-22,Bronze,24,False,88.82980619118999,0.5077993455463843
839,Michael Young,F,55,EU,2019-11-04,Bronze,50,True,106.80651436523061,0.6607996577358348
840,Michele Smith,M,29,EU,2019-05-24,Bronze,56,True,85.42897948381352,0.5992433618556207
841,Casey Perez,F,29,USA,2022-09-22,Gold,15,False,218.19849120194485,0.42812509603519394
842,Alexandra Dominguez,M,34,EU,2021-10-08,Bronze,27,False,94.89543902038582,0.2746907880990932
843,Virginia Henderson,F,50,USA,2023-11-20,Bronze,1,False,87.89882772560105,0.33961991467313274
844,Benjamin Reyes,M,18,Other,2019-11-18,Bronze,50,True,85.49160530206913,0.5444600671360486
845,Ashley Edwards,M,35,USA,2021-11-28,Bronze,25,True,104.64131494238542,0.4922322671372997
846,Breanna Ayala,F,53,EU,2023-01-06,Platinum,12,False,367.6168007869481,0.5040924662024157
847,Brandi Haney,F,34,USA,2020-11-09,Bronze,38,True,102.4368968117244,0.5381236015202361
848,Joseph Smith,F,20,Other,2021-03-12,Bronze,34,True,80.70486969966831,0.37717217594457725
849,Jessica Bowen,F,26,EU,2020-11-09,Bronze,38,True,121.86343483598819,0.48433073395388154
850,Brittany Jenkins,M,35,EU,2019-10-15,Bronze,51,True,82.29530766394589,0.4984999468024652
851,Shannon Miller,F,46,USA,2020-04-27,Gold,44,True,269.1567975640147,0.2843429142359045
852,Paul Lawrence,M,29,Asia,2019-12-13,Bronze,49,True,96.78289066213672,0.4082401206571741
853,Victor Edwards,F,41,USA,2022-05-25,Bronze,19,False,82.43164821745364,0.5587141277939531
854,Donald Miller,F,18,Asia,2022-11-03,Bronze,14,False,111.17506246120948,0.6048462009229677
855,Lindsay Lawson,M,18,USA,2019-04-03,Silver,57,True,140.65696630635944,0.37883307036988184
856,Melissa Abbott,F,28,USA,2023-11-26,Silver,1,False,163.2856022380156,0.5749142991461703
857,Elizabeth Holmes,F,47,USA,2022-12-19,Silver,12,False,152.76009117115265,0.40783292037368857
858,Nicole Phillips,M,33,EU,2023-01-21,Bronze,11,False,72.41648851801331,0.36813720273658485
859,Steven Blevins,F,35,EU,2023-12-21,Gold,0,False,197.19705158499812,0.7865270514161568
860,Brian Porter MD,F,35,USA,2023-01-13,Bronze,11,False,110.02816843304704,0.43774003884232415
861,Vanessa Hatfield,F,44,Asia,2021-01-21,Silver,35,True,153.37540640003775,0.27877288732907013
862,Bonnie Valencia,M,26,EU,2021-11-24,Silver,25,False,187.6752103916797,0.43429473376787575
863,Holly Vega,M,39,EU,2023-11-26,Silver,1,False,159.35634256356565,0.4600615823917421
864,Tiffany Townsend,F,24,EU,2019-03-12,Bronze,58,True,95.16188417197719,0.636908507206569
865,Austin Baker,M,52,EU,2022-12-24,Bronze,12,False,104.20508410651094,0.44615145750456586
866,Antonio Mccormick,F,24,EU,2020-11-24,Bronze,37,True,90.1511685808738,0.5567596488987879
867,Lori Mason,M,24,USA,2021-03-25,Bronze,33,True,107.20989914647828,0.6594192195696902
868,Michael Miller,F,38,USA,2021-12-26,Silver,24,False,160.7735793891488,0.41248329611255596
869,Lisa Ramirez,F,33,Asia,2020-10-06,Bronze,39,True,75.22476816418332,0.5436371481532378
870,Jorge Harris,M,36,Other,2023-07-18,Silver,5,False,173.17789976356153,0.4905561365443941
871,Kimberly Myers,M,35,USA,2020-12-09,Gold,37,True,289.3387620955517,0.5337869967653395
872,Sandra Becker,F,22,USA,2023-06-22,Bronze,6,False,110.91998034247399,0.5151389816048682
873,Michael Blair,F,49,EU,2021-06-17,Bronze,30,False,59.39916334708468,0.5219210631133716
874,Amy Miller,M,41,EU,2020-10-28,Gold,38,True,182.92860606040907,0.45716881477866056
875,Jesse Lynch,F,46,USA,2019-12-12,Silver,49,False,111.61777207551002,0.5037745498410017
876,Patrick Yang,M,27,USA,2022-06-21,Bronze,18,False,94.16405521378536,0.4590792990900985
877,Michael Miles,M,37,Asia,2022-03-23,Bronze,21,False,113.71890482230678,0.8496815904914486
878,Troy Mills,F,34,EU,2022-06-28,Silver,18,False,128.4516173594221,0.5907745638453848
879,Michelle Jackson,M,44,USA,2020-09-28,Silver,39,True,206.54110456370177,0.5003438837819887
880,Richard Adams,F,44,USA,2023-07-17,Silver,5,False,63.57829507177671,0.4493130606214477
881,Patricia Johnson,M,34,USA,2021-12-15,Silver,24,False,142.55680189367484,0.6468041588094144
882,Denise Brown,M,18,EU,2022-12-23,Silver,12,False,161.37798635135394,0.37770167027676693
883,Laura Jones,M,50,USA,2020-08-27,Bronze,40,True,75.6111809476846,0.307492145686614
884,Ian Porter,F,38,USA,2022-11-21,Silver,13,False,117.36503607483043,0.296229682727434
885,Holly Scott,F,26,Asia,2023-02-21,Platinum,10,False,345.37727263097963,0.6946237901391661
886,Kenneth Sharp,F,37,USA,2019-10-02,Bronze,51,True,138.5679715846436,0.6868326253905461
887,Jordan Williams,M,18,EU,2019-11-28,Silver,49,True,211.3809755839892,0.5239742154529053
888,Dana Ruiz,M,43,USA,2021-08-04,Bronze,29,False,93.0683266732694,0.41596024093380496
889,Chris Velazquez,F,18,USA,2019-03-09,Bronze,58,False,127.02664204015487,0.41757531227651756
890,Kristen Sloan,M,30,USA,2019-06-12,Gold,55,False,197.24883717565945,0.8063098034482638
891,Jennifer Morris,F,35,Asia,2020-10-02,Bronze,39,False,118.33396213609983,0.4863798131073557
892,Nathan Nelson,M,43,Asia,2020-12-25,Bronze,36,True,95.78707873099546,0.551456732361481
893,Jake Shaw,F,34,Asia,2021-11-24,Bronze,25,False,77.3063097994111,0.4340035932756844
894,Cassie Brock,M,39,USA,2021-02-04,Bronze,35,True,132.03653641558518,0.5135625766716605
895,Dr. Andrea Marshall,F,32,EU,2020-09-12,Silver,40,False,205.87546610790253,0.5566786961281774
896,Ryan Murphy,M,32,USA,2019-12-02,Bronze,49,True,91.58419872364297,0.7709385243278697
897,Aimee Gonzalez,M,33,USA,2023-10-06,Bronze,2,False,118.73256420442219,0.4869584316884811
898,Elizabeth Dean,M,31,Asia,2019-02-07,Bronze,59,False,97.0998521251302,0.5775001621279722
899,Kevin Snyder,M,18,USA,2019-11-18,Silver,50,False,215.42729396068384,0.44640409260387265
900,Christie Mccullough,M,25,USA,2023-12-24,Silver,0,False,105.21271652715106,0.5279292367929782
901,Danielle Smith,F,35,USA,2021-08-25,Silver,28,False,144.65138320887473,0.5512820222378797
902,David Reed,F,30,USA,2020-06-05,Silver,43,False,106.58229001842344,0.46932300323433346
903,Sherry Tapia,F,31,USA,2021-10-22,Bronze,26,False,68.266278166112,0.535534489208933
904,Matthew Sweeney,F,29,EU,2021-12-22,Silver,24,False,146.52322609976568,0.3936134919631748
905,Ashley Moreno,F,24,EU,2021-11-10,Bronze,26,True,90.99140649287716,0.5754075781273557
906,Johnathan Brown,M,28,Asia,2020-11-18,Bronze,37,True,79.77378112717605,0.5083440313775086
907,Michelle Davis DVM,M,29,Asia,2021-04-11,Silver,33,True,175.11577615279816,0.41714034679608697
908,Kelly Haynes,M,33,USA,2021-12-17,Bronze,24,False,125.97497700812507,0.48238802754927956
909,William Miller,F,36,USA,2022-10-11,Bronze,14,False,110.2573716589848,0.6961214113541184
910,Casey Wilkins,M,31,USA,2019-12-05,Bronze,49,True,62.464760328144024,0.4843184416177015
911,Keith Graham,M,22,EU,2022-11-06,Silver,14,False,160.18489492050844,0.5641415226798948
912,Cynthia Green,F,19,USA,2020-11-14,Bronze,38,True,106.59453255277421,0.563701228609131
913,Robert Haynes,M,58,EU,2023-04-16,Platinum,8,False,249.46524189407495,0.5869693067138054
914,Emily Nelson,F,21,EU,2023-11-28,Bronze,1,False,106.91711663077744,0.3343075065713539
915,Dale Chan,F,27,EU,2022-06-14,Silver,18,False,134.79101234563547,0.3447209635725166
916,Brittney Martin,M,38,EU,2022-04-01,Gold,21,False,167.18651523362874,0.3877543050300826
917,Jason Herrera,M,36,USA,2022-10-24,Silver,14,False,114.51844526984746,0.5910329922415994
918,Christine Parker,F,38,Other,2019-12-05,Silver,49,True,175.03025294909176,0.5392931492480373
919,Bryan Moore,F,28,Asia,2020-10-05,Silver,39,True,188.8028928705303,0.5317596461443634
920,Samantha Terry,M,35,USA,2021-02-08,Bronze,35,True,97.17355081346285,0.4818653420974567
921,Russell Murphy,F,33,Asia,2022-05-14,Gold,19,False,239.38874520535404,0.30129107893041307
922,David Kelly,F,29,EU,2019-05-08,Bronze,56,True,130.52950922397054,0.4099431018039371
923,Megan Green,M,35,Asia,2023-06-09,Gold,6,False,205.25227290681434,0.5316750453241771
924,Amanda Sullivan MD,M,43,Asia,2023-11-27,Silver,1,False,147.67770482538248,0.4744297132307749
925,Danielle Murray,F,32,EU,2023-08-20,Gold,4,False,218.78518075214956,0.5268002473670552
926,Brenda Smith,M,32,USA,2022-12-03,Bronze,13,False,83.24498524984345,0.26642264823322
927,Vickie Anderson,F,43,USA,2023-01-10,Gold,11,False,221.87540462186263,0.4980192519333402
928,Jacqueline Mccoy,M,42,EU,2023-05-16,Bronze,7,False,103.02191028275215,0.18693022413792293
929,Lauren Green,F,48,EU,2023-10-11,Silver,2,False,110.79911456537498,0.30440634867170047
930,Alison Brown,F,18,USA,2021-12-02,Bronze,25,True,74.10017164432426,0.3543018354761365
931,Jill Anderson,F,42,USA,2023-01-01,Silver,12,False,120.44092930324805,0.223594461392647
932,Sandra Rivera,M,39,Asia,2019-12-10,Silver,49,False,165.37940362084962,0.3797642405587022
933,Joel Jackson,M,24,Other,2022-11-21,Bronze,13,False,93.25307873765357,0.5415339869760973
934,Samantha Foster,F,35,EU,2021-11-06,Silver,26,True,149.24901529078784,0.6749234707390157
935,Michael Thompson,M,43,USA,2021-12-08,Bronze,25,False,127.32638292410432,0.41967738197240145
936,Cody Ramirez,M,24,USA,2022-11-06,Silver,14,False,163.28446421195403,0.40149332119622955
937,Amanda Harvey,F,37,USA,2023-06-02,Silver,7,False,130.7246637170583,0.48195887355809974
938,Edward Jenkins,M,41,Other,2023-06-08,Bronze,6,False,80.25807007697634,0.45979061029959806
939,Amy Ramirez,M,22,USA,2020-12-21,Silver,36,True,159.15317260232854,0.348058298386471
940,Curtis Wilkerson,M,31,EU,2023-11-03,Silver,1,False,120.86792751770221,0.5812413100272007
941,Lydia Pham,F,36,USA,2019-10-22,Bronze,51,False,125.0605568260653,0.4558550877856635
942,Virginia Casey,F,25,EU,2023-12-12,Platinum,0,False,314.74640548761965,0.4011469400538834
943,Joshua Washington,M,24,EU,2022-11-06,Silver,14,False,153.8751947651731,0.41468088553868676
944,Kathryn Price,M,31,Asia,2023-10-19,Bronze,2,False,80.90074804651677,0.852693367480698
945,Francis Robinson,M,41,USA,2022-02-07,Bronze,23,False,112.38741685605413,0.6162127200761878
946,Paula Brown,F,39,USA,2021-10-23,Silver,26,False,183.8533559396001,0.44907550163788035
947,Kendra Wang DVM,M,24,USA,2020-09-23,Bronze,39,True,97.27457977150813,0.13455353857633479
948,Ariel Sandoval,F,39,Other,2021-12-24,Bronze,24,False,118.56452586936686,0.24439094255373778
949,Robert Stark,M,24,Asia,2022-12-27,Bronze,12,False,91.90328504171535,0.5129736188225895
950,Zachary Robinson,Other,18,EU,2020-12-23,Silver,36,False,148.13159999796318,0.4563945512353828
951,Rebecca Kelly,M,29,EU,2021-07-13,Silver,30,True,212.58099353947426,0.3271844055242894
952,Sarah Thompson,F,44,EU,2023-08-04,Bronze,5,False,92.57039628575109,0.48020460578462065
953,Renee Wolfe,M,39,USA,2023-11-21,Silver,1,False,166.19054952063868,0.3882951895606252
954,Alyssa Haynes,M,32,Other,2020-04-14,Platinum,45,True,276.6542846845457,0.4038236627926039
955,Kristy Hart,F,28,EU,2021-10-04,Platinum,27,False,316.82639225955006,0.4740021166342928
956,William Keith,F,29,USA,2019-12-18,Gold,49,True,227.8451154588615,0.34758214813704635
957,Eric Henry Jr.,M,34,EU,2019-08-07,Gold,53,False,163.96683748707048,0.29214837612163946
958,Daniel Fox,F,22,USA,2019-10-13,Bronze,51,True,85.89626763380204,0.296849969639997
959,Thomas Harris,F,29,USA,2021-01-03,Bronze,36,False,111.35333635414119,0.4392424313865281
960,Mitchell Sellers,F,30,Asia,2021-12-17,Bronze,24,False,103.23256212225068,0.26253388058674043
961,Erica Johnson,M,19,USA,2021-11-01,Silver,26,False,185.17424651522578,0.8285322087064754
962,Sylvia Schroeder,F,24,EU,2022-08-25,Gold,16,False,210.7967674250487,0.6400232237805341
963,Shannon Yu,M,37,USA,2019-01-11,Bronze,60,False,137.20338742610272,0.6079698295912539
964,Tom Foster,M,33,USA,2019-07-19,Bronze,54,True,113.93636845567079,0.36723172507458
965,Eric Taylor,F,29,USA,2019-01-07,Silver,60,True,206.3595300685985,0.37276086589172586
966,Travis Conner,M,23,USA,2022-07-25,Bronze,17,False,133.7904266889143,0.28757540204625504
967,Marie Thompson,M,48,Asia,2022-12-14,Bronze,12,False,87.15994496683865,0.7757593352828462
968,Melissa Mcfarland,F,24,USA,2021-03-07,Bronze,34,False,129.60788619550365,0.701508573493779
969,Courtney Chapman,F,35,EU,2019-09-27,Platinum,51,True,356.4161832879756,0.6008481799511656
970,Eric Barker,M,28,EU,2019-04-24,Bronze,57,False,117.40619394988396,0.481841908186011
971,Nicholas Rush,M,33,EU,2023-11-22,Silver,1,False,185.55030341056698,0.44176743697382964
972,Jenna Gamble,F,37,Other,2023-05-11,Bronze,7,False,93.81640097933908,0.5758872078363206
973,Amanda Guzman,M,19,Asia,2023-12-19,Silver,0,False,159.85385680745378,0.7396603206580337
974,Tracy Walker,F,32,USA,2022-12-16,Bronze,12,False,91.58905982595516,0.5964239422666952
975,Taylor Taylor,F,44,USA,2021-12-17,Bronze,24,False,146.19690000290905,0.33306500009569295
976,Cynthia Haas,M,50,USA,2020-11-26,Bronze,37,True,84.94301253299619,0.3850442217426112
977,Stephen Davis,F,31,EU,2019-02-14,Bronze,59,False,74.43122438115583,0.5701967496654162
978,Margaret Tanner,F,33,USA,2023-11-24,Silver,1,False,125.4739364032622,0.37044896160988194
979,Derek Wright,M,55,EU,2019-02-22,Bronze,59,True,98.90000603272176,0.4293581236396079
980,David Rodriguez,F,44,EU,2019-11-15,Gold,50,False,197.52784944724812,0.7265679170545756
981,James Oconnor,F,26,USA,2019-04-18,Bronze,57,False,117.80306893762071,0.45288065564299707
982,Stacey Snyder,F,26,Asia,2021-12-12,Bronze,25,True,100.61989245525278,0.26365940244572117
983,Joshua Garcia,F,42,USA,2019-12-13,Gold,49,True,180.20823114668306,0.9328623604682127
984,Sean Curtis,M,22,USA,2021-11-26,Bronze,25,True,109.6587425985285,0.6631501371911096
985,Carla Jones,M,43,Asia,2020-11-24,Bronze,37,False,123.29667961057844,0.4904517724162888
986,Elizabeth Flores,M,36,EU,2020-11-04,Bronze,38,False,104.14261596719152,0.49891038240919533
987,Angela Jackson,M,38,EU,2022-08-10,Gold,16,False,234.74617121459283,0.1810171378864157
988,Nicholas Payne,M,30,EU,2019-10-09,Gold,51,True,203.33525641713737,0.4410560168867488
989,Anna Wheeler,F,26,USA,2023-04-12,Bronze,8,False,94.80350828862865,0.3883784091318522
990,Karen Johnson,F,47,Asia,2022-12-25,Silver,12,False,170.9504522868596,0.5146614634824276
991,Carmen Preston,F,30,Asia,2022-12-25,Silver,12,False,156.85893840857753,0.7441522148218835
992,Brian Harris,F,28,EU,2020-09-04,Gold,40,True,240.1767912348246,0.5660169814308309
993,Michael Bowen,F,32,USA,2023-10-06,Bronze,2,False,130.8443585851839,0.8045457383310315
994,Deborah Campbell,M,34,EU,2019-08-14,Gold,53,False,195.46696047448063,0.2905738231292509
995,Anthony Armstrong,F,22,USA,2019-01-04,Bronze,60,True,112.93804426985402,0.2686696700090755
996,Brittany Ward,M,27,USA,2020-05-26,Bronze,43,False,121.36030094021993,0.6863071884087883
997,Edward Stanley,F,26,Other,2021-11-10,Bronze,26,True,108.20601419306337,0.5156054664150527
998,Christina Johnson,F,41,USA,2020-05-05,Silver,44,True,165.3040509015085,0.5700961611254389
999,Edgar Miller,M,24,Other,2023-11-07,Silver,1,False,154.301773463137,0.49596381738807654
1000,Elizabeth Sanders,F,18,EU,2021-05-07,Silver,32,True,157.66269899317018,0.5292754290098313
1001,Matthew Davis MD,F,18,USA,2023-11-10,Silver,1,False,165.6560314704823,0.603187661598379
1002,Stephen Wood,M,18,EU,2019-09-22,Silver,52,True,131.76642235621821,0.5379180700204984
1003,Dennis Marshall,F,46,Asia,2021-11-28,Silver,25,True,99.04834099571914,0.4143011597262687
1004,Derrick Brown,M,33,Asia,2023-11-26,Bronze,1,False,98.24573501718432,0.849529863089985
1005,Mary Miller,M,38,Asia,2019-11-20,Bronze,50,False,96.6169027033364,0.5141504990614657
1006,Joshua Arellano,F,38,EU,2023-11-13,Bronze,1,False,132.4021430077121,0.47007974499599103
1007,Kristen Randall,F,33,EU,2021-11-28,Bronze,25,True,105.9235138098754,0.44817722069784033
1008,Jennifer Nichols,F,32,Asia,2019-02-15,Silver,59,True,166.86071445134854,0.5511325035659772
1009,Karen Keith,F,43,USA,2023-10-21,Silver,2,False,137.65320866478174,0.46361452761676136
1010,Blake Orr,M,34,EU,2022-08-05,Silver,17,False,132.12382159684154,0.1956299424263609
1011,Kathryn Lester,F,46,USA,2021-11-25,Bronze,25,True,83.30719400412443,0.4618789349848638
1012,Megan Oliver,F,39,Other,2021-06-16,Silver,30,False,112.19366747116796,0.33751856718174883
1013,Peter Thompson,F,26,Other,2021-08-27,Bronze,28,True,114.52858910727886,0.5401246284878352
1014,Dr. Rhonda Martinez,M,28,USA,2019-01-06,Gold,60,False,212.2652304958361,0.49548971161077093
1015,William Graham,F,25,Asia,2021-01-04,Bronze,36,True,129.54522212333865,0.4004299483247956
1016,Lori Flowers MD,F,45,Other,2023-04-06,Silver,9,False,166.49151761666553,0.64115739820082
1017,Suzanne Jones,F,28,USA,2022-09-23,Silver,15,False,157.28627478220233,0.4894128671148953
1018,James Nguyen,F,25,EU,2023-05-23,Gold,7,False,120.74509909415167,0.44346445647237764
1019,Jimmy Marks,M,36,Other,2023-02-26,Bronze,10,False,138.16619634794,0.44568409722234154
1020,Lisa Mills,F,32,USA,2021-08-16,Bronze,28,False,100.78328348660237,0.4423299380605773
1021,Jason Hernandez,F,35,EU,2022-07-19,Bronze,17,False,58.32374771185201,0.5760284962715246
1022,Olivia Ayers,M,51,USA,2022-05-06,Bronze,20,False,104.51570370893235,0.3830871238692412
1023,Kristine Garcia,F,42,Other,2022-02-11,Silver,22,False,125.67298397837239,0.5105442933943296
1024,Joseph Cooper,M,33,Other,2022-03-14,Gold,21,False,166.1360521642256,0.4243935182069542
1025,James Washington,M,18,Other,2020-05-23,Bronze,43,False,105.3300635031473,0.40354248691135974
1026,Amanda Hill,F,28,EU,2022-05-15,Silver,19,False,132.3758194485622,0.5708911045417093
1027,Lee Steele,M,40,Asia,2021-12-01,Gold,25,True,241.06755053270288,0.35974157877186497
1028,Steve Rivera,M,21,Asia,2022-12-04,Bronze,13,False,97.69073895922094,0.5781197553954781
1029,Patrick Mccall,F,54,USA,2023-10-07,Bronze,2,False,107.99803409145872,0.5464500022405466
1030,Alicia Roth,M,33,Asia,2020-08-28,Gold,40,True,222.66354822463217,0.6990982462459168
1031,Douglas Vasquez,M,33,USA,2023-11-10,Gold,1,False,210.07339080422173,0.2361559731545121
1032,Annette Melton,M,26,EU,2021-01-01,Silver,36,True,156.42969342889734,0.6528563019236493
1033,William Ramos,M,37,USA,2021-12-14,Bronze,24,False,102.83266055675477,0.4546208082918793
1034,Debra Butler,F,21,USA,2022-08-24,Bronze,16,False,129.87006575136198,0.2318525406858693
1035,Chelsea Lewis,F,54,USA,2021-06-06,Silver,31,False,175.31683655088204,0.4011475081317961
1036,Natalie Malone,F,46,EU,2020-03-14,Bronze,46,True,86.18362458233156,0.5767847182050918
1037,Samantha Robertson,F,42,USA,2023-12-22,Bronze,0,False,77.76994378032896,0.48711172970615796
1038,Eric Hunter,M,19,Asia,2021-11-19,Silver,25,False,126.17961711315911,0.702169721835134
1039,Samuel Suarez,F,35,USA,2021-11-06,Silver,26,True,162.83443680355916,0.4492492735020077
1040,Corey Whitaker,F,45,USA,2020-12-20,Gold,36,True,155.82451454408493,0.4949831041437247
1041,Danielle Bryant,F,38,EU,2019-12-25,Bronze,48,False,86.944064363015,0.47226335265382585
1042,Michele Hill,F,22,Asia,2019-06-20,Bronze,55,True,73.13961462003839,0.3467738855059242
1043,Kathy Reid,F,26,USA,2020-11-06,Gold,38,True,237.2632965291298,0.4956930713749252
1044,Andre Watson,F,28,EU,2021-11-11,Silver,26,True,169.88495780068328,0.4671218896817415
1045,Cassandra Harrell,M,26,Asia,2020-11-22,Gold,37,True,235.146510709526,0.5131408422273098
1046,Hannah Martin,F,48,EU,2020-04-11,Platinum,45,True,271.5123658536039,0.5088984969725757
1047,Nicole Barker,M,18,USA,2019-12-17,Gold,49,True,129.64913274854453,0.5002547719704666
1048,James Martin,M,39,USA,2022-06-20,Silver,18,False,124.95437279847359,0.5144700558860565
1049,Traci Vincent,M,20,Asia,2021-11-09,Bronze,26,False,73.05488936467368,0.6649295856564512
1050,Megan Adams,M,23,USA,2023-01-14,Silver,11,False,109.2665508130554,0.3533428300825028
1051,Alejandro Deleon,M,18,Asia,2020-09-27,Silver,39,True,184.10824103358263,0.39141857979435457
1052,Alexa Buck,M,27,EU,2019-10-26,Bronze,50,True,95.06249400958563,0.7125247581009597
1053,Lindsay Smith,F,48,Other,2022-12-06,Silver,13,False,158.68036210864344,0.6905996982865648
1054,Robert Torres,F,35,Asia,2021-10-28,Bronze,26,True,122.0634894563591,0.5388492237064485
1055,Maria Coleman,Other,21,Other,2020-08-04,Silver,41,True,119.41401252587285,0.8036216491991099
1056,Gregory King,M,43,USA,2019-04-07,Bronze,57,False,112.28489396455304,0.5733168459156329
1057,Michael Holloway,F,45,Asia,2020-07-10,Bronze,42,True,70.9491975373409,0.7810852453437088
1058,Brian Hunt,F,34,EU,2023-11-07,Gold,1,False,210.09962884974843,0.7189615850466786
1059,Sarah Brooks,M,53,EU,2021-12-05,Bronze,25,True,121.35264048669026,0.7441305599782299
1060,Lisa Evans,F,41,EU,2021-09-04,Silver,28,True,115.82043160928427,0.3277214067017554
1061,Arthur Mcneil,F,39,Asia,2021-11-15,Bronze,25,True,116.57108044490059,0.600233572081571
1062,Shannon Green,M,24,Other,2021-11-04,Gold,26,True,208.99405933378324,0.48751195394968333
1063,Stephanie Evans,F,39,Asia,2019-05-15,Gold,56,True,181.82671754237577,0.29926485703514827
1064,Ralph Yoder,F,35,EU,2023-02-07,Gold,10,False,151.9810181383239,0.7004167608427384
1065,Rebekah Greene,M,38,EU,2020-06-06,Gold,43,True,209.67222640948637,0.6791498314129154
1066,Melanie Griffith,M,26,Asia,2019-11-04,Silver,50,False,164.81520465152497,0.47820935095879236
1067,Yolanda Green,M,34,USA,2022-11-19,Bronze,13,False,93.65133854803854,0.40734056898843957
1068,James Johnson,M,24,USA,2021-10-02,Bronze,27,True,80.379980733834,0.5087036652946522
1069,Laura Lee,F,18,USA,2021-01-15,Bronze,36,True,115.24927710309758,0.22782521952222473
1070,Courtney Nichols,F,42,USA,2020-03-20,Silver,46,False,185.5364130792843,0.29791906145103464
1071,Susan Powers,M,18,USA,2021-12-23,Silver,24,False,178.60946336494666,0.4550692459953285
1072,Sarah Pittman,F,34,USA,2021-06-02,Bronze,31,False,131.78132575157076,0.5923352869897145
1073,Catherine Davis,M,36,USA,2020-12-13,Bronze,37,True,86.96893744567942,0.4721944348067342
1074,David Stokes,M,36,USA,2023-12-28,Bronze,0,False,71.69600887944819,0.4166272436042461
1075,Catherine Frazier,M,30,Other,2019-01-25,Bronze,60,True,108.21214933939824,0.3758227752428518
1076,Brandon Kelly,F,35,EU,2023-09-14,Silver,3,False,137.91123793526762,0.8657823190116609
1077,Elizabeth French,M,37,USA,2020-10-09,Silver,39,True,179.62943422983065,0.3389143753624635
1078,David Carter,M,40,EU,2021-09-16,Silver,27,True,118.89065343934774,0.2258190500481998
1079,Julie Delacruz,M,50,USA,2021-01-22,Bronze,35,True,80.72316245799432,0.4136473688508097
1080,Terry Jones,F,35,Other,2023-09-09,Platinum,3,False,304.08385308726815,0.5776780485178387
1081,Kathryn Dillon,Other,33,Asia,2022-08-17,Bronze,16,False,103.49987030662152,0.5162238558328291
1082,Edwin Brown,M,23,USA,2019-11-22,Bronze,50,False,113.49614919591485,0.3873565340722312
1083,Brenda Gonzalez,M,37,EU,2021-11-03,Silver,26,True,147.04910834785704,0.5288470374614773
1084,Keith Knox,F,39,Asia,2020-11-22,Bronze,37,True,61.65702491711639,0.6663546689427293
1085,Eugene Baldwin,F,31,Other,2023-07-05,Bronze,6,False,169.0371695018498,0.5306087267593996
1086,Katherine Welch,M,38,EU,2019-11-12,Bronze,50,True,100.67047347799539,0.5230801239827865
1087,Mark Smith,F,30,EU,2022-09-05,Silver,16,False,236.65584417267226,0.5235795263600916
1088,Philip Jackson,F,39,USA,2021-11-14,Gold,25,False,194.96218981763565,0.3881277680086386
1089,Katherine Gallagher,M,42,Other,2023-01-17,Silver,11,False,118.41463906355987,0.5674140458772347
1090,Lucas Schultz,F,41,USA,2021-05-05,Silver,32,True,140.4801065353482,0.6562807053998552
1091,Vincent Reyes,F,34,Other,2023-06-13,Bronze,6,False,122.01015874503211,0.7028345574513488
1092,Curtis Watson,F,22,EU,2022-08-27,Bronze,16,False,112.38518835696132,0.5644525113645465
1093,Frank Whitaker,M,26,EU,2020-02-22,Bronze,46,True,106.15222243549607,0.502204129257436
1094,Michael Sims,M,38,EU,2020-04-15,Gold,45,True,197.54716019013233,0.7815096923640525
1095,Michael Cooper,M,57,USA,2019-06-17,Bronze,55,True,102.58683853745396,0.5180502469647333
1096,James Chapman,M,29,USA,2021-09-10,Platinum,28,True,291.0622111160047,0.4273820301896826
1097,Rodney Evans,F,37,USA,2021-12-16,Bronze,24,False,123.93665228770047,0.3966356576460194
1098,Nicholas Carlson,F,27,USA,2021-10-23,Silver,26,True,177.47863468686145,0.3794395623348843
1099,Stephen Cowan,F,23,Asia,2020-11-16,Gold,38,True,162.3047148525125,0.42450657830936694
1100,Steven Howard,Other,26,USA,2019-09-17,Bronze,52,True,70.45172679947342,0.788975306804339
1101,Travis Hull,M,18,USA,2020-12-07,Silver,37,True,113.2174017321516,0.3864950973991438
1102,Darryl Acosta,F,46,Other,2023-07-11,Bronze,5,False,92.87449538049331,0.7290144233261164
1103,Nicholas Lawrence,F,18,Asia,2021-02-14,Bronze,35,False,104.42297660321977,0.4691951110642084
1104,Jacob Santos,M,30,Other,2023-05-12,Bronze,7,False,98.90248363049237,0.6562939839266962
1105,Shawn Scott,F,21,Other,2022-03-09,Gold,22,False,225.2068305893343,0.3382060102839172
1106,Amber Vang,M,24,USA,2023-11-07,Bronze,1,False,99.70936558612111,0.49732604713612827
1107,Martha Smith,F,46,USA,2023-11-14,Bronze,1,False,131.91415995807245,0.2575854842709759
1108,Jennifer James,F,35,Asia,2023-12-16,Platinum,0,False,330.5277378332962,0.5033213798805357
1109,Kara Hernandez,M,23,EU,2020-05-28,Bronze,43,True,100.35917071944715,0.618019206955162
1110,Lorraine Turner,F,27,USA,2023-12-10,Bronze,0,False,69.78389307319244,0.6450015171202412
1111,Mary Nelson,F,25,Asia,2021-06-28,Platinum,30,True,321.01746270219115,0.49931291201266087
1112,Breanna Rivas,M,32,USA,2019-01-05,Bronze,60,True,109.98284400741545,0.44624029744527705
1113,Nathan Wilson,M,34,USA,2022-10-19,Bronze,14,False,85.72712651225812,0.5130758837389157
1114,Brian Gonzalez,M,51,EU,2021-03-07,Gold,34,False,153.75075516572065,0.4141992585709432
1115,Dennis Mills,F,18,EU,2019-11-22,Bronze,50,True,121.89460045297943,0.4139897147109272
1116,Michael Phillips,F,32,EU,2021-12-24,Bronze,24,False,80.62875215479036,0.43877359535688026
1117,Jon Clark,F,29,USA,2023-12-08,Bronze,0,False,103.31136165134505,0.5341813450646449
1118,Erin Smith,F,42,Asia,2022-11-10,Silver,13,False,150.8977275556288,0.7154262102719677
1119,Susan Conley,F,36,USA,2021-10-27,Bronze,26,False,108.93148394553118,0.6948443693128479
1120,Brittany Davis,M,38,USA,2022-12-22,Bronze,12,False,80.77521249980184,0.452201090273374
1121,Misty Garcia,F,36,Asia,2020-11-23,Bronze,37,True,97.58933792340213,0.37770103026651936
1122,David Hinton,M,23,Other,2020-11-03,Bronze,38,True,80.65132125590434,0.3900925759364937
1123,John Garcia,M,45,Asia,2023-01-14,Silver,11,False,152.2237068746108,0.27814514408774915
1124,Andrew Roberts,F,40,Asia,2023-04-20,Bronze,8,False,110.08142266566102,0.6091953247091387
1125,Emily Rodgers,M,42,EU,2020-12-23,Silver,36,True,176.8624458623001,0.2909710781893261
1126,Peter Williams,F,45,EU,2021-03-22,Silver,33,True,194.8442037866868,0.16132974482484208
1127,Mary Jackson,F,37,USA,2019-12-03,Bronze,49,False,94.72844109949389,0.609341309669202
1128,Jeffrey Howell,M,47,EU,2019-10-15,Bronze,51,False,94.37501712145351,0.6028216482090172
1129,Anna Briggs,M,36,USA,2020-12-10,Bronze,37,True,125.4527172348854,0.3378627062044036
1130,James Rivers,F,30,USA,2019-11-07,Bronze,50,True,111.50204679939175,0.5453893308101018
1131,James Jefferson,F,32,Asia,2021-12-19,Silver,24,False,187.11335506459517,0.3022150724407312
1132,Mariah Robles,M,32,EU,2019-09-10,Silver,52,False,208.57554281688283,0.4853938057030178
1133,Michael Brown,M,27,USA,2019-11-14,Bronze,50,True,83.12773783986722,0.5538344910513927
1134,Caitlin Perry,F,49,USA,2020-09-08,Silver,40,True,174.27891566869295,0.6040387544722625
1135,Rebekah Gregory,F,35,EU,2022-01-23,Platinum,23,False,264.0475219966548,0.5594281028409259
1136,James Howard,M,33,USA,2022-11-20,Bronze,13,False,131.26941064331854,0.21586920912951768
1137,Michael Roberson,M,36,Asia,2021-11-01,Bronze,26,False,76.24456482701606,0.5453317263192561
1138,Bianca Knapp,F,62,EU,2022-03-06,Silver,22,False,177.5295694588672,0.8271320181276125
1139,Jason Williams,F,21,EU,2023-11-15,Bronze,1,False,88.92772622552371,0.5589126615804244
1140,Ernest Bush,Other,24,EU,2020-02-05,Silver,47,True,166.63271384630653,0.29222838784979366
1141,Patricia Ray,F,19,Asia,2022-09-14,Platinum,15,False,376.08689161373616,0.3934791484642794
1142,Vanessa Santiago,F,30,USA,2019-10-09,Bronze,51,False,87.11997685465332,0.42325880449404363
1143,Joseph Haynes,M,35,EU,2022-01-26,Gold,23,False,141.2657835783582,0.1502577665606204
1144,Matthew Wright,F,28,EU,2020-02-06,Bronze,47,False,94.82029775512343,0.5150935893054319
1145,Michael Cruz,M,27,USA,2019-09-01,Bronze,52,False,92.25170756209599,0.447438971141571
1146,Kristin Huerta,F,34,Asia,2019-06-19,Bronze,55,True,74.31076867491133,0.45446505715851726
1147,Mason Moore,M,27,Asia,2020-11-15,Bronze,38,True,59.810102246237776,0.481322018304821
1148,Sarah Booth,M,36,EU,2021-08-02,Silver,29,True,186.4998529109109,0.39168694020556105
1149,John Allen,F,44,Asia,2021-03-19,Bronze,33,True,129.8323271997803,0.6282533926319953
1150,Amber Walker,F,39,Asia,2020-03-17,Silver,46,True,131.94315013674947,0.5275933933489854
1151,Jennifer Young,M,41,Asia,2020-11-11,Bronze,38,True,94.14776378455572,0.41993274936834535
1152,Robert West,F,43,Asia,2020-12-18,Bronze,36,True,116.15548387071397,0.5667465988559706
1153,Jillian Wilson,M,35,EU,2019-11-24,Bronze,49,True,116.46994636706714,0.5533236435635862
1154,Matthew Garcia MD,M,31,EU,2019-03-14,Bronze,58,True,135.58242714747868,0.35675152046806613
1155,April Davis,F,25,EU,2020-01-19,Bronze,48,True,112.432372917343,0.47405761377601097
1156,Lisa Torres,M,29,Asia,2019-01-09,Silver,60,False,119.23921908103102,0.4738370430750871
1157,Christine Powers,F,27,USA,2023-10-11,Bronze,2,False,115.8215391043116,0.41221519129547474
1158,Heidi Brown,M,40,Asia,2020-10-11,Silver,39,True,129.0656938266961,0.2964907717093549
1159,Jesse Castro,F,36,Asia,2019-01-04,Bronze,60,False,98.68784663114151,0.40756070671760464
1160,Kara Sandoval,F,39,USA,2021-02-18,Silver,34,True,183.37601445038797,0.6899510493936922
1161,Ashley Malone,M,21,Asia,2020-12-12,Silver,37,False,122.83803062931767,0.4026476142153356
1162,Glenn Gallegos,M,47,USA,2020-12-23,Bronze,36,True,98.53589313087991,0.6348477640846797
1163,Dorothy Boyd,F,28,USA,2020-03-09,Silver,46,False,113.2267350702968,0.4947042861914556
1164,Amber Martin,F,21,Asia,2022-04-05,Bronze,21,False,80.22647698979213,0.5251505805689682
1165,Mitchell Griffith,M,28,USA,2020-12-01,Gold,37,True,178.12546496642054,0.3163713893274538
1166,Levi Lopez,F,57,Asia,2021-10-25,Silver,26,True,198.90647692551227,0.6745922108674169
1167,Jenna Bryant,M,29,Asia,2019-12-09,Silver,49,True,151.00111357769066,0.8090239280507328
1168,Michelle Rodriguez,M,29,EU,2020-09-07,Gold,40,True,305.7633230596737,0.39527165440166745
1169,Timothy Monroe,M,31,USA,2023-10-01,Gold,3,False,238.19597938963597,0.6955275868474398
1170,Patricia Hayes,M,31,USA,2019-05-20,Silver,56,True,179.46232441721696,0.30961350688107975
1171,Tina Taylor,F,25,EU,2021-11-17,Bronze,25,False,78.12165895286111,0.4919288890064673
1172,Mr. Anthony Mcconnell PhD,F,34,Other,2022-05-03,Silver,20,False,145.3952225961052,0.3241536914360582
1173,Mr. Thomas Thompson,F,43,EU,2021-03-23,Bronze,33,False,77.13996919506403,0.556610017307388
1174,Monica Anderson,F,36,USA,2022-12-01,Silver,13,False,140.7053505502354,0.4693867159838177
1175,Kyle Andrade,F,21,EU,2019-12-24,Silver,48,True,136.28956686384478,0.4923754360989454
1176,Janice Petty,F,29,EU,2022-11-13,Silver,13,False,148.7428167312538,0.6967915675889492
1177,Pamela Hill,F,27,Asia,2019-05-26,Silver,56,True,174.76586501400016,0.6865288436403336
1178,Tracy Chavez,F,33,USA,2021-07-20,Silver,29,True,142.14223097596,0.4741699821771822
1179,Jason Graves,F,46,Asia,2021-11-20,Bronze,25,True,116.87067653171438,0.6660942927497895
1180,Elizabeth Miles,M,31,EU,2022-06-28,Bronze,18,False,70.68182154652618,0.6725538648909648
1181,Michelle Walls,F,32,Other,2023-03-12,Silver,9,False,163.4479201615905,0.6664189143448483
1182,Christina Weber,F,50,USA,2021-12-17,Bronze,24,False,91.28566052180649,0.5221615953237075
1183,Gregory Chambers,F,41,EU,2022-07-21,Silver,17,False,157.6045404422662,0.5495885484426795
1184,Miss Tina Gordon,F,38,Other,2020-05-08,Bronze,44,True,117.25855278462498,0.4574527353991565
1185,Erica Wilson,F,52,USA,2019-07-24,Bronze,54,True,71.1695695448997,0.8501027905525054
1186,John Duncan,Other,37,Other,2020-09-23,Silver,39,False,194.07270817746212,0.559850674544823
1187,Jennifer Adkins,M,18,EU,2020-11-23,Silver,37,False,144.19053985253444,0.48767791094337953
1188,Donna Boone,F,41,USA,2020-11-24,Bronze,37,False,137.23855325149074,0.5754734287474758
1189,Kelly Johnson,M,18,USA,2022-08-24,Bronze,16,False,101.42024477860221,0.5407437998499107
1190,Michael Gonzalez,F,37,Asia,2021-11-15,Bronze,25,False,126.41775863185067,0.8093653162609729
1191,Candace Mitchell,F,18,USA,2020-12-17,Bronze,37,True,101.19507705895198,0.4967124388532153
1192,Ryan Vaughn,M,28,EU,2022-11-02,Bronze,14,False,105.34457194423898,0.6148517281640693
1193,Paul Johnson,M,29,USA,2021-08-10,Silver,29,True,153.48669699817464,0.48207766550606335
1194,Ashley Parrish,F,25,EU,2019-11-24,Gold,49,False,191.2189163619778,0.24687546794360593
1195,Sharon Newton,M,29,USA,2021-11-01,Bronze,26,True,94.85306483819484,0.5002195066777317
1196,Cynthia Mueller,M,43,Asia,2021-12-25,Bronze,24,False,104.51127274316087,0.6280201044199052
1197,Donna Beck,F,25,Other,2020-12-25,Silver,36,True,166.45030598364048,0.5203930475298274
1198,Jasmine Frye,M,38,Other,2022-11-13,Gold,13,False,209.3427043843184,0.3265637177859625
1199,Emily Arnold,M,23,Asia,2023-11-12,Bronze,1,False,110.38354481171795,0.7377902320624085
1200,David Oliver,F,31,USA,2019-11-15,Bronze,50,False,69.63743093706299,0.32154587535624446
1201,Sheila Greer,M,36,Asia,2022-02-10,Bronze,23,False,118.07972890316353,0.3840529651024662
1202,Michele Holland,M,23,USA,2020-10-02,Bronze,39,False,85.14842352988643,0.33124183177371713
1203,Kimberly Morrison,F,19,USA,2022-02-28,Silver,22,False,100.57749773521232,0.34455589508760465
1204,Tracey Phillips,F,37,USA,2023-09-22,Platinum,3,False,410.8514583509549,0.5067497657429668
1205,Michael Lopez,F,44,EU,2019-11-15,Silver,50,False,192.30595774118396,0.5916438716579006
1206,Jose Bennett,F,32,Asia,2021-09-20,Platinum,27,True,299.3710015092247,0.4119589690899328
1207,Justin Anderson,F,28,EU,2019-01-10,Bronze,60,False,121.39259871058371,0.584651530598231
1208,Dawn Rivera,M,34,EU,2023-08-23,Gold,4,False,186.75093275145778,0.6153619836060787
1209,Brittney Hernandez,M,33,USA,2019-02-02,Bronze,59,True,90.61189412331282,0.4506589365399753
1210,Anthony Randolph,M,35,Other,2019-12-13,Bronze,49,True,88.11352713921802,0.27292930151905365
1211,Mary Henry,M,18,EU,2020-11-10,Silver,38,True,130.80777497972616,0.7270936578696446
1212,Heather Bowers,F,22,EU,2021-12-17,Bronze,24,False,94.81841909047283,0.3994052702353021
1213,Daniel White,F,24,USA,2023-04-16,Bronze,8,False,85.7210009064295,0.1684883966497563
1214,Jonathan Perry,M,34,Asia,2020-11-15,Silver,38,True,64.54419415710339,0.4416440009808241
1215,Anna Walker,F,34,EU,2019-07-25,Bronze,54,False,96.33145758727326,0.587558817702459
1216,Gary Ward,M,39,USA,2019-06-12,Silver,55,False,120.92392042527186,0.6100413330715617
1217,Paul Moreno,M,35,USA,2022-08-28,Bronze,16,False,105.94540263622319,0.32945280389086523
1218,Samantha Zavala MD,F,19,EU,2020-06-09,Silver,43,False,142.80527556773757,0.22269380005937622
1219,Jill Conway,M,47,EU,2023-05-12,Bronze,7,False,112.69625922516356,0.545884836988995
1220,Lisa Haley,M,45,USA,2023-11-25,Silver,1,False,150.39159478069655,0.5775377778292203
1221,Erica Moon,M,20,Other,2023-08-21,Bronze,4,False,74.67148737183788,0.6676882460686365
1222,Janice Fernandez,M,36,USA,2023-05-12,Silver,7,False,112.0159386495977,0.6504832218508996
1223,Thomas Short,F,27,EU,2019-12-19,Silver,49,False,112.77014889667463,0.5220010524194251
1224,Robert Griffin,F,34,Other,2019-07-22,Bronze,54,True,82.72383076768965,0.3622118279106413
1225,Steven Lee,M,43,EU,2020-07-26,Bronze,41,True,85.94584402592386,0.4276063155870854
1226,Tiffany Jackson,M,54,EU,2021-12-17,Bronze,24,False,118.38682058038336,0.46355636155793156
1227,Kimberly Smith,F,40,USA,2023-09-16,Silver,3,False,155.58848870591424,0.3626965123304633
1228,Michael Ayala,F,35,USA,2019-01-10,Silver,60,False,94.16893625510207,0.6621463958951126
1229,Jessica Garcia,M,29,Other,2020-08-24,Bronze,40,False,82.48869082313342,0.6541788758809627
1230,Michele Cherry,M,34,EU,2023-01-10,Silver,11,False,148.90070983974238,0.2906053010248142
1231,Maria Case,F,46,Asia,2021-10-20,Gold,26,True,159.82898682272094,0.4517481972472082
1232,Brittany Stevens,F,32,USA,2023-12-02,Bronze,1,False,101.62051574091241,0.8093269351230452
1233,Brandon Brown,M,24,USA,2022-11-27,Bronze,13,False,83.219690210425,0.6744324000747981
1234,Kristin Andrews,F,18,USA,2023-11-20,Silver,1,False,145.9752256694181,0.5282319733878804
1235,David Hughes,M,38,EU,2022-07-01,Silver,18,False,132.9293192149637,0.6643814217053338
1236,Jessica Smith,F,35,USA,2021-05-16,Bronze,32,True,102.24373942592493,0.7474091590049989
1237,Kimberly May,F,26,Asia,2022-07-10,Bronze,18,False,128.81553872908233,0.5141915749075011
1238,Nicole Richards,F,43,EU,2021-03-15,Bronze,34,True,117.85912317745688,0.29646185442758355
1239,Angel Reilly,M,28,Other,2020-05-26,Silver,43,True,117.56380421853319,0.6289507137671244
1240,Richard Turner,M,31,USA,2022-10-24,Silver,14,False,225.3370926044215,0.63672093776482
1241,Preston Kim,M,32,Asia,2023-11-15,Bronze,1,False,123.61569923543118,0.3491387405152619
1242,Matthew Wells,F,29,Asia,2023-02-06,Bronze,10,False,86.28182037734567,0.5390767107296607
1243,Brandy Myers,M,35,Asia,2020-07-17,Bronze,42,True,82.67375415085527,0.3814008942416024
1244,Kimberly Choi,M,44,Asia,2019-03-13,Gold,58,True,213.61965970854772,0.2532889225407454
1245,Michael Sloan,M,21,Asia,2021-06-01,Bronze,31,False,114.08830404955894,0.533104923318403
1246,Monica Brooks,F,37,EU,2019-11-18,Silver,50,False,203.01454729597546,0.7178203999545196
1247,Kristen Peters,M,34,USA,2019-01-23,Silver,60,True,165.25363601272562,0.5481855036749971
1248,Aaron Carlson,M,34,USA,2020-11-02,Gold,38,True,173.45005660056736,0.52653271235168
1249,Theresa Torres,M,41,Other,2020-03-03,Silver,46,True,134.7792164431604,0.30010531595680945
1250,Stephanie Cooper,F,33,EU,2022-11-28,Bronze,13,False,112.5322693042001,0.594241242118422
1251,Matthew Hunt,F,37,Asia,2022-12-11,Gold,12,False,146.38181868824094,0.4169701130354674
1252,Daniel Davenport,F,40,EU,2022-06-25,Silver,18,False,194.8395269455508,0.38330206267514566
1253,Christopher Marsh,F,27,USA,2022-03-01,Silver,22,False,133.66112300744516,0.6323345000455141
1254,Sarah Randolph,F,35,USA,2022-02-25,Bronze,22,False,119.19029191251155,0.317657588296103
1255,Julia Dunn MD,M,30,EU,2023-08-06,Bronze,4,False,123.98852567150092,0.4682268026738958
1256,Brett Swanson,F,31,EU,2020-08-16,Silver,41,False,241.64727576088683,0.32782021143656753
1257,Mr. Carl Rios,M,29,USA,2021-12-15,Gold,24,False,187.7887622363381,0.4550776570075056
1258,Manuel Mccullough,M,37,EU,2021-06-09,Silver,31,True,141.66313885289046,0.17117010146769235
1259,Jerry Jensen,F,33,USA,2021-11-12,Gold,26,True,186.81541927652333,0.5812411249531537
1260,Kevin Cunningham,M,36,EU,2021-11-10,Silver,26,True,155.21183373339346,0.5585268644575245
1261,Eugene Patterson,M,32,USA,2021-06-27,Bronze,30,False,87.10860523874064,0.826525702753653
1262,David Walker,M,18,Asia,2023-06-24,Silver,6,False,186.3576570952587,0.5363508654633306
1263,Jessica Larsen,F,33,USA,2020-11-07,Silver,38,False,180.24485902828746,0.36467350477902455
1264,Nicholas Humphrey,M,33,EU,2022-11-10,Silver,13,False,142.29019055568924,0.648750709329483
1265,Ian Torres,F,35,USA,2022-12-07,Gold,13,False,171.57277381830593,0.6453351024561873
1266,Casey Obrien,F,27,USA,2022-12-06,Bronze,13,False,91.27623616709492,0.6960075187681269
1267,Shannon Taylor,F,21,USA,2020-11-13,Bronze,38,False,90.61788384008196,0.2058827074015797
1268,Deborah Mercado,M,39,EU,2020-11-11,Gold,38,True,219.75160627016302,0.3948400647356458
1269,Bernard Smith,F,30,EU,2023-03-24,Bronze,9,False,103.86158386672378,0.36386491271024857
1270,Amanda Perkins,M,34,USA,2023-11-25,Silver,1,False,174.656994414809,0.7292921365442578
1271,Kevin Escobar,M,30,EU,2022-12-08,Gold,12,False,259.49401887506065,0.6208312340006585
1272,Kimberly Lutz,M,32,Asia,2020-08-25,Bronze,40,True,105.97313332614094,0.6695684768993845
1273,Reginald Diaz,F,28,Asia,2022-06-05,Gold,19,False,223.7222842756542,0.3372576953750804
1274,Raymond Quinn,M,23,USA,2023-10-03,Bronze,3,False,149.12603037884466,0.5198853699292004
1275,John Dixon,M,37,EU,2022-12-04,Silver,13,False,167.12029640697145,0.25589743464877734
1276,Jonathan Bates,M,26,USA,2023-01-04,Bronze,12,False,90.20652792047154,0.33465373175150437
1277,Renee Mendez,M,34,USA,2019-11-25,Silver,49,False,147.95027432225606,0.518529279662828
1278,Jose Griffin,F,37,Other,2021-01-09,Silver,36,True,100.02520808292152,0.5332561102754372
1279,Travis Hopkins,F,27,USA,2019-11-01,Bronze,50,True,110.90929004848928,0.5590034237013168
1280,Nancy Webb,F,20,EU,2022-03-15,Silver,21,False,133.51470747016057,0.4024573633384288
1281,Daniel Freeman,M,57,EU,2022-12-13,Gold,12,False,164.36902368661703,0.5638058899059971
1282,Jacob Williams,M,27,Asia,2020-12-05,Silver,37,True,124.04749868743414,0.5006915979875546
1283,Terry Ward,F,39,EU,2021-05-18,Platinum,31,True,368.60736062572914,0.7355048565649922
1284,Jesse Williams,M,52,USA,2023-03-05,Bronze,10,False,94.82311125044541,0.4360072690535568
1285,Mrs. Michele Boyd,F,40,USA,2022-11-11,Silver,13,False,172.92970581031565,0.22481823241939414
1286,Sandy Baker,M,29,EU,2023-05-21,Bronze,7,False,107.71480656431244,0.5925161059533861
1287,Carrie Valdez,F,32,USA,2023-10-03,Platinum,3,False,312.0210277927168,0.5503773361465063
1288,Matthew Houston,M,24,USA,2023-08-04,Bronze,5,False,92.33522540192033,0.3665228042744645
1289,Jamie Solomon,M,41,USA,2019-11-07,Bronze,50,True,109.91482109927753,0.4510248580340775
1290,Heather Parrish,F,38,USA,2023-12-26,Bronze,0,False,91.48197272731932,0.5290890919856632
1291,Mr. Larry Shaw,F,27,USA,2020-09-04,Bronze,40,False,103.12917121745197,0.4430901209592206
1292,Christopher Jones,M,22,USA,2019-11-03,Gold,50,False,244.24965778340191,0.3334326978613051
1293,Christine Lopez,F,19,EU,2019-07-10,Bronze,54,True,126.3402763888206,0.47004369390767303
1294,Mitchell Wilson,F,42,EU,2022-11-20,Gold,13,False,182.5585330681442,0.6326499952176856
1295,Robert Cortez,M,34,Asia,2021-01-11,Bronze,36,True,107.44369381901339,0.44575725444382747
1296,Mr. Daniel Martin,M,35,USA,2021-10-18,Gold,26,True,223.37093116924584,0.5317640458376769
1297,Alison Williams,M,24,USA,2022-04-01,Silver,21,False,157.12294627681442,0.4727798290794754
1298,Candace Soto,M,18,USA,2021-04-21,Bronze,32,True,115.2712655986459,0.314739956352485
1299,Kenneth Brown,F,42,EU,2023-09-09,Bronze,3,False,115.49306468588286,0.48404557840733625
1300,Christopher Mullen,M,33,Asia,2020-06-25,Bronze,42,True,136.75286068201186,0.4332124743310858
1301,Kristy Smith,M,42,USA,2023-09-17,Bronze,3,False,143.1254449824666,0.6137784140293365
1302,Mary Campbell,M,29,Other,2021-12-12,Bronze,25,False,96.70343009618658,0.6853000404069638
1303,Jerry Haney,F,30,USA,2021-03-01,Bronze,34,False,133.20598443860172,0.6322542480160864
1304,Carolyn Greer,M,40,EU,2020-07-24,Bronze,41,True,108.7818947388933,0.3897247151377694
1305,Rebecca Hoover,M,40,Asia,2019-08-23,Silver,53,True,144.67533484291857,0.32557965535239697
1306,Matthew Baker,M,40,Asia,2019-11-07,Bronze,50,False,112.14179530056073,0.27294539198866796
1307,Grace Chavez,F,30,Asia,2020-10-14,Silver,39,True,143.00990614378006,0.5254046136723332
1308,Crystal Cruz,M,39,Asia,2019-08-09,Platinum,53,True,297.439240888674,0.39362509669735135
1309,Dale Heath,F,44,USA,2021-11-12,Bronze,26,False,78.06923081732315,0.333060469646248
1310,Jennifer Hernandez,M,31,Asia,2019-11-21,Bronze,50,False,101.60849246476343,0.794283565748856
1311,John Mendez,M,27,USA,2021-02-08,Bronze,35,True,118.65355366050383,0.5729323003026575
1312,Richard Gordon,F,46,Asia,2022-06-07,Bronze,19,False,114.41119164418679,0.5504265114995427
1313,John Anderson,M,26,EU,2023-12-14,Silver,0,False,160.91082433787636,0.5429413098979239
1314,Samantha Prince,F,39,Asia,2019-10-02,Bronze,51,True,134.73494337226876,0.7428162659150775
1315,Marie Boyd,F,32,EU,2022-08-02,Bronze,17,False,142.68221019162627,0.47494436565288595
1316,Andrew Moreno,F,18,EU,2019-03-20,Bronze,58,True,109.96540646664914,0.5926732155066269
1317,Robert Clarke,F,44,EU,2022-11-17,Gold,13,False,263.90862248721635,0.6355088580597937
1318,Kevin Figueroa,M,18,Asia,2020-03-10,Silver,46,True,160.47537250005593,0.7786613637597128
1319,Melissa Davis,M,18,USA,2022-02-21,Platinum,22,False,305.2794680644043,0.49977947954857077
1320,John Hall,F,38,USA,2021-09-05,Gold,28,True,238.43391814838117,0.6851902891365195
1321,Diane Mcdowell,F,38,USA,2020-09-01,Bronze,40,False,98.58999076380978,0.22573798547110163
1322,Colin Fletcher,F,26,USA,2020-12-05,Bronze,37,False,52.80711328025903,0.8176090733358325
1323,Laura Wilson,M,34,Asia,2021-03-04,Bronze,34,True,94.82517864512685,0.5633911590531897
1324,Matthew Watts,M,18,USA,2019-10-12,Silver,51,True,104.83106611829766,0.6132896587727575
1325,Jack Moore,F,40,Other,2020-05-14,Silver,44,True,138.3630999246893,0.30741724407089027
1326,Dawn Wyatt,M,35,USA,2019-10-26,Bronze,50,True,89.09614503990524,0.2977129046967821
1327,Jacob Hill,M,32,USA,2023-03-11,Bronze,9,False,89.21570948715525,0.40307458590623735
1328,Nicole Gutierrez,M,33,Asia,2022-11-21,Bronze,13,False,78.9682719034437,0.5029706626924575
1329,Karen Wood,F,37,EU,2022-11-04,Gold,14,False,152.04568065958804,0.46182395154924055
1330,Dawn Parker,M,32,EU,2021-04-25,Gold,32,True,174.1203644909604,0.43850274008966583
1331,Michael Fitzgerald,F,18,EU,2021-11-09,Bronze,26,True,92.58008056958124,0.4704628516556728
1332,Mary Adkins,M,54,Asia,2022-12-03,Bronze,13,False,94.03790445537047,0.1498027350645308
1333,Michael Martin,F,45,USA,2023-11-03,Bronze,1,False,105.17832779680482,0.563976934772795
1334,James Morgan,F,20,Other,2021-08-03,Gold,29,True,228.25481567575991,0.4745246481507758
1335,Melissa Mann,M,29,Other,2023-12-07,Platinum,0,False,239.41216185858704,0.6426661359846112
1336,Vincent Smith,F,30,EU,2021-11-01,Bronze,26,True,82.5068157479643,0.4286172523623102
1337,Charles Frost,M,43,USA,2020-10-13,Bronze,39,False,133.29456946626289,0.44419659589946975
1338,Austin Walker,M,18,EU,2019-12-04,Bronze,49,True,115.14682982422998,0.5237128539904357
1339,Andrew Cruz,F,28,USA,2022-05-25,Silver,19,False,126.73164354446466,0.6026040232365276
1340,Miss Kelly Dawson,M,18,USA,2019-03-12,Silver,58,True,112.39733144754251,0.6725980640087783
1341,Theresa Wilkins,M,30,USA,2022-08-08,Silver,17,False,135.0453746780445,0.4938974862641268
1342,Jessica Harris,M,28,EU,2021-04-19,Platinum,32,False,284.81019867407406,0.5642832003230499
1343,Regina Mitchell,M,33,Asia,2019-08-24,Bronze,53,False,113.63725779071831,0.5049604925772125
1344,Kyle Black,F,26,Asia,2023-04-06,Silver,9,False,80.94078337792416,0.4559187475330818
1345,Christopher Johnson,M,25,Asia,2021-12-10,Bronze,25,False,80.70748729041972,0.21163453255090442
1346,Aaron Moore,F,39,EU,2020-10-13,Bronze,39,True,135.9991126226882,0.5308896847564637
1347,Penny Gomez MD,F,37,USA,2019-10-27,Silver,50,True,150.48689248703357,0.36339913982795935
1348,Kelly Mclaughlin,M,38,USA,2019-11-03,Gold,50,False,202.49368080591466,0.6306114775481233
1349,Brandon Mitchell,M,31,Other,2020-01-28,Silver,47,True,133.0671119045986,0.36978063188390853
1350,Suzanne Bailey,F,27,USA,2022-12-09,Silver,12,False,173.66034059424805,0.4147674801912875
1351,Destiny Obrien,M,31,Asia,2021-10-10,Silver,27,True,95.88779241421446,0.37670877976336514
1352,Timothy Andrews,M,38,EU,2020-03-13,Bronze,46,False,91.50055706719031,0.5799862164436139
1353,Jason Rodriguez,M,18,EU,2023-11-16,Silver,1,False,87.56456897786427,0.4545168412731858
1354,Edward Arroyo,F,36,Asia,2021-09-23,Silver,27,True,149.4056589504712,0.5852517013671057
1355,Tina Walter,F,36,EU,2020-10-08,Silver,39,False,136.61832194147613,0.09946593072822735
1356,Laura Benson,M,33,Asia,2020-12-26,Silver,36,True,101.10375142786847,0.7991228555977328
1357,Kristine Carrillo,M,31,Other,2019-07-11,Silver,54,True,180.31626519643675,0.34845297127148656
1358,Tonya Ellis,F,18,EU,2019-03-02,Gold,58,True,227.60320657025204,0.6153017260511807
1359,Kevin Johnson,F,28,USA,2019-03-19,Bronze,58,True,120.59541646053823,0.5749928708316137
1360,Austin Schultz,F,50,EU,2021-07-23,Gold,29,True,139.73340475437016,0.6067509228304448
1361,Megan Hall MD,F,33,Other,2022-02-02,Gold,23,False,159.85319309378548,0.37732976727767564
1362,Kelli Smith,M,29,USA,2021-11-06,Bronze,26,True,124.0415931815772,0.4491547037203185
1363,Danielle Davis,F,33,EU,2019-07-16,Silver,54,True,174.3152633453456,0.5597556030388342
1364,Samantha Jones,M,36,EU,2019-09-16,Bronze,52,True,128.07087259095445,0.5005925485170729
1365,Karen Gomez,M,39,Asia,2021-12-07,Bronze,25,True,95.20107198716339,0.36359915753424865
1366,Debra Valentine,F,30,USA,2020-11-11,Silver,38,True,146.7196697909515,0.5860044829242366
1367,Susan Porter,M,37,Asia,2020-12-27,Gold,36,False,224.64504435816997,0.8425582761003698
1368,Nicolas Salas,Other,49,Other,2019-09-16,Bronze,52,False,72.97749918958024,0.43673678632408924
1369,Dale Wright,M,43,USA,2019-12-06,Gold,49,False,207.8323135569636,0.5732222101359267
1370,Brittney Rodriguez,F,56,USA,2022-11-05,Silver,14,False,226.0514919505199,0.5341785792905985
1371,Megan Alvarado,F,26,Other,2020-07-09,Gold,42,True,185.68646843422619,0.4443801756720284
1372,Pamela Weaver,M,49,USA,2022-10-03,Gold,15,False,135.86260268750212,0.6209426023342686
1373,John Oliver,F,25,Asia,2019-12-21,Gold,49,True,216.44393179467326,0.6188930679096633
1374,William Prince PhD,M,36,EU,2019-11-21,Silver,50,True,122.96520177115767,0.4175279059617965
1375,William Moon IV,F,40,USA,2022-12-08,Gold,12,False,195.7206549972366,0.7149493341762071
1376,Kenneth Brown,M,27,Asia,2022-11-08,Bronze,13,False,121.75137404069355,0.5016016894097266
1377,Karen Fernandez,F,33,EU,2019-11-17,Bronze,50,False,111.16220719359016,0.6613337822572484
1378,Jennifer Parks,M,42,EU,2023-03-06,Bronze,10,False,90.22959807498309,0.5516502942018422
1379,William Wolfe,M,25,USA,2019-12-12,Silver,49,False,175.1547668102861,0.5059373265094093
1380,Michael Smith,M,49,EU,2020-04-06,Bronze,45,False,66.64139644356851,0.4987539515525308
1381,Kevin Nguyen,M,19,USA,2019-01-15,Bronze,60,True,103.94214162256397,0.6014315248290056
1382,Debbie Dunn,F,52,USA,2021-10-11,Gold,27,True,184.64010182903638,0.3350100777411613
1383,John Austin,F,43,Other,2019-05-10,Silver,56,True,79.2091528130325,0.5556989550011698
1384,Jonathan Clark,F,32,USA,2023-09-02,Gold,4,False,151.57150197880404,0.6965325569202254
1385,Jacqueline Dickerson,M,28,EU,2020-09-21,Bronze,39,True,99.70771422121317,0.5765870521682499
1386,Christopher Anderson,M,27,USA,2019-11-06,Bronze,50,True,114.9341587888282,0.23799515488103212
1387,Crystal Garcia,M,31,Asia,2022-08-19,Bronze,16,False,100.43542807982867,0.29254352485175006
1388,David Reynolds,F,32,USA,2020-04-17,Bronze,45,True,94.07863133887261,0.5031515271524829
1389,Charles Haley,Other,45,Other,2020-05-09,Bronze,44,True,116.1956795642061,0.3819580384219237
1390,Robert Thompson,M,52,EU,2023-08-02,Bronze,5,False,105.48487064865311,0.6334511900969882
1391,Dr. Samuel Holmes DDS,M,34,USA,2022-11-04,Bronze,14,False,119.94549227124651,0.4288642051659882
1392,Elizabeth Hart,M,24,USA,2021-12-25,Silver,24,False,167.23290298745547,0.5826975143369946
1393,Jennifer Vaughn,F,27,USA,2019-12-09,Bronze,49,False,85.75949081367328,0.7909049321469406
1394,Robert Woods,F,31,EU,2021-01-08,Bronze,36,True,113.41816080070038,0.5034522630395133
1395,Joanna Cook,F,22,USA,2022-03-04,Silver,22,False,178.8283988275481,0.3482285295177319
1396,Justin Frederick,M,21,Asia,2020-01-01,Silver,48,True,192.00524903335213,0.5593745263468705
1397,Alejandro Martinez,F,53,EU,2023-09-11,Gold,3,False,178.91447321825834,0.5424099407395678
1398,Tracey Gonzalez,F,36,USA,2023-09-11,Bronze,3,False,92.73747744224602,0.5375047363481225
1399,Mariah Thompson,M,24,EU,2020-09-07,Platinum,40,True,352.8234829915017,0.7052040515721465
1400,Heather Nunez,F,41,Asia,2023-11-18,Gold,1,False,233.66217898063854,0.32207554956639184
1401,Dr. Steve James,M,21,USA,2021-07-08,Silver,30,True,134.69041819845242,0.6499230870384365
1402,Mark Thomas,M,22,USA,2020-04-15,Bronze,45,False,86.5514326523719,0.40907189489451407
1403,Robert Rogers,F,24,USA,2019-08-26,Bronze,52,False,91.33944564699948,0.7070889071502825
1404,Laura Sweeney,M,49,Asia,2019-01-10,Silver,60,True,152.37772358825117,0.18166050006276785
1405,Christopher Perez,F,30,EU,2022-11-14,Silver,13,False,123.36565894928987,0.8345926763448672
1406,Eddie Adams,F,18,EU,2020-08-27,Gold,40,True,216.78925907239045,0.4593768125008219
1407,Denise Wallace,M,45,Asia,2021-11-02,Silver,26,True,98.19589734509952,0.3184581984879603
1408,Heidi Matthews,F,29,Asia,2020-07-10,Platinum,42,True,250.09869840300928,0.6361321348430391
1409,Jennifer White,F,18,EU,2020-10-19,Gold,38,True,207.36075542380416,0.5767462772633215
1410,Nicholas Stanley,M,29,Asia,2021-11-15,Platinum,25,True,244.83819638959,0.5679783560326536
1411,Mercedes Miller,M,38,USA,2023-04-22,Bronze,8,False,91.6325868248647,0.6394398391601942
1412,Brian Brown,M,37,USA,2021-11-20,Bronze,25,True,97.45400206241172,0.5054589395270733
1413,Kimberly Johnson,M,50,USA,2020-03-02,Silver,46,True,213.6311665619109,0.4561159570112465
1414,Phillip Miller,M,24,USA,2020-10-17,Silver,39,True,110.81690815270849,0.32609124953229784
1415,Christopher Pena,M,33,EU,2020-11-03,Bronze,38,True,104.71363915366398,0.4829223459301942
1416,Ellen Wright,M,26,Other,2020-10-04,Silver,39,False,119.25496989988449,0.4232831361542333
1417,Mark Anderson,F,18,USA,2022-02-25,Silver,22,False,118.12987739335341,0.4987452160328753
1418,Alyssa Alvarado,M,41,USA,2023-03-25,Bronze,9,False,82.49922694396992,0.5169388171738806
1419,Erika Alvarez,F,37,EU,2020-11-05,Silver,38,True,145.3040947010876,0.7606060954825715
1420,Kimberly Nelson,F,35,Other,2022-03-12,Gold,22,False,257.3520601956494,0.38790319807457607
1421,Wayne Wolfe,F,37,USA,2020-02-21,Silver,47,False,185.24508184613092,0.4788418814398111
1422,Kyle Welch,M,26,EU,2023-06-23,Silver,6,False,136.25461323319726,0.4346887263327055
1423,Kristy Mills,F,22,USA,2023-08-24,Bronze,4,False,94.67045201052626,0.2895667424049234
1424,Emily Reed,F,33,USA,2021-10-19,Silver,26,True,167.74004040292786,0.9367592950205025
1425,Regina Ramos,F,44,Other,2022-05-12,Gold,19,False,202.30628594356637,0.3595808008558993
1426,David Torres,M,49,Other,2023-08-05,Bronze,4,False,87.26703491681018,0.5554099768544231
1427,Robert Charles,M,40,USA,2019-06-23,Bronze,55,True,113.2283263422508,0.7550326291693639
1428,John Smith,F,33,Other,2020-01-15,Silver,48,True,198.6291025533812,0.3140930657129293
1429,Theresa Woods,M,35,EU,2023-09-27,Gold,3,False,242.337078401287,0.6314089318007772
1430,Jeffrey Carter,M,33,Asia,2022-06-18,Bronze,18,False,127.13160764081786,0.2690923228409443
1431,Adam Brooks,M,22,EU,2022-08-25,Bronze,16,False,97.21245187022609,0.3796400733590701
1432,Justin Foster,F,33,EU,2022-06-19,Bronze,18,False,78.3473023065677,0.5841973921359089
1433,Omar Price,F,19,EU,2021-10-23,Bronze,26,True,59.99451711342744,0.4590917930439897
1434,Dennis Henderson,M,31,EU,2020-11-28,Silver,37,True,87.84087071616992,0.7181778492662056
1435,Phillip Kent,F,49,USA,2019-10-25,Gold,50,True,191.8660426876195,0.5192756862831608
1436,Melinda Mitchell,F,41,USA,2022-01-25,Bronze,23,False,110.1365244846028,0.578149511128593
1437,Rhonda Gutierrez,F,23,USA,2020-12-03,Silver,37,True,175.29246243017334,0.39652182221735344
1438,Catherine Roberts,F,32,Asia,2022-06-02,Gold,19,False,209.72377301861016,0.34421928742441255
1439,Lisa Nelson,F,24,USA,2022-12-11,Bronze,12,False,85.56777339230602,0.32660657375439195
1440,Chelsea Smith,F,32,EU,2019-11-14,Silver,50,True,169.63498929144578,0.3597580542274291
1441,Joseph Lopez,M,43,Other,2020-11-21,Silver,37,True,114.05540184510622,0.39575791391793963
1442,Derrick Espinoza,F,39,USA,2022-02-05,Bronze,23,False,77.92507018199231,0.6735649595238629
1443,Crystal Hernandez,M,57,EU,2021-11-13,Bronze,25,True,112.25875434980546,0.5605102896843479
1444,Glenn Collins DDS,M,44,EU,2022-11-08,Silver,13,False,113.00460665259817,0.3083402704595136
1445,Mrs. Raven Rivera DVM,M,35,Asia,2020-11-06,Bronze,38,False,84.6945617663298,0.4382199374103196
1446,Amy Rowe,F,39,USA,2023-07-12,Bronze,5,False,80.44627362703461,0.49544613798151443
1447,John Lee,F,30,EU,2022-01-07,Platinum,24,False,310.1481508058166,0.9400178141869548
1448,Ruth Clayton,M,21,Asia,2021-03-11,Silver,34,True,167.6461653719572,0.5012867707819519
1449,Randy Wright,M,46,Other,2021-11-08,Gold,26,True,224.55823251358066,0.5680442557891662
1450,Jessica Rojas,F,43,EU,2022-02-09,Bronze,23,False,88.39372819179047,0.3511449927899733
1451,Joel Wise,M,30,EU,2020-06-04,Gold,43,True,193.28623477782887,0.6080973201818158
1452,Vickie Kennedy,F,35,EU,2022-01-05,Silver,24,False,172.0520856516093,0.7070673872696485
1453,Emily Morris,M,45,Asia,2021-02-04,Gold,35,False,178.78499103356557,0.47737690013588313
1454,Amanda Pineda,M,41,EU,2022-04-25,Bronze,20,False,81.74172231392299,0.5923244799182537
1455,Dawn Little,Other,18,USA,2021-04-12,Bronze,33,True,87.16852950564649,0.586321961797742
1456,Stephen Boyer,M,35,Other,2023-06-18,Silver,6,False,131.76408823927264,0.5104180178505489
1457,Brian Chen,M,31,EU,2022-08-15,Silver,16,False,150.92092149411837,0.6936452226132526
1458,Christopher Hill,M,44,EU,2019-11-08,Gold,50,False,198.92503839047833,0.38019660310185965
1459,Richard Smith,F,43,USA,2022-04-11,Bronze,21,False,96.65168872941612,0.36917357106470994
1460,Richard Alvarez,F,46,EU,2021-07-14,Gold,30,True,167.99611586453594,0.5006675608039507
1461,Jacqueline Davis,M,21,USA,2020-10-07,Gold,39,False,162.70959460107173,0.443999062312413
1462,Brandon Montgomery,M,25,EU,2021-11-16,Silver,25,True,169.47583621823082,0.06327710861256136
1463,Yolanda Garrett,F,44,USA,2023-07-23,Bronze,5,False,106.86299458501628,0.3902996209814165
1464,Matthew Miles,M,27,EU,2020-08-08,Gold,41,False,182.60734665230967,0.18048916847014235
1465,Beth Hall,F,18,Other,2019-02-27,Silver,58,True,148.2934909214853,0.4519096901855865
1466,Dr. Nicole Trujillo,M,38,USA,2019-12-11,Gold,49,False,248.48544403063366,0.6069850796463507
1467,Corey Norris,M,27,Other,2023-04-01,Gold,9,False,197.12309847196164,0.5081211501637548
1468,Chad Roach,F,50,EU,2023-10-17,Bronze,2,False,99.8749511761338,0.5200145967878347
1469,Mr. Edward Terry,M,35,Asia,2023-11-07,Silver,1,False,195.82189730552295,0.4766660730931871
1470,Cody Bailey,F,34,Asia,2023-05-18,Bronze,7,False,121.40688798696786,0.5317522934845916
1471,Denise Guerra,M,29,EU,2022-09-12,Gold,15,False,174.36686283149123,0.923739854112688
1472,Kristen Jones,M,48,Asia,2021-09-20,Bronze,27,True,121.40786176612832,0.4471796197662905
1473,Edward Baker,Other,36,Asia,2022-05-28,Bronze,19,False,96.60128972442936,0.4980115832978372
1474,Aaron Little,M,28,EU,2020-08-22,Gold,40,False,157.97597074946543,0.37032006765343334
1475,Cody Smith,F,25,USA,2019-04-21,Bronze,57,True,126.08334835015883,0.2144462791378438
1476,Patty Allen,M,32,EU,2019-11-05,Silver,50,True,128.71481535669855,0.5398298420960203
1477,Mary Ryan,F,23,Asia,2020-12-27,Bronze,36,False,89.80079561823558,0.6697616097633872
1478,Joseph Jimenez,F,43,Asia,2019-01-06,Silver,60,True,138.5601664030171,0.848007066412803
1479,Lisa Morris,M,18,Asia,2023-11-26,Silver,1,False,211.10961031876587,0.4718686270335029
1480,Ashley Mills,F,31,EU,2023-11-23,Bronze,1,False,80.96073327870857,0.46112323488451246
1481,Russell Anderson,F,39,Asia,2023-12-02,Platinum,1,False,263.84187752823004,0.6403305125688461
1482,Christina Washington,M,36,USA,2020-07-12,Bronze,42,False,93.15404906646769,0.7568291368491122
1483,Kenneth Huff,F,25,EU,2021-12-11,Bronze,25,True,110.54422878413206,0.31464093785539715
1484,Kelly Miles,F,39,USA,2020-11-04,Bronze,38,True,98.61008403292372,0.5996842190950763
1485,Jacob Obrien,M,24,USA,2021-10-07,Silver,27,False,129.9805953019266,0.7741781462760478
1486,Timothy Clark,M,32,USA,2019-05-05,Bronze,56,True,112.4758540011709,0.46265708504646175
1487,Steve Miller PhD,M,39,USA,2019-11-11,Bronze,50,False,127.12999247992973,0.3262779105239493
1488,Justin Hurley,M,37,EU,2019-06-28,Gold,54,True,135.0739244257735,0.6177813494676848
1489,Jacob Erickson,F,26,USA,2021-07-16,Bronze,29,True,86.36935319883581,0.29817131557285126
1490,Deborah Williams,M,44,EU,2019-09-10,Bronze,52,True,110.23873968941295,0.6785488646522105
1491,Eric Blackburn,F,33,USA,2020-10-09,Bronze,39,False,75.34339734683851,0.7986007640165781
1492,Anne Hardy,M,40,USA,2021-04-06,Bronze,33,True,96.90213802600533,0.42498262645335017
1493,Chelsey Fox,M,48,USA,2023-11-13,Bronze,1,False,125.41465506387976,0.7487053896377186
1494,Mario White,F,44,USA,2021-12-04,Bronze,25,True,112.45309560330853,0.5946909972280296
1495,Jennifer Garcia,F,44,EU,2020-05-11,Bronze,44,True,110.42011582869323,0.7078942696692115
1496,Heather Ellis,F,34,EU,2020-10-11,Bronze,39,True,114.94678862548697,0.4025188711431203
1497,Sonya Jackson,M,40,EU,2020-09-28,Bronze,39,True,106.49850412664316,0.5935114820411046
1498,James Morgan,M,35,EU,2019-07-16,Silver,54,False,139.88291972001971,0.5363275990481359
1499,Zachary Ramos,M,20,USA,2023-08-26,Silver,4,False,178.94600138616835,0.3821565244457149
1500,Ethan Frey,Other,36,Asia,2023-11-20,Bronze,1,False,90.48335178456242,0.4472098178748172
1501,Jacob Duran,M,35,EU,2022-08-19,Gold,16,False,193.53945468455532,0.5864177727092079
1502,Nicholas Franklin,F,38,EU,2020-09-06,Gold,40,True,133.76405252391683,0.3312609351219793
1503,Cindy Cannon,F,31,USA,2019-10-24,Platinum,51,False,271.33413508650557,0.3197824851297625
1504,Dawn Nixon,M,25,USA,2021-10-17,Bronze,26,True,101.57253130393292,0.308438011717867
1505,James Barber,F,39,USA,2019-06-18,Silver,55,True,150.7924846720958,0.38364646083149434
1506,Ms. Kelly Holder,F,19,USA,2020-10-04,Bronze,39,True,118.4766418953636,0.5429430853781909
1507,Eric Walker,F,47,EU,2019-03-23,Gold,58,True,182.485064063871,0.42401884290938524
1508,Alison Short,M,30,EU,2020-11-28,Bronze,37,True,92.04885265062823,0.6916539945492058
1509,Desiree Spencer,M,35,EU,2021-03-18,Bronze,33,True,89.17671704317621,0.2833970401232353
1510,Tammy Moore,M,38,Asia,2021-11-11,Bronze,26,True,104.82721556445514,0.5769650887072492
1511,Henry Taylor,M,38,Asia,2023-11-12,Silver,1,False,196.3891005359106,0.44495566846141976
1512,Kevin Hall,F,18,Asia,2022-01-10,Silver,24,False,80.68868090733177,0.4842842036377324
1513,Anna Ross,F,41,Other,2019-06-28,Bronze,54,True,90.24655397692591,0.6026562321752945
1514,Morgan Cummings,M,36,USA,2022-11-24,Bronze,13,False,92.98033816277339,0.10482717155950533
1515,Carrie Petersen,F,26,USA,2019-02-03,Gold,59,True,114.73539257701853,0.17933987028700182
1516,Laura Velez,F,25,USA,2023-12-15,Gold,0,False,195.0373131111515,0.49060032747264865
1517,Elizabeth Cross,M,29,EU,2023-10-18,Silver,2,False,139.40062234491134,0.4666258449615837
1518,Angela Brown,M,20,Asia,2021-08-16,Silver,28,False,136.83402147670296,0.2857814308323068
1519,Hannah Montoya,F,50,USA,2021-12-07,Bronze,25,True,77.93287650689983,0.8007781265928244
1520,Sean Kane,F,47,Other,2021-09-11,Bronze,28,True,98.25240949554934,0.32621087193279785
1521,Matthew Guzman,F,37,USA,2019-08-28,Bronze,52,True,76.67106482746352,0.42015506335256153
1522,Richard Reyes,M,30,Other,2022-04-10,Bronze,21,False,83.15892013217216,0.6724999129515978
1523,Andrew Fernandez,M,31,USA,2022-03-09,Silver,22,False,144.01674347467863,0.398736652432187
1524,Jonathan Walker,M,40,USA,2021-10-20,Bronze,26,True,120.43197271166316,0.3698227793502198
1525,Nicholas Long,F,50,EU,2023-02-18,Bronze,10,False,108.20664980889731,0.5583598627416284
1526,Kurt Wagner,F,27,USA,2022-11-25,Bronze,13,False,112.27725249885415,0.38853429273976003
1527,Dylan Foster,M,21,USA,2023-09-26,Bronze,3,False,139.23200119993763,0.5592270901869155
1528,Bradley Duncan,F,48,USA,2021-01-21,Silver,35,True,163.2146275294937,0.5769613818276906
1529,James Miller,F,18,Asia,2019-02-13,Bronze,59,False,79.06351461533833,0.5568891063797977
1530,Patricia Anderson,F,22,EU,2020-11-26,Bronze,37,True,88.74500808568982,0.6768456718868104
1531,Justin Freeman,F,30,USA,2022-08-23,Silver,16,False,124.28706520820292,0.44212104471280983
1532,Christina Gilbert,M,18,EU,2021-11-10,Bronze,26,False,97.28548093596224,0.42439179935664645
1533,Danielle Jones,F,44,Asia,2021-08-21,Bronze,28,False,91.77212690574868,0.4871707808825788
1534,Erica Glass,M,41,USA,2022-07-12,Silver,17,False,121.72090522009056,0.07553699282802412
1535,Michael Henderson,M,27,EU,2020-11-13,Bronze,38,True,118.48051186396582,0.532052437900021
1536,Frank Wheeler,F,45,USA,2019-12-21,Silver,49,True,179.86649032449859,0.45055385897669414
1537,Eric Huerta,F,47,USA,2022-12-22,Silver,12,False,155.38258733952657,0.5573684306376873
1538,Wanda Ramos,F,31,EU,2019-11-05,Bronze,50,True,79.96103568908765,0.36555188681290895
1539,Andrew Meyers,F,28,USA,2021-03-24,Bronze,33,False,102.43123379392225,0.701792218261445
1540,James Todd,F,55,EU,2022-02-27,Gold,22,False,175.52777132225853,0.468836288180193
1541,Ashley Brown,F,40,Asia,2019-02-12,Bronze,59,False,125.71568594983484,0.6253340034090844
1542,Tammy Melton,M,35,USA,2023-12-27,Platinum,0,False,228.2594689531603,0.4238760687447519
1543,Alexis Benson,F,46,EU,2023-09-04,Bronze,3,False,113.15215497437234,0.5700036435863893
1544,Jerry Johnson,M,36,USA,2023-03-03,Silver,10,False,169.0947482177861,0.26671911325825637
1545,Joshua Harris,M,27,Other,2019-02-14,Silver,59,True,176.89339975207866,0.1705216621100239
1546,Deanna Webb,M,33,EU,2023-04-03,Gold,9,False,207.85180205285667,0.4689623763380033
1547,Brenda Hale,F,43,Asia,2021-11-02,Bronze,26,True,93.3979422769548,0.4969812573845673
1548,Kevin Alvarado,F,18,EU,2019-07-08,Bronze,54,True,147.86227205188658,0.48557224593526715
1549,Christopher Campbell,F,30,USA,2021-10-07,Bronze,27,True,82.45879879770959,0.4566196674380526
1550,Lisa Brown,F,46,EU,2020-01-22,Gold,48,True,228.72431399981403,0.4397631751112757
1551,Alejandra Price,M,27,Other,2019-02-02,Bronze,59,True,100.36864175198836,0.6013047089009443
1552,Samuel Keller,F,48,EU,2023-07-18,Gold,5,False,213.71575334126342,0.7675840253534074
1553,Alicia Dillon,F,47,Asia,2023-11-26,Bronze,1,False,106.750810979235,0.8881116234588582
1554,Crystal James,F,32,Asia,2020-12-17,Bronze,37,False,78.35020648312153,0.664174961131816
1555,Ariana Stewart,F,27,USA,2022-12-14,Bronze,12,False,73.15454326000273,0.15685320241127537
1556,Kim Lopez,F,30,USA,2020-08-12,Silver,41,True,111.68414793293789,0.6576337168369562
1557,Judith House,F,59,EU,2023-07-26,Gold,5,False,182.1589945198591,0.6557241314137137
1558,David Moreno,F,51,EU,2023-11-18,Bronze,1,False,104.96437350227048,0.4848864729597652
1559,James Moore,M,34,Asia,2022-04-25,Gold,20,False,172.5056537968506,0.639085547422754
1560,Harold Garrett,F,26,Other,2020-08-17,Bronze,41,True,71.27228478937482,0.5540242745207336
1561,William Mason,M,34,USA,2021-11-16,Silver,25,False,177.5565670854737,0.4977893290298859
1562,Lori Johns,M,35,USA,2020-09-10,Silver,40,True,103.84083266966036,0.5379870253780297
1563,Robin Johnson,F,20,Asia,2021-11-04,Bronze,26,False,109.59521474622198,0.4168854258412271
1564,Diana Hernandez,M,33,USA,2023-07-02,Bronze,6,False,84.97199858994776,0.22403524461341
1565,Mary Miller,F,46,Asia,2023-05-05,Bronze,8,False,124.35146443556546,0.21838551756346802
1566,Tyler Salazar,M,18,EU,2020-02-14,Bronze,47,True,89.48790249386543,0.6375451019944617
1567,Crystal Allen,M,41,EU,2023-11-10,Gold,1,False,129.57731603041947,0.3461282226427216
1568,Wesley Browning,F,46,USA,2022-11-08,Platinum,13,False,297.6258582407227,0.270573583120445
1569,Joshua Clark,M,27,EU,2019-12-01,Silver,49,False,124.78894257065654,0.26751877263033996
1570,Joshua Mcbride,F,49,EU,2021-11-09,Silver,26,False,174.3253303277627,0.42859017710140096
1571,Ellen Thornton,M,26,EU,2023-11-23,Bronze,1,False,106.59474896452244,0.7273815395210289
1572,Brandy Forbes,M,37,USA,2021-11-21,Bronze,25,True,87.41833593825504,0.47822995672774693
1573,Brianna Fitzpatrick,M,29,Asia,2020-02-05,Gold,47,False,159.89218783923906,0.28533113721326586
1574,Emily Grant,M,29,Asia,2022-12-09,Silver,12,False,117.07292178175942,0.7222580348620351
1575,Bailey Stewart,F,26,USA,2021-03-09,Silver,34,False,132.42275722985556,0.5489899045545333
1576,Monica Cannon,M,39,USA,2023-10-18,Silver,2,False,190.91191391733165,0.4480225307439799
1577,Jennifer Jenkins,F,41,USA,2019-12-24,Bronze,48,True,97.12497048749361,0.5728183821017562
1578,Timothy Shannon,F,32,EU,2022-09-05,Bronze,16,False,118.94059545412429,0.5017511184349864
1579,Denise Maxwell,F,19,EU,2020-04-16,Silver,45,True,105.5737333525852,0.3923973554479488
1580,Cody Farmer,F,37,EU,2023-08-02,Bronze,5,False,61.580405819866236,0.4179909785789291
1581,Debra Bradley,M,37,USA,2022-12-25,Gold,12,False,162.1830033453378,0.31447086870810737
1582,David Mcdaniel,M,30,USA,2023-12-04,Bronze,0,False,113.14172952102435,0.4295422648695023
1583,Michael Woods,F,51,EU,2020-11-21,Bronze,37,True,94.22255656247985,0.6395521778713027
1584,Lisa Joseph,F,18,EU,2020-11-23,Bronze,37,True,117.79357641940237,0.6354431563029892
1585,Samuel Henry,F,18,Other,2019-10-18,Silver,51,False,187.91430485377572,0.47361451851060904
1586,Corey Johnson,F,25,USA,2022-11-05,Silver,14,False,121.28322133632753,0.4752598851328186
1587,Alexis Nelson,M,40,EU,2019-11-08,Bronze,50,True,116.68659612789119,0.34497706674996576
1588,Patrick Mcneil,M,22,EU,2019-08-12,Bronze,53,True,127.76074789375855,0.559397716459743
1589,Andrea Ho,F,23,EU,2019-12-14,Silver,49,True,181.00556126947072,0.29250617531262274
1590,Dr. Katherine Nguyen,F,42,Asia,2021-11-27,Bronze,25,True,68.12115694705298,0.6247628347932497
1591,David Sullivan,M,37,EU,2020-12-17,Bronze,37,True,62.901345065315766,0.5628025556678161
1592,Nicolas James,F,36,Other,2019-05-12,Bronze,56,False,91.02747545311829,0.46022465663631457
1593,Logan Newton,M,40,USA,2021-01-27,Bronze,35,True,91.78448821254605,0.5653190477626424
1594,Kelly Liu,M,28,USA,2021-06-24,Silver,30,False,175.28593652830915,0.44881978969677905
1595,Kelly Hayes,F,29,Asia,2021-12-02,Bronze,25,True,80.64716071204452,0.528303439155284
1596,Amanda Forbes,F,41,EU,2019-05-04,Bronze,56,True,108.31484772736141,0.5322282026518848
1597,Jennifer Moss,F,19,USA,2021-02-11,Bronze,35,True,78.33595388211535,0.6749912996626469
1598,Kelli Mccoy,M,18,USA,2019-05-12,Bronze,56,False,106.90125462373683,0.5734148072820947
1599,Eddie Sanders,M,28,USA,2022-11-19,Platinum,13,False,272.57429122996456,0.6572964796280573
1600,Ronald Murray,F,42,Asia,2020-11-02,Bronze,38,False,107.17007425753492,0.55897180525781
1601,Louis Brown,M,35,USA,2023-11-10,Silver,1,False,139.08521337643893,0.49139710787197965
1602,Brenda Gallegos,F,41,USA,2019-01-10,Bronze,60,True,55.8517329184988,0.5772194849890173
1603,Nathan Wilson,F,18,USA,2020-09-02,Gold,40,True,220.35881031312923,0.5517388182111815
1604,Teresa Horton,F,36,USA,2019-06-26,Gold,55,False,246.80151060480287,0.44581700696808174
1605,Jason Hayes,M,39,USA,2022-07-22,Bronze,17,False,83.28323617078132,0.28885316868126176
1606,Kevin Marquez,F,19,EU,2020-10-19,Gold,38,True,232.3811924849423,0.42166459860954075
1607,Jesse Wright,M,41,USA,2020-12-26,Bronze,36,True,87.73281994234559,0.420553119923049
1608,Susan Hogan,M,31,Asia,2021-04-20,Bronze,32,True,73.0018859696431,0.5832861268059422
1609,Becky Wilson,M,63,USA,2019-11-04,Bronze,50,False,87.77382168607033,0.4902383534252703
1610,Jack Mills,M,18,EU,2019-01-18,Bronze,60,True,96.32373731113438,0.3781206928862581
1611,Richard Hunt,F,46,Asia,2023-07-20,Bronze,5,False,73.59160824218225,0.4753087937132069
1612,Jamie James,M,29,EU,2021-05-18,Bronze,31,True,126.99264595738954,0.4519056523522196
1613,Susan Cunningham,M,18,EU,2021-12-14,Bronze,24,False,69.38337240192963,0.3621759463224893
1614,Brittany Melton,F,27,USA,2023-04-20,Silver,8,False,133.75723875929503,0.7200652253984426
1615,Michael Barnes,M,35,USA,2021-10-13,Bronze,27,True,81.55490438428181,0.47207059912895943
1616,Randy Griffin,F,43,EU,2021-04-24,Bronze,32,True,127.07601089623766,0.3812299410160193
1617,Autumn Anderson,M,50,Other,2022-01-15,Bronze,23,False,69.85253594804071,0.25066332634954175
1618,Marcus King,M,47,EU,2020-09-15,Bronze,40,True,116.50355159688785,0.5131198615631972
1619,Scott Stephens,F,23,EU,2023-09-25,Bronze,3,False,103.94302802933446,0.5777154114371728
1620,Stephen Young,M,44,Asia,2022-08-20,Bronze,16,False,75.04533158882433,0.402257029304403
1621,Karen Ortiz,F,36,EU,2022-02-04,Silver,23,False,139.45284858273902,0.521043294680673
1622,Kyle Sanchez,M,26,USA,2022-04-15,Bronze,20,False,96.34863346122722,0.336293014565138
1623,Lisa Grant,M,30,EU,2021-08-14,Gold,29,True,223.39807783396918,0.4655993922526795
1624,Amber Hernandez,M,25,Other,2023-10-07,Bronze,2,False,87.1007381900429,0.6627035227760069
1625,Amanda Nash,M,33,USA,2021-07-17,Bronze,29,True,112.6288553916653,0.4649766588937354
1626,Sara Evans,M,25,EU,2021-11-23,Bronze,25,False,100.97549228887053,0.4033581986211813
1627,Amber Butler,F,22,USA,2022-11-09,Platinum,13,False,327.072743284538,0.7013279787188087
1628,Michael Carr,M,37,EU,2019-02-04,Silver,59,True,123.5633446026155,0.5296745732316505
1629,Linda Cobb,M,39,USA,2023-12-18,Bronze,0,False,95.17749028042022,0.4245343853952402
1630,Jesse Riley,M,31,EU,2023-04-13,Bronze,8,False,102.20461338504391,0.37016303757490177
1631,Anna Evans,F,46,Asia,2022-04-15,Bronze,20,False,101.63293588401474,0.32766837701009444
1632,James Jones,F,30,USA,2022-11-04,Bronze,14,False,99.20888424865991,0.5640173455771009
1633,Joshua Carter,F,29,EU,2020-04-18,Silver,45,True,212.76897734899757,0.6150519943030308
1634,Michael Hill,F,39,Asia,2022-03-10,Silver,22,False,167.2288349186175,0.5000166400137429
1635,Kelly Dominguez,M,31,Other,2021-10-07,Bronze,27,True,114.54902002792886,0.4702365277180971
1636,Ashley Blair,M,33,USA,2022-11-06,Bronze,14,False,104.93792789767777,0.5882430885724016
1637,Victoria Webb,F,18,USA,2023-11-13,Silver,1,False,165.99785136896625,0.2873036684329857
1638,Taylor Andersen,F,33,USA,2019-11-28,Silver,49,True,155.9581556308446,0.5113839613943842
1639,Lee Stewart,M,18,Other,2019-06-27,Gold,54,True,272.7109881825919,0.5025829190813845
1640,Whitney Gomez,M,20,Other,2021-12-18,Bronze,24,False,98.79840664732107,0.5621963183573426
1641,Justin Stone,Other,19,EU,2019-11-22,Silver,50,False,174.94027594631677,0.5718377748395082
1642,Katherine White,F,22,Asia,2022-06-09,Bronze,19,False,141.70627964884287,0.43880474608669673
1643,Michelle Krause,M,27,EU,2019-08-11,Bronze,53,False,113.0609975727239,0.7781626293409241
1644,Alexander Garrett,F,28,EU,2022-02-16,Silver,22,False,141.4649966617255,0.337303791366644
1645,Ryan Marsh,M,39,USA,2020-08-08,Gold,41,True,170.6390987658386,0.4285243259622653
1646,Mrs. Felicia Castro DDS,M,35,Asia,2023-05-25,Bronze,7,False,90.08883331039374,0.6287058315108576
1647,Curtis Campbell,M,18,USA,2021-11-05,Silver,26,True,161.75129323093088,0.40476196789823937
1648,Elizabeth Hunter,M,33,Asia,2020-11-15,Silver,38,False,203.527627790606,0.5167151606992063
1649,Aaron Jennings,M,36,Asia,2019-11-26,Bronze,49,True,112.07249314357442,0.4201257595876511
1650,Nathaniel Gilbert,F,29,Asia,2021-11-02,Gold,26,True,184.5379215996488,0.44130519016550207
1651,Christopher Rivera,M,32,USA,2022-11-05,Silver,14,False,140.85224438388468,0.30583097999004455
1652,Michael Hendricks,F,34,USA,2020-05-10,Silver,44,True,145.5166320905946,0.6141139618743426
1653,Maria Olson,M,40,USA,2023-11-19,Bronze,1,False,73.18740513368783,0.6174494860633082
1654,Stephanie Herrera,M,18,USA,2023-03-14,Bronze,9,False,90.84552384878673,0.6169319543483289
1655,Richard Gutierrez,F,30,USA,2020-06-27,Gold,42,True,179.93783992486755,0.43560627201646623
1656,Sandy Evans,F,48,Other,2020-02-13,Bronze,47,False,155.56224468151635,0.5498227809265174
1657,Emily Herrera,F,47,EU,2020-05-14,Bronze,44,True,118.53748770658817,0.7992705968087397
1658,Michael Marsh,Other,41,USA,2019-07-04,Gold,54,True,157.07653092949803,0.5435256242586941
1659,Heather Montes,M,38,USA,2023-10-07,Gold,2,False,137.23176770460313,0.3265698577039741
1660,Andre Terrell,M,49,EU,2023-06-18,Bronze,6,False,73.87974881299846,0.37189818193595314
1661,Sarah Duncan,F,52,EU,2019-07-06,Bronze,54,True,128.27255609304126,0.36482191864315605
1662,Kurt Hancock,Other,31,EU,2021-08-15,Silver,28,True,109.52880444381881,0.6981334437364103
1663,Michele Edwards,F,23,Other,2023-07-11,Bronze,5,False,132.19471526090834,0.5591458567484235
1664,Jason Crawford,F,30,EU,2021-04-17,Bronze,32,True,104.79466866326116,0.2638992088293375
1665,Jesse Sampson,F,63,Other,2021-02-10,Bronze,35,True,95.0804193673423,0.6954393693771173
1666,Eric Rodriguez,M,18,Asia,2021-02-16,Silver,34,True,115.66119426201777,0.5849997825987905
1667,Paula Gentry,F,28,USA,2023-11-19,Bronze,1,False,125.27680733678761,0.5261618885522815
1668,Alexander Webb,F,18,Other,2022-04-11,Silver,21,False,166.38651739682496,0.727589373732392
1669,Cheryl Mclean,F,34,USA,2021-12-07,Silver,25,True,177.003100017748,0.465643554453709
1670,Kelly Rowe,M,20,Asia,2022-11-27,Bronze,13,False,94.5496027159,0.7042906975449696
1671,Shane Short,M,31,USA,2019-08-28,Bronze,52,False,113.33292543567723,0.1685673404236835
1672,Megan Anderson,M,18,Asia,2022-11-21,Bronze,13,False,129.6323762378599,0.39005142077510946
1673,Julia Reeves,M,39,Asia,2022-03-28,Bronze,21,False,111.90540493783455,0.6187677638093163
1674,April Randolph,F,45,Asia,2020-11-24,Bronze,37,True,78.88589167512087,0.7517305381924195
1675,Linda Miller,M,29,Asia,2021-08-23,Silver,28,True,165.5977931831635,0.3173323891233394
1676,Angel Meyer,M,31,USA,2023-11-23,Bronze,1,False,115.09590189769668,0.4372875940450762
1677,Emily Lane,M,31,USA,2020-11-14,Silver,38,False,200.30578626582076,0.5249314529219188
1678,Steven Flores,F,34,EU,2022-10-01,Silver,15,False,167.54957975145624,0.35908966729962877
1679,Donald Flores,F,32,USA,2019-11-17,Bronze,50,True,122.03031590218937,0.4605117939002912
1680,Bruce Hernandez,M,40,EU,2023-05-22,Bronze,7,False,112.32590683323045,0.7373682903477334
1681,Adrian Dean,M,45,USA,2019-11-13,Gold,50,True,145.80117948460108,0.3452922509952138
1682,Christine Bell,M,24,Other,2022-01-08,Silver,24,False,174.88153810254312,0.46394365970878565
1683,Charles Bush,F,29,EU,2019-08-19,Platinum,53,True,307.1981668476859,0.5409482395968465
1684,David Jones,M,42,Asia,2020-08-24,Bronze,40,False,139.93931740854077,0.5698162556433578
1685,Gina Wallace,F,18,USA,2019-06-08,Gold,55,True,142.42912569751252,0.37028887861284987
1686,John Lowe,M,18,Asia,2020-06-17,Bronze,43,True,77.35707567692852,0.47325562192090254
1687,Anthony Simmons,M,35,Other,2021-06-27,Bronze,30,True,114.50795104361106,0.45652355538049855
1688,Kyle Watkins,F,37,EU,2023-01-05,Bronze,12,False,130.23219938194302,0.5455447866326244
1689,Melissa Jensen,M,25,EU,2019-12-25,Bronze,48,True,97.59469508220673,0.3235750107192693
1690,Robert Marquez,F,27,Asia,2020-11-11,Silver,38,False,146.55041255544785,0.6907122449055396
1691,Kim Beltran,M,25,USA,2022-03-26,Bronze,21,False,104.14297179373402,0.5387062236931941
1692,Julie Anderson,F,24,EU,2022-01-14,Gold,23,False,180.63423987888442,0.6600664613915269
1693,Tamara Mcdonald,F,39,USA,2020-11-10,Silver,38,True,179.62612268771267,0.41431185396620956
1694,Michael Mckinney,F,21,USA,2023-12-27,Gold,0,False,180.69539765112594,0.3169703063493923
1695,David Walker,M,30,USA,2021-07-12,Bronze,30,True,114.00666673626627,0.35681878692446234
1696,Lisa Durham,M,23,USA,2021-07-03,Silver,30,False,110.30225160879777,0.6051005972763591
1697,Michael Ortega,M,18,USA,2023-10-09,Bronze,2,False,134.3706737486026,0.43388117922778097
1698,Sonya Chavez,F,41,USA,2019-11-11,Silver,50,True,86.38906393515637,0.2570249572287688
1699,John Bell,F,27,Other,2020-11-09,Silver,38,True,118.10233899014463,0.5270742040382522
1700,Christopher Tate,M,34,EU,2021-02-01,Bronze,35,False,145.06884514352532,0.45188192886552925
1701,Bethany Garcia,M,18,Other,2023-12-18,Bronze,0,False,102.02041257795115,0.45570055342495663
1702,Rebecca Nguyen,F,25,EU,2021-03-03,Silver,34,True,130.2058915035709,0.2434673565602512
1703,Rebecca Patel,M,40,USA,2021-10-14,Silver,26,False,111.6868448983282,0.27365146797109413
1704,Jason Oliver,M,58,EU,2019-09-04,Bronze,52,True,91.27871846590075,0.41780031884341345
1705,Valerie Reyes,M,18,EU,2021-12-28,Bronze,24,False,105.7952844863939,0.3608699403905796
1706,Robert Garza,F,30,USA,2020-12-05,Bronze,37,True,109.7339992928619,0.4145974310650509
1707,Jessica Cobb,F,37,EU,2023-11-21,Silver,1,False,159.66791806392763,0.624877091783089
1708,Cynthia Bates,Other,26,USA,2019-12-10,Bronze,49,True,64.27512275649462,0.34038142106049374
1709,Timothy Andrews,M,41,EU,2019-11-27,Silver,49,False,154.16795575672694,0.36414365615166294
1710,Mr. Joel Peters,F,24,EU,2023-11-05,Silver,1,False,160.16942101738255,0.42093302251179054
1711,Casey Blanchard,F,34,USA,2020-05-03,Silver,44,False,160.4589649698603,0.35549793259939844
1712,Brian Cervantes,M,27,USA,2021-11-22,Gold,25,False,201.1785382464109,0.46768991450554587
1713,Jamie Snyder,F,45,Asia,2021-12-20,Bronze,24,False,75.4204076202916,0.6541471515534186
1714,Ann Montoya,M,26,EU,2020-11-09,Bronze,38,True,81.56923710224982,0.45687609687123787
1715,Stephanie Fields,M,29,USA,2022-11-12,Bronze,13,False,124.26191443411136,0.5387323528866987
1716,Charles Hernandez,M,42,Other,2023-12-02,Bronze,1,False,84.4861714589586,0.15183052782070106
1717,Jean Lane,M,22,USA,2020-08-11,Bronze,41,False,85.55948336036106,0.5122307501399499
1718,Michael Stewart,F,33,EU,2021-11-01,Gold,26,True,188.1496142026598,0.7213723685209741
1719,Susan Torres,M,18,Other,2023-05-23,Gold,7,False,151.33472539932757,0.5147393493874851
1720,Jessica Haas,M,22,USA,2023-02-16,Bronze,10,False,112.67612279952164,0.5192305586852266
1721,Brandon Smith,M,36,USA,2021-05-25,Bronze,31,True,74.63086295671502,0.5428319123740655
1722,Mrs. Bethany Phillips,F,23,USA,2020-08-26,Bronze,40,True,121.68011201508054,0.7352011459203334
1723,Joshua Brown,F,27,USA,2022-12-25,Gold,12,False,146.2081157725999,0.7030668102502002
1724,Samantha Howard,F,37,USA,2023-11-03,Gold,1,False,188.8167841440919,0.3467065364186667
1725,Sharon Young,F,27,EU,2023-06-28,Bronze,6,False,106.87558143414019,0.6803949560849154
1726,Jennifer Flores,M,41,USA,2023-11-27,Silver,1,False,173.71703929259422,0.7064108426730079
1727,James Gardner,M,35,EU,2020-08-13,Bronze,41,True,95.49985679698155,0.24347949379340522
1728,Karen Lopez,F,37,Other,2023-04-15,Bronze,8,False,85.94533255087474,0.5039175517749243
1729,Tim Larsen,M,45,Asia,2021-10-01,Bronze,27,True,128.38089644488088,0.5788325057226218
1730,Zachary Santiago,M,36,EU,2021-12-25,Silver,24,False,155.44402728391375,0.07994397708148387
1731,Benjamin Smith,F,48,USA,2019-12-23,Bronze,49,True,96.58695332631699,0.39794535125389385
1732,Katelyn Kim,M,42,EU,2023-11-24,Bronze,1,False,63.62718867952899,0.3926338054861241
1733,Angela May MD,M,27,EU,2022-09-27,Bronze,15,False,103.83141682338004,0.4032337761154094
1734,Richard Munoz,M,45,EU,2019-09-16,Bronze,52,True,99.90033059167338,0.6566948533276561
1735,Christopher Hicks,M,35,USA,2023-07-15,Silver,5,False,109.3235550888114,0.4915167776263474
1736,Joanna Kelly,F,29,Asia,2023-11-06,Bronze,1,False,84.37743961797423,0.5631782436922272
1737,Larry Lane,F,35,EU,2020-11-26,Gold,37,True,203.73418993404954,0.5134172179525743
1738,Cynthia Shaw,F,44,USA,2020-11-22,Bronze,37,True,109.34791460196698,0.8702170733685746
1739,Joshua Richardson,F,37,USA,2021-03-27,Bronze,33,True,79.6320302683553,0.6494630115863287
1740,Laura Bush,M,51,EU,2019-08-15,Bronze,53,True,79.82328504974063,0.4973645959862963
1741,John Vaughn,M,43,Asia,2019-11-20,Bronze,50,True,102.31308521116358,0.4603967567102301
1742,Nicholas Terrell,M,38,Asia,2019-03-18,Bronze,58,True,83.17564233418103,0.3955191474256823
1743,Dr. Julie Miller,M,22,Asia,2021-08-17,Bronze,28,True,95.98627707262699,0.3540180898919122
1744,Ann Kennedy,Other,31,USA,2022-02-14,Gold,22,False,271.01273572723073,0.3204639796578703
1745,Toni Miller,F,33,EU,2022-12-22,Silver,12,False,148.72020475995035,0.6473074744960349
1746,Rebecca Edwards,M,39,EU,2022-11-25,Gold,13,False,240.90999794985376,0.36574933945575616
1747,Greg Osborne,M,39,USA,2019-11-26,Bronze,49,True,75.08995464850071,0.5963051440822461
1748,Jose Harrison,M,34,USA,2023-04-26,Bronze,8,False,84.64302810835325,0.4244713826219333
1749,Jennifer Yu,M,34,Asia,2019-07-18,Bronze,54,False,84.21880153073944,0.38733624168882375
1750,Donna Johnson,M,40,USA,2023-03-17,Silver,9,False,116.88190183101216,0.45046086491242027
1751,Nicole Acosta,F,24,EU,2020-09-01,Platinum,40,True,193.8951757916342,0.7687868268482585
1752,Amy Kennedy,F,49,USA,2021-11-14,Gold,25,False,207.72267940136248,0.9556523475059693
1753,Anthony Mooney,F,18,USA,2022-01-07,Bronze,24,False,107.73774451553658,0.44502569178312645
1754,Lori Mitchell,M,47,USA,2019-02-01,Bronze,59,False,81.08644761014473,0.43127315209859995
1755,Jonathan York,M,32,Other,2019-09-25,Bronze,51,False,85.09676411503753,0.6432515341744787
1756,Casey Campbell,F,43,Asia,2020-11-25,Bronze,37,False,101.55938474856328,0.5229043065867447
1757,Alexis Rodriguez,F,36,Other,2023-08-27,Bronze,4,False,100.41616002353463,0.40200386223250373
1758,Kevin Hernandez,F,36,EU,2022-11-03,Bronze,14,False,120.66179449691894,0.5736172917719011
1759,Robert Green,F,38,USA,2021-12-11,Bronze,25,True,122.67415841403349,0.6151280174936729
1760,Kari Lloyd,F,41,EU,2023-09-18,Bronze,3,False,86.63374119773842,0.4639974850462567
1761,Grace Miller,F,29,EU,2023-11-25,Bronze,1,False,98.64703500897372,0.4681907107589918
1762,Timothy Moore,M,43,Asia,2022-04-14,Silver,20,False,119.97528717026536,0.7572466000616763
1763,Wyatt Townsend II,F,22,USA,2021-12-03,Bronze,25,True,130.0448046767656,0.3768722856482728
1764,Mark Clark,M,32,EU,2022-08-02,Bronze,17,False,105.3261607299099,0.41899478277056706
1765,Haley May,M,41,USA,2022-12-20,Silver,12,False,179.8129243273312,0.430618983775111
1766,Audrey Jackson,F,42,USA,2019-02-15,Silver,59,True,139.10202909825188,0.7548581983007931
1767,Eric Reese,M,37,Asia,2021-10-07,Bronze,27,True,120.41517087136242,0.20349865695228736
1768,Kim James,M,29,EU,2023-01-13,Gold,11,False,229.7742016789304,0.6233614872166393
1769,Karen Thomas,M,41,USA,2022-08-04,Bronze,17,False,125.57805128043043,0.4955751935388302
1770,Alexandra Ho,M,26,USA,2020-02-08,Bronze,47,False,73.12374683182927,0.7720235333097344
1771,Michael Nixon,M,50,EU,2021-08-28,Bronze,28,True,101.49598990860477,0.5533443649590291
1772,Amanda Hardin,M,32,Asia,2020-11-21,Bronze,37,True,121.95081408851547,0.17729190225427743
1773,Tina Reynolds,M,18,Asia,2023-12-02,Silver,1,False,121.9299148580713,0.7417232764150288
1774,Shannon Rogers,M,21,Other,2021-11-13,Bronze,25,True,110.43759443318042,0.46459859357592814
1775,Brett Pena,Other,33,Asia,2019-11-26,Bronze,49,True,111.42665286956756,0.19389699226567542
1776,Raymond Curry,M,34,USA,2021-02-04,Gold,35,False,228.0419010716407,0.43918618745532706
1777,Leah Lee,M,52,EU,2023-12-13,Bronze,0,False,106.67475484172307,0.5054153908618374
1778,Michael White,F,22,EU,2019-09-16,Silver,52,False,168.52809902176278,0.3426274815803807
1779,Megan Decker,F,33,USA,2023-05-12,Bronze,7,False,108.65494053928578,0.27029059035036235
1780,Brent Garcia,F,22,Asia,2021-09-13,Bronze,28,True,123.69825447340232,0.5444887354007248
1781,Daniel Campbell,M,28,USA,2023-10-23,Bronze,2,False,85.64600921616949,0.31342722716209015
1782,Alexander Davis,F,49,Other,2021-09-01,Silver,28,False,160.21238915329113,0.34610687833863585
1783,Mary Houston,F,21,EU,2019-03-23,Silver,58,True,186.56378478608542,0.7036005128838376
1784,Margaret Erickson,F,38,EU,2021-02-03,Bronze,35,False,84.32554275685801,0.4504167470299687
1785,Scott Anderson,F,36,EU,2023-11-23,Bronze,1,False,86.17778212343127,0.317419653072447
1786,Stephanie Knight,F,32,Asia,2023-12-03,Gold,0,False,220.9746835375982,0.36566263525590287
1787,Stephanie Dominguez,F,38,EU,2023-12-12,Gold,0,False,255.2837200070839,0.5579311288659393
1788,John Mayer,F,21,EU,2020-06-28,Silver,42,False,145.9722865498003,0.5632879534148747
1789,Tammy Hill,M,49,USA,2020-04-24,Bronze,44,True,101.91070541245864,0.5998569532982287
1790,Steven Carrillo,F,52,EU,2020-10-04,Gold,39,False,214.55403715386072,0.6206415497025362
1791,Christopher Jones,F,33,USA,2022-04-01,Bronze,21,False,90.26454114647981,0.5500284778359346
1792,Janet Cook,M,57,Asia,2021-06-17,Silver,30,True,215.8121077314279,0.5912032039621982
1793,Tyler Baker,Other,29,EU,2020-11-20,Bronze,37,True,81.50743263741452,0.42865784436862764
1794,John Mcfarland,M,37,EU,2023-11-09,Silver,1,False,152.70135778213267,0.33232699529732024
1795,Cassandra Vasquez,M,47,USA,2023-12-05,Bronze,0,False,102.12234748890235,0.703694466232775
1796,Randy Robinson,F,28,USA,2020-10-21,Silver,38,True,84.34889691195005,0.632038195705877
1797,Susan Baldwin,M,19,Asia,2020-11-03,Silver,38,True,124.730461245618,0.4577846229951385
1798,Benjamin Duncan,M,18,USA,2023-11-21,Gold,1,False,145.91252345917385,0.4003450517491065
1799,Jeremy Mosley,M,53,USA,2020-05-07,Silver,44,True,171.6082699351726,0.8429209407709863
1800,Martin Fitzpatrick,M,27,USA,2022-11-03,Gold,14,False,132.27191059798625,0.3643276374920277
1801,Deborah Graves,M,31,Other,2022-02-05,Gold,23,False,237.67516966308597,0.5340844587709245
1802,Laura Robertson,M,21,Asia,2022-11-12,Bronze,13,False,76.40462925337509,0.39946384366624155
1803,Katherine Graham,M,42,USA,2019-11-03,Bronze,50,True,119.23038776372428,0.4383215116431727
1804,Priscilla Floyd,Other,25,USA,2022-06-01,Silver,19,False,108.10633614899044,0.3874652987566215
1805,April Finley,Other,28,USA,2023-11-22,Gold,1,False,216.96143351848795,0.1753714628828088
1806,Karen Bradley,M,35,Asia,2019-05-03,Bronze,56,True,118.7027979829003,0.55852443258014
1807,Heather Maldonado,F,22,EU,2023-10-16,Silver,2,False,167.19332296036012,0.5985180925864447
1808,Mark Benjamin,M,31,USA,2023-11-18,Bronze,1,False,75.5776255548131,0.4003063041905446
1809,Joseph Woodward,M,47,USA,2020-11-03,Bronze,38,True,122.59542267935254,0.8909447197953001
1810,Joe Miranda,M,37,USA,2021-12-05,Silver,25,False,166.37358189862493,0.5424950968621248
1811,Cassandra Williams,F,34,EU,2022-04-05,Silver,21,False,79.26442369552235,0.525091174976013
1812,Connor Dominguez,F,35,Asia,2021-10-09,Silver,27,False,153.3208076744968,0.5580425856421483
1813,Lydia Howard,M,29,USA,2021-12-12,Gold,25,True,313.3484466460777,0.41105398124990483
1814,Mark Moss,M,52,USA,2020-10-16,Bronze,39,False,122.32963222750999,0.35335893251389167
1815,Corey Cortez,M,24,USA,2021-12-27,Bronze,24,False,90.01977846508873,0.3857981852303166
1816,Katherine Brown,F,35,Other,2022-06-09,Gold,19,False,221.76131903794465,0.4182367551787024
1817,Elizabeth Ferguson,F,34,USA,2019-12-18,Silver,49,True,138.2148079487576,0.5840969503309572
1818,Joann Forbes,M,43,Asia,2023-11-27,Bronze,1,False,120.29146063859264,0.4433307980080519
1819,Anthony French,F,44,EU,2022-04-22,Silver,20,False,125.5739075456747,0.5928094140071438
1820,Bruce Roman,M,32,USA,2020-02-25,Gold,46,False,248.3429472096926,0.3107612661904461
1821,Judy Gregory,F,35,USA,2019-10-25,Silver,50,False,177.61205221296015,0.4033555623683499
1822,Brittany Riley,F,36,USA,2020-10-11,Silver,39,True,169.2785823472982,0.39315594862118114
1823,Amanda Thomas,M,18,EU,2022-10-22,Bronze,14,False,141.41646535403348,0.0
1824,Kaitlin Hardin,F,18,Asia,2023-12-17,Bronze,0,False,120.11689401761564,0.43130490949107175
1825,Michael Anderson,F,26,EU,2021-10-01,Gold,27,False,240.86336754255413,0.34435909268701326
1826,Anthony Parker,M,27,EU,2021-12-25,Silver,24,False,183.7920531945727,0.5685675846146269
1827,Joy Jackson,M,21,USA,2020-03-03,Bronze,46,True,114.27501521932376,0.6098924140377581
1828,Sabrina Rodriguez,F,40,Other,2019-10-05,Silver,51,True,163.92589098775696,0.28996092481871266
1829,Robert Walker PhD,M,33,Asia,2023-12-22,Silver,0,False,129.68195366317377,0.4631833451692885
1830,Robert Hendrix,M,30,USA,2020-12-01,Bronze,37,True,86.72931984938958,0.3080420979807817
1831,Erika Daugherty,M,20,Other,2023-09-15,Silver,3,False,162.96151490410836,0.5486730011505323
1832,Brenda Copeland,F,32,EU,2020-12-17,Bronze,37,False,112.18406672074113,0.39694510751024986
1833,Pamela Watkins,F,18,EU,2019-10-04,Bronze,51,False,100.3564905241025,0.41989290490925874
1834,Bryan Thomas,F,31,Asia,2022-12-22,Silver,12,False,135.5526194598744,0.46748093719813855
1835,Michael Tran,F,33,Asia,2021-11-24,Bronze,25,False,97.27784486896311,0.5428874313265827
1836,Timothy Williams,M,35,EU,2023-09-23,Bronze,3,False,98.94331131571928,0.5082653114591111
1837,Ryan Salazar,F,18,USA,2023-01-14,Gold,11,False,211.00238949395768,0.5589803198003506
1838,Alexis Tucker,F,35,USA,2019-11-02,Silver,50,True,143.3354498960481,0.6078154093267281
1839,Christopher Davis,M,22,Other,2023-02-04,Bronze,11,False,123.31417285206037,0.48003325589527696
1840,Stacie Butler,M,24,USA,2022-08-05,Bronze,17,False,97.78611301955034,0.34466093562670147
1841,Patricia Schwartz,M,40,USA,2022-10-24,Bronze,14,False,87.13364097165288,0.2598054094695677
1842,Mark Mills,F,53,EU,2019-11-07,Silver,50,True,147.5760873320398,0.3855748326383798
1843,Todd Bishop,F,33,EU,2020-12-04,Bronze,37,False,77.97224408604282,0.5337268342767904
1844,Christopher Porter,F,24,EU,2020-11-08,Bronze,38,True,140.2664560162054,0.2925374236094025
1845,Lori Patton,Other,34,Other,2023-08-11,Bronze,4,False,113.1103075228711,0.6610676279705362
1846,Aaron Young,M,42,USA,2023-11-08,Bronze,1,False,99.74750643169217,0.34236696966275754
1847,Joseph Davis,F,39,USA,2019-09-04,Bronze,52,True,128.32915278401586,0.4830639342113094
1848,Philip Fernandez,F,60,USA,2022-03-11,Bronze,22,False,95.89910102967798,0.7214487851254532
1849,Randy Hopkins,M,25,Asia,2019-11-12,Platinum,50,True,297.9922695981387,0.4726631903863274
1850,Cory Hogan,F,35,EU,2020-08-28,Platinum,40,False,257.75093664885344,0.33618702380572185
1851,Tracy Wells,M,48,USA,2022-07-02,Bronze,18,False,81.18903782478475,0.12347746069293003
1852,Michael Williams,F,47,Asia,2023-02-15,Silver,10,False,156.32475833361843,0.5609227695238642
1853,Dominique Hamilton,F,18,Asia,2020-12-14,Silver,37,True,181.9205407585775,0.5465286102116248
1854,Robert Chang,F,32,Asia,2021-11-19,Bronze,25,False,82.43465027798804,0.5864129891755028
1855,Patrick Buckley,F,47,Other,2020-09-21,Bronze,39,False,95.2145454804699,0.5169635982362125
1856,Richard Washington,M,61,USA,2022-12-17,Bronze,12,False,95.92879581446164,0.41952766843775213
1857,Steven Griffith,F,40,Asia,2022-02-16,Silver,22,False,173.14645335889566,0.3820448476599193
1858,Erika Gonzalez,M,29,EU,2019-08-05,Silver,53,True,137.05694705739663,0.506258617090708
1859,Erika Maxwell,F,22,Asia,2022-06-20,Gold,18,False,230.12497533844734,0.6484947737478229
1860,Brent Rojas,F,55,Asia,2021-07-21,Silver,29,False,171.46257575384993,0.05608534354422884
1861,Jaime Walker,F,40,Asia,2021-11-28,Gold,25,True,173.52145099197472,0.6408037888794131
1862,John Zamora,M,24,EU,2022-08-28,Gold,16,False,188.2784216405792,0.4564252637356926
1863,Timothy Gibson,F,30,USA,2023-11-01,Gold,2,False,203.21922265131656,0.474912277429263
1864,Chad Cortez,F,36,EU,2022-12-10,Bronze,12,False,91.26000080045078,0.6042859256186901
1865,Vanessa Harris,F,38,Other,2023-06-07,Bronze,6,False,82.1029841920614,0.47438419441080265
1866,Michael Brown,M,24,Other,2022-01-10,Silver,24,False,194.4723055646727,0.5338687241145089
1867,Samuel Ellis,M,26,USA,2020-08-25,Silver,40,True,96.52062290961345,0.2549167654717801
1868,Greg Tanner,M,18,USA,2022-11-16,Bronze,13,False,104.65621838850988,0.45838684266285146
1869,Rachel Little,F,43,USA,2020-11-05,Gold,38,True,254.58132637278104,0.5759608459866007
1870,Carolyn Cordova,F,29,Asia,2023-07-19,Platinum,5,False,251.65767047699205,0.4412530752604959
1871,Angelica Vincent,Other,37,Asia,2022-11-25,Silver,13,False,150.79052855591144,0.45025452134789834
1872,Zachary Vargas PhD,M,47,USA,2023-10-06,Bronze,2,False,118.05571474719261,0.5246068959928681
1873,Nicholas Fitzgerald,M,35,EU,2021-12-12,Gold,25,False,78.30129785448105,0.5646649720180432
1874,Garrett Riley,F,31,Asia,2019-12-06,Bronze,49,True,98.99216482518936,0.7282489230747217
1875,Leslie Hernandez,F,34,Asia,2023-11-10,Bronze,1,False,68.55422414630114,0.5659336960900594
1876,Abigail Baird,F,33,EU,2020-01-10,Gold,48,True,238.53364096204123,0.7027273747727822
1877,John Mack,F,45,EU,2019-08-13,Silver,53,True,126.22707900937289,0.48544868556121856
1878,Joseph Mendoza,M,36,EU,2022-10-19,Bronze,14,False,135.68900798837225,0.1447172327951945
1879,Samantha Chavez,F,27,USA,2020-10-17,Gold,39,True,161.80268964154226,0.4357842699738742
1880,Justin Smith,F,43,EU,2019-11-16,Bronze,50,True,108.99301262000282,0.37848762417867965
1881,Tiffany Anderson,F,45,EU,2019-12-04,Silver,49,False,123.70843336541729,0.49054253504790346
1882,Matthew Davis,M,19,Asia,2023-11-20,Silver,1,False,142.88107362494605,0.4518236228440289
1883,Eric Warner,M,48,EU,2022-05-03,Bronze,20,False,99.91474702868796,0.5395102932798511
1884,Nicole Johnson,M,36,Asia,2022-10-27,Bronze,14,False,100.51592689908745,0.39944931786094445
1885,Raymond Sawyer,F,35,USA,2022-08-05,Gold,17,False,266.19404637252075,0.5323533414630299
1886,Richard Wood,M,43,EU,2023-11-13,Bronze,1,False,128.54677198672587,0.5554570685765785
1887,Mark Dalton,M,27,USA,2023-12-14,Bronze,0,False,85.0123977873148,0.5053129478599908
1888,Steven Cook,M,42,USA,2022-06-09,Bronze,19,False,100.85698656766255,0.2805060230445531
1889,Jeffery Nelson,F,29,Asia,2019-10-09,Bronze,51,False,76.7257492766605,0.6340648440702411
1890,Kimberly Norton,M,18,Other,2022-08-08,Gold,17,False,144.34638462868787,0.5929599439089941
1891,Angela Gilmore,F,23,USA,2023-06-28,Bronze,6,False,86.66179358163544,0.47130333162489507
1892,Amy Dougherty,M,38,EU,2022-07-10,Silver,18,False,200.4999434487658,0.2283277854199285
1893,Stacy Rodriguez,M,23,Asia,2023-07-22,Bronze,5,False,66.24813827163022,0.5453028392049798
1894,Manuel Diaz,F,49,USA,2022-04-20,Gold,20,False,223.05218096831726,0.42081388367968775
1895,Justin Jones,M,44,EU,2019-12-18,Silver,49,True,163.8100467721262,0.41756978042823767
1896,Christine Zavala,M,46,Asia,2019-12-12,Bronze,49,True,85.13579057062087,0.48826220623499855
1897,Brian Mendoza,M,34,EU,2023-11-13,Platinum,1,False,338.69914529073174,0.7182958379040023
1898,Lauren Haley,F,35,USA,2023-03-16,Bronze,9,False,112.80858323348444,0.5220407705351026
1899,Patrick Perez,F,21,USA,2020-05-26,Silver,43,True,148.87586475018168,0.48340069622293314
1900,Derek Frazier,M,42,Asia,2021-11-03,Platinum,26,False,290.97660863487977,0.4217773796420691
1901,Arthur Reed,M,36,EU,2020-12-09,Silver,37,False,142.63453853252742,0.5046650678399263
1902,Mr. Bryan Mckinney,F,38,USA,2023-11-16,Silver,1,False,124.68211933313188,0.4998306620588289
1903,Kim Carter,F,49,Asia,2023-07-17,Bronze,5,False,103.30782342590057,0.5904542831461441
1904,Rebecca Dougherty,M,26,USA,2022-11-16,Bronze,13,False,89.89774962106155,0.42027844131218584
1905,Teresa Jones,F,31,Asia,2020-03-23,Bronze,45,True,103.230491869582,0.3781918623594145
1906,Judith Miller,F,36,USA,2021-12-10,Platinum,25,False,263.39650894225196,0.4335702218788629
1907,Donna Frye,F,23,Other,2020-04-22,Platinum,44,True,260.5633208293858,0.48694131217923214
1908,Donald Terry,M,31,USA,2019-06-18,Bronze,55,True,89.10522639529515,0.49681481798539906
1909,Shaun Meyer DDS,M,37,USA,2019-11-21,Bronze,50,True,125.38029413736439,0.498536618028168
1910,Wayne Weaver,M,29,USA,2020-04-02,Bronze,45,True,72.45222238067328,0.35135773480352644
1911,Gregory Wallace,F,46,USA,2020-12-14,Bronze,37,False,135.4516715186536,0.48718272336015706
1912,Dorothy Brown,F,18,Asia,2023-05-25,Bronze,7,False,115.36163081199626,0.6025443695528014
1913,Crystal Meza,M,44,Other,2022-06-05,Silver,19,False,103.1090966436164,0.6908379981490818
1914,Jennifer Cooper,F,39,USA,2019-10-06,Gold,51,True,176.8680846998614,0.6476626202994602
1915,Erin Watkins,F,27,EU,2021-10-20,Silver,26,False,101.32199279413086,0.490883500258165
1916,Sarah Wallace,Other,23,Asia,2022-07-01,Silver,18,False,169.405649604653,0.47625335864264806
1917,Carlos Clarke,F,18,Asia,2020-06-15,Silver,43,True,188.29935409553377,0.6864568864726519
1918,David Washington,Other,25,EU,2019-02-03,Silver,59,True,156.8757769518172,0.4835190748891001
1919,Patricia Williams,M,43,USA,2020-12-21,Bronze,36,False,124.38106364391743,0.6300677616765368
1920,Jesus Jackson,F,32,EU,2019-11-19,Bronze,50,False,103.67346173412756,0.49563559261384615
1921,Michelle Mitchell,F,44,EU,2021-11-24,Bronze,25,True,119.41958058115752,0.14012444758508869
1922,Sara Schwartz,M,26,USA,2022-01-18,Silver,23,False,158.75928386542478,0.5996029982858123
1923,Brittany Young,M,40,EU,2021-10-28,Platinum,26,False,300.8426073486685,0.644938096083274
1924,Eugene Martinez,F,25,USA,2021-04-15,Silver,33,True,173.2099485251717,0.4507897443720589
1925,Cody Hart,M,23,Asia,2022-11-18,Gold,13,False,193.74715883099242,0.3264063704798261
1926,Evan Cooper,F,31,USA,2022-11-01,Bronze,14,False,129.13883666491006,0.728239257948613
1927,Joshua Martin,M,26,EU,2021-11-28,Silver,25,True,140.53624955624935,0.47812153659084594
1928,Thomas Sullivan,M,18,EU,2020-06-14,Gold,43,True,222.68644800772995,0.448433424821841
1929,Mr. Jimmy Flores Jr.,M,31,EU,2022-01-17,Silver,23,False,128.80001178612585,0.5673308509872707
1930,Vanessa Rivera,M,34,USA,2021-12-20,Gold,24,False,137.07203953310255,0.9104455791979968
1931,Kara Roberts,F,45,EU,2021-12-08,Silver,25,True,160.7386158136644,0.572616899473724
1932,Veronica Berry,F,42,EU,2021-09-24,Bronze,27,True,63.92028375081813,0.526737953690835
1933,Keith Meadows,M,45,EU,2020-02-08,Bronze,47,True,142.98329147543257,0.5104670338350042
1934,Michael Dennis,M,40,EU,2023-09-27,Silver,3,False,139.37513676754264,0.7481158697706145
1935,Brenda Pierce,M,36,EU,2023-09-17,Gold,3,False,196.88925724973214,0.5790987073575286
1936,James Randall,M,20,Asia,2022-11-01,Bronze,14,False,93.79931523685366,0.6295725309163331
1937,Brandon Brown,F,34,USA,2023-11-07,Silver,1,False,154.22320717281698,0.545589571993068
1938,Lauren Walker,M,38,Asia,2019-02-23,Silver,59,True,160.2055639927424,0.580378661322755
1939,Diana Johnson,M,47,EU,2022-11-26,Bronze,13,False,83.20243509634635,0.4582405227237909
1940,Jill Powers,M,39,USA,2022-03-14,Bronze,21,False,48.91773393847345,0.5253988410475167
1941,Jorge Lee,M,45,USA,2021-02-21,Bronze,34,False,77.98445380799447,0.3970817213345861
1942,Larry Harding,M,22,USA,2019-08-24,Bronze,53,True,90.29499653228127,0.4237959422865206
1943,Heather Hernandez,M,29,Asia,2023-02-06,Bronze,10,False,105.6044543451589,0.5735663490627734
1944,Jaclyn Watson,F,37,Asia,2022-11-17,Bronze,13,False,103.6711208592889,0.3944606231404185
1945,Gregory Madden,F,44,Asia,2019-09-14,Bronze,52,False,115.0645076087339,0.5195756659515224
1946,Anita Luna,F,31,EU,2020-10-07,Silver,39,False,100.71239037484303,0.44485561952952835
1947,Willie Lara,M,32,EU,2020-10-15,Silver,39,False,123.21728497789132,0.33138170734014194
1948,Robert Waller,M,39,USA,2021-12-08,Silver,25,True,136.77135692269587,0.5341632094095377
1949,Steven Taylor,F,21,USA,2019-12-28,Silver,48,True,195.7234162693198,0.6163194890100283
1950,Angelica Clark,F,49,EU,2022-11-24,Platinum,13,False,463.2307636485316,0.3027165286279729
1951,Sean Hatfield,Other,24,USA,2020-08-16,Gold,41,True,146.06203425325157,0.591343336275868
1952,Tyler Avila,M,18,USA,2020-03-10,Platinum,46,False,365.4973946277893,0.3327417337656366
1953,Jason Rocha,M,33,EU,2023-10-09,Bronze,2,False,101.73784990830588,0.7033333727617878
1954,Justin Page,F,49,Asia,2023-09-19,Gold,3,False,222.2473115177991,0.5850590057732397
1955,Breanna Lopez,F,38,Other,2019-06-02,Silver,55,True,110.26812081540585,0.3027092149487409
1956,Julian Williams,F,40,Other,2023-12-08,Bronze,0,False,127.10104537904648,0.627946176961061
1957,Sandra Torres,F,33,EU,2019-11-11,Bronze,50,True,55.57809248246362,0.4080139364159505
1958,Julie Johnson,F,31,EU,2022-10-04,Silver,15,False,110.55896727968542,0.3551839693452066
1959,Dennis Blanchard,F,18,EU,2022-11-18,Bronze,13,False,94.60431666429844,0.608264012900878
1960,Kaitlyn Valdez,F,18,Asia,2022-12-18,Bronze,12,False,88.13523782603048,0.6810143863251634
1961,Jennifer Vasquez,F,34,USA,2023-06-02,Silver,7,False,150.77480676399517,0.5714479109700626
1962,Danielle Wilson,F,46,EU,2023-01-05,Silver,12,False,129.45890105492617,0.44425524277703765
1963,Zachary Jones,M,36,Asia,2021-01-14,Gold,36,True,185.73438615921626,0.525434308276715
1964,Lauren Cunningham,M,39,USA,2020-01-13,Silver,48,True,144.4679161008574,0.4126764530766338
1965,Lori Alvarez,F,48,EU,2022-03-08,Silver,22,False,143.29973219617187,0.4738430725006706
1966,Barbara Hunt,M,36,EU,2023-10-25,Bronze,2,False,102.97164689667088,0.5612109945811368
1967,Sarah Martin,F,31,USA,2020-12-11,Silver,37,False,176.88252489402566,0.28605660140157074
1968,Francisco Johns,M,24,USA,2022-08-22,Bronze,16,False,84.92857423386238,0.5669464510283656
1969,Christopher Nelson,M,53,USA,2022-11-08,Gold,13,False,253.90782580005393,0.28812955243893934
1970,Thomas Kelly,F,38,USA,2020-11-15,Bronze,38,True,100.98357726840237,0.3089363698677109
1971,Joseph Mayer,M,23,USA,2020-11-06,Bronze,38,True,125.22084928534237,0.5980776903345145
1972,Pamela White,M,21,Asia,2023-09-17,Bronze,3,False,93.14984400785822,0.37339094954783114
1973,Paul Stephens,M,45,USA,2020-10-11,Gold,39,True,165.35043378666052,0.35134064494200123
1974,Samantha Cohen,F,22,EU,2020-07-25,Platinum,41,True,304.8138621913955,0.4556593489291
1975,Michael Barker,M,51,USA,2023-11-26,Bronze,1,False,151.2780393820666,0.4112937012302836
1976,Kevin Morrow,F,18,Other,2022-08-07,Bronze,17,False,72.69681270621749,0.5347077196194675
1977,Joseph Watson,M,47,USA,2020-06-02,Silver,43,False,170.319733885668,0.5261998462668642
1978,Mr. Thomas Garcia,F,37,EU,2021-11-03,Gold,26,True,207.09812334981194,0.35216257003261664
1979,Daniel Lopez,M,34,Asia,2019-01-18,Bronze,60,False,108.0800568361141,0.24335567951034165
1980,Lisa Guerra,M,31,Asia,2020-07-25,Bronze,41,True,75.88490196714183,0.4695747317893475
1981,Kim Arnold,M,51,USA,2020-08-24,Bronze,40,True,109.14267992758305,0.6650782380772127
1982,Ashley Stevens,M,40,Asia,2019-11-21,Silver,50,False,158.86317832685455,0.49012562931512377
1983,Robert Mclean,F,23,EU,2021-11-20,Bronze,25,True,70.32876489928077,0.4478596265067454
1984,Eric Cox,M,18,EU,2022-11-23,Bronze,13,False,102.62494119321084,0.7595540391273327
1985,Stacy Harper,M,34,USA,2021-11-14,Bronze,25,True,95.14070721024518,0.6128910929167141
1986,Gloria Mckinney,F,32,USA,2019-04-09,Silver,57,True,139.38461832234543,0.24085464891895597
1987,Robert Walker,M,18,Asia,2020-12-08,Platinum,37,False,297.26205422803423,0.4581544796654269
1988,Brenda Perez,M,32,EU,2022-08-24,Gold,16,False,243.50692811779268,0.5334593200552954
1989,Carlos Miller,F,27,EU,2021-01-27,Silver,35,True,163.74430460474727,0.3398551176472796
1990,Rachel Jones,F,33,Asia,2021-11-18,Gold,25,True,158.26424729864047,0.4560632067194685
1991,Nicole Williams,M,40,Asia,2022-11-12,Bronze,13,False,109.9421534899353,0.5031944150223153
1992,Ricky Palmer,M,47,USA,2021-03-12,Silver,34,True,148.6707246978084,0.46644122454790926
1993,Bryan King,F,42,EU,2019-12-10,Bronze,49,True,87.6750809822668,0.31838068843959033
1994,Michael Webster,M,25,USA,2022-10-09,Silver,14,False,112.80935998639171,0.7202310640211935
1995,Tamara Harris,F,36,Asia,2019-09-02,Platinum,52,True,348.4196513350227,0.5400233007022646
1996,Cathy Bell,M,33,EU,2022-08-24,Gold,16,False,177.18039251288712,0.37111838565026584
1997,Ryan Mcmahon,F,19,Other,2019-08-21,Silver,53,True,177.2421762240924,0.6314132707666066
1998,Hannah Martin,M,36,USA,2020-11-11,Silver,38,False,117.70407659122864,0.487849475592329
1999,Monica Allen,F,51,USA,2020-10-22,Gold,38,True,279.7908886450147,0.6487631396783798
2000,Annette Lane,M,33,USA,2021-11-10,Bronze,26,True,152.67459653857904,0.48435598717432465
2001,Daniel Lee,F,18,USA,2022-11-25,Silver,13,False,166.26864693893916,0.2785814069727367
2002,Steven Medina,M,33,USA,2022-11-08,Bronze,13,False,125.92856646542302,0.339921543951136
2003,Annette Lewis,M,20,Other,2019-08-05,Gold,53,True,181.86403393979901,0.6711622957216988
2004,Michelle Richardson,F,41,USA,2021-06-22,Bronze,30,False,88.95405540692565,0.6549143565966478
2005,Jessica Rosario,F,38,USA,2021-12-05,Bronze,25,False,123.88126015799888,0.30059884566331174
2006,Henry Gray,F,31,Asia,2022-05-09,Silver,20,False,154.54208907736404,0.7089556061980511
2007,Darren Rodriguez,M,29,EU,2020-10-11,Bronze,39,True,72.55941650733538,0.6538672843094058
2008,Mrs. Ashley Taylor,F,30,Asia,2022-12-12,Bronze,12,False,101.54574773078815,0.40486769949226226
2009,Michele Hawkins,M,33,USA,2022-11-05,Silver,14,False,113.34382428176443,0.4882921358175692
2010,Garrett Wilson,F,25,EU,2023-12-06,Gold,0,False,192.5937434744474,0.16958402597822114
2011,Kyle Collins,F,19,USA,2019-08-01,Bronze,53,True,120.97651205502197,0.39488589861750556
2012,Jill Spencer,M,44,USA,2019-02-16,Gold,59,True,258.37656153012506,0.4682835447835343
2013,Scott Lopez,F,29,Other,2023-02-24,Gold,10,False,211.0510112928338,0.5463964193715604
2014,Ryan Alvarez,F,34,USA,2021-12-14,Silver,24,False,190.14096573138673,0.4826345813967635
2015,Cassie Lutz,M,35,EU,2019-08-24,Silver,53,False,136.20176372872953,0.5208123701231342
2016,Brian Kim DDS,F,36,EU,2021-03-14,Bronze,34,True,134.01385619491285,0.35477124503990987
2017,Charles Morales,M,21,USA,2020-11-24,Bronze,37,True,85.54104299894145,0.5485773446759342
2018,Ashley Schaefer,F,18,Asia,2021-10-13,Bronze,27,False,83.81601328609466,0.7524725674658126
2019,Amy Hester,M,27,USA,2019-02-12,Bronze,59,False,90.78212950842183,0.5659168625531185
2020,Kurt Ewing,M,36,EU,2021-09-23,Bronze,27,True,85.0511466172886,0.5050861412644133
2021,Ryan Hardy,M,25,Other,2020-10-07,Bronze,39,True,110.3484001039425,0.38891372892462917
2022,Micheal Perkins,F,29,EU,2023-12-06,Silver,0,False,187.5677844913199,0.4465237120880599
2023,Richard Schneider,F,54,Other,2019-04-23,Silver,57,False,150.46525074156975,0.30318324341673497
2024,John Morrison,F,18,USA,2020-03-09,Gold,46,True,212.451998357638,0.28315532135274746
2025,John Ramirez,M,25,EU,2022-11-21,Bronze,13,False,72.35129351884643,0.4894906324566001
2026,Ashley King,M,51,USA,2023-11-16,Bronze,1,False,101.92525629127358,0.5831622635674744
2027,Mark Taylor Jr.,F,32,Asia,2023-03-09,Silver,9,False,203.12216665797234,0.3716510357415107
2028,Barry Gregory,F,25,Other,2019-01-14,Bronze,60,True,128.25384660015123,0.6793635499247265
2029,Janet Shelton,M,44,USA,2020-11-09,Silver,38,True,117.15672104164484,0.4158741784267204
2030,Marco Davis,M,33,EU,2022-05-04,Silver,20,False,136.85566790211337,0.48651170715450814
2031,Paul Saunders,F,29,USA,2020-06-09,Bronze,43,False,168.13068168868438,0.6418219147089731
2032,Christina Bates,M,34,EU,2021-07-08,Bronze,30,False,108.36200862157636,0.4530383196179606
2033,Dennis Cooper PhD,F,26,EU,2019-11-14,Bronze,50,False,130.30613910036402,0.594137088582247
2034,Tiffany Johnson,F,22,Other,2021-01-27,Bronze,35,False,131.8754738438637,0.5858992968914309
2035,Thomas Reyes,F,31,EU,2021-05-05,Bronze,32,True,77.68526638851179,0.3989104960456096
2036,James Stevens,F,22,USA,2023-02-16,Bronze,10,False,114.4775724008815,0.4029420208060784
2037,Justin Dalton,M,33,USA,2023-11-10,Silver,1,False,155.6186270439272,0.6833559667618893
2038,Michael Henry,F,36,USA,2021-01-27,Bronze,35,True,134.83337326169368,0.6979921881382838
2039,Mike Freeman,F,41,USA,2020-11-03,Silver,38,True,208.86461963220455,0.5938306108560376
2040,Michael Keller,M,44,USA,2019-11-09,Bronze,50,False,83.36454809972517,0.3698399457837849
2041,Laura Alvarez,F,28,Asia,2019-12-03,Bronze,49,True,168.8303919167809,0.6302715778344188
2042,Katie Myers,M,37,EU,2020-08-19,Bronze,41,True,103.38061702934581,0.4582887463671284
2043,Wesley Jensen MD,F,37,EU,2021-10-19,Bronze,26,False,112.64592277448543,0.3096997317035438
2044,Erica Johnson,M,36,USA,2019-12-01,Bronze,49,True,46.955072673935476,0.4044956524607284
2045,Russell Bailey,F,28,Asia,2023-11-22,Bronze,1,False,120.16618424766375,0.4664409870753142
2046,Alyssa Vance,M,22,Asia,2022-12-19,Bronze,12,False,56.917055752516475,0.6629824084028917
2047,Brent Reed,M,38,USA,2023-11-26,Bronze,1,False,97.12146189887838,0.3796211972293431
2048,Gregory Stanley,Other,18,Asia,2020-02-15,Gold,47,True,177.88447576881376,0.3551374520809816
2049,Matthew Watkins,F,30,EU,2022-04-19,Gold,20,False,218.64495904061778,0.42758675268455393
2050,Ana Torres,M,18,USA,2019-12-25,Bronze,48,True,103.58651895622828,0.481716295007818
2051,Alejandro Nguyen,M,19,EU,2019-11-07,Bronze,50,True,111.73879720039673,0.6009537472336247
2052,Scott Bradley,M,24,EU,2022-08-24,Silver,16,False,187.37797490703448,0.5855635872728611
2053,Deborah Dominguez,F,43,USA,2019-04-01,Gold,57,True,159.8413404845831,0.1625601970997655
2054,Victoria Gray,F,39,Other,2022-03-24,Platinum,21,False,287.7356494530812,0.4466276720634989
2055,Kenneth Stokes,F,27,Asia,2021-12-16,Bronze,24,False,83.09128468206907,0.5185858136723533
2056,Michael Rogers,F,40,EU,2020-09-08,Bronze,40,True,81.58585566554959,0.36944051557683055
2057,Pamela Morgan,F,41,EU,2023-04-12,Silver,8,False,207.98069010622416,0.3829331470116884
2058,Heidi Graham,M,31,EU,2022-11-28,Gold,13,False,149.24307650177974,0.5936871994853006
2059,Ryan Cobb PhD,M,19,EU,2022-10-24,Bronze,14,False,83.55813865376237,0.6024765168113139
2060,Donna Williams,F,30,EU,2021-11-06,Silver,26,True,215.82784636057994,0.47341900679362225
2061,Jennifer Perez PhD,F,32,USA,2023-11-10,Bronze,1,False,97.4632825989575,0.560290491080321
2062,Ryan Davis,F,20,EU,2021-07-14,Bronze,30,True,98.71103067640034,0.5694781002249291
2063,Austin Solis,F,36,Asia,2021-05-05,Bronze,32,True,108.0104444633689,0.33547706437501457
2064,Daniel Flynn,F,35,EU,2020-11-04,Bronze,38,True,75.90129394370693,0.3374852748937792
2065,Elizabeth Brock,F,37,USA,2019-10-27,Silver,50,False,122.33791191769322,0.4410126209031172
2066,Joshua Gonzalez,M,35,Asia,2023-02-25,Silver,10,False,131.5014649408954,0.3960513821015553
2067,Mario Chavez,M,40,USA,2021-04-23,Gold,32,False,241.68886774294805,0.4104991248468417
2068,Catherine Smith,F,31,USA,2019-03-28,Bronze,58,True,113.43133123550409,0.48573063591625715
2069,Shari Ray,F,35,USA,2019-11-14,Bronze,50,False,87.39507246966396,0.4862495164826751
2070,Victor Harmon,M,29,USA,2019-02-17,Bronze,59,True,97.3297977952969,0.11593133390442134
2071,Timothy Patel,M,27,Asia,2019-04-27,Bronze,57,True,115.58877185433441,0.5143402351351039
2072,Patricia Hamilton,M,46,EU,2020-09-01,Silver,40,False,78.45433552067239,0.46220918316149884
2073,Lori Boyd,M,18,USA,2020-03-17,Bronze,46,True,106.04496529095641,0.5338431506524969
2074,Charles Hernandez,F,41,Asia,2021-05-20,Silver,31,True,172.73858455582945,0.4038596839960862
2075,Elizabeth Graham,M,26,Asia,2019-12-09,Silver,49,False,122.44698839444027,0.4046871530960853
2076,Ronald Brown,F,25,Asia,2021-11-16,Bronze,25,True,113.00251274835537,0.4414189647919121
2077,Jason Colon,M,35,USA,2022-06-03,Silver,19,False,150.4500257514311,0.6602854316768991
2078,Dawn Burke,F,18,EU,2020-11-10,Bronze,38,False,136.2139439462889,0.43748047709231175
2079,Brian Lee,M,24,Other,2020-01-17,Gold,48,True,179.07748996771875,0.6666246967607492
2080,Ronald Marshall,F,24,Asia,2023-07-16,Silver,5,False,167.72679490501162,0.6465652922943699
2081,Jessica Lucas,F,30,USA,2022-12-01,Bronze,13,False,70.60054138194971,0.4492434145298183
2082,Christopher Taylor,F,24,USA,2020-11-19,Bronze,37,False,101.5040002132178,0.4233437656211956
2083,Robert Hopkins,M,49,EU,2019-11-15,Silver,50,True,174.4588959858925,0.42857246723419146
2084,Samuel Stuart,M,50,Other,2019-04-27,Bronze,57,False,89.49190665921788,0.4783899804604539
2085,Mr. Scott Miller,M,18,EU,2019-05-07,Silver,56,True,183.58783598577352,0.41617311353302217
2086,Sharon Lester,M,38,EU,2021-10-08,Bronze,27,True,118.40389458909861,0.610357048193402
2087,Jack Sandoval,F,41,USA,2020-11-04,Silver,38,True,154.3146740376674,0.4031436983631391
2088,Tony Ramsey,F,38,EU,2021-09-12,Gold,28,True,189.14933408678493,0.6294553789725272
2089,Brian Navarro,F,26,Asia,2020-11-02,Silver,38,True,57.4806838059123,0.3601257876162477
2090,Kelly Calderon,F,30,USA,2023-09-07,Bronze,3,False,87.0275176962087,0.2498909170111076
2091,Tara King,M,25,Asia,2021-11-25,Bronze,25,True,122.01615527561314,0.2304277995567534
2092,Cynthia Martinez,M,28,Other,2020-04-26,Bronze,44,False,94.5319866037822,0.41894797434011843
2093,Erin Silva,M,20,USA,2023-12-06,Silver,0,False,163.55648285972305,0.37886369087346966
2094,Paul Young,F,31,EU,2020-11-02,Bronze,38,False,90.72004671676042,0.3720881808892788
2095,Charles Thompson,F,18,USA,2022-12-25,Bronze,12,False,71.46262174620597,0.6474515768800848
2096,Jessica King,M,30,Asia,2021-11-07,Gold,26,False,229.9148701562642,0.39027235142217
2097,Katherine Brooks,M,20,EU,2019-11-25,Bronze,49,True,75.43351281445965,0.20516088453709225
2098,Emily Coleman,F,35,EU,2023-11-27,Silver,1,False,142.13238813149593,0.58471167508106
2099,Tracey Suarez,F,26,Asia,2023-01-02,Silver,12,False,160.93077504879534,0.7004100955932834
2100,Heidi Baldwin,F,35,USA,2019-12-26,Silver,48,True,129.65254212142509,0.5674790818497439
2101,Alisha Rasmussen,M,43,Other,2023-03-04,Bronze,10,False,131.40726919138618,0.39948075352153894
2102,Sarah Bates,M,48,EU,2019-06-16,Bronze,55,True,139.4461493809081,0.5257396459348597
2103,Melissa Mccormick,F,18,USA,2019-07-06,Gold,54,True,167.61771730211933,0.3795023596272629
2104,Juan Parker,F,24,EU,2020-12-10,Bronze,37,True,84.59398145316027,0.3542590631807764
2105,Heidi Burnett,M,29,Asia,2021-02-23,Silver,34,True,136.84496579714497,0.4703577435062065
2106,Sean Mathews,F,37,USA,2022-09-14,Silver,15,False,184.59145059488748,0.49145311968260136
2107,Theodore Long,F,18,Asia,2023-04-03,Bronze,9,False,109.71867287411052,0.46958214573650875
2108,Dawn Davis,M,23,Other,2020-10-14,Silver,39,True,172.5297660410246,0.7507492831092827
2109,Cynthia Clark,M,34,USA,2022-09-26,Silver,15,False,189.4597753791563,0.5064188297247145
2110,Sydney Welch,M,33,Other,2022-03-11,Silver,22,False,122.833222024483,0.6439610167222799
2111,Pamela Sullivan,M,36,USA,2023-12-11,Silver,0,False,165.08219934689663,0.8347823781702347
2112,Sean Morrow,F,37,USA,2023-11-21,Gold,1,False,202.0526560154346,0.4289685507353304
2113,Kaitlin Gutierrez,M,36,USA,2020-12-11,Bronze,37,True,108.60190959636732,0.5222876460373882
2114,Michelle Mcdowell,F,34,Asia,2023-03-04,Gold,10,False,245.9657305881326,0.6225460353062229
2115,Samantha Hale,Other,33,EU,2022-04-05,Bronze,21,False,96.96588110761249,0.5183092685246717
2116,Heather Guzman,M,39,USA,2023-12-06,Silver,0,False,129.0975550004867,0.4584334221207828
2117,Nancy Chavez,M,18,EU,2020-10-22,Bronze,38,True,78.97797077590873,0.8515290428583733
2118,Anthony May,F,48,EU,2020-11-14,Bronze,38,False,135.08369653697503,0.6797522233271857
2119,Rachel Taylor,F,18,USA,2020-05-07,Bronze,44,True,99.15952292081192,0.18474697693956815
2120,Mark Edwards,F,22,Asia,2023-07-06,Bronze,5,False,72.64300813899567,0.7036017124869749
2121,Christopher Black,M,30,Asia,2021-02-14,Bronze,35,True,127.65982616859287,0.7400508932751775
2122,Sandra Hines,M,39,EU,2020-11-22,Silver,37,True,98.7020482780625,0.6793029009573943
2123,Melissa Sparks,F,18,Other,2021-02-16,Bronze,34,True,69.0016714191646,0.6125994751366477
2124,John Moss,F,32,EU,2019-06-04,Silver,55,True,140.52032500864232,0.7326429099907792
2125,Michael Serrano,M,40,Other,2020-04-18,Bronze,45,False,89.06319914535723,0.632394026963304
2126,Christina Perry,F,42,EU,2021-08-26,Bronze,28,True,106.23864893654093,0.5868085415364866
2127,Shawn Duffy,M,26,EU,2021-07-07,Bronze,30,True,61.47269350298055,0.520122545136478
2128,Courtney Vaughan,Other,29,USA,2022-09-23,Bronze,15,False,106.52147055019188,0.33925932446126505
2129,Maria Sims,F,26,Asia,2021-11-27,Bronze,25,False,125.56816717286671,0.2940906140185063
2130,Valerie Gonzalez,M,29,EU,2022-08-19,Platinum,16,False,241.0851985543119,0.6159432434130956
2131,Caroline Morales,F,22,USA,2021-09-14,Bronze,27,False,92.43268909474797,0.6132580788277049
2132,David Davis,M,24,USA,2021-09-15,Silver,27,True,125.95342887120007,0.49359298737075263
2133,Travis Wilson,M,37,EU,2019-11-21,Bronze,50,True,106.40765520792695,0.37150019814238566
2134,Jessica Mora,M,34,EU,2021-11-06,Gold,26,True,156.98144422307365,0.33049714860736235
2135,Michael Wilson,M,37,Asia,2023-12-10,Bronze,0,False,75.98407563157538,0.4456711466621807
2136,Cheryl Atkins,M,35,Asia,2023-05-25,Gold,7,False,193.9557502810615,0.6052809814265577
2137,Donna Snyder,F,40,USA,2023-03-03,Bronze,10,False,106.74063551951642,0.8357595576353142
2138,Scott Greene,F,41,Asia,2019-07-13,Bronze,54,False,103.0097722866021,0.4963233044797996
2139,Diane Byrd MD,M,18,USA,2021-08-19,Silver,28,True,136.81211518145392,0.5431634063721095
2140,Charles Roberts,F,24,Asia,2019-11-21,Silver,50,False,170.04988251835817,0.6688916554205395
2141,Luke Solomon,F,30,Asia,2021-11-18,Bronze,25,False,104.60730440861,0.4904270809402922
2142,Michael Ellis,F,32,EU,2022-12-03,Bronze,13,False,76.61609397848466,0.555312231966822
2143,Casey Morris,F,26,Asia,2019-08-22,Silver,53,False,69.72421243813184,0.6232975300119727
2144,Melissa Reeves,M,42,USA,2023-08-03,Bronze,5,False,110.43251928560403,0.6653040113303567
2145,Nancy Scott,M,52,EU,2023-09-17,Bronze,3,False,94.86847442313052,0.5081206311285293
2146,Anthony Cook,F,34,Asia,2023-11-23,Silver,1,False,116.70154992635184,0.4279113003527321
2147,Terry Barajas,M,33,EU,2021-11-07,Silver,26,True,198.7608876300426,0.5306153467504088
2148,Tracy George,M,41,USA,2021-10-02,Bronze,27,True,132.29741146494646,0.2454039658731798
2149,Amber King,M,18,EU,2019-10-05,Silver,51,False,188.2067936230676,0.5440559076525137
2150,Elizabeth Foster,M,33,Asia,2020-09-09,Bronze,40,True,104.52374235879925,0.6300331475282588
2151,Walter Hansen,M,42,USA,2021-11-03,Bronze,26,True,36.71283139443985,0.7547358391679755
2152,Debbie Gordon,M,26,USA,2020-02-08,Bronze,47,False,123.50533521150793,0.638696935102544
2153,Sherry Anderson,M,20,Asia,2020-10-04,Gold,39,True,163.1778397525785,0.11509354082380924
2154,Joseph Thomas,F,31,Asia,2021-11-03,Bronze,26,False,88.81682647754688,0.7087667209076435
2155,Andrew Anderson,F,32,USA,2019-06-18,Bronze,55,True,117.98438441740203,0.7200423969280003
2156,Sandy Adkins,M,23,USA,2020-12-15,Silver,37,True,210.95441879761188,0.3619047000743522
2157,Diane Mcdowell,M,53,USA,2019-11-25,Bronze,49,False,130.8215968593517,0.439906929526402
2158,Pam Baker,M,28,USA,2019-11-11,Silver,50,True,155.1797875261692,0.7158602698287818
2159,Steven Stewart,M,21,EU,2021-06-05,Platinum,31,True,344.33723001807243,0.5083341263744292
2160,Pamela Hernandez DVM,M,32,Asia,2020-12-25,Platinum,36,True,233.6565135706296,0.4118694240911001
2161,Rebecca Brown,M,42,EU,2019-01-16,Bronze,60,False,67.54814378109107,0.3872813206970639
2162,David Johnson,F,33,EU,2020-10-24,Silver,38,True,182.3991908857083,0.895188752453451
2163,Michael Graham,F,37,USA,2019-11-19,Gold,50,True,212.90356423479963,0.618121591593477
2164,Tammy Williams MD,M,24,Asia,2021-10-04,Bronze,27,True,71.03367157632144,0.4582097035143276
2165,Karina Vasquez,M,47,EU,2019-03-28,Bronze,58,False,99.04003861996856,0.7142935162226225
2166,Sharon Martinez,F,38,Other,2021-09-22,Bronze,27,True,112.3389627969162,0.48646516193973405
2167,Sean White,F,43,EU,2021-11-11,Bronze,26,True,118.13569757006881,0.681711477363514
2168,Jordan Nelson,F,36,USA,2020-09-26,Platinum,39,True,337.69023853809006,0.587184863651065
2169,Laurie Silva,F,41,EU,2020-05-12,Silver,44,True,139.10456888652118,0.4492037315421399
2170,Kelly Duncan,M,24,USA,2020-03-05,Bronze,46,True,83.03335917856064,0.5747451818305866
2171,Billy Tate,M,28,EU,2022-03-10,Gold,22,False,204.68482136845043,0.5808084909652793
2172,Stacy Johnson,F,46,USA,2020-01-10,Bronze,48,True,116.04281758047733,0.6201235009227388
2173,Melanie Long,M,48,USA,2020-10-19,Gold,38,True,236.20993032721353,0.7442622807642948
2174,Tiffany Hood,Other,21,Asia,2019-03-05,Bronze,58,True,131.6064998152725,0.8317755476873268
2175,Brad Rivas,F,35,USA,2022-12-05,Bronze,13,False,100.70008610169066,0.5616714456591382
2176,Jordan Moses,F,28,Asia,2022-12-25,Bronze,12,False,77.79436268816421,0.21379757597261434
2177,Abigail Booker,M,26,USA,2019-10-04,Silver,51,False,182.59494840292749,0.6314979356662046
2178,Tiffany Nguyen,F,35,EU,2020-08-24,Bronze,40,True,101.65946338466513,0.4608863011902833
2179,Morgan Bernard,M,44,EU,2023-07-04,Bronze,6,False,74.34600887174818,0.24631662001032567
2180,Christine Williams,M,37,EU,2021-10-26,Platinum,26,True,337.42310576119627,0.6036042553127428
2181,Erica Brown,M,29,USA,2022-11-02,Gold,14,False,256.4749621561829,0.5659104541973895
2182,Trevor James,F,38,USA,2019-07-03,Silver,54,False,161.49081484347954,0.3791687649419106
2183,Christopher Hanna,F,29,USA,2023-07-04,Gold,6,False,256.96300763300275,0.32211136916812605
2184,Ann Phelps,M,37,USA,2021-11-08,Gold,26,True,180.61935347490652,0.7093734025633889
2185,Richard Mitchell,M,46,EU,2023-10-09,Silver,2,False,128.17379485845098,0.575923578517271
2186,Martha Martinez,F,18,Other,2020-11-28,Silver,37,False,175.63570285378796,0.3813529440048569
2187,Jeffrey Drake MD,F,40,Asia,2019-12-28,Gold,48,True,185.8898788790197,0.5993816945024093
2188,Bonnie Wade,F,18,Asia,2021-06-22,Silver,30,True,186.15611248115414,0.4369671228363491
2189,Kayla Burns,F,45,Asia,2021-02-08,Bronze,35,True,103.41532289505952,0.58171506717585
2190,Karen Hart,M,26,EU,2020-09-12,Bronze,40,True,124.37417559631972,0.5471118302541835
2191,Peter Shepherd,F,20,USA,2020-07-10,Bronze,42,False,112.62539521544454,0.11533155527434419
2192,Jessica Simmons,M,39,Other,2020-06-05,Gold,43,True,163.99781191727703,0.5162428568063454
2193,Glenn Ford,F,36,EU,2019-12-05,Silver,49,True,90.25444243563837,0.4750170036318463
2194,Michael Moore,F,23,EU,2022-10-24,Gold,14,False,231.2775326184587,0.38895144544640775
2195,Mark Warren IV,M,20,USA,2023-10-15,Silver,2,False,166.95451297645934,0.31039664679153267
2196,Terry Woods,M,31,EU,2019-05-20,Bronze,56,True,79.6407035639634,0.46737259445645724
2197,Carl Leach,F,20,EU,2019-06-03,Silver,55,True,173.95734254027008,0.4470893930793557
2198,Kelly Phillips,M,22,Asia,2023-09-26,Bronze,3,False,127.81221338576584,0.5977115199701606
2199,Billy Williams,M,34,EU,2021-11-02,Bronze,26,True,85.85364799017643,0.478225924307013
2200,Jeffery Davis,F,23,USA,2023-11-15,Gold,1,False,122.65881607393403,0.5132875779809954
2201,Laura King,M,37,Other,2020-07-13,Silver,42,True,179.11862514586912,0.5490747790729176
2202,Brad Gordon,F,47,USA,2021-09-28,Gold,27,False,250.8968748443076,0.4304131303619846
2203,Matthew White,M,31,EU,2019-10-24,Bronze,51,True,85.32229374337597,0.3505466680956983
2204,James Miller,F,34,USA,2023-02-12,Silver,10,False,173.22012602241603,0.8320155395513273
2205,Elizabeth Matthews,M,53,Asia,2019-11-14,Bronze,50,True,106.63233464193905,0.4883429273559998
2206,Michael Hanson,M,21,Other,2019-03-12,Silver,58,False,146.71398952996933,0.4685002731739672
2207,Vincent Savage,F,44,USA,2023-11-15,Bronze,1,False,111.61128850824265,0.7120208029480004
2208,Cody Burgess,F,43,Asia,2019-04-21,Silver,57,True,134.93819703782287,0.7830693730149374
2209,Shelby Rodriguez,M,41,USA,2022-01-28,Bronze,23,False,77.97318365146232,0.7168550779540619
2210,Abigail Wilson,M,45,Other,2022-01-22,Bronze,23,False,108.11680124272436,0.4414497870324624
2211,John Holt,F,35,Asia,2019-02-25,Silver,59,False,158.04373839780837,0.552091307307692
2212,Tracy Guzman,F,27,Asia,2021-11-13,Silver,25,True,73.59403016371589,0.5876810014548488
2213,Mr. William Ward,Other,43,USA,2021-11-03,Silver,26,True,114.56544555024894,0.8355251064964067
2214,Melissa Foster,Other,44,Other,2021-05-15,Silver,32,False,129.83395328349832,0.5630347187154927
2215,Calvin Smith,F,44,Asia,2021-08-20,Gold,28,True,220.99692226665329,0.5696912878015011
2216,Alan Waller,M,33,USA,2022-08-28,Gold,16,False,139.09602727617875,0.3480321735827096
2217,Christine Wong,F,25,Asia,2021-06-18,Bronze,30,True,93.60750040322029,0.3117066944294848
2218,Jessica Garrett,F,34,USA,2023-11-06,Bronze,1,False,138.75335617697513,0.7031584929076906
2219,Cheryl Turner,M,42,Asia,2021-09-15,Silver,27,False,152.00384904966333,0.5518727113957169
2220,John Johnson,M,43,USA,2023-12-25,Bronze,0,False,102.58180798615405,0.5670921288117518
2221,Christian Park,M,28,Asia,2022-02-12,Bronze,22,False,98.77987330131504,0.6610398587520832
2222,Kaitlyn Heath,M,36,EU,2023-08-02,Bronze,5,False,119.6410849042536,0.6278459576172712
2223,Christina Hudson,M,19,USA,2023-11-05,Bronze,1,False,100.83469772063633,0.608268856100471
2224,Amber Smith,M,42,USA,2019-10-26,Silver,50,True,143.40300122083585,0.5953886435609107
2225,Michelle Petty,F,25,USA,2023-12-17,Bronze,0,False,103.04383398243891,0.5208033456195187
2226,Nancy Larson,M,40,EU,2019-04-13,Bronze,57,False,126.51504427001868,0.531366934909517
2227,Donna Freeman,M,21,USA,2021-07-28,Gold,29,True,216.08241108021573,0.6374063675219372
2228,Mr. Logan Gregory,M,43,EU,2023-03-13,Gold,9,False,202.29911470184794,0.3592393150191423
2229,Katherine Klein,F,36,USA,2023-05-04,Gold,8,False,247.1038320303885,0.34243699941455674
2230,Jennifer Stewart,M,25,USA,2020-11-16,Bronze,38,True,89.55650249213468,0.5122545435039624
2231,Steven Butler,F,39,Asia,2021-10-08,Bronze,27,True,35.95883524527818,0.5223699442893799
2232,Johnny Mcmillan,F,27,USA,2023-04-03,Bronze,9,False,108.95478631537864,0.608668959735151
2233,Michael Smith,M,40,Other,2023-07-20,Bronze,5,False,108.72163981577553,0.4666551151225018
2234,Corey Cooper,M,30,Asia,2020-12-02,Bronze,37,True,87.55551376670772,0.383313052523352
2235,Daniel Stout,M,18,EU,2019-08-25,Gold,53,True,189.2416572695936,0.5902635487423437
2236,Lance Kirby,F,23,EU,2021-01-21,Platinum,35,False,375.47707548490996,0.701988930420022
2237,Bonnie Carter,F,28,Asia,2020-02-03,Gold,47,False,218.15742916605882,0.5547558049839717
2238,Toni Whitaker,F,46,USA,2021-09-11,Silver,28,True,194.23993779254727,0.2819052174142305
2239,Morgan Flynn,M,42,USA,2021-11-11,Silver,26,True,158.05676195971174,0.541332578239831
2240,Sarah Howell,Other,49,USA,2019-12-10,Silver,49,False,145.39000332404413,0.2102926445882784
2241,Paul Estrada,M,49,Asia,2019-12-28,Gold,48,False,228.31184710373856,0.49383793269568355
2242,Curtis Obrien,M,27,USA,2022-12-23,Silver,12,False,161.04372013290237,0.19853435473190112
2243,Jason Chaney,F,31,EU,2020-10-11,Bronze,39,True,108.77523131573396,0.4354807488457011
2244,Daniel Williams,F,28,Other,2020-01-17,Bronze,48,True,95.39416484248088,0.5766577545812173
2245,Stanley Kelly,M,26,Asia,2021-09-25,Silver,27,True,132.84071860554727,0.45718542675791013
2246,Ronald Kline,M,18,EU,2022-11-07,Bronze,14,False,89.312999901575,0.6723094369330909
2247,Arthur Jordan,M,32,USA,2022-01-01,Gold,24,False,220.7974103314862,0.5328607004572314
2248,Barbara Walker,M,20,Asia,2021-11-20,Silver,25,True,169.4845774714164,0.3314537593767601
2249,Gerald Kelly,M,32,EU,2019-05-15,Silver,56,True,71.14093881201696,0.6351002963221133
2250,Shawn Adams,F,54,USA,2022-11-07,Bronze,14,False,85.3441976686002,0.6033850871272033
2251,Michael Robertson,F,27,USA,2020-11-04,Bronze,38,True,68.18879282595516,0.6910734028984397
2252,Michelle House,F,34,Other,2019-06-23,Bronze,55,True,90.0339167867744,0.6064599817042888
2253,Jim Skinner,F,42,EU,2023-07-03,Silver,6,False,131.90121075065704,0.5704833309841206
2254,Brian Bishop,F,35,Asia,2022-08-20,Bronze,16,False,102.96248779946968,0.3510570938049532
2255,Theresa Colon,F,35,Asia,2021-06-28,Platinum,30,False,311.15540363998014,0.6219786230078468
2256,Brian Soto,F,29,EU,2020-08-03,Silver,41,True,213.91135623111217,0.4780348837405506
2257,Susan Moore,M,30,EU,2022-04-20,Silver,20,False,161.18616851484148,0.6209092106459418
2258,Jeremy Hunter,F,23,EU,2021-04-28,Gold,32,True,225.54107597081506,0.8345206030053409
2259,Annette Holland,F,41,USA,2020-01-10,Platinum,48,True,214.6859018981234,0.6810136136906578
2260,Chad Allison,F,18,EU,2022-08-03,Bronze,17,False,93.30413322357542,0.5427575171834148
2261,Jason Mack,Other,42,Asia,2020-11-26,Gold,37,True,156.6673655368389,0.5110009809066414
2262,Robert Peterson,M,18,EU,2023-09-26,Bronze,3,False,111.97113581573278,0.43734194836728413
2263,Angela Watson,F,42,Asia,2020-11-05,Bronze,38,False,101.04276692541647,0.1515541759687612
2264,Heather Ortega,M,29,EU,2021-08-20,Bronze,28,True,93.1689507704192,0.506968909090211
2265,Paul Fisher,F,20,EU,2022-10-19,Silver,14,False,178.6933180252037,0.42293258476366546
2266,Robert Gutierrez,M,38,EU,2021-05-21,Bronze,31,True,94.61418623423533,0.5482855054643334
2267,Jimmy Phelps,M,42,EU,2023-05-10,Silver,7,False,190.01895813520434,0.4225610196387024
2268,Heidi Johnson,M,28,Asia,2019-12-09,Silver,49,True,189.61943676888825,0.5331582437853245
2269,Adam Drake,F,40,USA,2020-09-11,Silver,40,True,130.93043493388473,0.6869097899769652
2270,Angela Edwards,M,18,EU,2021-11-01,Bronze,26,True,122.26979840321606,0.5235058066977628
2271,Mrs. Amy Malone,F,19,USA,2022-12-20,Gold,12,False,204.50750614184685,0.3370753138970047
2272,Margaret Orr,M,45,USA,2022-11-13,Silver,13,False,138.1785094728077,0.3753826082361992
2273,Mark Reeves,F,30,EU,2019-06-23,Bronze,55,False,107.89631159389701,0.6036064631481777
2274,Kelly Phillips,F,18,EU,2022-11-04,Platinum,14,False,204.7768418386789,0.6129615704083321
2275,Michael Spencer,M,26,Other,2023-07-24,Bronze,5,False,89.2417881726274,0.3692478654393527
2276,Patrick Blankenship,M,23,EU,2019-11-23,Silver,50,True,162.5336343994569,0.4956913187809134
2277,Douglas Rose,F,31,Asia,2023-11-21,Silver,1,False,141.17026399402573,0.6357021094636196
2278,Melody Griffin,F,29,EU,2020-01-10,Bronze,48,False,121.56271860301725,0.7581151172251377
2279,Joshua Kramer,F,34,EU,2023-10-04,Bronze,2,False,92.03864930186937,0.5264633517777461
2280,Melissa Barron,M,32,USA,2020-11-08,Gold,38,True,204.8589434562237,0.4701424399697751
2281,Jennifer Gonzalez,M,46,USA,2023-02-17,Bronze,10,False,97.59390740015317,0.44454885665871063
2282,Andrew Cook,Other,37,USA,2019-08-02,Bronze,53,True,69.4411615151956,0.5214697315455203
2283,Natalie Martinez,M,37,EU,2020-11-21,Silver,37,True,161.7714005256152,0.7083608132322823
2284,Diane Davis DDS,M,44,USA,2023-12-26,Silver,0,False,159.5148251136934,0.5217141208660538
2285,Nicole Moore,M,29,USA,2023-11-07,Silver,1,False,92.01851008734349,0.5749996353052377
2286,Robert Vargas,F,20,USA,2022-03-25,Gold,21,False,101.209347139701,0.28675656893127943
2287,Raymond Barber,F,45,Other,2023-05-03,Bronze,8,False,90.93009502761278,0.7391579007557542
2288,Mrs. Amy Watson,M,34,USA,2022-04-21,Silver,20,False,186.9178821010715,0.7005288750999767
2289,Heather Williams,M,34,EU,2023-11-11,Silver,1,False,231.5501582326146,0.4555801250549957
2290,Belinda Evans,M,26,USA,2021-11-18,Bronze,25,True,63.58267473601471,0.4843477892951485
2291,Jody Bird,M,26,EU,2022-11-06,Platinum,14,False,397.5360467297313,0.6769039883211125
2292,Virginia Cunningham,M,41,USA,2019-12-22,Gold,49,False,246.46130127559468,0.9417925422652619
2293,Lori Ferguson,Other,42,USA,2019-02-20,Bronze,59,True,88.3330622043868,0.2472827706700816
2294,Hayley Mitchell,M,40,EU,2020-03-14,Silver,46,True,206.49557380904764,0.4233591919691864
2295,Michelle Chambers,M,40,USA,2019-12-13,Silver,49,True,163.9962000584587,0.4408712079201672
2296,Kelly Wright,F,38,USA,2020-12-02,Bronze,37,True,95.45061310774898,0.6561445541036627
2297,Kevin Carson,F,34,USA,2019-09-16,Gold,52,False,128.78208388501577,0.5531555150104548
2298,Brent Dawson,F,31,USA,2022-09-24,Silver,15,False,153.06252733893638,0.4231455195311915
2299,Angela Brown,M,45,USA,2021-10-08,Silver,27,True,151.24222989141495,0.28756442368710633
2300,Karen Griffin,M,29,USA,2020-11-15,Bronze,38,True,144.77607912388893,0.6516951094186357
2301,Joseph Chapman,F,36,Asia,2021-05-13,Bronze,32,True,81.0827814653747,0.4699621485871696
2302,Jennifer Baker,F,24,EU,2023-08-01,Bronze,5,False,82.27812858410424,0.3263161462003628
2303,Mr. Jeremiah Galvan MD,M,26,EU,2023-10-02,Silver,3,False,134.67996987902438,0.3976700530743568
2304,Samantha Thomas,F,30,USA,2021-04-04,Silver,33,False,229.68602772978088,0.4362205418824826
2305,Michael Anderson,F,24,Other,2022-11-13,Bronze,13,False,76.9900207143152,0.455000734708907
2306,Sharon Wilson,M,40,USA,2021-11-12,Bronze,26,False,126.16213751222094,0.34329146826129886
2307,John Francis,F,19,USA,2021-09-12,Bronze,28,True,68.84422287378138,0.345183265053854
2308,Jaclyn Crane,F,33,EU,2021-09-01,Silver,28,True,162.94955213888053,0.8554291917323218
2309,Jennifer Martinez,M,34,USA,2020-11-06,Silver,38,True,152.94641815919414,0.5494257287162555
2310,Amanda Hernandez,F,18,USA,2020-11-11,Bronze,38,True,86.00536316047445,0.4382848050818814
2311,William Turner,F,28,EU,2021-12-16,Bronze,24,False,114.35694060728318,0.5566957549986715
2312,Dr. Charles Lawrence,F,35,Asia,2022-12-02,Bronze,13,False,83.99136535907103,0.5240834912348453
2313,Steven Small,M,37,EU,2023-01-03,Bronze,12,False,67.69665308326319,0.36400158135713045
2314,Robert Burns,M,30,Asia,2023-11-11,Silver,1,False,140.65133619714382,0.2126838254930063
2315,Gregory Harrell,F,39,Other,2023-11-09,Bronze,1,False,81.65384290322365,0.4203679298217936
2316,Kenneth Knight,M,31,USA,2019-03-07,Bronze,58,True,105.18476290068645,0.47262175195010436
2317,Rachael Alvarez,M,33,USA,2022-12-04,Silver,13,False,141.41683069255558,0.48356638553839665
2318,Lisa Gill,M,35,USA,2020-11-28,Platinum,37,False,393.8414695180304,0.22528685021477735
2319,Julia Cole,M,42,EU,2023-04-10,Platinum,8,False,280.8489517680418,0.872010162698966
2320,Sean Nguyen,F,26,EU,2020-12-01,Platinum,37,True,316.5444361743032,0.8604074255622893
2321,Mary Ortiz,M,28,Other,2020-02-13,Silver,47,True,115.13441599978131,0.5667235622316564
2322,James Weaver,F,26,Asia,2020-01-04,Silver,48,True,137.20121229510806,0.5038239375570315
2323,Stacy Fitzgerald,M,29,EU,2020-12-26,Silver,36,True,122.6510708617547,0.4152768596216014
2324,Sharon Mann,F,47,USA,2021-01-13,Gold,36,True,247.39130576485263,0.5867789630207229
2325,Rebecca Zimmerman,M,38,Asia,2020-03-22,Platinum,46,True,254.5457090087945,0.4824491893040049
2326,Becky Hansen,F,21,Other,2019-03-24,Bronze,58,True,86.99198485207535,0.6878342673824589
2327,Luke Ray,F,26,Asia,2020-11-11,Bronze,38,True,105.97667111230886,0.6371146008904114
2328,Kelly Lopez,M,36,USA,2023-11-25,Bronze,1,False,85.72583794977253,0.37241390661954554
2329,Steven Martinez,F,23,EU,2020-05-15,Silver,44,False,192.28957835359608,0.3968413771417153
2330,Catherine Smith,M,25,USA,2023-06-13,Silver,6,False,208.7321658581766,0.6454498990533915
2331,Danielle Thornton,F,46,USA,2020-05-04,Gold,44,True,164.10244342682932,0.6041956463173237
2332,Jill Roman,Other,26,USA,2022-05-06,Bronze,20,False,116.91260189773541,0.33301616718401983
2333,Jennifer Williams,F,42,EU,2021-11-02,Bronze,26,True,83.10001761048515,0.43143484659144926
2334,Allison Kim,F,45,EU,2023-12-02,Platinum,1,False,278.6055595735715,0.4769060283034982
2335,Scott Stewart,M,25,USA,2019-11-06,Bronze,50,True,113.80346335443461,0.4944869604525839
2336,Brian Garcia,M,24,USA,2020-03-25,Bronze,45,True,102.79671552344527,0.4892173806051382
2337,Charles Scott,M,30,EU,2023-02-03,Silver,11,False,154.99029279765426,0.6348859015777246
2338,Eric Russell,F,22,USA,2021-05-20,Bronze,31,False,121.96610031979804,0.5218661172525927
2339,Lucas Nguyen,F,34,USA,2020-04-27,Bronze,44,True,121.82725757955747,0.5121126995655418
2340,Anthony Price,M,30,EU,2021-10-25,Bronze,26,True,101.02217492887186,0.386484915276839
2341,Jason Nguyen,F,36,Asia,2019-11-25,Bronze,49,False,87.31088541677438,0.5251333320225251
2342,Ronald Martinez,M,46,USA,2023-01-11,Silver,11,False,150.02766919327595,0.4956918401449286
2343,Paul Willis,M,41,USA,2019-09-15,Bronze,52,True,79.82485761675711,0.42802123832410954
2344,Paul Cruz Jr.,F,37,USA,2021-11-21,Bronze,25,False,115.72090399357427,0.3273999479227033
2345,John Russell,M,18,Other,2022-08-09,Bronze,17,False,96.23500538828256,0.691542161341735
2346,Mr. David Mercado,F,37,EU,2022-08-21,Silver,16,False,116.83349491987038,0.7669583797303172
2347,Victor Leonard,M,50,EU,2023-08-21,Bronze,4,False,126.81914223727489,0.5366753232803356
2348,Justin Glover,F,18,USA,2020-10-07,Bronze,39,True,99.72088003806053,0.7151900418719752
2349,Jason Miller,M,39,EU,2019-02-15,Bronze,59,True,85.03951272975245,0.5344302018581761
2350,Christina Faulkner,M,31,USA,2022-11-22,Bronze,13,False,122.85940709844219,0.29197084900398695
2351,William Casey,F,24,EU,2022-01-10,Bronze,24,False,125.14994717415773,0.5450441084061379
2352,Jessica Buck,F,41,Other,2020-02-11,Silver,47,False,93.39065175609696,0.44907427782060266
2353,Aaron Marshall,M,50,EU,2019-12-23,Platinum,49,True,366.4423319738329,0.5713770683599015
2354,Donna Stanton,M,40,Asia,2021-08-26,Gold,28,True,206.31011115620973,0.7356186568617284
2355,Timothy Olson,F,29,Asia,2022-12-02,Silver,13,False,179.14229306461564,0.4239947278962696
2356,Sara James,M,23,USA,2023-11-14,Bronze,1,False,98.64098527317996,0.5581258685871372
2357,Mark Richards,F,34,Other,2023-01-16,Silver,11,False,161.37707984123398,0.6291685704970522
2358,Amber Stevenson,F,41,USA,2021-10-09,Bronze,27,True,93.9151468578016,0.7031278990913485
2359,Elizabeth Foster,M,29,EU,2020-08-22,Silver,40,True,179.76842923516904,0.6478655960306141
2360,Charles Hawkins,M,30,USA,2020-11-25,Bronze,37,True,86.5727513420106,0.3327592494476892
2361,Jeffrey Bishop,F,61,USA,2022-06-16,Gold,18,False,241.0481213455554,0.33258397929654815
2362,Emily Fleming,M,43,EU,2022-11-01,Gold,14,False,207.1467039282306,0.6147390482799074
2363,Dean Mullins,F,44,USA,2022-11-02,Bronze,14,False,115.13431793558749,0.44230679903528647
2364,David Bird,M,18,EU,2021-11-07,Bronze,26,True,79.81483238729386,0.35242145803105773
2365,Joe Greene,F,25,EU,2021-12-12,Silver,25,True,162.68340099281477,0.6782513944117321
2366,Michael Lucas,M,33,USA,2022-12-18,Bronze,12,False,110.66413184098225,0.44454925671319573
2367,John Valenzuela,F,22,USA,2020-11-06,Gold,38,False,274.17265414963913,0.7445554951796461
2368,Jennifer Woodard,M,49,EU,2019-11-02,Bronze,50,True,113.95486953238786,0.433928648563342
2369,Pamela Medina,M,47,USA,2022-03-14,Bronze,21,False,88.23727537913406,0.3879780644764782
2370,Mariah Jones,F,27,Asia,2020-01-16,Silver,48,False,131.11466527636512,0.4903469797758009
2371,Ronnie Powers,M,50,EU,2020-09-10,Bronze,40,True,115.22222706338032,0.6137403648126468
2372,Heather Hess,M,32,Asia,2023-12-05,Bronze,0,False,89.20058357556994,0.543939597939567
2373,Heather Thompson,M,58,EU,2019-11-22,Silver,50,True,134.41589081078294,0.7837518118541205
2374,Melissa Smith,M,34,EU,2022-07-16,Silver,17,False,124.22555981359085,0.5257256406710402
2375,Timothy Wallace,F,38,EU,2019-11-07,Silver,50,False,153.993143243539,0.4735210737911157
2376,Alejandro Campbell,F,46,USA,2022-01-15,Silver,23,False,156.57766975825567,0.7263732503534626
2377,Heather Davis,M,45,USA,2019-09-13,Bronze,52,True,93.47688186220195,0.5892793781685005
2378,Elizabeth Robbins,F,38,Asia,2019-05-17,Bronze,56,True,133.9000239872335,0.43796301331726933
2379,Johnny Cox,F,31,EU,2020-01-18,Bronze,48,True,111.42178731381853,0.5357913528757359
2380,Tanner Mann,F,38,Asia,2019-05-18,Platinum,56,True,405.49553325506884,0.5327247743905267
2381,Craig Nicholson,M,24,Asia,2019-11-17,Bronze,50,True,102.61729481004103,0.4691851668087015
2382,Sergio Carroll,F,34,Asia,2022-11-03,Bronze,14,False,85.34352527656208,0.5273624050574219
2383,Juan Keller MD,F,21,Other,2020-02-12,Gold,47,True,160.21680045481233,0.3068581349693428
2384,Krystal Jones,M,18,EU,2019-11-06,Platinum,50,True,292.6182406271025,0.4465979098449972
2385,Austin Green,M,33,USA,2020-06-12,Gold,43,False,230.13045670321472,0.5646885698832684
2386,Crystal Mills,M,45,EU,2020-11-11,Bronze,38,False,94.05724744792533,0.42076286334463686
2387,Cheryl Gregory,F,42,USA,2021-03-09,Silver,34,True,175.70694449651887,0.36626892969962943
2388,Melissa Patel MD,M,32,EU,2022-10-19,Bronze,14,False,128.06640458017213,0.49390347047319555
2389,Jordan Pace,F,50,Asia,2021-11-28,Gold,25,False,167.73266403796285,0.4290921104538675
2390,Terri Williams,M,27,EU,2020-04-19,Bronze,45,True,78.01004444884555,0.30168661550640274
2391,Jessica Carney,F,18,USA,2019-11-02,Bronze,50,True,118.96336561412389,0.3054312521868753
2392,Michael Owens,F,18,USA,2022-11-13,Bronze,13,False,105.37955108083898,0.56121198797415
2393,Peter Stephenson,F,21,EU,2023-09-18,Bronze,3,False,106.50928246080987,0.5135850437551147
2394,Donald Fisher,F,41,USA,2022-10-23,Silver,14,False,170.92088836428434,0.5471046408605005
2395,Aaron Lee,F,26,Asia,2021-12-04,Gold,25,False,138.96243108872525,0.4552030514727383
2396,Kenneth Johnson,M,37,USA,2022-11-22,Silver,13,False,163.23746493221037,0.2729887888280923
2397,Vanessa Coleman,F,49,USA,2019-12-24,Bronze,48,True,103.60942380134246,0.36888028866937306
2398,David Martin,M,21,USA,2022-10-14,Gold,14,False,218.47584795985807,0.4517092237155613
2399,Mark Davis,F,37,EU,2023-04-14,Bronze,8,False,80.90438155416774,0.5654135026423208
2400,Robert Watkins,M,38,EU,2021-05-05,Bronze,32,True,101.6131703091317,0.2377074076547937
2401,Felicia Wright,F,24,USA,2021-04-19,Bronze,32,True,90.32727219278503,0.15331901438352025
2402,David Peterson,F,46,USA,2020-07-02,Bronze,42,True,120.87431776120317,0.7173375868156884
2403,Gavin Bauer,M,30,EU,2021-09-16,Bronze,27,True,98.264690648017,0.589682049463106
2404,Patricia Harvey,M,29,USA,2023-05-06,Bronze,8,False,87.9990143897828,0.36858771605624374
2405,Lori Riley,Other,54,EU,2023-09-11,Gold,3,False,160.36641553507897,0.4647988867222517
2406,Antonio Johnson,M,38,EU,2021-08-12,Gold,29,True,234.9139548160337,0.43681585584516175
2407,Ryan Brown,M,42,USA,2022-10-24,Bronze,14,False,119.62393476598604,0.5434494780867867
2408,Thomas Ramos,M,46,USA,2023-09-13,Bronze,3,False,138.46810029362643,0.42388835392405844
2409,Mark Jones,F,26,Other,2021-02-27,Bronze,34,True,93.55875576309876,0.3277099520399842
2410,Kristin Phillips,F,45,EU,2021-08-10,Bronze,29,True,79.7410269595539,0.5733968841889179
2411,Brendan Walton,F,27,EU,2022-10-14,Bronze,14,False,97.48107738909326,0.7721594405490784
2412,Kyle Keller,F,27,USA,2021-12-04,Bronze,25,False,86.04496988320975,0.579468210483446
2413,James Pope,M,30,EU,2019-06-02,Silver,55,False,131.12668441447892,0.5112611375832379
2414,Lisa Morgan,F,26,USA,2020-03-19,Silver,46,True,164.23266301885266,0.4678609405931418
2415,Rachel Gibson,M,41,EU,2023-08-19,Bronze,4,False,121.8409519259007,0.3816882942475544
2416,Corey Garcia,M,35,Other,2022-10-15,Silver,14,False,162.39570435240682,0.4388655484250663
2417,Andrea Clarke,M,28,USA,2022-12-09,Silver,12,False,153.39672307479148,0.5588511896845253
2418,Kenneth Walsh,F,39,USA,2020-11-26,Bronze,37,True,116.41046348233785,0.6780848393722523
2419,Jason Hardy,F,30,USA,2019-11-04,Bronze,50,True,95.45049339258702,0.6847840357315644
2420,David Robles,M,29,USA,2020-07-22,Gold,41,True,257.99687948854864,0.5255557053735298
2421,Eric Graham,F,33,USA,2021-05-13,Silver,32,True,239.97295979395815,0.5280194960726512
2422,Nicole Collins,M,37,USA,2022-05-09,Bronze,20,False,87.40755119901816,0.5078324868497736
2423,Patricia Hernandez,M,36,Asia,2021-10-12,Silver,27,False,186.2771849660852,0.585651689358585
2424,Grant Wood,M,29,EU,2022-11-14,Bronze,13,False,124.21605288554056,0.5072139758559597
2425,Kevin Gregory,F,41,USA,2022-12-26,Silver,12,False,165.81450290383532,0.5096702992213861
2426,Jonathon Conley,F,30,Other,2021-09-24,Bronze,27,True,125.72804419479246,0.37096580218887487
2427,Jennifer Gonzalez,M,26,USA,2020-05-12,Bronze,44,True,107.09616738605276,0.367396898272294
2428,Terry Glover,F,18,Other,2023-10-25,Silver,2,False,169.46535389248876,0.3963284333002888
2429,Michael Neal,M,42,USA,2023-12-22,Silver,0,False,152.45867244959953,0.5359884216816134
2430,Ms. Erin Lane,F,33,Asia,2020-10-13,Bronze,39,True,102.80750595531607,0.4540399919060084
2431,Lisa Barnes,Other,35,EU,2019-11-18,Bronze,50,False,112.72212960921674,0.8873567261347175
2432,Jesse Mccormick,M,43,Asia,2020-08-05,Bronze,41,False,108.42633519223577,0.5581894958676389
2433,Daniel Smith,F,28,Other,2020-10-26,Bronze,38,True,79.06041308531378,0.7356211394753263
2434,David Hanson,F,19,USA,2020-04-19,Bronze,45,False,110.18211386167972,0.7227118503133312
2435,Nicholas Cisneros,M,33,Other,2023-04-03,Silver,9,False,142.633607813699,0.5637004744087929
2436,Patrick Harris,F,36,USA,2022-11-26,Bronze,13,False,88.88000516671748,0.49387418991911247
2437,William Cox,M,30,USA,2019-12-28,Silver,48,True,179.0980419581134,0.36515115169908896
2438,Alvin Wilson,M,47,USA,2019-11-17,Silver,50,False,121.98387671489085,0.4097203452787953
2439,Cory Willis,M,18,EU,2019-09-27,Bronze,51,True,94.5777640140077,0.6260553060485514
2440,Amanda Johnson,M,44,USA,2021-11-20,Silver,25,True,118.01828397415167,0.5404472998463502
2441,Christopher Mcclure,F,40,EU,2020-09-07,Platinum,40,True,275.87145180182654,0.4036325145781905
2442,Gina Spencer,F,37,EU,2022-09-03,Bronze,16,False,147.8569466719724,0.46888687390684836
2443,Alex Cameron,F,18,Asia,2022-12-07,Gold,13,False,169.40666858302293,0.5494175947492631
2444,Alisha Byrd,M,45,Asia,2021-06-06,Silver,31,True,145.4602479929179,0.503721239465795
2445,Richard Rodriguez,M,22,EU,2023-01-14,Silver,11,False,191.760800790434,0.464274577608632
2446,Elizabeth Allen,M,27,USA,2021-11-28,Bronze,25,True,108.77021521998937,0.49178112762478343
2447,Mary Pugh,F,31,USA,2021-04-01,Silver,33,False,145.84303183407008,0.13767085303648918
2448,Yolanda Keith,Other,37,USA,2020-03-14,Bronze,46,True,86.14192697745693,0.5027310833422338
2449,Ana Thomas,F,39,USA,2023-12-21,Silver,0,False,170.20692401093726,0.3412574160679498
2450,Rebecca Lee,M,41,USA,2021-06-27,Gold,30,True,187.04400476195514,0.5545213518746254
2451,James Greene,F,41,USA,2022-04-22,Silver,20,False,215.2405723656983,0.5200942653968059
2452,Dana Williams,F,35,Other,2020-10-11,Bronze,39,False,94.34813196824427,0.6122609473868736
2453,Chelsea Nichols,M,37,EU,2023-09-09,Bronze,3,False,133.79991319979493,0.6137279093784637
2454,Erin Brown,F,22,USA,2022-06-10,Bronze,19,False,117.55181544536607,0.7579469571860296
2455,Shelley York,M,25,EU,2019-08-22,Gold,53,True,234.76006576797104,0.20252990125882064
2456,Stacey Clark,M,41,USA,2020-01-11,Bronze,48,True,96.83553063038751,0.48109127587516515
2457,John Alvarado,M,41,EU,2022-10-24,Bronze,14,False,90.81147777074106,0.1939287691081752
2458,Jordan Potter,M,40,EU,2021-02-18,Bronze,34,False,94.80155516331791,0.5736044873875793
2459,Katrina Jimenez,M,27,EU,2021-03-17,Gold,34,False,241.81807340773804,0.4749454675431915
2460,Frank Brooks,M,42,EU,2020-10-14,Bronze,39,True,110.4831120381526,0.4293858376827125
2461,Michelle Simpson,M,21,Other,2023-03-17,Platinum,9,False,188.0421257006144,0.5400527747560984
2462,James Morse,F,43,Asia,2021-11-07,Silver,26,True,111.34447205913038,0.342071693287113
2463,Amanda Robinson,Other,30,EU,2022-10-08,Gold,15,False,194.59294942760843,0.7771772332809086
2464,Scott Foster,F,49,EU,2019-11-08,Bronze,50,True,110.72504350712482,0.4633375125578699
2465,Stephen Duncan,M,18,EU,2023-02-28,Bronze,10,False,95.41609678833927,0.5114799904858036
2466,Jacqueline Pierce,M,50,USA,2020-01-19,Bronze,48,True,89.94530010902982,0.48072109444574235
2467,Bradley Wallace,M,29,USA,2021-11-05,Bronze,26,False,80.31622610848231,0.6383614775842309
2468,Kevin Marshall,M,29,USA,2023-06-07,Silver,6,False,177.3904009553571,0.31966930323391063
2469,Jessica Mcdonald,F,34,EU,2019-11-13,Bronze,50,True,101.99032496174735,0.6242313111452674
2470,Robert Stewart,F,26,EU,2023-04-15,Bronze,8,False,133.60914530195805,0.42221530003798147
2471,Christopher Hall,F,32,USA,2023-11-14,Silver,1,False,111.0087800927177,0.4235250032419732
2472,Heather Miller,F,25,Other,2020-12-25,Bronze,36,True,113.8244443002059,0.6319089459744226
2473,Kayla Schneider,M,25,Other,2019-09-21,Bronze,52,True,110.95352679727006,0.45976959273196805
2474,Tammy Garcia,M,37,Asia,2019-11-15,Bronze,50,False,116.94287391029209,0.5920672731221867
2475,Andrew Gonzalez,F,23,EU,2023-01-14,Silver,11,False,174.80000445472555,0.5948680584772695
2476,Gary Turner,M,25,Asia,2021-08-13,Silver,29,True,134.78876667525282,0.44762960834238347
2477,Melinda Hill,M,19,USA,2023-11-20,Silver,1,False,144.58062852860084,0.5349409870193007
2478,Yolanda Murillo,M,27,Asia,2022-07-04,Bronze,18,False,103.32822053012288,0.4274156108593483
2479,Nancy Gaines,M,46,USA,2021-01-22,Bronze,35,True,79.94351969152767,0.49706514891601716
2480,Elijah Short,M,24,Asia,2020-11-09,Gold,38,False,241.26571275323977,0.5710528171310018
2481,Jennifer Sullivan,F,25,USA,2019-03-14,Silver,58,True,75.76485500397814,0.3564869419306278
2482,Mary Kennedy,F,34,Asia,2021-08-17,Silver,28,False,115.13212782989432,0.5660439835334714
2483,Paige Hernandez,M,29,Other,2020-03-01,Silver,46,True,99.65705556197186,0.547649498057
2484,Darrell Curry,M,55,USA,2023-08-01,Bronze,5,False,121.99520973276087,0.27665007259423147
2485,Jose Hartman,F,31,EU,2020-11-04,Gold,38,False,208.6243742087247,0.38808836582555917
2486,Miranda Murray,M,36,Other,2022-05-20,Silver,19,False,134.01210184541276,0.3962778122563456
2487,Emily Lopez,M,42,EU,2020-06-27,Silver,42,True,152.88936042260036,0.43334175058356306
2488,Melissa Clark,M,42,Asia,2021-08-08,Gold,29,True,210.56987273078212,0.3566163249054267
2489,Justin Brooks,M,35,EU,2019-08-05,Bronze,53,False,75.20768241297768,0.6408739343333505
2490,Bethany Harding,F,31,USA,2021-05-14,Silver,32,False,154.37858281746992,0.6590803848781998
2491,Robert Flowers,F,53,USA,2021-02-26,Platinum,34,True,383.32739963070503,0.38181840836310527
2492,Jason Jennings,M,32,USA,2019-03-20,Bronze,58,True,131.29905478909563,0.3268744988189236
2493,Richard Medina,M,28,Asia,2022-11-24,Bronze,13,False,117.06617401218,0.49799916280452966
2494,Alexander Floyd,M,26,USA,2021-08-23,Silver,28,False,157.74889352248888,0.6995282955211095
2495,Brittany Cisneros,M,18,EU,2019-12-14,Bronze,49,True,118.49097343266254,0.8231299822824667
2496,Mark Morrison,Other,41,EU,2019-09-22,Gold,52,True,228.2284438998037,0.39881315014542057
2497,Sharon Baird,F,18,EU,2021-09-02,Bronze,28,True,77.5209036660305,0.15875603822846807
2498,James Ferguson,F,32,Asia,2019-12-21,Silver,49,False,122.5902680878351,0.2768778058259655
2499,Brian Hudson,F,30,Other,2023-10-12,Bronze,2,False,112.69310747144615,0.23263117567977587
2500,Steven Davis,F,55,EU,2021-07-18,Bronze,29,True,86.62984764535578,0.5625259327767962
2501,Juan Johnson,F,18,Asia,2022-10-06,Gold,15,False,158.99073240946757,0.5146291719541397
2502,Katherine Lopez,M,23,Asia,2023-03-09,Silver,9,False,188.68108322752357,0.5325785787271773
2503,Victor Campbell,M,31,EU,2022-11-09,Bronze,13,False,101.25455530667519,0.6688895686979069
2504,Matthew Jones,F,31,Other,2021-05-22,Bronze,31,True,98.70119772351894,0.7443408350875644
2505,Joseph Jackson,M,27,USA,2020-11-04,Silver,38,True,113.91180916623229,0.6264433702650757
2506,Jennifer Moore,Other,32,USA,2019-09-10,Gold,52,True,182.0523767771372,0.6102789938601156
2507,Joshua Mendoza,F,20,Asia,2023-11-12,Silver,1,False,139.69716281535153,0.27889125803133585
2508,Troy Glenn,F,36,EU,2021-11-25,Silver,25,True,122.84642289311287,0.4237108446097524
2509,Daniel Reynolds,M,18,Asia,2019-08-21,Bronze,53,True,75.690691450827,0.7077232386961174
2510,Karen Munoz,F,32,Asia,2020-05-08,Gold,44,True,269.91634217892033,0.41755094936668463
2511,Laurie Shaw,M,26,USA,2022-10-28,Silver,14,False,192.28205611140888,0.6658331550105242
2512,Desiree Smith,Other,43,Asia,2021-12-25,Silver,24,False,146.85079572694784,0.5185071149386853
2513,Austin Ross,M,50,EU,2021-11-21,Silver,25,True,110.17181602137546,0.6174778899633203
2514,Kelly Kent,F,29,EU,2020-07-22,Silver,41,True,98.23839900850656,0.3692240973327088
2515,Julia Johnston,F,46,EU,2022-12-20,Gold,12,False,181.93725047632518,0.614470090061975
2516,Donna Ibarra,M,29,Other,2021-07-16,Silver,29,True,82.39469786871041,0.40407837789740275
2517,Michael Dawson,M,23,USA,2019-11-12,Gold,50,True,181.88828277066892,0.5345818263476917
2518,Louis Patrick,Other,50,EU,2020-03-17,Silver,46,True,89.35759054856914,0.49563538405438295
2519,David Yoder,M,38,EU,2021-04-17,Silver,32,False,147.17208669560281,0.6788057154524071
2520,Judith Bartlett,F,33,Asia,2022-06-21,Gold,18,False,207.85651511994308,0.6248108942640197
2521,Keith Long,M,39,EU,2023-11-19,Bronze,1,False,96.2630829939039,0.23514340947686868
2522,Cynthia Harrell,F,35,USA,2021-09-07,Bronze,28,True,143.43522933734437,0.37843997946053953
2523,Mark Carter,F,32,USA,2022-08-20,Silver,16,False,143.81111427118347,0.4046161546930425
2524,Melissa Bowen,M,19,USA,2020-10-04,Gold,39,False,269.2111775202597,0.6037609190324735
2525,Johnny Riddle,M,30,Asia,2022-11-20,Bronze,13,False,105.92505925273964,0.42569587092559547
2526,Whitney Jones,F,39,USA,2022-09-22,Bronze,15,False,140.25499688162506,0.3365952173453848
2527,Randall Nguyen,M,31,USA,2020-12-09,Bronze,37,True,64.88782269210476,0.2953028953662619
2528,David Hunter,M,42,Other,2023-06-28,Bronze,6,False,78.35026966914484,0.6091030383062161
2529,Benjamin Neal,F,36,USA,2019-11-12,Bronze,50,True,94.26054090807213,0.18896973033629688
2530,Jane Reese,M,24,Other,2023-09-13,Silver,3,False,198.09447864689795,0.6582705695430973
2531,Jennifer Smith,M,19,EU,2019-08-09,Gold,53,False,190.43775010624788,0.3069632159105675
2532,Thomas Murphy,F,31,Asia,2019-11-11,Silver,50,True,129.5945007494504,0.4328423437068083
2533,Kari Jones,M,27,USA,2019-12-05,Bronze,49,True,112.13396906690392,0.32472446455757276
2534,Dana Dodson,M,36,USA,2021-06-27,Gold,30,False,236.23645708946302,0.3621265137921359
2535,Robert Skinner,M,25,Asia,2023-12-08,Silver,0,False,126.9861924649152,0.46648756941431213
2536,Albert Garcia,F,26,Asia,2022-11-20,Bronze,13,False,86.2272058199217,0.47949055957716824
2537,Joseph Myers,F,43,Asia,2021-11-12,Bronze,26,True,133.89868638356438,0.268048162964046
2538,Phillip Byrd,F,34,USA,2020-02-24,Silver,46,True,187.46456660737925,0.43919453954101906
2539,Hunter Robinson,M,25,Asia,2020-12-16,Silver,37,True,195.4923450594767,0.5154850175960305
2540,Michael Robinson,M,33,Asia,2019-11-10,Silver,50,True,178.2200494636505,0.5701927707147318
2541,Sara Cain,M,46,EU,2021-11-15,Bronze,25,True,82.92806455418182,0.19363723019945128
2542,Michelle Prince,M,35,Asia,2021-03-25,Gold,33,True,198.681331253422,0.42817409373908677
2543,Eric Williams,F,38,Asia,2020-08-12,Bronze,41,False,78.7708533565195,0.19195731170806923
2544,Raymond Wang,M,25,EU,2022-11-24,Silver,13,False,179.27477729515573,0.4237647903680929
2545,Jade Allen,M,43,USA,2023-09-24,Silver,3,False,133.695428509836,0.43543058011153324
2546,Javier Hays,M,56,EU,2023-08-14,Bronze,4,False,65.76602262197534,0.5943713844750055
2547,Corey Caldwell,F,25,USA,2019-06-25,Bronze,55,True,102.27348587136018,0.6460138195142298
2548,Stephen Robles,F,21,EU,2019-02-13,Bronze,59,False,122.50428436301502,0.3467314685694361
2549,Carol Jackson,F,34,EU,2019-09-16,Bronze,52,True,72.45838144960125,0.5441393558707122
2550,Brian Murphy,F,41,USA,2020-11-10,Bronze,38,True,97.49931438657592,0.5982516326137222
2551,Chelsey Clark,M,32,USA,2020-03-08,Silver,46,True,133.36410414605973,0.38794262014442493
2552,Teresa Martinez,M,22,USA,2023-12-20,Silver,0,False,179.73290586005064,0.6159508233956084
2553,Howard Thompson,M,31,Asia,2019-11-14,Silver,50,True,88.5876287210177,0.5203951063176151
2554,Eugene Price,F,38,Other,2021-10-05,Silver,27,True,184.0494500333382,0.45898153998490715
2555,Austin Briggs,F,28,USA,2022-04-26,Gold,20,False,171.79613493469688,0.5212643346138789
2556,Jackie Jones,F,39,Other,2020-10-06,Gold,39,True,193.60038092942253,0.26296973244745103
2557,Eric George,F,44,EU,2019-09-21,Bronze,52,True,117.1720713699224,0.5210695886778446
2558,Mrs. Kimberly Mooney,F,35,USA,2019-04-09,Silver,57,True,194.36691525685535,0.3731294950506776
2559,Carolyn Haley,F,32,USA,2020-04-13,Bronze,45,True,101.02646803032107,0.5043242308134832
2560,Vicki Horton,F,41,EU,2023-11-13,Bronze,1,False,85.500045739587,0.43912703616061083
2561,Valerie Benson,F,24,Asia,2023-11-02,Silver,2,False,134.0549942293885,0.5432588320017507
2562,Mark Henson,M,23,Asia,2023-03-22,Bronze,9,False,123.32183946878614,0.6787804054691501
2563,Samuel Olson,F,30,USA,2023-12-13,Silver,0,False,123.4741595358263,0.5190708383729153
2564,Lee Richards,F,28,USA,2021-09-26,Bronze,27,False,106.57756367161309,0.6500678574238498
2565,Martin Hall,M,24,EU,2019-12-02,Bronze,49,False,100.14877043600865,0.3465617825434963
2566,Virginia Hall,F,51,USA,2023-06-27,Gold,6,False,230.37061393921934,0.7150519801546138
2567,Stephanie Parker,F,54,USA,2023-10-15,Bronze,2,False,100.68278950364352,0.3480903311744712
2568,Nicole Harvey,M,29,USA,2022-04-24,Bronze,20,False,91.32235858225735,0.3119842453664869
2569,James Phillips,F,33,Asia,2022-09-24,Bronze,15,False,89.91818027960133,0.45877548457345746
2570,Dan Johnson,M,31,Other,2019-11-21,Platinum,50,False,268.632326492348,0.43333101829531295
2571,Linda Bautista,F,44,EU,2020-11-12,Bronze,38,True,72.4107069877883,0.2627010372564057
2572,Erin Ramirez,F,46,Other,2023-05-10,Silver,7,False,165.18143947537249,0.3308233903821763
2573,Paige Meyer,M,18,USA,2021-06-24,Silver,30,False,156.29876041117203,0.0
2574,Maria Roberts,M,37,EU,2022-06-21,Silver,18,False,106.01631300158758,0.297317008767848
2575,Ryan Rivera,F,19,USA,2023-12-04,Gold,0,False,183.77499264435303,0.40102395881630104
2576,Joshua Knox,M,50,EU,2020-01-25,Bronze,47,False,94.4899727199381,0.723477143878775
2577,Danielle Mcdaniel,M,37,Other,2021-12-08,Platinum,25,True,264.8750162220513,0.6069560060432488
2578,Lisa James,F,24,EU,2022-05-04,Silver,20,False,146.403500975897,0.5485249957758299
2579,Jeremy Smith,M,30,USA,2020-09-02,Bronze,40,False,97.86132399369245,0.8247931492338019
2580,Andrea Lee,M,30,EU,2020-12-18,Bronze,36,True,117.8870933514911,0.23113712537147085
2581,Brenda Harris,F,38,USA,2021-04-18,Gold,32,True,199.81280925733563,0.4898450545295098
2582,Kevin Guerra,F,43,Asia,2021-08-14,Silver,29,False,167.80900255275816,0.8053163552265329
2583,Cynthia Miller,F,21,EU,2022-12-27,Silver,12,False,108.27373714461433,0.4238985339328901
2584,Emily Griffith,F,51,EU,2021-10-28,Silver,26,True,118.15374134084577,0.37583301281004616
2585,Christopher Wright,M,49,EU,2023-10-10,Silver,2,False,108.78646675794208,0.6226007179079694
2586,Jerome Reid,M,24,EU,2021-12-12,Bronze,25,False,92.08533377592046,0.41649214517393723
2587,Richard Miller,M,33,USA,2020-10-08,Bronze,39,True,101.11193782352201,0.6888950360490331
2588,Jennifer Jackson,F,50,EU,2021-01-22,Silver,35,True,200.03140042269615,0.6247236285834482
2589,Jonathan Moss,F,45,USA,2022-01-17,Bronze,23,False,83.40666656070783,0.4714264019717764
2590,Sally Leon,F,29,Asia,2023-11-12,Bronze,1,False,116.98620613007,0.6470859235883353
2591,James Dickerson,F,41,Asia,2021-05-26,Silver,31,True,125.03120424053047,0.46466783954782914
2592,Tammy Larson,F,62,Asia,2023-10-20,Bronze,2,False,100.47791904895988,0.5199068563123942
2593,Nicholas Scott,M,34,EU,2021-10-03,Bronze,27,False,96.95415200146726,0.5877864554275257
2594,Jesse Brooks,M,26,EU,2023-11-10,Gold,1,False,163.04717780647866,0.4415694749772069
2595,Andrea Taylor,M,34,USA,2021-02-11,Silver,35,False,124.63223331430854,0.7265432868819228
2596,Christopher Lopez,M,35,Asia,2021-11-14,Bronze,25,True,131.94985559188018,0.5104977936316917
2597,Jonathan Swanson,F,27,USA,2019-12-07,Gold,49,True,178.67167720253,0.5434471743375856
2598,Timothy Bentley DVM,M,37,EU,2020-06-26,Silver,42,True,179.95917457465725,0.302541427377608
2599,John Davidson,F,20,USA,2022-08-05,Bronze,17,False,113.57351899673887,0.4033187095483114
2600,Jennifer Williams,F,26,USA,2022-11-01,Bronze,14,False,87.7787287446894,0.524432613018982
2601,Janice Cunningham,M,40,EU,2019-05-12,Bronze,56,True,99.93219927311424,0.630310285978751
2602,Jeffrey Scott,M,18,USA,2021-10-16,Gold,26,False,204.828175627568,0.7119396255538014
2603,Miranda Hicks,M,42,Asia,2020-11-06,Silver,38,True,164.60863014076648,0.34089801482169124
2604,Michael Horton DDS,M,18,USA,2023-12-20,Silver,0,False,137.84865215954042,0.3760072629398884
2605,Nancy Allen,F,18,USA,2019-07-10,Gold,54,True,139.7281892116103,0.31552263241169054
2606,Robert Mccoy,M,28,EU,2022-09-15,Bronze,15,False,85.99115844522619,0.5740419186558927
2607,Melissa Brewer,F,35,USA,2022-04-15,Bronze,20,False,123.31129043789691,0.7119994048068182
2608,Jesus Becker,F,46,USA,2022-06-06,Bronze,19,False,99.37210931344114,0.4763040228574056
2609,Lance Lynn,F,33,Asia,2021-02-23,Bronze,34,False,91.58413080287288,0.5087561613388724
2610,Alexandria Wise,F,30,USA,2023-04-25,Silver,8,False,105.74705769175169,0.5198795540632846
2611,Sydney Sanders,M,38,Asia,2023-07-01,Silver,6,False,187.1122621095239,0.42963947985404705
2612,Stephanie Stone,M,24,USA,2023-09-06,Bronze,3,False,95.85443654288589,0.3168037558619413
2613,Jay Gallegos,M,34,USA,2021-11-13,Bronze,25,False,121.74993964480107,0.6589944185815267
2614,Eric Ponce,M,21,Asia,2022-09-11,Bronze,15,False,113.64807420449465,0.5231379785299175
2615,Janet Parker,F,33,USA,2022-01-24,Platinum,23,False,347.71533648128974,0.41777290902190023
2616,Shawn Luna,F,31,USA,2021-11-20,Silver,25,False,199.78353209524775,0.9507690206138837
2617,Mark Frank,M,24,USA,2020-10-26,Silver,38,True,153.62716871150843,0.4995746917345917
2618,Charles Goodman,M,34,USA,2021-12-25,Bronze,24,False,97.330295811925,0.24319696386313755
2619,Jennifer Parker,M,34,Asia,2021-11-20,Bronze,25,True,131.2777298379186,0.5982213295004548
2620,Dr. April Jones,F,44,USA,2022-10-20,Bronze,14,False,116.67946311230699,0.22376873048020934
2621,Kelly Pena,F,18,Asia,2023-06-12,Platinum,6,False,257.71125854584966,0.5699017778404963
2622,Carolyn Brooks,F,32,Asia,2022-05-14,Silver,19,False,181.3008293204689,0.5659196759938224
2623,Christina White,F,25,EU,2020-05-09,Silver,44,True,195.44970395818893,0.7069830220834549
2624,Joanne Olsen,M,41,Other,2019-03-13,Silver,58,False,81.00036035844221,0.34965367014496707
2625,Anthony White,M,40,USA,2019-11-04,Silver,50,True,112.6650986793939,0.45595063215482795
2626,Deanna Barrera,M,38,Other,2021-01-09,Bronze,36,True,83.79819900350239,0.48963888062441335
2627,Mark Weber,M,25,USA,2019-12-01,Bronze,49,True,114.4612463552258,0.6298633988482986
2628,Carol Carter,F,41,EU,2023-11-08,Silver,1,False,173.6667739890329,0.5651364486203831
2629,Donald Peterson,F,18,EU,2022-11-02,Bronze,14,False,110.39077113382737,0.5778189135215216
2630,Karen Chambers,F,18,USA,2020-01-24,Bronze,47,True,117.52790122591594,0.6828238982121866
2631,Antonio Walton,F,20,EU,2020-02-21,Silver,47,True,116.75409258886097,0.4666775540630666
2632,Kevin Huerta,M,32,Asia,2020-11-13,Gold,38,True,151.75816019001422,0.7194089344289968
2633,Joseph Smith,M,39,USA,2022-11-13,Gold,13,False,250.12565843218266,0.4867496384344239
2634,Victoria Juarez,F,18,USA,2023-01-01,Bronze,12,False,102.07571568581359,0.6343191656583698
2635,Kara Rogers,F,46,Asia,2020-06-01,Bronze,43,True,124.17346107225963,0.42567291648404637
2636,Jacob Wu,M,34,EU,2019-03-06,Silver,58,True,129.04241461907247,0.5892546637143738
2637,Dr. Teresa Ortega MD,F,18,Other,2023-04-16,Gold,8,False,157.7550924214134,0.6737226710034687
2638,Henry Rivera,F,34,Asia,2023-11-17,Platinum,1,False,223.7480908925433,0.3376891512948528
2639,Jesus Hale,M,43,Other,2023-01-13,Gold,11,False,232.04038307010924,0.6416524723118044
2640,Stacy Taylor,F,38,Asia,2020-11-18,Silver,37,False,183.96003388801356,0.5268133583671794
2641,Sheila Ramirez,M,43,USA,2023-12-27,Bronze,0,False,110.83541158781696,0.8057593340315586
2642,Robin Richardson,F,19,USA,2020-06-03,Bronze,43,True,90.33253723470074,0.4604159987016726
2643,Mary Alvarez,F,28,Asia,2019-10-15,Bronze,51,False,112.74276608726386,0.5440241344743527
2644,Cole Andersen,Other,23,EU,2019-10-27,Silver,50,False,168.29103861585082,0.4765889796784242
2645,Robin Smith,M,50,USA,2019-07-27,Bronze,53,True,59.49528984463981,0.599426211291001
2646,Angel Aguirre,M,39,USA,2019-12-02,Silver,49,True,139.4877953018667,0.17251994561256534
2647,Jeremy Lawson,M,61,Other,2023-11-25,Silver,1,False,158.38334175460696,0.2884430886802476
2648,Lonnie Miller,M,28,EU,2023-11-26,Bronze,1,False,122.16106880836887,0.600284754982229
2649,Timothy Galvan,F,25,EU,2020-11-28,Gold,37,False,196.5947230046588,0.5039781019871101
2650,Dr. Susan Navarro,F,31,EU,2019-06-06,Silver,55,True,154.47125931878972,0.19948123745338758
2651,Cory Thomas,M,46,USA,2021-11-25,Gold,25,True,197.30531989049751,0.4048902580482257
2652,Laura Vincent,M,29,USA,2019-11-21,Gold,50,False,210.61136622530285,0.4410752360803693
2653,Bethany Robles,M,34,USA,2022-12-20,Bronze,12,False,72.62419713429266,0.42723577276657526
2654,Michael Dunn,M,33,USA,2021-10-28,Bronze,26,True,87.8909700124943,0.6397333594924938
2655,Carol Griffin,M,33,Asia,2022-10-14,Bronze,14,False,55.371082586103086,0.6884540663662151
2656,Matthew Allen,M,26,EU,2021-02-18,Silver,34,True,136.74136754064247,0.1643186363957323
2657,Paul Keller,F,31,Asia,2020-12-04,Silver,37,True,164.87017260647082,0.48207774942293646
2658,Jeffrey Baldwin,M,31,Asia,2023-11-08,Gold,1,False,168.31906647710852,0.517062226301958
2659,Timothy Orr,F,32,USA,2020-11-02,Bronze,38,True,94.96946367101549,0.2777555905832022
2660,Connie Scott,F,42,EU,2021-03-28,Silver,33,True,161.7211104882843,0.6879675282695927
2661,Steven Martinez,M,50,EU,2019-10-24,Platinum,51,False,463.3519235526053,0.555647523573525
2662,Joseph Swanson,F,24,Asia,2020-01-02,Silver,48,False,147.5513683577422,0.6275770078778461
2663,Michael Wiggins,F,29,USA,2021-12-17,Bronze,24,False,114.38416218476421,0.4331313190942129
2664,Pamela Burke,F,24,EU,2019-11-04,Silver,50,True,144.39472460932336,0.38316130565798057
2665,Jamie Love,M,34,EU,2023-04-23,Bronze,8,False,107.11935160168781,0.41458622990521066
2666,Jane May,M,27,USA,2021-11-16,Bronze,25,True,99.43249595685953,0.48349528246018914
2667,Savannah Stokes,F,35,USA,2022-11-02,Bronze,14,False,91.55982930588468,0.4361739392600007
2668,Brian Miller,F,44,EU,2022-11-27,Bronze,13,False,95.94963661596516,0.6358334594522809
2669,Patrick Pineda,M,18,Asia,2022-11-19,Silver,13,False,187.4133477237233,0.8999065660739339
2670,Audrey Richardson,M,37,USA,2019-12-28,Bronze,48,False,105.78292375151833,0.5873841466358962
2671,Tiffany Ray,M,28,EU,2019-08-06,Silver,53,True,114.09064242463569,0.20791330292716909
2672,Antonio Nichols,M,37,USA,2020-03-02,Bronze,46,True,91.51523774193976,0.5232608227418813
2673,Veronica Flores,F,24,Asia,2019-11-09,Bronze,50,True,82.16194025408325,0.32183016097598593
2674,Michael Hogan,M,44,USA,2021-11-06,Bronze,26,True,118.54850738608742,0.4388491187644686
2675,Lindsay Walker,M,42,Asia,2022-06-06,Bronze,19,False,84.81205253503994,0.4946570006419417
2676,Joshua Murray,F,38,USA,2023-05-28,Bronze,7,False,117.23656939294573,0.4611287725041643
2677,Tommy Hood,M,40,USA,2022-11-08,Silver,13,False,179.29743925024215,0.3447428894402029
2678,Mr. Kyle Thomas DDS,F,25,USA,2021-11-01,Platinum,26,True,308.6587446854878,0.5782909255548165
2679,Michele George,F,26,USA,2023-04-16,Bronze,8,False,110.88857483425124,0.2009168099584987
2680,William Martinez,M,40,EU,2020-11-10,Bronze,38,False,89.9708307038511,0.5579535527359776
2681,Michelle Mendoza DVM,F,25,USA,2019-03-19,Bronze,58,True,116.98304956349122,0.36469444152478914
2682,Michael Bennett DVM,F,47,Asia,2021-03-18,Gold,33,True,150.40957953211137,0.541804755830681
2683,Ronald Clark,M,29,USA,2019-07-16,Silver,54,True,136.1194801209909,0.2982970947411489
2684,Rita Graves,M,38,USA,2020-12-01,Silver,37,True,140.77032598568118,0.5347237560439173
2685,Sean White,F,53,USA,2023-11-27,Bronze,1,False,119.72985664729913,0.7065970111370751
2686,Mr. William Hopkins,F,25,USA,2021-08-28,Bronze,28,True,134.10493569961335,0.4107966854707904
2687,Wendy Kelley,F,33,USA,2023-03-15,Bronze,9,False,90.90093831394364,0.40750683898419265
2688,Michael Mooney,M,43,EU,2021-11-16,Gold,25,True,196.13048481704743,0.564874920690495
2689,Jeanne Rose,F,42,EU,2020-10-11,Bronze,39,True,76.37665739339221,0.5316604316398102
2690,Michael Lee,M,29,EU,2020-12-06,Silver,37,True,147.50641700017857,0.2927398757185029
2691,Jennifer Anderson,F,27,EU,2020-11-14,Silver,38,False,183.0449287774926,0.6661440688256556
2692,Lauren Trujillo,F,30,EU,2019-03-16,Silver,58,True,96.12693001486657,0.6213423426643104
2693,Michelle Ellis,F,47,USA,2022-11-04,Bronze,14,False,100.36973779225168,0.6923136080647023
2694,Chad Dominguez,F,30,EU,2023-06-22,Silver,6,False,171.5407150972218,0.5818852228059259
2695,Charles Robinson,F,33,Other,2021-12-08,Bronze,25,True,101.14085250374755,0.7831715368226089
2696,Nancy Smith,F,28,EU,2023-06-23,Platinum,6,False,288.6388535981115,0.21910852801439668
2697,Laura Gregory,M,40,EU,2022-03-28,Bronze,21,False,117.52982608812013,0.7285870623329154
2698,Brittany Clements MD,F,34,USA,2019-11-19,Bronze,50,False,83.82500674174666,0.44151179381822725
2699,Tammy Davis,F,22,Asia,2019-08-19,Bronze,53,True,84.41129497985627,0.418404653127135
2700,Catherine Williams,M,23,Asia,2022-02-22,Gold,22,False,126.15071857648458,0.39283215422281387
2701,Miss Leslie Booker,M,18,EU,2021-12-01,Bronze,25,True,106.50688831129702,0.576402574879392
2702,Jennifer Johnson,M,24,Other,2022-01-03,Bronze,24,False,104.42304971554931,0.6200364893614957
2703,John Watts,F,40,USA,2019-11-08,Bronze,50,True,88.53070926664752,0.43004850421453494
2704,Marissa Bennett,F,46,USA,2019-09-13,Bronze,52,True,82.12689606178029,0.5410367040423186
2705,Rebecca Barrett,M,39,Asia,2023-12-19,Silver,0,False,148.57743461481823,0.9145764905139024
2706,Sharon Santos,F,38,Asia,2021-01-01,Bronze,36,True,101.92263796938924,0.39951827154294295
2707,Matthew Richardson,M,31,USA,2021-05-13,Silver,32,True,114.07382501448292,0.4408282125746762
2708,Bradley Burns,F,40,USA,2019-10-10,Silver,51,True,91.62034479613985,0.7129838481591594
2709,Katrina Johnson,M,35,USA,2022-07-16,Gold,17,False,130.98478822082365,0.2636731249397264
2710,Laura Hill,M,51,USA,2019-11-28,Bronze,49,True,70.92875457355328,0.536767380738351
2711,Rebecca White,M,32,Asia,2023-11-09,Bronze,1,False,75.88833590236658,0.13769016063044676
2712,Mr. Jeffrey Duncan,M,46,EU,2022-01-02,Gold,24,False,196.6396565545516,0.2930748229280664
2713,Arthur Stout,F,41,USA,2019-11-23,Silver,50,True,152.5466560750666,0.32148841864062316
2714,Cathy Hess,F,40,USA,2021-11-08,Bronze,26,True,96.64040766394128,0.3685244686595328
2715,Justin Herrera,M,18,USA,2023-06-03,Silver,7,False,160.7620998510161,0.3129202755682534
2716,Katherine Stone,M,42,USA,2019-03-23,Gold,58,True,216.03208609710168,0.5301474639294597
2717,Michelle Tyler,M,31,EU,2019-11-26,Bronze,49,False,106.59871108653549,0.709976676688213
2718,Paul Sheppard,F,28,Other,2020-07-20,Gold,42,True,203.56463981219017,0.8058589806896008
2719,Catherine George,F,18,Asia,2022-11-02,Bronze,14,False,78.87241566120983,0.3455869910575099
2720,Justin Mcbride,M,32,USA,2020-12-04,Bronze,37,True,73.29888026625892,0.6092640750686208
2721,Carl Harris,F,33,Asia,2021-12-16,Bronze,24,False,88.75873369065539,0.6812756590032728
2722,Justin York,M,19,Asia,2022-10-08,Bronze,15,False,122.70831812425699,0.5181383531360614
2723,William Hunter,F,18,Asia,2023-12-15,Bronze,0,False,146.88423370155863,0.6062736843404893
2724,Joshua Henderson,F,37,EU,2022-07-16,Gold,17,False,222.28882975722024,0.5690062873693008
2725,April Turner,F,41,USA,2019-11-18,Silver,50,True,160.7377192051611,0.5687799114637596
2726,Kelly Patton,F,34,USA,2019-12-22,Silver,49,False,182.00912980880906,0.3895046107760103
2727,Jill Ray,F,44,USA,2019-10-10,Silver,51,False,195.39289903195032,0.20091014813407743
2728,Kelly Andersen,F,32,USA,2022-11-19,Bronze,13,False,81.55563744402684,0.44769645598759916
2729,Joshua Clark,F,32,USA,2019-12-14,Bronze,49,True,158.0606748636483,0.38496933845878195
2730,Robert Young,M,23,EU,2019-06-19,Gold,55,False,263.51656525659985,0.4583184687235904
2731,Elijah Wall,M,18,Asia,2020-07-22,Silver,41,True,109.0054810176408,0.6442176837947368
2732,Lindsey Robinson,M,51,EU,2019-11-14,Bronze,50,False,80.03033585519077,0.7153512956561675
2733,Carl Dean,F,44,USA,2020-07-03,Platinum,42,True,469.01444919595116,0.5226097063063285
2734,David James,M,19,Other,2021-07-14,Bronze,30,True,120.73658659632144,0.32239747931337076
2735,Jennifer Miller,M,34,Other,2022-12-02,Gold,13,False,176.11279318490887,0.4416057635200159
2736,Jeffery Neal,M,31,Asia,2020-09-02,Gold,40,True,203.1677479503971,0.38414294790289394
2737,Andrea Oconnor,M,30,Other,2022-04-03,Bronze,21,False,115.08205506802558,0.5185939322677909
2738,Melissa Lee MD,F,28,EU,2022-10-02,Bronze,15,False,117.77423932604158,0.4299869689889252
2739,Samantha Jacobs,F,36,Other,2023-06-06,Platinum,6,False,382.0958694265563,0.6353993411844748
2740,Christian Riddle,F,41,USA,2020-06-04,Bronze,43,False,104.84485914683984,0.3728067978814633
2741,Alexander Munoz,F,37,USA,2019-12-01,Bronze,49,False,105.60892846405648,0.8275148948566551
2742,Caleb Rodriguez,F,31,USA,2023-04-03,Bronze,9,False,92.72365676435145,0.2791452740332817
2743,Andrea Bowman,M,31,USA,2020-08-16,Silver,41,True,122.13123490613744,0.5458574894586686
2744,Gavin Nelson,M,42,USA,2020-11-15,Silver,38,True,120.74732185932541,0.25841889999127754
2745,Courtney Smith,F,37,EU,2021-07-26,Gold,29,True,194.24913351091064,0.6571840774130572
2746,Wayne Gray,M,33,Asia,2019-10-11,Gold,51,True,213.76781333472587,0.507032429398419
2747,Timothy Thompson,M,32,EU,2021-12-19,Gold,24,False,141.78875102567198,0.5308630697803906
2748,Elizabeth Nicholson,F,36,USA,2022-10-04,Bronze,15,False,140.9264454225469,0.36541152040505337
2749,Joseph Graves PhD,M,28,Asia,2019-12-22,Silver,49,True,129.13073399051194,0.6628927045584081
2750,Lisa Mosley,M,41,EU,2021-01-01,Bronze,36,False,82.85491932503147,0.5964264098582396
2751,Travis Price,M,22,USA,2021-03-02,Bronze,34,True,99.43470218050446,0.41818771769804725
2752,Patrick Faulkner,M,28,EU,2019-12-10,Gold,49,True,105.20221324467273,0.4975165053219488
2753,Linda Atkinson,M,39,USA,2020-03-03,Bronze,46,True,107.23438466541043,0.36645158355885843
2754,Cameron Smith,M,21,USA,2022-11-21,Gold,13,False,160.39031068274335,0.3546277853772979
2755,Brittney Martinez,F,18,Other,2023-08-27,Bronze,4,False,61.55971472368942,0.4077039454771824
2756,Nicolas Brown,F,33,USA,2023-09-28,Gold,3,False,205.73804744602728,0.45890703103074393
2757,Vanessa Zimmerman,M,18,EU,2023-10-23,Bronze,2,False,102.84342051617145,0.500262141988231
2758,Lee Mann,F,20,Asia,2022-03-17,Bronze,21,False,138.90515338127008,0.4933513800146428
2759,William Lindsey,M,40,Asia,2019-11-12,Bronze,50,True,103.59253695229044,0.3702213288788712
2760,Desiree Patterson,M,30,USA,2019-07-02,Bronze,54,False,103.4437513267096,0.61385620580813
2761,Sierra Cervantes,M,45,USA,2019-11-13,Bronze,50,True,100.82608999405862,0.6634263713267847
2762,Scott Meza,F,20,USA,2023-05-04,Gold,8,False,96.8633188253111,0.6370401582149371
2763,Erik Davis,M,32,EU,2020-11-15,Silver,38,True,152.3047261126745,0.6059310497522444
2764,Nicholas Duffy,F,36,EU,2021-09-26,Bronze,27,False,99.03089384193811,0.12461831945055046
2765,Anthony Paul,F,21,USA,2023-10-17,Bronze,2,False,97.1052424836927,0.35023058645445637
2766,Katherine Baxter,F,43,Other,2022-10-11,Bronze,14,False,83.32349521136226,0.27674067620873366
2767,Jessica Romero,F,38,EU,2019-04-01,Bronze,57,True,111.30096864181264,0.23410345179685527
2768,Karen Robertson,F,18,USA,2021-07-27,Silver,29,False,120.70105676417816,0.6715865875953624
2769,Dr. Melissa Sullivan DDS,M,32,EU,2019-11-25,Bronze,49,False,114.10794160885527,0.7542711248069593
2770,Nichole Klein,M,36,EU,2019-05-22,Silver,56,False,161.64527930976777,0.5011355442255284
2771,Nicole Sanchez,F,27,USA,2019-11-02,Bronze,50,True,128.0473755753526,0.5706994887280106
2772,Tiffany Morrow,F,18,USA,2020-10-10,Silver,39,True,136.07938694027223,0.4461069043330561
2773,Kelsey Lynch,M,35,Asia,2021-02-07,Silver,35,True,190.11571408312952,0.6754532488123339
2774,Traci Craig,M,55,EU,2023-08-26,Bronze,4,False,104.24622728499796,0.5420039939105219
2775,Kelly Walker,M,29,EU,2020-11-22,Gold,37,True,196.99157159849585,0.42178706956842654
2776,Ryan Palmer,M,48,EU,2022-12-11,Silver,12,False,124.40606962890594,0.5843445079727398
2777,Jenny Gray,M,25,USA,2022-08-22,Silver,16,False,161.8677149185866,0.47275431173857996
2778,Brian Sloan,F,35,USA,2023-02-24,Bronze,10,False,90.47822986436539,0.5293376680795596
2779,Joshua Miranda,F,40,EU,2021-03-26,Gold,33,True,198.88494800307473,0.6039995163780452
2780,Edwin Carter,M,32,USA,2023-11-19,Silver,1,False,173.32251345977835,1.0
2781,Oscar Carroll,F,30,USA,2020-11-10,Bronze,38,True,99.38536342824477,0.7679321819145278
2782,Eric Fitzpatrick,F,40,Asia,2021-06-02,Bronze,31,True,106.34464929770138,0.5225025399666523
2783,Samantha Johnson,M,51,Other,2022-03-14,Bronze,21,False,130.27285377739668,0.3590404222200121
2784,Luke Freeman,M,36,Asia,2021-11-25,Bronze,25,True,111.25647131672906,0.1619697256869867
2785,Luis Murphy,F,27,Asia,2021-08-21,Platinum,28,True,259.25114477132604,0.6926367171528689
2786,Aaron Zamora,F,31,USA,2021-11-22,Bronze,25,True,91.89035139401373,0.6679731903058911
2787,Henry Garcia,M,58,Other,2023-06-27,Gold,6,False,205.6284455404825,0.40580572564150197
2788,Bradley Robertson Jr.,Other,34,USA,2019-10-07,Bronze,51,True,142.43121654102362,0.4868616078348943
2789,John Moore,M,27,Other,2020-11-13,Bronze,38,True,73.3061388916657,0.5312001358613616
2790,Courtney Foster,M,21,Other,2021-11-02,Platinum,26,False,311.40915931683645,0.5891103425989748
2791,Jeffrey White,M,18,Asia,2021-04-27,Bronze,32,True,127.28876068508725,0.7481760464852644
2792,Ashley Gonzales,M,36,Other,2023-02-06,Silver,10,False,168.43870273856695,0.3045415430636883
2793,Candice Gomez,F,39,EU,2020-10-28,Gold,38,True,194.71424900830547,0.6010479294219383
2794,Ian Harrell,F,29,USA,2020-09-01,Gold,40,False,131.21480966383405,0.5328236528182412
2795,Colton Williams,M,32,EU,2022-09-25,Gold,15,False,260.45772362807435,0.4234795907857717
2796,Patrick Santana,F,21,EU,2020-06-28,Gold,42,False,181.07168690970687,0.6209691097875731
2797,Cristian Mendoza,F,34,USA,2020-12-22,Silver,36,True,121.41045038575497,0.4833055950331836
2798,Deborah Fisher,M,37,EU,2021-12-11,Bronze,25,True,105.0184211747913,0.4879392919241842
2799,Rebecca Klein,F,27,Other,2019-03-07,Silver,58,False,192.81425434856692,0.5470685346168697
2800,Phillip Macias,M,49,USA,2021-12-28,Platinum,24,False,324.2927503530427,0.43130371959739394
2801,Tammy Cameron,F,24,Asia,2023-02-05,Silver,11,False,139.06168011098237,0.5981593546994852
2802,Brian Rodriguez,M,35,Other,2020-12-18,Bronze,36,True,104.96001745600701,0.440397330709016
2803,Christopher Porter,F,41,Other,2019-01-20,Silver,60,True,153.55379652156427,0.7535214560353776
2804,Cynthia Gregory,M,32,Other,2021-10-12,Silver,27,True,135.9565009453911,0.5342500601683244
2805,William Mclaughlin,F,31,EU,2022-04-21,Bronze,20,False,101.34515922766005,0.3994940281090253
2806,Dylan Tucker,F,18,Other,2023-07-27,Silver,5,False,125.27144191345586,0.546316471967328
2807,Danielle Hernandez,M,46,Asia,2023-05-26,Silver,7,False,120.33032336017767,0.6484250955737493
2808,Danielle Wang,M,31,USA,2023-02-18,Silver,10,False,166.57636314250612,0.26372166054204027
2809,Wendy Wright,M,38,EU,2021-08-09,Bronze,29,False,92.1109413773735,0.6900586640838292
2810,Christina Mccarthy,F,39,Asia,2019-08-02,Bronze,53,False,99.48633160580212,0.5510430540748135
2811,Meredith Shaw,M,26,USA,2019-11-18,Silver,50,True,126.84362115288451,0.49544483178128074
2812,Willie Garza,F,31,EU,2020-08-02,Silver,41,True,132.9909868493906,0.3970545287528129
2813,Crystal Anderson,M,46,EU,2019-05-02,Bronze,56,True,90.33088161737939,0.55205786437063
2814,William Hickman,M,21,USA,2022-12-21,Bronze,12,False,88.25430964009853,0.36745221943923084
2815,Luis Davis,M,54,EU,2023-11-14,Bronze,1,False,91.80282325248227,0.20161773256887083
2816,Jason Torres,M,25,Asia,2021-11-07,Bronze,26,True,103.94872894874422,0.3930468934954143
2817,Crystal Rogers,F,21,EU,2023-05-01,Platinum,8,False,383.39662903272244,0.45911793980419435
2818,Jordan Schneider,F,34,USA,2023-04-28,Silver,8,False,172.82727414415794,0.5919714792280597
2819,Derrick Ramirez,M,55,USA,2022-10-09,Gold,14,False,186.6171188343131,0.4671793951765857
2820,Jason Flores,F,18,USA,2023-10-27,Silver,2,False,131.02270363082388,0.32823597881699645
2821,Andrew Williams,M,31,Other,2023-03-22,Silver,9,False,96.62977626393688,0.4008342158376568
2822,Christy Kennedy,F,37,USA,2022-12-12,Bronze,12,False,86.53710392829029,0.50309598554825
2823,Ashlee Lopez,M,33,EU,2022-08-01,Silver,17,False,117.04792466977622,0.596839570712542
2824,Heidi Torres,F,36,USA,2019-11-01,Bronze,50,False,101.09033148224516,0.6219777041294872
2825,Adam Arnold,F,25,USA,2023-04-09,Silver,8,False,200.05724020855865,0.29570447659167165
2826,Erin Figueroa,M,27,Asia,2020-10-16,Bronze,39,False,92.096223356792,0.5076734643031471
2827,Richard Rice,F,31,Asia,2020-03-25,Bronze,45,True,70.94542461903093,0.6160580839335819
2828,Matthew Clark,M,21,USA,2020-08-17,Bronze,41,True,96.08009364698718,0.3690401396255423
2829,Stephen Anderson,M,32,EU,2022-06-01,Gold,19,False,182.36724827650883,0.7700329588140815
2830,Barbara Willis,M,29,USA,2023-10-05,Bronze,2,False,125.22184023903773,0.42582675100096
2831,Martha Lee,M,28,EU,2019-11-16,Bronze,50,False,62.30402374410109,0.6529940815773236
2832,Tammy Jones,M,36,EU,2023-12-05,Gold,0,False,160.33452886382864,0.6036752991831565
2833,Grace Swanson,M,18,USA,2020-06-07,Silver,43,True,172.8298615141722,0.39683705057543917
2834,Christina Le MD,M,30,USA,2021-11-20,Bronze,25,False,68.6088278645764,0.5024263501682175
2835,Joshua King,M,56,USA,2020-12-26,Bronze,36,True,111.4757644298437,0.7046206808600757
2836,Sarah Meadows,F,22,Other,2022-07-17,Bronze,17,False,86.69296153188961,0.4194682809540513
2837,Stephanie West,F,45,Other,2023-04-06,Silver,9,False,180.7879091439053,0.526591461383464
2838,Susan Jones,M,33,USA,2022-11-26,Silver,13,False,148.5311454269775,0.2741505220955035
2839,Timothy Gordon,M,26,Asia,2019-11-03,Bronze,50,False,96.80666367298163,0.5539380390825303
2840,Kyle Horton,M,19,USA,2023-06-07,Gold,6,False,223.95217910729156,0.43932108428084266
2841,Angel Knight,F,34,USA,2023-01-14,Bronze,11,False,100.38115528266682,0.5785793051765918
2842,Melissa Yang,F,47,Asia,2023-05-17,Bronze,7,False,75.27761561555477,0.3733436994427638
2843,Michael Berg,M,29,Other,2021-09-14,Platinum,27,True,268.7495348239097,0.547958148199166
2844,Carol Christensen,M,32,Other,2023-02-20,Bronze,10,False,67.45700790066974,0.44746282258122516
2845,Richard Morales,M,43,EU,2021-09-26,Gold,27,True,165.4265448547937,0.10431259165267082
2846,Clinton Moore,M,36,USA,2023-04-12,Silver,8,False,85.83574845944328,0.5131796780793547
2847,Michael Suarez,F,18,Asia,2020-04-09,Bronze,45,True,146.76431204937683,0.6891614194101457
2848,Joy Zimmerman,F,33,USA,2019-11-26,Bronze,49,False,99.47359600270131,0.3355341884829818
2849,Elizabeth Robinson,M,48,EU,2023-11-06,Silver,1,False,165.9917850174529,0.4033159612561786
2850,Kristen Jackson,F,32,USA,2022-02-02,Gold,23,False,166.59027506874486,0.6988020600110288
2851,David Williams,M,18,EU,2020-12-06,Bronze,37,True,110.51301625376904,0.5834723931388879
2852,Stephen Ho,M,36,USA,2022-09-09,Bronze,15,False,115.47579662478982,0.45066200523672534
2853,Richard Day,F,31,USA,2022-11-11,Bronze,13,False,118.72466279002522,0.5443644621121175
2854,Rodney Nichols,F,18,Other,2021-09-01,Silver,28,True,147.52122877545773,0.4061494356403591
2855,Gregory Jacobs,M,18,USA,2019-10-12,Bronze,51,True,120.30868790165793,0.870720582311858
2856,Bradley Thornton,M,42,EU,2022-10-05,Bronze,15,False,87.84694003303542,0.6330300996368456
2857,Miranda Ortiz,F,25,USA,2020-11-13,Platinum,38,True,322.44901215500556,0.7563211053996528
2858,Erika Brown,F,23,USA,2019-11-24,Bronze,49,True,100.96541477891589,0.5137870154301944
2859,Samantha Robinson,M,32,USA,2020-09-15,Bronze,40,True,76.49697085664977,0.30892470796241206
2860,Cassandra Bonilla,M,26,USA,2022-04-13,Silver,20,False,95.10549671437856,0.5755007991647504
2861,Veronica Osborne,M,34,Asia,2019-01-23,Gold,60,True,188.04071429437812,0.6882668397997999
2862,Ashley Reese,F,30,USA,2023-11-26,Bronze,1,False,94.09355434654698,0.6945700592680171
2863,Matthew Berg,F,21,Other,2022-05-02,Bronze,20,False,94.60730851449638,0.24685071807997067
2864,Kristen Montoya,M,27,EU,2022-01-24,Bronze,23,False,120.9996942383044,0.531713547533806
2865,Derrick Perkins,F,37,EU,2021-06-09,Bronze,31,True,127.52385565471677,0.26031325749003925
2866,Nicole Moore,F,33,EU,2020-08-26,Silver,40,False,169.7164306922136,0.41211449408879774
2867,Nicholas Richardson,M,32,EU,2023-11-24,Silver,1,False,167.61734089604047,0.5878131632857535
2868,Anna White,M,52,Asia,2019-09-28,Silver,51,False,147.60240560334353,0.699707904540134
2869,Scott Lopez,F,40,USA,2022-11-22,Silver,13,False,155.29750356653403,0.5333725883961385
2870,Nicholas Holland Jr.,F,41,USA,2022-11-25,Gold,13,False,217.18297800851602,0.32783813466080847
2871,Christopher Long,F,31,Asia,2023-01-08,Silver,11,False,154.201814456499,0.5899056152566187
2872,Andrea Jones,F,35,Other,2022-11-04,Gold,14,False,223.70195874215517,0.3723692842327472
2873,Terry Waller,M,28,Asia,2020-12-15,Bronze,37,True,100.91595968120899,0.4561518155654656
2874,Joseph Acosta,M,40,EU,2019-12-28,Silver,48,True,135.1432638365557,0.5135660877271784
2875,Lindsey Gray,F,31,Asia,2023-07-22,Bronze,5,False,105.22950150635732,0.3995217706611081
2876,Ronald Hines,M,35,EU,2023-11-05,Bronze,1,False,95.27993101837298,0.5954676287038912
2877,Amanda Wright,F,34,EU,2021-05-10,Gold,32,True,258.09248815184196,0.6128687383267091
2878,Charles Burton,F,32,USA,2019-02-09,Bronze,59,True,91.45220750085535,0.6542278910123133
2879,Vincent Rosario,F,62,EU,2023-01-27,Silver,11,False,235.79127899816507,0.7137998651342458
2880,Noah Morgan,M,26,USA,2022-01-04,Silver,24,False,199.1903141551706,0.4785238645909934
2881,Christina Castillo,F,26,USA,2019-11-01,Silver,50,True,116.02186010434534,0.3159567121161923
2882,Jill Martin,F,39,Asia,2020-07-11,Silver,42,True,187.54982472403285,0.33041719468029473
2883,Christopher Brown,F,27,USA,2023-11-25,Bronze,1,False,97.49034436664431,0.7602739112901307
2884,Lori Martinez,M,30,USA,2020-12-11,Bronze,37,True,111.31090833312251,0.7422934654402547
2885,Ashley Phillips,M,22,USA,2023-06-09,Gold,6,False,263.06734378292265,0.7007548328469616
2886,Sara Thomas,M,37,Other,2022-09-23,Bronze,15,False,84.49974307003659,0.4121740213596107
2887,Allison Simmons,M,38,EU,2021-12-05,Silver,25,True,136.09820188535744,0.7532156508379235
2888,Matthew Perez,M,29,EU,2022-09-27,Bronze,15,False,115.06849194768522,0.4745473864914585
2889,Janice Henson,F,40,Asia,2020-02-23,Bronze,46,False,92.66460913388241,0.5514614874771402
2890,Ashley Jackson,F,18,Asia,2019-11-25,Bronze,49,True,55.50304589281473,0.6239653113265209
2891,Brian Sosa,F,25,USA,2020-06-19,Silver,43,False,178.91095197539403,0.6891825569034259
2892,Luis Wilson,F,31,EU,2021-11-21,Bronze,25,True,107.38812691357542,0.5811845100625552
2893,Tamara Huang,M,21,Asia,2023-07-03,Bronze,6,False,99.53331006164387,0.7062515946688682
2894,Cassandra Moreno,F,18,EU,2023-11-08,Bronze,1,False,102.50277829333254,0.5019925917309197
2895,Meghan Hernandez,M,29,USA,2020-07-16,Bronze,42,True,144.76625618070324,0.4695690500504311
2896,Elizabeth Roth,M,39,Asia,2019-12-27,Bronze,48,True,120.25327000363785,0.45194908623968616
2897,Brian Hendricks,F,45,EU,2023-03-17,Bronze,9,False,82.78070607743592,0.3275940020691342
2898,Tasha Cochran,F,27,USA,2023-02-04,Silver,11,False,153.69205783286574,0.0802539358236169
2899,Angela Smith,F,40,EU,2021-11-23,Bronze,25,True,123.71932616540627,0.6562137544476865
2900,Brittany Rios,M,39,USA,2021-08-15,Bronze,28,True,123.29776428422988,0.4648828246839772
2901,James Griffith,F,45,USA,2019-09-13,Platinum,52,False,209.8529877229126,0.6114716457208651
2902,Karen Jones,M,29,Asia,2023-12-09,Bronze,0,False,89.97439024797288,0.5897418681558378
2903,Tina Ramirez,M,18,USA,2022-11-10,Gold,13,False,154.64213823388104,0.523714318636212
2904,Zachary White,F,33,EU,2020-11-27,Bronze,37,False,112.79329677649139,0.6416725303123822
2905,Francisco Coleman,F,22,EU,2023-01-02,Bronze,12,False,81.85782756846746,0.6607258041919664
2906,Jennifer Leon,F,25,USA,2020-11-25,Bronze,37,False,131.09346217911798,0.35724168090262726
2907,Robert Valdez,F,29,Other,2023-01-06,Silver,12,False,188.85928064643122,0.729939420999062
2908,Jason Crawford,F,29,USA,2021-11-23,Silver,25,True,142.59571557645154,0.6296547163597244
2909,Kim Underwood,F,34,USA,2019-10-20,Bronze,51,True,74.7037765783815,0.3686616198642542
2910,Kevin Fisher,F,40,USA,2022-02-05,Silver,23,False,126.33039267649492,0.4026169416669925
2911,Melissa Goodman,F,29,USA,2021-12-17,Bronze,24,False,109.02144226001178,0.3135697767400901
2912,Cynthia Smith,F,36,USA,2019-12-04,Bronze,49,True,117.04373764963788,0.5941712555251841
2913,Alicia Grant DVM,Other,33,Asia,2021-07-08,Silver,30,False,148.8463814643428,0.473472192124303
2914,Amy Bailey,M,42,Other,2020-12-22,Silver,36,True,72.95918215169061,0.1260674815288893
2915,Sharon Fuentes,F,31,USA,2023-11-23,Bronze,1,False,113.60090351204612,0.41685376375199634
2916,Charles Castaneda,F,32,EU,2021-08-01,Bronze,29,False,59.59170877763168,0.4428628388578222
2917,Susan Sanchez,M,29,Asia,2019-02-23,Gold,59,False,115.23535780339998,0.5158510166087957
2918,Amy Taylor,F,31,Asia,2023-01-22,Platinum,11,False,359.89696830056386,0.2691236194019933
2919,Michele Bennett,M,25,EU,2020-01-04,Bronze,48,True,76.28053398889259,0.5174976590630971
2920,Vincent Watson,F,24,USA,2020-12-18,Gold,36,False,210.02436364284418,0.7251100781593574
2921,Mary Jones,F,40,USA,2022-07-28,Bronze,17,False,101.83888182223014,0.5280511338064948
2922,Sheila Johnson,M,22,Asia,2023-11-13,Gold,1,False,167.7872055303742,0.5884173446276811
2923,Bob Jones,M,29,Asia,2020-11-18,Silver,37,True,156.18379848277584,0.7345075869051495
2924,Robin Hernandez,F,43,USA,2021-10-23,Gold,26,True,177.9865899101742,0.48581847197157585
2925,Patrick Adkins,M,29,USA,2020-11-03,Silver,38,True,151.42691816765534,0.48097783749746975
2926,Elizabeth Jenkins,M,41,Other,2020-07-18,Bronze,42,True,92.27602991934107,0.5517279149797347
2927,Richard Dominguez,M,27,Asia,2020-02-10,Bronze,47,False,89.97088138473609,0.36727181371865003
2928,Christopher Ibarra,F,22,Other,2022-12-19,Silver,12,False,130.2107040919974,0.39581598546631613
2929,Paul Gordon,F,18,Asia,2019-11-26,Bronze,49,False,82.03099868194262,0.1941197051187521
2930,Ronnie Frazier,F,46,USA,2020-12-02,Bronze,37,True,117.05020717803905,0.8432517880577584
2931,Kristen Gallegos,M,21,EU,2019-02-14,Platinum,59,True,272.82516190826624,0.6246053230146146
2932,Kathryn Fletcher,F,40,EU,2023-03-27,Bronze,9,False,77.36833653415545,0.357900429209413
2933,Christopher Dudley,F,23,USA,2019-10-19,Bronze,51,False,91.82041112390097,0.6535785767651949
2934,Vanessa Martinez,M,46,EU,2023-11-05,Bronze,1,False,89.44348049631512,0.37879304011535864
2935,Manuel Robinson,F,55,Asia,2022-06-26,Silver,18,False,138.17781442054462,0.5102083663832943
2936,Paul Hansen,F,18,USA,2023-10-16,Bronze,2,False,114.26851405587888,0.5094477144078191
2937,Rose Mcdonald,F,22,Asia,2023-01-26,Bronze,11,False,87.44456362957965,0.43307364765687045
2938,Martin Wilcox,M,40,EU,2021-12-10,Gold,25,False,184.8176622833162,0.37807570394578094
2939,Robert Lucas,M,38,Other,2022-09-05,Gold,16,False,225.72593715259347,0.681282152593471
2940,Brian Miller,M,40,USA,2020-10-14,Silver,39,True,163.3179176258312,0.5126744053962053
2941,Sarah Johnson,M,27,USA,2022-11-07,Silver,14,False,129.38737690005473,0.7522899412162858
2942,Joshua Jones,F,52,EU,2021-11-10,Bronze,26,True,119.32057089004236,0.3438571903588187
2943,Nicole Parker,M,34,USA,2023-11-11,Silver,1,False,177.282506297393,0.4290775779093287
2944,Margaret Johnson,F,20,Asia,2022-11-19,Bronze,13,False,116.7833594881651,0.4931477727529356
2945,William Cunningham,M,30,Asia,2021-11-11,Bronze,26,True,106.05126664297069,0.66548161845922
2946,Rachel Williams,M,20,USA,2020-03-03,Bronze,46,False,96.5268460075823,0.3816181581621833
2947,Tony Smith,F,48,EU,2023-11-07,Bronze,1,False,78.51638800270916,0.5856938086844614
2948,Douglas Sanders,M,26,EU,2022-07-14,Bronze,17,False,72.32799988725495,0.5514375820400543
2949,Paul Swanson,F,37,USA,2022-12-06,Bronze,13,False,98.30415942442303,0.7142668258430663
2950,Michele Davis,M,28,Other,2023-04-22,Silver,8,False,150.42606309907268,0.5746959297306414
2951,Patrick Garcia,M,26,Asia,2022-07-20,Bronze,17,False,94.77615042599952,0.23055156537239585
2952,Brittany Matthews,F,18,EU,2023-10-27,Silver,2,False,146.66996559499128,0.3479128470869535
2953,Kevin Christian,F,38,Asia,2021-11-13,Silver,25,True,190.90840055389913,0.355509273782773
2954,Christian Ford,M,45,EU,2023-12-14,Gold,0,False,265.09460420259427,0.4321262127503791
2955,Anna Higgins,M,23,Other,2020-11-20,Bronze,37,False,77.88107927299785,0.6986592413494984
2956,Rhonda Pena,F,18,EU,2023-10-15,Silver,2,False,158.65543328441552,0.4602218430095727
2957,Candace Stuart,F,41,Asia,2022-09-18,Silver,15,False,151.55906597322794,0.5051798353446189
2958,Monica Curtis,F,18,Asia,2023-11-11,Platinum,1,False,340.4978893580478,0.46625692625714726
2959,Gloria Floyd,M,45,USA,2023-04-22,Bronze,8,False,134.67087806465844,0.5808261640129813
2960,Isaac Chase,Other,23,Asia,2023-11-10,Bronze,1,False,143.75999935552386,0.39172260559226046
2961,Steven Schroeder,M,21,USA,2020-11-11,Bronze,38,True,114.39240453598008,0.4744101860468585
2962,Daniel Bishop,M,35,USA,2020-05-19,Bronze,44,True,100.80141577654852,0.47259506345591484
2963,Christian Burton,F,22,USA,2022-08-22,Silver,16,False,139.12307867720043,0.48936248519093994
2964,Robert Thomas PhD,M,25,Other,2022-01-15,Gold,23,False,299.4711742928042,0.41513134551887976
2965,Tracy Harrington,M,36,Asia,2023-12-28,Bronze,0,False,84.65169399805119,0.2997472763173108
2966,Brandon Edwards,M,18,Asia,2019-12-03,Bronze,49,True,116.45418535251011,0.6398964694854552
2967,Candice Ramirez,M,49,Asia,2021-10-03,Bronze,27,True,94.71594472780158,0.48253919522110506
2968,Brandon White,F,33,EU,2023-10-01,Bronze,3,False,73.22739237994273,0.6692768126442306
2969,Deanna Kennedy,F,20,Other,2021-10-15,Gold,26,False,268.6205745199774,0.5719205833255216
2970,Shawn Santos,M,22,EU,2020-08-13,Gold,41,True,130.3096782328933,0.5772009723254015
2971,Caleb Carroll,F,42,USA,2022-12-15,Bronze,12,False,57.02470822658285,0.6696004895249926
2972,Scott Morales,F,39,USA,2019-01-21,Bronze,60,False,114.00231251096619,0.8896858731608139
2973,Sylvia Anderson,F,46,Asia,2022-08-18,Gold,16,False,187.82714723922282,0.6955596820428555
2974,Ryan Crane,M,26,Asia,2020-03-26,Bronze,45,True,108.6318855811887,0.6329596493472229
2975,Michael Hunter,Other,35,USA,2023-11-28,Silver,1,False,149.7859343967395,0.5438457281831062
2976,Shawn Fleming,F,37,USA,2020-04-18,Gold,45,True,224.0246131492851,0.6888223606377442
2977,Maria Figueroa,M,39,Asia,2019-12-09,Silver,49,True,141.12911239415476,0.3880211330553097
2978,Roberto Smith,M,44,USA,2023-08-18,Bronze,4,False,118.04472667450466,0.5877129552306984
2979,Donna Moore,M,25,Asia,2023-12-11,Bronze,0,False,118.62090687802753,0.6915817075307401
2980,Benjamin Price,F,31,Other,2019-01-18,Gold,60,False,261.9564918975792,0.6428585184518427
2981,Brandon Owens,M,26,EU,2022-07-06,Bronze,18,False,125.28058446695853,0.4885713668097908
2982,Stephanie Marshall,F,32,USA,2023-02-26,Bronze,10,False,97.87102484654503,0.5683148687340723
2983,Nicholas Lowery,M,39,Asia,2022-11-27,Silver,13,False,170.8848043033462,0.4506269940162941
2984,Patricia Gonzalez,F,18,Asia,2021-12-17,Gold,24,False,216.6946096420846,0.38476553076856423
2985,Evan Davies,M,44,EU,2019-08-24,Bronze,53,True,108.42189150257846,0.7176190167557353
2986,Dr. John Ramirez,F,21,Other,2021-12-17,Bronze,24,False,73.5246324559887,0.4348670897376107
2987,Christopher Harrison,F,29,USA,2023-06-09,Silver,6,False,172.59658362599885,0.4335978150194069
2988,Erica Johnson,M,45,EU,2019-09-20,Bronze,52,True,112.1747852764389,0.43690204307159725
2989,Jamie Mayer,M,36,Asia,2023-02-28,Bronze,10,False,136.4056800103659,0.39561523291949696
2990,Jeffrey Kennedy,M,36,Asia,2019-11-03,Gold,50,False,246.62331552983937,0.39129094445036094
2991,Sean Cisneros,F,21,USA,2022-03-23,Bronze,21,False,102.99146496250758,0.2412118367645777
2992,Debra Reid,F,22,Asia,2020-11-24,Bronze,37,True,97.96497159490933,0.26717914058170955
2993,Benjamin Sullivan,M,42,EU,2020-11-12,Bronze,38,True,79.91848086337058,0.47110117727770173
2994,Michael Savage,M,27,USA,2019-07-21,Bronze,54,True,136.35427435163044,0.5684602173975254
2995,Mckenzie Green,M,28,USA,2021-12-03,Silver,25,True,118.03751659854534,0.24857262542164044
2996,Anna Valenzuela,F,42,Asia,2019-11-04,Silver,50,True,93.93023115209712,0.5272837704260928
2997,Paul Martin,F,22,USA,2022-10-10,Silver,14,False,176.99639499381516,0.6924639817631042
2998,Jason Alvarez,F,35,USA,2021-12-22,Silver,24,False,152.6087587878956,0.4292734184388226
2999,Caitlyn Horton,M,33,USA,2019-12-28,Silver,48,True,157.93236104369436,0.3516055842094819
3000,Michael Price,M,32,Asia,2019-11-05,Bronze,50,True,103.7313834043424,0.49098126928768354
3001,Richard Harper,F,27,EU,2023-04-20,Bronze,8,False,78.83908775506211,0.5778804890047309
3002,Michael Jensen,M,27,Asia,2022-10-03,Silver,15,False,161.06557237602692,0.41610644704424554
3003,William Mcmillan,F,22,USA,2022-12-22,Bronze,12,False,93.544310683651,0.6429297786504593
3004,Nancy Stewart,M,37,EU,2020-10-07,Bronze,39,True,90.74457579145619,0.5703980996697957
3005,Jimmy Hernandez,M,26,EU,2023-09-02,Bronze,4,False,128.4606808711316,0.7596560609518386
3006,Ashley Cordova,F,42,Asia,2021-12-06,Silver,25,True,173.7327409475334,0.2477885631176257
3007,Joseph Smith,Other,30,Other,2020-06-19,Bronze,43,True,53.98153412871875,0.28824250519185457
3008,Ronnie Martinez,F,22,USA,2022-11-10,Silver,13,False,156.48923023113224,0.43723273882030567
3009,Wayne Davis,M,30,EU,2019-08-08,Bronze,53,True,121.32111389757588,0.29913663964629744
3010,William Fisher,M,28,USA,2023-11-16,Gold,1,False,150.16193938062617,0.7360837987478921
3011,Carol Gray,F,43,EU,2022-08-02,Bronze,17,False,82.72664276016533,0.5349266085415406
3012,Tristan Bonilla,F,29,USA,2022-11-16,Silver,13,False,180.00795707618983,0.4505134098682188
3013,Alexis Cervantes,F,30,USA,2023-11-21,Bronze,1,False,90.92026700305578,0.733053470108351
3014,Steven Shaw,M,47,USA,2022-12-14,Bronze,12,False,60.43558485775013,0.5438889294419237
3015,Melissa Banks,F,38,EU,2020-11-24,Gold,37,False,247.98967569393108,0.4686706759318012
3016,Jason Bell,F,49,USA,2023-04-25,Bronze,8,False,96.51387945106256,0.38275017482669793
3017,Kelly Hubbard,F,45,Asia,2022-12-13,Bronze,12,False,107.47404641561839,0.5833716799398738
3018,Christopher Patterson,F,24,EU,2022-05-23,Silver,19,False,148.5215348817011,0.578333326161226
3019,Kurt Daniels,M,42,USA,2023-07-09,Bronze,5,False,122.41954095395258,0.6022744720645496
3020,Ryan Barker,F,48,Asia,2019-09-09,Silver,52,True,117.0306759392686,0.6209251146446932
3021,Douglas Oliver,F,48,USA,2021-11-08,Bronze,26,False,113.28232839281343,0.7175848075424421
3022,Shannon Cowan,F,42,EU,2023-11-07,Bronze,1,False,126.3740163832507,0.3758041611216743
3023,Ashley Banks,F,42,EU,2019-12-16,Silver,49,True,109.51890639346226,0.8355169078901172
3024,Jennifer Crawford,F,29,USA,2022-04-06,Silver,21,False,127.81372437402801,0.770004913412504
3025,Tammy Garcia,F,24,USA,2020-09-28,Bronze,39,False,132.89271149717024,0.7575876033219489
3026,Kevin Johnson,M,29,USA,2022-04-11,Silver,21,False,182.43488711187763,0.46907006014317393
3027,Jason Walker,M,18,Other,2022-08-19,Silver,16,False,125.420511258417,0.39290311947811657
3028,James Gonzalez,M,46,EU,2019-02-08,Silver,59,True,113.56497997958425,0.5157367281902269
3029,Caleb Ponce,M,30,EU,2023-04-19,Bronze,8,False,105.6536538722255,0.5425170861495723
3030,Jennifer Hoover,M,45,EU,2021-09-15,Bronze,27,True,106.59225814426583,0.6285821304663434
3031,Natalie Smith,M,20,USA,2021-04-11,Bronze,33,True,98.81714471790755,0.4753645761472411
3032,Danny Campbell,M,43,EU,2023-02-09,Bronze,10,False,146.66691609594102,0.6382022357063843
3033,Deborah Roberson,M,28,Asia,2023-11-16,Bronze,1,False,112.935020944315,0.4478834571633047
3034,Jennifer Allen,M,20,USA,2020-11-25,Bronze,37,False,83.1911186597255,0.5071623785373478
3035,Jennifer Smith,M,49,USA,2023-12-13,Gold,0,False,242.30600783617007,0.6084206657106404
3036,James Montoya,F,44,USA,2020-12-10,Silver,37,True,151.74532498423645,0.5182626434715892
3037,Lindsay Rogers,F,35,EU,2023-08-10,Bronze,4,False,86.46568400620492,0.3986240700986009
3038,Wendy Allen,M,33,Other,2020-12-25,Silver,36,True,177.0311561122516,0.36470927127199476
3039,Cheryl Newman,F,37,USA,2023-11-20,Silver,1,False,194.26774162719784,0.6597747419467385
3040,Rebecca Lane,F,34,EU,2023-01-09,Bronze,11,False,104.31698660740996,0.5744393718330182
3041,Mark Madden,M,25,USA,2021-08-28,Bronze,28,True,80.45469070614881,0.7080992143183629
3042,Tanner Holmes,F,28,Other,2022-01-02,Bronze,24,False,102.2623172983547,0.6717774739707251
3043,Brett Owen,F,52,USA,2022-11-01,Silver,14,False,121.31470905284,0.4577601072302927
3044,Lynn Mueller,F,59,EU,2020-08-08,Bronze,41,True,104.53007670525024,0.6510021843968138
3045,Lori Green,M,48,Asia,2019-05-16,Bronze,56,False,115.08960254896793,0.5528662680665686
3046,Tiffany Harris,F,37,Asia,2021-02-22,Bronze,34,True,60.467562097518176,0.48296550753333484
3047,Jeffrey Fuller,M,29,EU,2023-12-11,Silver,0,False,171.4655753444281,0.8974965653500968
3048,Alyssa Zimmerman,F,25,USA,2021-07-26,Silver,29,True,138.7871612601261,0.8518971561631195
3049,Angela Reyes,Other,25,USA,2019-11-09,Bronze,50,True,88.75443303162803,0.5975662360407074
3050,Bianca Chavez,F,27,USA,2021-11-25,Bronze,25,True,73.45332593273113,0.37250822868143807
3051,Heather Allen,F,54,USA,2019-04-19,Silver,57,True,117.79494139633037,0.42823924470516944
3052,Elizabeth Nichols,M,51,EU,2019-11-18,Gold,50,True,270.58595296486556,0.41871222978096645
3053,Richard Hartman,Other,40,USA,2019-01-07,Silver,60,True,175.4803838436507,0.6221412463566436
3054,Mary Hill,F,23,USA,2019-08-21,Platinum,53,False,377.6816572580197,0.5576054005693352
3055,Lori Little,M,41,EU,2019-08-10,Bronze,53,True,82.85337633639557,0.45316502353428934
3056,Ashley Stevens,F,30,Other,2023-01-06,Bronze,12,False,135.97314922463914,0.8099471705730404
3057,Ashley Campbell,M,18,EU,2021-03-21,Silver,33,True,148.0019695218833,0.4355440508900086
3058,Anna Snyder,M,35,USA,2022-08-04,Bronze,17,False,84.22347342961501,0.7795510061154243
3059,Ryan Myers,F,24,USA,2022-06-01,Bronze,19,False,78.43909669526701,0.6756213501695871
3060,Alex Jones DVM,M,24,Other,2023-09-04,Bronze,3,False,79.03291345233967,0.5965981460156365
3061,Michael Brooks,F,30,USA,2020-04-26,Bronze,44,True,85.06713963529842,0.3831658564512416
3062,Terry Stokes,M,28,USA,2019-11-03,Bronze,50,True,82.12248596521829,0.7406405926835423
3063,Adam White,M,32,EU,2021-06-03,Platinum,31,True,354.2571612377511,0.7959479889846356
3064,Lisa Johnson,F,32,EU,2019-04-14,Bronze,57,True,152.02323519966117,0.5354264246206549
3065,Wendy Webb,M,18,EU,2019-11-05,Bronze,50,False,95.05956183643887,0.6871615944666435
3066,Kimberly Moore,F,48,USA,2022-10-01,Bronze,15,False,95.44615837247918,0.5147315608149293
3067,Tammy Lee,F,23,USA,2019-06-11,Gold,55,False,125.68609037564732,0.7257527212036687
3068,Alexander Hunt,F,23,Other,2021-01-06,Silver,36,False,122.2421480670896,0.3577512941902731
3069,Sean Wilson,F,29,USA,2021-11-02,Bronze,26,True,67.5827752105912,0.6484044408539464
3070,Garrett Robinson,F,31,EU,2022-11-13,Bronze,13,False,116.26893583366635,0.12220210772197454
3071,Teresa Adams,M,47,Asia,2023-11-01,Silver,2,False,208.00259592824068,0.32452408985087355
3072,Dr. Gregory Arnold,F,35,EU,2022-06-27,Bronze,18,False,78.3792126802229,0.3410622415155441
3073,Patrick Simpson,M,38,USA,2022-12-08,Platinum,12,False,287.8167134228335,0.5020609243198989
3074,Jennifer Lee,F,35,USA,2019-10-10,Silver,51,True,142.54602171025851,0.36742869114147225
3075,Michael Clay,F,35,EU,2020-06-15,Bronze,43,False,113.66784950996677,0.36857130981409214
3076,James Silva,F,36,Asia,2023-07-03,Gold,6,False,204.2124167099423,0.4730977808120623
3077,Emily Bauer,F,18,Other,2023-03-06,Bronze,10,False,142.2890622369619,0.48084856689740274
3078,Katherine Andrade,F,30,USA,2023-11-02,Bronze,2,False,85.0167244786227,0.32703118681351706
3079,Paul Cabrera,F,44,USA,2019-10-21,Bronze,51,False,117.9911018161595,0.298539051465911
3080,Lisa Patterson,F,65,Other,2022-02-25,Silver,22,False,132.14319311513887,0.3723450632479991
3081,Jacqueline Chen,M,20,Asia,2019-03-23,Bronze,58,True,67.96257469205437,0.6502958938902238
3082,Christopher Johnson,M,37,Asia,2021-01-20,Bronze,35,True,128.53243259318623,0.8955505451370965
3083,Laurie Carter,M,27,USA,2020-05-03,Bronze,44,True,137.46873670161244,0.7189342069541564
3084,Maria Sanford,F,53,EU,2020-03-09,Gold,46,True,216.3995479151222,0.44642359395483094
3085,Allen White,M,19,Asia,2019-01-20,Bronze,60,True,87.39786999228313,0.5624443431212451
3086,Richard Howard,M,39,EU,2022-03-05,Bronze,22,False,77.22965235269211,0.49976058315064104
3087,Matthew Watson,M,18,EU,2023-05-06,Silver,8,False,166.8181437564774,0.47854777227884254
3088,Barbara Flores,F,29,USA,2021-08-10,Silver,29,True,86.19631748614594,0.516451598263788
3089,Gary Marshall,F,32,EU,2021-10-21,Gold,26,True,234.8694296555716,0.5415758134581321
3090,Stephanie Hoffman,M,43,USA,2020-07-09,Bronze,42,True,91.6423174768625,0.23807016260275093
3091,Lance Rose,M,22,EU,2022-03-01,Gold,22,False,182.42444468055325,0.4071109066173433
3092,Donald Franklin,M,39,Other,2023-08-27,Bronze,4,False,78.53807836217537,0.4936207153118411
3093,Shannon Jones,M,33,USA,2020-10-16,Bronze,39,True,71.2554868607401,0.8576560499482635
3094,Jennifer Avila,M,35,Asia,2022-11-06,Gold,14,False,197.67422119131302,0.595563119856827
3095,Francisco Gonzalez,F,42,USA,2023-11-16,Silver,1,False,155.8653645035966,0.6652968547897606
3096,Kathleen Mooney,Other,20,EU,2019-06-20,Silver,55,True,147.24816747507134,0.4834608974207552
3097,Caleb Jackson,M,41,Other,2022-06-20,Gold,18,False,243.78967901572724,0.7158493769091863
3098,James Ray,M,27,USA,2021-11-03,Silver,26,True,151.79703057023897,0.5426413002659212
3099,Mason Chase,M,43,USA,2022-07-14,Bronze,17,False,114.31154948540312,0.6238620930153084
3100,Susan Mitchell DVM,M,36,EU,2022-11-21,Gold,13,False,141.2522789765878,0.5262740270166583
3101,Steven Hull,M,30,USA,2022-11-08,Bronze,13,False,91.16208231687246,0.5828073922260165
3102,Matthew Jones,M,27,Asia,2023-07-20,Silver,5,False,194.50531000457713,0.4286440930322486
3103,Robert Cummings,M,41,Other,2023-05-23,Bronze,7,False,119.43397647005685,0.7744615530895187
3104,Paul Ross,F,45,EU,2019-07-14,Bronze,54,True,106.67275180809462,0.4277513540346276
3105,Emily Salazar,F,27,USA,2019-03-24,Silver,58,True,138.6423565944271,0.35769132732594044
3106,Michael Gibson,F,21,EU,2023-04-15,Bronze,8,False,81.27548493719478,0.5240510816943253
3107,Tracy Martinez,M,39,Asia,2023-07-21,Silver,5,False,134.1111093890397,0.7809687250361039
3108,Luke Johnson,F,18,USA,2020-04-10,Gold,45,False,225.49931790419933,0.39753105498962193
3109,Adam Garcia,F,19,EU,2022-12-17,Bronze,12,False,60.34370500902091,0.47283704610157257
3110,Michael Graham,M,22,EU,2022-11-08,Silver,13,False,203.85106430422334,0.5384378809729988
3111,Corey Barrera,M,28,EU,2021-09-26,Silver,27,True,187.16499705044538,0.30139790570965586
3112,Steven Mayo,F,19,USA,2023-01-19,Silver,11,False,186.47741536518384,0.29366774348983565
3113,Shawna Green,M,18,Asia,2023-02-04,Silver,11,False,168.4378940269991,0.6687797576554362
3114,Ashley Valentine,M,21,USA,2019-11-10,Bronze,50,False,102.15919539912132,0.5113276886505437
3115,Gary Salazar,F,39,USA,2019-08-23,Bronze,53,True,107.5558297193197,0.3409533862680956
3116,Debra Jackson,F,20,Asia,2022-01-25,Bronze,23,False,92.67897715515316,0.4529541181800301
3117,Joe Martinez,M,29,Asia,2022-11-04,Bronze,14,False,142.355505445354,0.4161022620345479
3118,Nicole Barron,F,52,USA,2023-06-20,Silver,6,False,145.84512011154717,0.5011893320665924
3119,Jennifer Griffin,F,32,USA,2022-08-22,Bronze,16,False,90.48676677146355,0.5294861554443553
3120,Joseph Lane,M,36,USA,2023-12-25,Platinum,0,False,284.07152239413824,0.17774701115881036
3121,Vanessa Morris,F,23,USA,2021-01-04,Silver,36,True,128.30329285539858,0.7001022141058286
3122,Courtney Baker,M,54,USA,2021-11-10,Bronze,26,True,116.18078446607915,0.5110733408181064
3123,Bradley Hansen,M,27,USA,2020-12-24,Bronze,36,False,89.61898982980523,0.4042452534292065
3124,Mary Moss,F,30,EU,2019-02-03,Silver,59,True,146.22453882214847,0.6326495418590389
3125,Blake Bonilla,M,46,Asia,2020-12-18,Silver,36,True,190.09028496809447,0.3448265963661922
3126,Adam Robinson,M,31,EU,2021-08-14,Platinum,29,True,364.2492530485167,0.4528563562217897
3127,Chelsea Garcia,M,33,EU,2022-11-20,Bronze,13,False,79.52352643551774,0.31751692766513573
3128,Kevin Rose,F,30,USA,2019-06-14,Bronze,55,True,123.61518985211708,0.6116582291624463
3129,Paige Collins,F,30,Other,2019-07-20,Gold,54,False,143.34259822923244,0.6790348022588542
3130,Christian Wagner,M,36,Asia,2020-11-23,Bronze,37,True,69.9769404131706,0.5576125327067639
3131,Colleen Cox,F,38,Asia,2019-11-14,Silver,50,False,140.20209210917778,0.471639391150241
3132,Shawna Palmer,M,26,Asia,2021-09-07,Bronze,28,False,105.8586228234701,0.30864191920459694
3133,Chelsea Ramirez,F,25,Other,2022-10-09,Silver,14,False,143.26131115933464,0.431393273498086
3134,Eric Kane,M,26,EU,2020-08-26,Bronze,40,False,108.77831708211546,0.5347660821708407
3135,Bridget Walter,F,18,USA,2022-05-02,Silver,20,False,138.7003789435862,0.41382507571459115
3136,Cynthia Shannon,Other,18,EU,2020-06-20,Silver,43,False,88.22030843107785,0.43176111290982855
3137,Allen Stanley,F,35,Asia,2023-07-03,Platinum,6,False,288.56164640343945,0.33167449870687704
3138,Derek Mcintosh,M,42,Asia,2019-11-12,Bronze,50,True,69.58813853821322,0.38849960585897997
3139,Jeffrey Hernandez,F,41,EU,2023-11-19,Bronze,1,False,100.06290843345629,0.28001711912588634
3140,Katie Brown,M,18,USA,2019-10-16,Bronze,51,False,74.94240560670679,0.541490227979764
3141,Brent Wong,F,30,USA,2023-08-07,Gold,4,False,220.69277948644785,0.5074715367639577
3142,Jenny Carter,M,21,Other,2022-05-12,Silver,19,False,190.64026527253117,0.5141762276114232
3143,Kirk Moreno,M,34,EU,2021-11-10,Silver,26,False,98.12904819417517,0.44590876365757454
3144,Jeffrey Maldonado DDS,M,28,EU,2020-07-22,Bronze,41,True,59.162417818028885,0.4114000110332544
3145,Colleen Brown,M,38,USA,2019-07-03,Bronze,54,True,93.99224145972609,0.45531278897691485
3146,Derek Jones,F,32,USA,2020-07-08,Bronze,42,True,122.58722329987056,0.43605438012243375
3147,Darrell Oliver,F,18,Asia,2021-11-24,Bronze,25,True,103.11988574788865,0.5229785015906785
3148,Jenna Garcia,F,23,EU,2023-11-07,Silver,1,False,137.1997929443351,0.774947436654092
3149,Sherry Adams,F,33,Asia,2022-01-09,Bronze,24,False,78.48446216301065,0.47162157669594057
3150,Richard Bailey,F,33,EU,2020-12-19,Silver,36,False,171.704514135517,0.4112118947815827
3151,Kyle Gross,M,18,EU,2023-06-05,Gold,7,False,261.4948771442422,0.46260976626106026
3152,Jonathan Graves,M,18,USA,2019-11-22,Gold,50,True,125.2249573378734,0.4261582512457403
3153,Eric Knox,M,33,Asia,2020-11-09,Silver,38,True,158.81407339601597,0.42556323396958096
3154,Ethan Jones,M,18,EU,2020-03-16,Bronze,46,True,150.89800203251392,0.4123469800472335
3155,Steven Thomas,M,18,EU,2019-11-20,Silver,50,True,131.8312040715913,0.6027500989121239
3156,John Cook,M,28,EU,2021-09-21,Bronze,27,True,96.18506249177935,0.6008166240475076
3157,Dennis Jones,M,28,Other,2023-02-09,Bronze,10,False,99.30796517419242,0.6353553738940376
3158,Sarah Wheeler,M,24,USA,2020-11-12,Silver,38,True,137.7451784783748,0.6671125951520139
3159,Lauren Freeman,F,25,Asia,2023-01-27,Gold,11,False,243.88270715143398,0.44531105361660317
3160,Brian Fuentes,M,33,USA,2022-10-20,Bronze,14,False,136.03095842055535,0.26484453569402133
3161,Wanda Conley,F,25,EU,2023-02-15,Bronze,10,False,65.9086987699064,0.7954354123550198
3162,Carol Thomas,F,33,USA,2023-05-18,Silver,7,False,121.96855435949759,0.16137381459079803
3163,Eric Fitzgerald,F,29,USA,2019-10-09,Bronze,51,False,124.923581457729,0.4487513954072966
3164,Nicholas Fritz,M,34,EU,2023-11-27,Silver,1,False,168.0094422907805,0.28602008991450173
3165,John Diaz,M,41,USA,2021-08-28,Bronze,28,True,108.73431143551426,0.5604236633280382
3166,Harold Mckinney,M,41,EU,2023-08-03,Bronze,5,False,113.93090258308213,0.3564699382578373
3167,Patricia Vincent,M,45,Other,2022-06-11,Silver,18,False,152.88387589228284,0.6697421415480421
3168,Linda Rodriguez,M,41,USA,2023-11-06,Gold,1,False,219.24737476977762,0.5348700498872608
3169,Monica Smith,F,35,Asia,2019-05-09,Silver,56,False,140.23688506928465,0.726711713838933
3170,Selena Hopkins,F,28,EU,2022-09-03,Gold,16,False,190.8795318136193,0.5152368464964656
3171,Jonathan Sanchez,F,29,EU,2019-02-24,Bronze,59,True,98.09527835960562,0.6738918050736612
3172,Valerie Howard,M,24,USA,2021-12-09,Gold,25,True,183.70585395803383,0.3371580833274166
3173,Cheryl Blevins,M,33,USA,2021-09-03,Bronze,28,True,109.37634008076135,0.6477611133311723
3174,Tracie Wiley,F,39,USA,2019-12-19,Gold,49,True,211.9051564588398,0.4797466567036437
3175,Stephanie Cole,M,25,USA,2021-11-04,Bronze,26,False,62.67667933665845,0.5356817686990011
3176,Kelsey Baker,F,32,USA,2019-07-13,Bronze,54,True,95.93442085939034,0.6391269391478002
3177,Stacy Myers,F,26,EU,2020-11-17,Bronze,38,False,100.4142266746921,0.5579846023141537
3178,Xavier Parker,M,35,Asia,2023-09-02,Silver,4,False,195.90432299531787,0.38140943960011214
3179,Joseph Cooper,M,27,Asia,2020-07-16,Bronze,42,True,94.26557288784281,0.4265793408662
3180,Jessica Gibson,M,25,EU,2021-11-01,Gold,26,True,203.85789088282147,0.3413507114565334
3181,Rebecca Roberts,M,26,USA,2019-11-03,Bronze,50,True,98.46472032598483,0.6072955659697914
3182,Kathryn Jennings,M,38,USA,2019-11-16,Bronze,50,False,126.44358064958,0.4481439479926719
3183,Chris Levy,M,32,USA,2019-09-06,Bronze,52,True,76.10325493935565,0.43268259317700763
3184,Mary Torres,M,28,USA,2019-05-08,Bronze,56,True,84.30130861389725,0.5303784662148764
3185,Robert Smith,F,35,EU,2023-11-05,Silver,1,False,124.44295663529158,0.46446215208678393
3186,Douglas Watkins,F,28,EU,2022-07-08,Silver,18,False,150.42035180823774,0.6753366901602408
3187,Eric Jordan,M,44,USA,2020-11-22,Gold,37,True,140.24743467216055,0.6177625272233191
3188,April King,F,23,USA,2021-03-01,Bronze,34,False,129.30308875927716,0.6084352037536407
3189,Douglas Trevino,F,31,Asia,2019-11-19,Gold,50,False,216.62086827287916,0.43771246069350433
3190,Patricia Moore,F,18,Asia,2020-12-02,Bronze,37,True,111.70785329986968,0.6064724230435707
3191,Devin Ferrell,F,29,USA,2022-09-06,Gold,16,False,284.09211994456484,0.5755106390908756
3192,Kevin Miller,M,18,Other,2020-05-24,Bronze,43,True,93.11983514441071,0.31756684382006284
3193,John Gomez,M,40,Other,2021-05-06,Silver,32,True,175.6793650545543,0.46307756616715023
3194,Mandy Henderson,F,40,USA,2019-12-20,Silver,49,False,167.46850744116765,0.4743045662767054
3195,Annette Green,F,40,USA,2021-11-20,Bronze,25,True,130.78806924820168,0.7243230443719524
3196,Eric Elliott,F,33,EU,2019-12-09,Bronze,49,False,113.82486566360501,0.43702960193185836
3197,Erica Lane,Other,24,Other,2022-02-01,Silver,23,False,134.724817244644,0.5723620259908484
3198,Christina Taylor,F,24,Asia,2021-11-02,Bronze,26,False,108.48007339144603,0.6951450200748337
3199,Elizabeth Miller,M,48,USA,2020-07-20,Silver,42,True,130.59598130026288,0.3616169060325374
3200,Lori Gardner,M,47,USA,2022-02-19,Silver,22,False,135.9865768538937,0.5419110019394281
3201,Shawn Kim,M,34,EU,2021-12-16,Silver,24,False,149.5916636390552,0.8048695907010722
3202,Jeremy Edwards,F,27,EU,2019-02-09,Platinum,59,True,288.8535091267315,0.26468466187125933
3203,Michelle Mcdonald,F,46,USA,2022-11-05,Bronze,14,False,82.1221491839595,0.4089760297628317
3204,Jason Jenkins,F,26,Asia,2019-12-24,Bronze,48,True,54.61106461997156,0.5409378860890731
3205,Justin Bernard,F,35,EU,2023-04-20,Bronze,8,False,105.92897165245074,0.5546497234282882
3206,Peter Gilbert,F,46,Asia,2020-05-11,Silver,44,True,161.02892925537634,0.5236115153992346
3207,David Hunt,F,24,Asia,2019-09-20,Gold,52,True,214.5483247272131,0.5818571347052169
3208,Joshua Cunningham,F,41,Asia,2021-06-14,Platinum,31,True,414.3572406008183,0.6891435250185013
3209,Pedro Long,M,38,EU,2023-11-26,Gold,1,False,138.5537606239264,0.5081370207505964
3210,Aaron Aguirre,F,32,EU,2022-07-13,Gold,17,False,262.1266034383218,0.4888634513315963
3211,Julia Brown,F,23,USA,2021-12-27,Platinum,24,False,449.5209169080796,0.5891947667784253
3212,Ronald Santos,M,25,EU,2022-11-03,Bronze,14,False,135.27561824394832,0.7984917117276542
3213,Brent Roberts,M,35,USA,2023-12-25,Gold,0,False,186.0262529245691,0.5899955482515107
3214,Mr. Antonio Yang,F,18,EU,2021-02-26,Silver,34,True,163.59050126116225,0.6558236198181218
3215,Nancy Brown,M,34,USA,2019-04-02,Bronze,57,True,84.5756127384655,0.26402125655348996
3216,Charles Yang,M,38,USA,2021-04-27,Bronze,32,True,86.47971632082032,0.47306096507331363
3217,Danny Lowe PhD,M,42,USA,2020-11-16,Bronze,38,True,134.46622182696137,0.3179523832630281
3218,Eric Hays,F,19,USA,2019-01-28,Silver,59,True,170.97237657307193,0.5022840442019325
3219,John Watts,F,46,Asia,2020-11-11,Silver,38,True,172.79879149504592,0.7140418500688519
3220,Aaron Munoz,M,49,Asia,2021-11-03,Bronze,26,True,77.54002906239305,0.3062336668570721
3221,Brent Harris,M,37,EU,2021-10-15,Silver,26,False,105.80110625713351,0.7605679159032068
3222,Ross Wallace,Other,22,USA,2022-10-03,Bronze,15,False,121.09482132043094,0.49930646005995366
3223,Bryan Sullivan,F,29,USA,2021-10-27,Gold,26,True,216.86693016605784,0.633915151709163
3224,Dr. Sarah Payne,F,32,USA,2019-04-27,Silver,57,True,141.04821441809491,0.654320734780831
3225,Melanie Villarreal,M,35,USA,2020-06-19,Platinum,43,True,404.18401793731203,0.7993294660959068
3226,Jessica Fields,M,33,Asia,2023-10-04,Bronze,2,False,111.86596504484112,0.5871660891837129
3227,Robert Sandoval,M,35,USA,2020-11-21,Gold,37,True,165.99677837551877,0.36922121143699227
3228,Patrick Payne,F,32,USA,2022-06-22,Bronze,18,False,61.2384396000109,0.6518685753148165
3229,Dylan Contreras,M,35,USA,2023-11-05,Bronze,1,False,111.96483595245364,0.09941718388263271
3230,Katherine Contreras,M,28,USA,2023-11-09,Bronze,1,False,90.6119843308867,0.36389893459848033
3231,Michael Rodriguez,M,29,EU,2021-06-07,Silver,31,False,145.8353010198856,0.41291363771354106
3232,Jeffery Johnson,M,27,EU,2022-10-23,Platinum,14,False,286.6968496587029,0.1844416744855435
3233,Justin Smith,F,52,USA,2022-07-23,Silver,17,False,192.9257591315575,0.7526062422571785
3234,Matthew Barry,M,47,USA,2021-04-13,Gold,33,True,233.71193040832173,0.699363504776281
3235,Amanda Meadows,F,38,USA,2019-11-28,Bronze,49,False,98.0748180463307,0.5676513236614028
3236,Julie Sharp,F,46,USA,2021-12-27,Bronze,24,False,97.5363181710329,0.6469569421823638
3237,William Howard,M,40,USA,2022-10-23,Silver,14,False,158.64241538396664,0.5549451185235854
3238,Kathy Bailey,F,34,Other,2023-10-18,Bronze,2,False,126.36105066479693,0.6295890016597824
3239,Jeanette Brown,F,18,EU,2019-10-24,Platinum,51,True,304.9772885948011,0.6893611269439501
3240,Heather Ball,F,30,EU,2022-10-15,Silver,14,False,132.76176708787852,0.2830744624320489
3241,Mike Buchanan,M,29,EU,2022-09-12,Bronze,15,False,75.90248874553929,0.6373070294402333
3242,Phillip Turner,M,21,EU,2021-05-10,Silver,32,True,147.4308161120957,0.6693792563859264
3243,Thomas Brewer,M,18,EU,2020-02-17,Bronze,47,True,76.03413752145937,0.4114196131727509
3244,John Hopkins,F,37,EU,2022-08-06,Bronze,17,False,106.82871736735629,0.46533439093936124
3245,Tammy Rowe,F,36,Asia,2020-11-28,Silver,37,True,163.59048599568263,0.3837074359047376
3246,Beverly Nguyen,F,21,USA,2019-10-11,Silver,51,True,185.72269622041762,0.546670922663818
3247,Hannah Williamson,M,25,EU,2023-11-03,Platinum,1,False,287.4332230554885,0.5586230289741135
3248,Andrew Christian,M,44,EU,2020-04-06,Bronze,45,True,120.64675469811327,0.529372014104919
3249,Brent Rodriguez,F,24,Asia,2020-07-22,Silver,41,False,198.3466359093184,0.38503705755919027
3250,Karen Wolf,M,34,EU,2020-08-24,Bronze,40,False,101.47446731155084,0.7057677588814162
3251,Dr. Morgan Young,F,31,EU,2020-04-20,Bronze,45,True,144.70376449012116,0.4127270096923265
3252,Carrie Stafford,M,38,USA,2020-12-12,Silver,37,False,193.1077995798353,0.5828971010448177
3253,Jennifer Brown,M,24,EU,2019-11-03,Bronze,50,False,90.41196005215438,0.6182741059267712
3254,Ashley Bradford,M,33,USA,2022-02-02,Silver,23,False,238.33259273546412,0.24327004706395616
3255,Phillip Obrien,M,34,USA,2023-11-28,Silver,1,False,147.96883763687381,0.5502330412546604
3256,Tammy Morris,M,35,USA,2022-10-22,Bronze,14,False,127.99139756420615,0.6880401536332486
3257,Jamie Zhang,M,33,EU,2019-09-03,Bronze,52,True,112.5703285854049,0.4978774670338328
3258,Christina King,M,36,USA,2019-12-13,Bronze,49,True,106.06793710061581,0.6348475966970459
3259,Dustin Harris,M,54,USA,2020-11-20,Gold,37,False,252.35350067086372,0.3982917895801893
3260,Robert Stokes,M,58,Asia,2019-12-09,Bronze,49,True,103.01696346659159,0.6581319090021288
3261,Kevin Soto,F,26,USA,2019-12-23,Bronze,49,True,98.47160515624992,0.3294484668106934
3262,Christina Patrick,M,18,EU,2020-03-17,Silver,46,False,148.61390928565305,0.4967199407669715
3263,Heather Russell,F,38,EU,2019-01-14,Platinum,60,True,231.3699392969132,0.6852362804890586
3264,Andrea Lopez,F,34,USA,2019-09-20,Gold,52,True,242.66553742379693,0.6769391807954903
3265,Susan May,F,43,Asia,2019-11-27,Bronze,49,False,86.80510276437145,0.3050439370733248
3266,Ronnie Hudson MD,F,35,USA,2021-11-08,Bronze,26,True,104.20272353983677,0.4678950520626781
3267,Luke Hansen,M,33,EU,2022-11-26,Silver,13,False,150.60446723471088,0.4100770050014482
3268,Austin Patterson,F,44,EU,2021-08-04,Gold,29,True,224.29639498314327,0.6769593572921812
3269,Benjamin Miller,F,45,EU,2022-11-01,Bronze,14,False,99.73820377984153,0.4888256745803804
3270,Elizabeth Wilson,F,19,EU,2020-11-10,Bronze,38,True,94.63263219103078,0.5222434538465046
3271,Kyle Rivera,M,24,USA,2020-06-13,Bronze,43,False,108.29328607356035,0.5722767114204241
3272,Todd Nielsen,M,31,USA,2022-04-02,Bronze,21,False,106.57889450268746,0.3179219565162775
3273,Michael Jones,M,33,Asia,2022-11-05,Silver,14,False,118.14762719725587,0.544847288635354
3274,Tracy Jones,F,30,EU,2023-11-06,Bronze,1,False,97.8008805279953,0.34847463743046725
3275,Sarah Frederick,F,37,Asia,2022-11-01,Bronze,14,False,125.39929418301477,0.4265347969695726
3276,Jennifer Brown,M,42,Asia,2022-05-05,Bronze,20,False,149.14546612406986,0.4334798882435955
3277,Ashley Ruiz,F,50,Asia,2020-06-24,Bronze,42,False,65.84916877318065,0.5726013414569114
3278,Deborah Johnson,F,38,EU,2020-11-15,Bronze,38,True,116.55461499968166,0.3810709403318606
3279,Dean Cook,M,24,USA,2019-12-08,Bronze,49,False,102.11566180893199,0.4288214040254084
3280,Brenda Payne,F,31,Asia,2019-12-18,Gold,49,True,176.32088487127825,0.5486047731587048
3281,Tammy Alvarado,F,32,EU,2020-09-25,Bronze,39,True,91.44029524586304,0.7077957187165729
3282,Cynthia Jones,M,38,USA,2019-12-18,Silver,49,True,121.80761300667369,0.5656416791066392
3283,Sue Warner,F,36,Asia,2021-01-04,Gold,36,True,145.50991309180762,0.6695903067729847
3284,Amanda Zavala,M,53,Asia,2021-12-26,Bronze,24,False,107.70575600326072,0.1814035136017758
3285,Linda Salazar,F,28,EU,2019-09-20,Bronze,52,True,135.66528346353454,0.7152775718371437
3286,Juan Potts,F,36,USA,2019-11-20,Bronze,50,False,107.05317960776688,0.3713976109482897
3287,Andrew Johnson,F,56,USA,2022-01-07,Silver,24,False,155.1471519494288,0.4086819412609658
3288,Marie Reynolds,M,27,Asia,2022-12-08,Silver,12,False,131.29278800275267,0.7912173921262899
3289,Samuel Mata,M,34,Other,2021-09-24,Bronze,27,True,81.3933792639066,0.5255467820898444
3290,Anthony Ayala,M,23,USA,2021-03-20,Gold,33,False,200.87212866370373,0.38752312996283733
3291,Kimberly Dalton,F,33,USA,2022-05-13,Silver,19,False,119.12134678942455,0.4082375538224101
3292,Nancy Tran,M,25,Asia,2022-02-04,Bronze,23,False,122.46190407365015,0.29252443130297456
3293,Ralph Dominguez,F,43,USA,2022-06-22,Silver,18,False,132.67357088195288,0.502190681407775
3294,Jeffery Taylor,M,34,EU,2019-10-25,Bronze,50,True,83.130938427877,0.449602454503473
3295,Steven Haas,M,23,Other,2020-08-21,Silver,40,True,217.52032284393215,0.6004167642019981
3296,Cory Kim,M,41,USA,2021-10-18,Bronze,26,False,125.97720674383677,0.7578430833474878
3297,David Chapman,F,34,EU,2023-11-13,Silver,1,False,114.14863601547864,0.3119182511449937
3298,Paul Beasley,F,42,USA,2022-12-14,Bronze,12,False,82.35546690636606,0.5893930493819874
3299,Laura Ritter,M,21,USA,2019-05-09,Silver,56,False,144.15317825380407,0.27001473154533806
3300,Nathan Hess,M,36,Asia,2021-03-12,Bronze,34,True,96.78206923027088,0.5652187904145045
3301,Cameron White,F,40,EU,2022-08-09,Silver,17,False,136.23636715750408,0.32399209741874135
3302,Gregory Rios,M,28,Other,2019-06-27,Bronze,54,True,126.73478135461676,0.2980088498295709
3303,Eduardo Obrien,F,20,EU,2021-11-01,Bronze,26,True,104.21026764347863,0.8825868545111134
3304,Bryan Jones,F,32,USA,2021-10-09,Bronze,27,True,99.26162013462776,0.8221910550415688
3305,Joshua Simpson,F,45,USA,2023-11-07,Bronze,1,False,87.83865025655479,0.39380420919480696
3306,Heather Herman,F,44,USA,2023-03-01,Silver,10,False,118.4515307389173,0.7853211246916202
3307,Micheal Pugh,F,28,USA,2021-11-02,Platinum,26,True,262.52823694654785,0.4940656803094602
3308,Eileen Valdez,F,20,USA,2019-12-18,Silver,49,False,123.72562850755062,0.29436952771110014
3309,Debra Wolfe,F,28,USA,2022-10-08,Gold,15,False,149.62629346501262,0.5974122312382141
3310,Amy Mccullough,F,28,EU,2022-12-01,Bronze,13,False,121.56087242493079,0.6423868802654678
3311,Lisa Ramirez,M,37,Asia,2021-01-27,Bronze,35,True,118.6028592821251,0.6128648856981118
3312,Chad Daugherty,M,31,EU,2022-01-03,Silver,24,False,138.76123401451392,0.24652373225025043
3313,Patrick Clark,M,25,Asia,2023-12-01,Platinum,1,False,379.06267798909926,0.32852779996102094
3314,Robert Thomas,F,44,USA,2022-11-21,Silver,13,False,167.7082978330533,0.6405588176397564
3315,Melissa Santos,F,34,USA,2020-04-20,Bronze,45,True,78.3907347545455,0.3271655830074681
3316,Brian Porter,M,37,EU,2023-08-03,Bronze,5,False,70.84145727411888,0.6527391366455774
3317,Donald Cruz,M,18,EU,2023-09-08,Bronze,3,False,106.12026403665966,0.4455704214253272
3318,Angela Ramirez,M,18,USA,2021-11-12,Bronze,26,True,109.5203152181804,0.2533165422310669
3319,Kathleen Roy,F,18,Asia,2021-11-07,Silver,26,True,111.21771573307811,0.3021544739810218
3320,Andrew Harris,F,28,Asia,2022-02-20,Bronze,22,False,89.48704731890037,0.5681134741561473
3321,Jeffrey Williams,F,38,EU,2022-11-01,Gold,14,False,234.12569211134354,0.5752789744671223
3322,Joshua Bailey,M,18,USA,2021-10-23,Gold,26,True,262.8353515189882,0.7342770689574942
3323,Lee Barry,F,48,Asia,2019-11-03,Gold,50,False,203.3763842972214,0.5029973650426243
3324,Susan Patrick,M,34,EU,2022-09-21,Gold,15,False,202.2503388343448,0.4701003472038531
3325,Nicole Peterson,F,46,Asia,2019-09-12,Bronze,52,True,90.97839825703342,0.7696342869131301
3326,Jessica Patterson,M,24,Asia,2023-04-08,Platinum,8,False,389.2337201567158,0.37409011008751925
3327,Nancy Brown,F,38,Asia,2020-09-09,Bronze,40,True,111.11762940473186,0.45750466993610056
3328,James Griffith,M,33,EU,2019-04-15,Gold,57,True,166.35661838930628,0.5712189804665918
3329,Shannon Hurley,M,41,USA,2022-01-26,Bronze,23,False,115.64230747747371,0.36564345145727584
3330,Kenneth Carroll,F,30,EU,2021-08-11,Bronze,29,False,85.981333342157,0.5669909858067301
3331,Carla James,M,37,EU,2021-01-26,Bronze,35,True,80.96428876896785,0.5006602334056443
3332,Tammy Anderson,M,44,Asia,2020-11-23,Bronze,37,True,91.05586589419687,0.6702754315154815
3333,Robert Tapia,F,26,USA,2020-02-06,Gold,47,False,165.57910590774367,0.4373100778976155
3334,David Daniels,F,35,USA,2023-09-05,Gold,3,False,163.81040698477887,0.40420054440977593
3335,James Gilbert,M,18,Asia,2019-12-05,Silver,49,False,108.02599063010673,0.7878438210871546
3336,Matthew Patton,F,40,Asia,2020-01-16,Silver,48,True,129.03997907530947,0.6277240748973132
3337,Lisa Martinez,F,52,Other,2023-03-15,Silver,9,False,134.0092364070129,0.6629480251923133
3338,Erica Baker,M,20,Asia,2023-11-11,Bronze,1,False,72.97305557487505,0.6253328520748249
3339,Joel Gonzales,M,32,EU,2023-04-20,Silver,8,False,166.2044865584591,0.39890293676732996
3340,Vincent Castillo,M,41,EU,2022-10-23,Bronze,14,False,64.67227586435101,0.3560412528437177
3341,Claudia Brown,F,33,Asia,2020-05-17,Silver,44,True,138.56542986862908,0.35763382955053113
3342,Destiny Bishop,M,34,EU,2021-05-28,Platinum,31,True,339.6725554638747,0.41368499771919165
3343,Austin White,M,29,EU,2023-11-19,Bronze,1,False,122.64316788094695,0.6800281509810865
3344,Desiree Booth,F,28,USA,2021-04-22,Bronze,32,True,88.50497517617997,0.49614844524921997
3345,Mark Thomas,F,32,EU,2022-08-26,Gold,16,False,240.533794768807,0.6409845725560881
3346,Amber Wilson,M,33,Asia,2019-04-17,Gold,57,True,185.30141750361454,0.6234877277955471
3347,Michael Valencia,F,21,USA,2022-06-15,Platinum,18,False,435.30491397492347,0.7403531647368806
3348,Amanda Love,M,32,USA,2022-06-13,Silver,18,False,106.20575506520666,0.6202184213030086
3349,Miguel Green,M,48,USA,2020-07-23,Bronze,41,True,79.86037609794062,0.531939241023987
3350,Michael Mathews,F,28,USA,2023-11-18,Bronze,1,False,103.2207503039732,0.3051855939596621
3351,Nathan Burke,F,20,USA,2022-11-23,Bronze,13,False,74.7728662838639,0.7911917964985358
3352,Billy Wallace,M,31,EU,2023-09-16,Silver,3,False,128.7586443415696,0.6597080392323511
3353,Cynthia Nguyen,F,25,Other,2021-09-20,Bronze,27,True,109.0580477046117,0.5636289446256629
3354,Rodney Perry,F,19,EU,2019-04-25,Silver,57,True,155.73444214963715,0.5318803686442597
3355,Sherri Thomas,M,34,USA,2019-09-21,Gold,52,False,198.5973945314263,0.23292536792233853
3356,Richard Rogers,F,25,USA,2021-12-01,Platinum,25,True,298.5197348391146,0.5632885155553526
3357,Matthew Ruiz,M,26,EU,2020-07-28,Bronze,41,True,50.77521360140558,0.42046498012087064
3358,Lisa Martin,Other,34,USA,2021-08-27,Bronze,28,False,102.97194700049924,0.25401464111918964
3359,Timothy Buck,F,18,Asia,2021-11-20,Gold,25,True,174.5599110724748,0.42736829468717535
3360,Lee Morton,M,18,EU,2020-02-27,Silver,46,True,138.9088706413516,0.5361499420172482
3361,Priscilla Romero,M,39,Asia,2020-11-13,Gold,38,True,136.39304500359142,0.5560217381605997
3362,Hailey Lewis,M,18,USA,2022-06-04,Gold,19,False,226.92748066609133,0.3232504647348501
3363,Amanda Barber,M,23,EU,2023-06-12,Bronze,6,False,111.03630968641858,0.29568727203336853
3364,Zachary Miller,M,18,USA,2019-11-15,Bronze,50,True,76.70330439501583,0.454574833383464
3365,Timothy Walker,M,28,Other,2020-11-20,Bronze,37,True,103.58809173108112,0.5856112973580149
3366,Laura Kelley,F,37,EU,2020-12-12,Silver,37,True,199.3930305766197,0.3810596930644575
3367,Nicholas Abbott,M,34,USA,2022-05-19,Bronze,19,False,102.80216588411785,0.4333352173600484
3368,Amber Kennedy,F,56,USA,2022-10-19,Silver,14,False,89.57259577075781,0.5282383546712929
3369,Jessica Adams,F,43,USA,2023-02-26,Gold,10,False,177.180971674794,0.3769282757071
3370,Eileen Sanchez,M,23,EU,2020-03-15,Bronze,46,False,102.53940945862507,0.19900571028294656
3371,Randall Cox,F,21,USA,2020-12-21,Platinum,36,True,426.967039561788,0.5466096325074562
3372,Paul Wilson,M,60,EU,2022-09-05,Silver,16,False,113.72543376867088,0.2379941488722518
3373,Nicholas Beard,M,43,USA,2021-08-11,Gold,29,True,194.1041607187739,0.5495235236075371
3374,Harold Wagner,F,38,EU,2023-11-18,Bronze,1,False,78.65190144870091,0.4668504138712372
3375,Martha Jacobs,M,33,Asia,2020-11-10,Bronze,38,True,117.58464692561631,0.4656846478980814
3376,Jason Hudson,F,35,Asia,2019-06-28,Bronze,54,False,92.67372881589522,0.334563368122985
3377,Beth Medina,F,18,Asia,2019-05-26,Bronze,56,True,45.3688128810041,0.45020198063302436
3378,Jennifer Richards,F,34,USA,2022-11-13,Bronze,13,False,92.13482866205823,0.36820392970711824
3379,David Mitchell,F,33,USA,2019-04-25,Gold,57,True,195.5161481204563,0.9271841135205713
3380,Brad Fisher,F,23,EU,2022-03-19,Bronze,21,False,107.75929947808368,0.37941962456104406
3381,Ms. Mackenzie Barton,M,27,USA,2021-07-20,Platinum,29,True,310.9007896272695,0.6557798842759711
3382,Sherri Smith,M,48,EU,2022-11-15,Silver,13,False,169.71685738386827,0.4152192846761176
3383,Dennis Spencer,F,31,USA,2020-01-18,Bronze,48,True,97.5297621225915,0.5364680110041392
3384,Natalie Martinez,M,53,USA,2019-11-08,Silver,50,False,152.53900045133233,0.5011416190873506
3385,Jeffrey Vaughn,M,18,USA,2020-11-23,Platinum,37,True,300.7325209188831,0.4751909226823539
3386,Brandi Camacho DVM,M,27,Asia,2019-01-03,Silver,60,False,137.54581978787445,0.4704856800401741
3387,Heather Morales,F,18,USA,2019-11-11,Bronze,50,True,111.36333946130979,0.537124294199145
3388,Michelle Wilson,M,20,EU,2022-08-27,Gold,16,False,233.86813285745274,0.7064641077376089
3389,Stephanie Vargas,F,24,USA,2023-11-05,Bronze,1,False,99.12566290145033,0.3303145151367296
3390,Wendy Williams,M,36,EU,2019-12-12,Silver,49,False,135.24975781090467,0.2347640109365875
3391,Heather Cole,M,35,USA,2019-06-01,Silver,55,True,117.52444139250458,0.37543651174919684
3392,Jerry Davenport,M,26,Asia,2023-11-28,Bronze,1,False,107.09887377569865,0.51918214733592
3393,John Taylor,M,18,Asia,2020-06-06,Bronze,43,True,79.92962437735969,0.455625912435117
3394,Ralph Hendricks,F,47,USA,2019-06-26,Gold,55,True,206.37774050241023,0.7313016777341286
3395,Angela Huang,M,30,Other,2022-01-06,Gold,24,False,205.24504604935223,0.7129655997436433
3396,Jacqueline Banks,M,21,Other,2023-12-12,Silver,0,False,182.01152571744655,0.43180114236738754
3397,Jeffrey Romero,F,35,Asia,2023-05-21,Bronze,7,False,127.74391082020037,0.731737788504095
3398,Theresa Davis,M,35,Asia,2019-09-25,Bronze,51,True,39.23769669909963,0.5630905721052281
3399,Glenn Elliott,M,29,USA,2020-11-15,Bronze,38,True,95.96993376496636,0.39067821196792235
3400,Lauren Anthony,M,34,EU,2020-11-04,Silver,38,False,86.97227230607106,0.48203800118815365
3401,Frank Flores,Other,21,USA,2021-12-18,Bronze,24,False,123.23133750492138,0.4710308918535438
3402,Charles Cervantes,F,40,USA,2021-04-12,Bronze,33,True,99.53624008522215,0.3896012795632573
3403,Virginia Clark,M,23,Other,2022-12-07,Bronze,13,False,123.03330871292061,0.4049076365279503
3404,Laura Gilbert,M,26,USA,2019-03-05,Silver,58,True,157.74481701334963,0.5677100916533148
3405,Dustin Wilson,M,39,Asia,2020-09-23,Gold,39,True,145.98803605070805,0.44001889710342285
3406,Jeffrey Mcclure,M,45,Asia,2021-01-23,Silver,35,True,120.97034530125858,0.4575834412196219
3407,Thomas Zhang,F,48,Asia,2019-06-23,Silver,55,True,145.9714430013368,0.46891842732595596
3408,Tammy Estrada,F,43,Other,2019-06-03,Bronze,55,True,111.39080290797905,0.4747767455502002
3409,Daniel Roberson,M,29,USA,2020-11-05,Bronze,38,True,101.13557395794582,0.6381027611149999
3410,Alyssa Orr,F,18,USA,2019-11-17,Silver,50,False,155.32515912795668,0.37603250970394453
3411,Kimberly Lloyd,M,47,EU,2023-12-06,Silver,0,False,139.27671460526204,0.5345582448700138
3412,Ronnie Johnson,M,46,USA,2021-10-20,Bronze,26,True,122.59940771481018,0.2730404317148155
3413,Tom Duncan,M,26,USA,2022-12-02,Silver,13,False,154.38204472062887,0.42174411931263384
3414,Kelly Guerra,M,42,USA,2021-01-19,Gold,35,True,201.93690779105856,0.30388000188726594
3415,Brian Mccarthy,F,29,Asia,2019-08-15,Silver,53,True,158.8629324476429,0.7426950432681618
3416,Jill Reynolds,M,48,EU,2023-08-03,Silver,5,False,137.54992035285454,0.5200836554301586
3417,Sean Kaiser,M,27,USA,2021-10-01,Silver,27,True,139.49406228079252,0.4361270236487704
3418,Audrey Gomez,F,52,EU,2020-09-23,Bronze,39,False,109.62630460132533,0.23946888749890022
3419,Ricky Luna,F,40,USA,2023-12-26,Silver,0,False,173.28932504802984,0.29909226232852154
3420,Jonathon Hill,F,50,USA,2021-02-19,Platinum,34,True,352.84800092024824,0.627744475676673
3421,Kayla Waters,F,28,Asia,2019-06-07,Bronze,55,True,96.09517599942942,0.5532002016868751
3422,Emily Middleton,M,37,EU,2020-12-26,Bronze,36,False,102.46558135504448,0.28385558894905133
3423,Timothy Bauer,F,23,Asia,2019-09-10,Silver,52,False,131.805183033861,0.2845500839036945
3424,Ryan Guerrero,F,41,USA,2019-10-28,Bronze,50,True,115.73217044502697,0.7772003013272399
3425,Amanda Walters,F,41,Asia,2020-02-09,Silver,47,False,121.65521776029993,0.7032904207484671
3426,Chad Bennett,F,56,EU,2023-06-16,Bronze,6,False,104.4427640580693,0.5443023030781518
3427,Megan Baker,M,37,EU,2021-01-15,Silver,36,True,176.3694224304686,0.5174079295993353
3428,Robert Gross,F,40,EU,2023-03-13,Silver,9,False,153.7712781323116,0.47479380340291666
3429,Craig Liu,M,28,Asia,2020-11-22,Bronze,37,True,106.00005349286478,0.31137554942281587
3430,Shannon Curry,M,38,EU,2021-11-08,Bronze,26,True,94.54440430164178,0.629055741574376
3431,Austin Grant,M,29,EU,2020-11-27,Bronze,37,False,62.92172701806938,0.47067600044210905
3432,Christopher Barnes,F,34,Other,2022-02-11,Bronze,22,False,86.52792304762804,0.6095451166580602
3433,James Silva,M,34,Asia,2022-11-01,Bronze,14,False,100.88711562058855,0.43936737999889897
3434,Kari Sandoval,F,29,EU,2023-02-24,Bronze,10,False,86.21884864870734,0.5544515041088788
3435,Eric Hall,M,33,Asia,2020-11-08,Silver,38,False,164.55631897176397,0.4279618456581322
3436,John Robles,F,29,USA,2021-10-12,Silver,27,False,106.07930040869445,0.5104272317712039
3437,Howard Castillo,M,29,USA,2023-12-19,Bronze,0,False,61.25014886494028,0.6196149234243122
3438,Brian Ibarra,F,43,EU,2022-03-06,Bronze,22,False,113.90079877735397,0.41971347281015237
3439,Donna Montes,F,34,Other,2022-04-16,Bronze,20,False,93.76717478126619,0.8029389603865076
3440,Matthew Wilson,M,36,Other,2022-02-14,Silver,22,False,160.39138859386497,0.41330485950035817
3441,Francis Wilson,M,18,USA,2023-07-22,Bronze,5,False,89.57931893469512,0.5204671549595267
3442,Michele Ayala,F,37,EU,2021-05-07,Bronze,32,True,111.29481370076356,0.7073122561716004
3443,Dr. John Jenkins,F,38,USA,2022-11-03,Bronze,14,False,127.1483629317834,0.7175420141476909
3444,Earl Romero,F,29,Other,2023-04-10,Platinum,8,False,385.7018258879341,0.5701000494249854
3445,Rachel Brown,M,53,Other,2023-09-01,Silver,4,False,130.56116076907483,0.5403310603883941
3446,Deborah Stewart,F,18,EU,2019-02-25,Gold,59,False,183.12316717871295,0.5103507686732334
3447,Jeremy Ross,M,40,Asia,2019-05-06,Bronze,56,False,103.40281816618602,0.7034538090228452
3448,Debra Chandler,F,40,Asia,2021-05-05,Bronze,32,True,137.41833316706408,0.6435906618630061
3449,Robert Parker,F,38,EU,2022-09-15,Bronze,15,False,76.94346538157268,0.6634400859196794
3450,Kenneth Jackson,M,34,USA,2019-09-18,Platinum,52,True,231.25383687836322,0.7451708332414037
3451,Mario Gould,F,38,EU,2021-11-04,Bronze,26,True,117.37891797736935,0.5686957708223834
3452,Erin Jacobs,F,41,EU,2019-11-05,Bronze,50,True,86.68465924316573,0.43895488760548074
3453,Nathan Lang,F,25,EU,2022-10-10,Bronze,14,False,113.1831390233877,0.5526919976477845
3454,Michael Barr,M,35,USA,2023-11-04,Silver,1,False,132.44959793415774,0.508416907081892
3455,Kristen Pena,M,31,Other,2022-01-10,Bronze,24,False,107.04564359097546,0.4716396439383017
3456,Heidi Gonzalez,F,22,USA,2019-03-20,Silver,58,True,134.7006283786546,0.4393547587109915
3457,Joseph Heath,M,40,EU,2022-11-27,Platinum,13,False,239.71883984194358,0.582154389987603
3458,Robert Lozano,M,27,EU,2023-09-22,Bronze,3,False,102.92612729621148,0.5956372342830164
3459,Daniel Quinn,Other,18,EU,2020-08-04,Silver,41,True,113.62400076169499,0.39559832443052
3460,Amanda Smith,M,27,EU,2023-04-12,Silver,8,False,163.68908401348796,0.5473985466779875
3461,Ashley Sanders,F,25,USA,2019-01-09,Gold,60,True,190.628936591604,0.7434895655842729
3462,Mr. Eric Hall,M,43,USA,2023-11-28,Bronze,1,False,72.77961607090887,0.3880223355852476
3463,Danielle Nelson,M,34,EU,2021-11-02,Bronze,26,True,105.9987106490084,0.7053486131771132
3464,Richard Rios,F,46,EU,2022-08-05,Silver,17,False,158.36624304632056,0.36882214282621606
3465,Patrick Nelson,F,26,USA,2020-04-16,Bronze,45,True,52.95630194906362,0.5541979672749566
3466,Benjamin Bowen,F,41,Asia,2020-03-19,Gold,46,True,197.96374026860664,0.23284858195003216
3467,Jennifer Smith,F,61,EU,2022-04-24,Silver,20,False,150.29688839792985,0.5959689404715478
3468,Lisa Hernandez,F,36,EU,2022-02-14,Silver,22,False,152.78024451286515,0.46687958512534844
3469,Rebecca Lee,M,41,Asia,2021-07-15,Bronze,30,True,63.624695990903895,0.23827822207291482
3470,Emily Morris,M,39,USA,2023-11-19,Silver,1,False,160.61114980538798,0.4293211245526429
3471,Allison Hill,M,18,USA,2020-09-24,Silver,39,True,165.39078557232796,0.7649288431269543
3472,Dennis Douglas,F,38,Asia,2019-03-24,Silver,58,True,121.86029486267803,0.5854895380554626
3473,Eddie Davis,M,36,EU,2022-11-18,Bronze,13,False,72.01716950538861,0.5169482329142069
3474,Kristina Webb,M,30,EU,2022-06-11,Gold,18,False,160.82418805884953,0.5795503875522
3475,Kim Sanchez,M,24,Asia,2020-11-13,Bronze,38,True,102.57560736524572,0.6514777506554281
3476,Jonathan Long,M,39,Asia,2022-05-10,Bronze,20,False,75.24369834486541,0.7285476658214887
3477,Joshua Rodriguez,M,23,Other,2020-03-07,Platinum,46,True,218.78325922311555,0.45635105725598085
3478,William Sanders,F,54,EU,2019-06-27,Silver,54,True,212.98412492456876,0.5889238407330989
3479,Jacob Hart,M,34,EU,2019-10-22,Bronze,51,True,99.89379557222388,0.5712605974259749
3480,Evelyn Pacheco,F,20,EU,2020-11-27,Gold,37,True,187.55237091459156,0.5159978735557244
3481,Anna Jackson,F,27,USA,2022-11-01,Bronze,14,False,86.59061384137527,0.4720302957764735
3482,Katherine Wright,M,30,EU,2021-12-18,Bronze,24,False,91.53795741067653,0.7406007594313538
3483,Luis Wells,F,57,USA,2021-05-04,Silver,32,True,204.05583281609196,0.5394552364576193
3484,Lacey Hall,M,24,Other,2023-09-16,Bronze,3,False,116.32516902474602,0.3173903819879079
3485,Darlene Collins,F,31,EU,2021-12-18,Gold,24,False,295.46923060570236,0.0642520463294241
3486,Chris Morris,Other,27,EU,2022-08-21,Gold,16,False,215.6775940038505,0.6431263658449358
3487,Jennifer Smith,F,37,USA,2021-12-19,Bronze,24,False,80.87506218039681,0.4354512384268645
3488,Nicole Norton,F,27,USA,2023-04-15,Gold,8,False,210.84674600579928,0.47717095894559375
3489,Emily Pearson,M,21,USA,2019-12-22,Bronze,49,False,110.9724266731178,0.5611765917735911
3490,Michael Robertson,M,31,EU,2020-12-25,Silver,36,True,168.41738322486611,0.8691218705631546
3491,Wendy Miller,F,30,USA,2021-02-10,Gold,35,False,182.31356670525722,0.7030623039135204
3492,Michael Bennett,M,27,EU,2020-09-07,Gold,40,True,272.1550369606432,0.4659948472872587
3493,Carla Goodman,M,27,Asia,2020-11-21,Bronze,37,True,74.60859915542449,0.6096091009971559
3494,Jeffrey Stanton,M,44,Asia,2019-02-01,Bronze,59,True,106.78902045880318,0.40965372203877026
3495,Jeff Jackson,F,29,EU,2023-01-01,Bronze,12,False,94.15210008353255,0.6160788449602332
3496,Katelyn Curry,M,21,USA,2022-01-01,Silver,24,False,126.69149310526747,0.3766018316913857
3497,Jennifer Phillips,F,28,Asia,2022-10-19,Silver,14,False,157.41316795714687,0.5273937473177055
3498,Edward Weeks,M,33,Asia,2022-09-07,Bronze,16,False,125.131554732734,0.5323942665026618
3499,Kelly Gilbert,M,19,USA,2023-12-15,Bronze,0,False,108.07958145021743,0.3422657283340559
3500,Matthew Thomas,F,49,Asia,2023-07-13,Gold,5,False,210.92369583559318,0.4117238886873169
3501,Christine Mendez,M,41,USA,2023-11-09,Bronze,1,False,59.607563300094895,0.17383444141767246
3502,Kelly King,F,47,Asia,2021-01-14,Bronze,36,False,118.42407158000124,0.4431161700491071
3503,Timothy Ho,M,36,Other,2020-09-06,Platinum,40,True,275.63668087818075,0.6673358515144657
3504,Sarah Taylor,M,18,USA,2023-12-07,Bronze,0,False,110.68351587791909,0.7998360336798727
3505,Sandra Smith,M,48,Asia,2023-07-14,Silver,5,False,177.60563336183296,0.7237505229025056
3506,Chris Jones,F,24,EU,2021-07-11,Bronze,30,True,103.85759197946491,0.44214376743856687
3507,Emily Lopez,F,25,Other,2020-05-03,Bronze,44,True,59.9766999574594,0.4989685569844592
3508,Kimberly Rivera,F,34,EU,2022-03-11,Bronze,22,False,128.3304697287839,0.4893156514801935
3509,John Moore,M,46,Asia,2019-11-08,Silver,50,True,204.15633301830894,0.4685730654498679
3510,Justin Perez,F,43,USA,2023-02-26,Silver,10,False,174.39319895265507,0.6461478503712168
3511,Tanya Hill,F,42,USA,2023-11-06,Bronze,1,False,85.47065299963259,0.41728349272346765
3512,Shawna Silva,F,29,USA,2019-11-03,Silver,50,True,186.8948448182569,0.7178595886942156
3513,Marcus Powell,F,29,Other,2023-05-12,Bronze,7,False,94.35877572675788,0.5208114897411994
3514,Joshua Hopkins,F,36,Asia,2023-12-18,Bronze,0,False,98.66055272750937,0.32510688021241063
3515,Christian Cross,M,31,Asia,2023-11-25,Platinum,1,False,371.85132335440187,0.4854184060155267
3516,Dennis Garcia,F,41,Other,2019-12-11,Gold,49,True,225.89981121792542,0.5718530947169899
3517,Laurie Miranda,M,41,USA,2021-11-07,Gold,26,True,105.88221853237498,0.6465397182571291
3518,Raymond Vargas,F,38,USA,2021-02-10,Silver,35,True,156.23562348594504,0.6131340282327934
3519,Robert Savage,M,18,USA,2019-11-16,Bronze,50,True,123.7068769734473,0.45256402670360724
3520,Kara Jackson,M,34,USA,2021-12-26,Silver,24,False,109.09235501011842,0.4222325874631664
3521,Virginia Davis,M,31,USA,2022-11-16,Gold,13,False,239.0992171142188,0.7595702801098421
3522,Brianna Martin,M,34,EU,2022-06-15,Bronze,18,False,66.6048480431248,0.503979854049662
3523,Erica Huang,M,25,USA,2019-02-13,Bronze,59,True,95.70413086457762,0.3299530595680227
3524,Jorge Gonzales,F,19,USA,2020-09-25,Bronze,39,True,110.82862852612467,0.4121879866386128
3525,Erin Mason,F,37,USA,2023-06-04,Bronze,7,False,94.93769731679237,0.20569065478709175
3526,Justin Bennett,F,29,USA,2020-10-04,Bronze,39,True,123.55269841697441,0.25567734417381804
3527,John Collins,F,38,Other,2023-05-06,Platinum,8,False,215.11869169355197,0.4205304970624929
3528,Kerry Ware,M,26,Asia,2021-03-18,Silver,33,False,174.45700950725484,0.3806425241477066
3529,Tina Dougherty,F,47,Other,2021-06-26,Bronze,30,True,101.05809412190904,0.3970155169940574
3530,Michelle Larsen,M,43,EU,2022-11-01,Silver,14,False,124.42332433417434,0.6155362186678563
3531,Katherine Mccormick,F,35,USA,2020-12-10,Bronze,37,True,108.77513334090723,0.6311151103182834
3532,Kristin Graham,M,30,Asia,2019-11-03,Silver,50,True,147.88998370000374,0.3253029192056691
3533,Alexander Diaz,M,41,USA,2023-04-28,Gold,8,False,259.182337133768,0.7837308497632878
3534,Michael Chandler,M,36,USA,2021-09-14,Silver,27,False,167.5022325627057,0.5150969671895256
3535,Justin Cuevas,M,35,USA,2023-04-11,Silver,8,False,162.37951894472013,0.5011685947626768
3536,Janet White,M,43,USA,2019-11-05,Bronze,50,False,86.54091738844605,0.3812102006463449
3537,Alexandra Ramos,M,47,USA,2023-11-02,Silver,2,False,154.3970249211724,0.4549478675100156
3538,Abigail Collins,F,20,USA,2022-11-09,Silver,13,False,132.74512150959725,0.8042911533954223
3539,Jacob King,F,22,EU,2019-09-17,Gold,52,True,197.5081752842476,0.33781203139662386
3540,Lisa Johnson,M,25,USA,2019-11-19,Silver,50,True,187.36052425481986,0.5400962522608789
3541,John Williams,M,18,USA,2023-03-21,Platinum,9,False,282.854830348468,0.4186350099954256
3542,Dawn Garrett,F,32,Asia,2023-05-17,Gold,7,False,142.1536912960654,0.2285505464787158
3543,Samantha Roy,M,39,USA,2021-06-20,Silver,30,False,164.8358673868945,0.26961984103882636
3544,Yolanda Chen,F,32,USA,2023-10-10,Gold,2,False,231.47388399630267,0.5916034266485579
3545,John Golden DDS,M,27,Asia,2019-12-17,Bronze,49,True,131.77930259847116,0.24160293294926993
3546,Amanda Johnson,F,44,USA,2023-12-11,Bronze,0,False,117.28746643000743,0.31476207556573876
3547,Brittany Fitzgerald,F,34,USA,2021-05-27,Silver,31,True,141.84978806602032,0.6232823912386893
3548,Bonnie Barnes,F,36,EU,2020-05-28,Bronze,43,True,105.21589777881572,0.6051703643034722
3549,Amy Walsh,F,44,USA,2022-09-27,Gold,15,False,215.5725189059362,0.5087914045504112
3550,Brent Stephens,M,31,EU,2019-12-07,Bronze,49,True,108.68370344747396,0.3232886631627976
3551,Mrs. Lisa Smith,M,53,Asia,2021-03-01,Bronze,34,True,50.51832940918786,0.322737934937515
3552,Sarah Stewart,F,28,USA,2022-12-16,Gold,12,False,177.0607370865122,0.30139962664885656
3553,Susan Matthews,F,52,EU,2023-04-03,Bronze,9,False,109.54092284913507,0.4799467370403668
3554,Kelli Shepard,M,23,EU,2023-11-15,Bronze,1,False,121.98749026699059,0.5961728897960579
3555,Ryan Caldwell,F,38,USA,2020-11-04,Bronze,38,True,87.31463300023667,0.43638229775486886
3556,Roger Mason,M,26,EU,2023-11-04,Silver,1,False,137.5514894399907,0.6327204460133883
3557,Angela Ramos,M,44,USA,2022-12-23,Silver,12,False,142.84543348290387,0.7415062802255956
3558,Craig Wagner,F,28,EU,2021-05-05,Platinum,32,True,291.9065055957617,0.5586641545929885
3559,Paul Massey,M,35,USA,2020-11-15,Bronze,38,True,117.08896612011334,0.3119950816500645
3560,Donald Bell,F,26,EU,2022-11-11,Gold,13,False,170.4614866246273,0.5128979139567682
3561,Keith Horton,M,42,USA,2021-12-24,Bronze,24,False,117.29606447343427,0.703028839581785
3562,Julie Wilson,M,26,Asia,2022-10-19,Bronze,14,False,128.37568941740022,0.40536041854195953
3563,Nicholas Lopez,F,49,USA,2023-08-08,Bronze,4,False,92.12640916203642,0.40132683478585834
3564,Tracy Wang,F,23,EU,2022-11-11,Bronze,13,False,91.4022771348573,0.6709800215237424
3565,Claudia Brooks,M,19,EU,2020-06-11,Bronze,43,True,103.1508495875899,0.28459806094973683
3566,Nathaniel Wright,M,42,Asia,2022-11-09,Bronze,13,False,88.2702547981757,0.5297680154280456
3567,Maria Valenzuela,M,27,EU,2019-06-14,Bronze,55,False,98.24192648423872,0.40735813375242724
3568,Peter Anderson,M,32,EU,2023-01-25,Gold,11,False,141.21365765021645,0.43507662149880955
3569,Michael Thompson,F,29,Asia,2022-11-25,Bronze,13,False,117.11412299467719,0.7555018568403657
3570,Ethan Perez,F,19,Asia,2021-11-14,Platinum,25,False,399.78130342172363,0.4278672316251613
3571,Stephen Thompson,M,32,USA,2023-11-13,Gold,1,False,173.071486083443,0.5182387870177498
3572,Michael Baker,M,45,EU,2021-12-01,Bronze,25,True,67.07549017109488,0.6547210344555068
3573,Kenneth Bailey DDS,F,43,Asia,2020-03-09,Silver,46,True,177.62649326471586,0.30767981310407
3574,Mark Decker,F,35,Other,2019-12-08,Silver,49,True,137.44517090879452,0.6253953864740012
3575,Ruben Cruz,F,44,Asia,2022-11-18,Gold,13,False,173.28647737242804,0.432779161440477
3576,Christine Park,F,22,USA,2023-03-03,Gold,10,False,195.12037761439342,0.3079716523876682
3577,Robert Hogan,M,29,USA,2022-11-23,Silver,13,False,113.37459958110922,0.4261466338190899
3578,Michael Gordon,M,36,EU,2022-12-03,Bronze,13,False,109.64007446730218,0.5093273859019778
3579,Rebecca Davis,F,31,Asia,2023-05-02,Bronze,8,False,74.70784960829789,0.5360195762327976
3580,Deanna Mcdonald,F,30,EU,2019-10-04,Gold,51,True,152.62510825624003,0.3876475323583758
3581,Brian Barrett,M,20,EU,2019-10-09,Silver,51,True,114.06590693644924,0.4675934332407844
3582,Charles Willis,M,18,Asia,2020-08-15,Gold,41,False,206.55992401054868,0.2910804313689527
3583,James Chapman,M,41,USA,2023-12-18,Silver,0,False,95.58931223392506,0.3938326569681548
3584,Michael Soto,F,35,Asia,2023-07-17,Bronze,5,False,141.76544885342656,0.2957001318290705
3585,Aimee Fisher,M,42,EU,2021-02-26,Platinum,34,False,277.46832515264884,0.4881081593114357
3586,Matthew Garcia,M,28,USA,2021-12-23,Gold,24,False,115.35188035865215,0.37437473224829143
3587,Elizabeth Owens,F,25,EU,2021-11-11,Bronze,26,True,78.78525439798624,0.8112067852539526
3588,Alex Lamb,M,33,Asia,2019-07-01,Bronze,54,False,111.97569744176543,0.5574377769563501
3589,Kenneth Graham,M,41,USA,2020-06-06,Silver,43,False,190.45033932878943,0.25605861919395045
3590,Roy King,M,30,USA,2020-12-14,Silver,37,True,154.89565317848533,0.38805894685598025
3591,George Gregory,M,41,Other,2022-02-05,Bronze,23,False,101.71277589122832,0.6053682949256055
3592,Wesley Rich,M,22,USA,2020-10-27,Bronze,38,True,69.39648477312574,0.5366895356924165
3593,Stephanie Hunter,F,31,EU,2021-05-24,Silver,31,False,194.6657248451893,0.2643426732672019
3594,Raymond Finley,F,32,EU,2023-12-03,Bronze,0,False,111.11858800931878,0.38191216658457455
3595,Allen Hunt,M,45,EU,2022-11-19,Bronze,13,False,106.42163514637846,0.5964936849894926
3596,Stacie Sanford,M,35,EU,2019-10-01,Silver,51,True,150.5074126287505,0.5556851193512734
3597,Christina Compton,F,50,USA,2020-11-04,Gold,38,True,221.24117622032634,0.5864283916328143
3598,Beverly Cook,M,19,EU,2023-12-26,Silver,0,False,125.99840768745435,0.45800021012924724
3599,Tracy Parker,M,34,USA,2021-12-16,Silver,24,False,178.18021159281227,0.3715131630486132
3600,Rebecca Ellis,F,34,EU,2019-11-26,Silver,49,False,174.1016960648989,0.3085968828839441
3601,Aaron Hernandez,M,39,USA,2019-12-06,Silver,49,False,147.05565939225355,0.642437151580314
3602,Elizabeth Miller,M,24,EU,2020-08-05,Bronze,41,True,94.5581792875648,0.7915349306626145
3603,Dalton Davis,M,49,USA,2023-08-07,Bronze,4,False,56.83127088970387,0.541550759942201
3604,Michael Singleton,F,33,USA,2021-11-28,Bronze,25,False,65.35585633015114,0.6403685830430427
3605,John Cooper,M,22,USA,2021-11-27,Gold,25,True,221.830657629037,0.3801515288995997
3606,Michael Hale,M,32,USA,2021-12-10,Gold,25,False,236.18924807628682,0.49687188551919803
3607,Mary Guerra,M,29,Asia,2021-03-01,Silver,34,False,182.10150742848222,0.4905565237303614
3608,Pamela Davis,F,60,USA,2020-11-19,Gold,37,True,146.11300062104198,0.557745512534883
3609,Phillip Anderson,M,43,Other,2020-11-27,Gold,37,False,291.73805864140127,0.5116435255171874
3610,Stephanie Weiss,M,33,Other,2023-07-14,Gold,5,False,240.0116424966386,0.9165601173035505
3611,Jessica Long,F,31,EU,2022-11-04,Bronze,14,False,88.53096143002485,0.6199437308667132
3612,John Yang,F,42,USA,2020-01-15,Silver,48,False,154.89970163910982,0.6948942868332624
3613,Connie Franklin,M,42,USA,2021-11-06,Silver,26,True,99.07861344409193,0.5406243140589885
3614,Jackie Morgan,M,18,Asia,2023-07-20,Silver,5,False,131.49291739154413,0.18111270312527405
3615,Lisa Walton,M,39,USA,2021-11-23,Bronze,25,True,110.76525429862744,0.5672474304863296
3616,Maria Taylor,F,33,USA,2020-11-26,Silver,37,True,151.88069366895297,0.6642883366906652
3617,Daniel Graham,M,19,EU,2023-08-10,Bronze,4,False,134.86287060506476,0.7090192220536188
3618,Matthew Simmons,M,41,Asia,2021-11-15,Gold,25,True,140.82214332575114,0.48991691526450465
3619,James Nicholson,M,55,Asia,2022-12-19,Silver,12,False,146.4860218945305,0.28471932914526
3620,Tyler Fisher,M,38,USA,2019-07-08,Bronze,54,True,77.26768412574665,0.45660788793217394
3621,Michael Flowers,M,44,EU,2019-11-13,Bronze,50,True,130.7010874049877,0.28252397155229464
3622,Bradley Parks,M,51,USA,2021-06-23,Silver,30,True,157.9607029176548,0.6930703557397144
3623,Scott Lara,F,24,USA,2019-12-19,Silver,49,True,150.25330434165934,0.5680795105723528
3624,Francis Andrews,F,18,Asia,2022-09-16,Silver,15,False,146.0058628534781,0.4231340306508733
3625,Jesse Tucker,M,39,USA,2022-09-25,Silver,15,False,123.68748676182994,0.6113191983487009
3626,Jennifer Wise,M,30,USA,2021-11-26,Gold,25,True,247.93787831389196,0.7203703972880117
3627,David Walters,F,19,USA,2022-10-21,Bronze,14,False,103.412111722481,0.617623945263369
3628,Rebekah Cole,M,32,Asia,2019-06-18,Silver,55,False,157.34255760754982,0.799952858406309
3629,John Rogers,F,40,Asia,2021-12-09,Gold,25,True,223.29286029122989,0.3671705998679623
3630,Holly Floyd,Other,31,EU,2019-10-24,Gold,51,False,165.5287197222171,0.6459493877498977
3631,Ms. Janet Leonard,M,25,Asia,2022-11-15,Bronze,13,False,139.9057445539319,0.2811335204659673
3632,George Villa,M,30,USA,2022-11-08,Bronze,13,False,131.39024987819192,0.7840856251178614
3633,Christina Hess,M,32,EU,2023-11-17,Bronze,1,False,99.2808263918625,0.6092140599985741
3634,Jordan Williams,F,18,USA,2020-04-04,Gold,45,True,187.95652041026293,0.4439790754959318
3635,Bryan Burns,F,31,USA,2020-02-23,Bronze,46,True,112.79283372645565,0.3266389198610286
3636,Stephen Parks,F,19,EU,2021-08-22,Bronze,28,False,122.40377213149831,0.4190108011454461
3637,George Phillips,F,39,Other,2019-10-28,Bronze,50,False,135.00550631958694,0.4610763779315205
3638,Kimberly White,M,18,USA,2020-12-09,Bronze,37,False,112.89628392182884,0.5324249654263702
3639,Alan Nguyen,F,43,USA,2021-05-08,Silver,32,True,154.09702384547856,0.4974451875554335
3640,Linda Howard,F,28,USA,2022-06-09,Silver,19,False,154.114051462143,0.4049625227998135
3641,Parker Wright,F,27,USA,2020-11-04,Silver,38,True,93.57938345628637,0.6736178999867516
3642,Brandon Acosta,M,35,Other,2019-02-08,Bronze,59,False,91.39407128865597,0.24511383716404334
3643,Jessica Hill,F,24,EU,2023-11-28,Bronze,1,False,107.22443426847951,0.5859943152760927
3644,Melissa Sanchez,F,35,EU,2023-05-22,Gold,7,False,109.69076937422983,0.5278583879321448
3645,Sandy Oconnor,F,25,Asia,2020-06-25,Bronze,42,True,103.59873310412766,0.4989510715699232
3646,Judy Jones,F,27,USA,2023-11-26,Gold,1,False,167.51896408163975,0.5945191051502848
3647,Charles Davila,F,37,EU,2021-11-17,Bronze,25,False,131.54037841076297,0.3998362208520369
3648,Sonia Reyes,F,21,EU,2019-11-06,Bronze,50,True,94.30637345562155,0.384538022909789
3649,Mrs. Tammy Curry,F,20,EU,2022-07-26,Bronze,17,False,94.72742541027912,0.4565656992642817
3650,Alex Clements,F,35,Other,2019-10-10,Gold,51,True,194.50344797417176,0.4210139149608142
3651,Matthew Andrade,M,32,Asia,2022-08-02,Bronze,17,False,99.90699326189107,0.46445322504706116
3652,Jessica Wilson,M,34,USA,2023-12-12,Silver,0,False,173.7849182667875,0.6080038414351798
3653,Dean Turner,M,36,Asia,2021-11-19,Silver,25,True,139.67094864631457,0.516563598220461
3654,Sarah Sanchez,F,33,USA,2022-11-25,Bronze,13,False,100.46863550377505,0.5044578847991599
3655,Jacqueline Kennedy,F,39,USA,2023-11-05,Bronze,1,False,115.97585510484015,0.5346847854492064
3656,Jessica Burgess,F,33,USA,2022-11-16,Gold,13,False,200.34120525319915,0.4504670874516194
3657,Destiny Powers,M,18,USA,2020-10-05,Bronze,39,False,113.10861671964152,0.6355195413438467
3658,Susan Gregory,M,18,EU,2019-09-01,Silver,52,True,136.63302805374002,0.5848230358065023
3659,Jason Smith,M,52,EU,2021-11-10,Platinum,26,True,321.0603863059374,0.5008337384192982
3660,Carlos Adams,M,33,Other,2023-10-28,Bronze,2,False,126.17983218674503,0.3301214681716401
3661,Vanessa Flores,F,42,EU,2021-08-28,Bronze,28,True,112.04906941444585,0.6964032964792708
3662,Albert Nguyen,M,29,EU,2019-09-02,Bronze,52,True,62.5796314384044,0.5996809211162851
3663,Dwayne Joseph,F,32,USA,2022-11-16,Bronze,13,False,111.1072986847099,0.5850674691831925
3664,Leah Walters,F,28,USA,2022-11-09,Bronze,13,False,76.92023123609444,0.7548823102536539
3665,James Spears,M,57,EU,2021-08-07,Silver,29,True,122.2506502124866,0.6043219925475899
3666,Gilbert Reed,F,35,EU,2022-06-13,Silver,18,False,164.75639067065632,0.4927182180401483
3667,Joel Newton,M,27,Asia,2022-10-04,Silver,15,False,120.91307782996168,0.4234020331992595
3668,Michael Chambers,M,18,USA,2022-11-07,Gold,14,False,155.60777853981742,0.41755743027570835
3669,Andrew Phelps,F,52,USA,2020-11-10,Bronze,38,True,99.93009586115289,0.5413561777931977
3670,Lynn Hoffman,F,31,EU,2023-10-12,Bronze,2,False,87.73158997794033,0.6450007297138252
3671,Daniel Mercer,M,40,USA,2023-11-02,Bronze,2,False,67.40483111623999,0.6466915671991242
3672,Edgar Stewart,M,41,USA,2019-10-28,Bronze,50,True,111.10770497185821,0.29292951992540645
3673,Alyssa Weber,M,28,Asia,2022-11-05,Bronze,14,False,119.70840072408443,0.6386863411035294
3674,Guy Reynolds,M,39,USA,2021-06-28,Bronze,30,True,118.0940946382698,0.4555518607745255
3675,Allison Mcpherson DDS,F,26,EU,2022-04-25,Gold,20,False,164.0673902813626,0.4117448916884472
3676,David Morse Jr.,F,23,USA,2019-11-15,Platinum,50,True,324.6540639750663,0.5549079897803901
3677,Sarah Davis,M,44,USA,2022-01-11,Bronze,24,False,90.11843385512125,0.6181517409304274
3678,Willie Duncan,F,31,USA,2020-02-02,Gold,47,True,149.30012139637967,0.31501697455276806
3679,Christopher Waters,M,38,Asia,2019-05-15,Gold,56,True,170.1068854260369,0.5326061672311417
3680,Jennifer Ortiz,M,37,USA,2023-04-19,Bronze,8,False,43.61325967841349,0.25681837985951844
3681,Jennifer Greene,F,39,Asia,2023-08-05,Bronze,4,False,78.85401871177862,0.6187868645803314
3682,Jack Garcia,F,18,USA,2020-08-16,Platinum,41,True,211.99756957164672,0.3335622426564231
3683,Toni Gill,F,27,Asia,2023-03-21,Silver,9,False,156.08722795287503,0.528612034480471
3684,Joseph Myers,F,29,USA,2020-05-08,Platinum,44,False,317.4897797130278,0.4450349710981196
3685,Kathleen Marshall,F,24,EU,2023-01-07,Bronze,11,False,66.20551205281994,0.4144319438604601
3686,Joanna Bradshaw,M,37,EU,2023-08-03,Bronze,5,False,116.55959302004757,0.19993035576955298
3687,Dylan Patel,F,44,Other,2022-02-21,Bronze,22,False,87.84477178659031,0.2901284800930365
3688,John Jackson,Other,46,USA,2019-11-08,Platinum,50,True,235.83604349057705,0.4887221305324755
3689,Janet Delgado,M,29,USA,2023-02-05,Bronze,11,False,64.19353416007777,0.36048208374511287
3690,Jennifer Fields,F,35,USA,2019-01-14,Bronze,60,True,83.9826501349873,0.45220623922195247
3691,Brenda Harvey,F,37,Asia,2019-10-02,Silver,51,True,145.82337397012088,0.3819778661263722
3692,Ms. Monique Dougherty MD,M,39,EU,2023-09-10,Bronze,3,False,119.91594563860723,0.45825814777197665
3693,Keith Kennedy,F,24,Asia,2019-04-18,Bronze,57,True,97.89412880250664,0.319741478842436
3694,Jacob Paul,M,51,USA,2020-06-17,Silver,43,True,140.55388779464766,0.4285766907296126
3695,Martha Arnold,F,42,USA,2021-01-06,Bronze,36,False,111.60988090578365,0.45980547628668583
3696,Sarah Martin,M,42,USA,2020-11-17,Bronze,38,True,102.8018681502569,0.5044296583152786
3697,Shaun Thompson,F,45,Other,2023-05-24,Bronze,7,False,69.89871019133462,0.22626461001107784
3698,Tammy Morris,M,38,EU,2020-05-17,Silver,44,True,136.89826979954267,0.5076836464099275
3699,Steven Clark,M,22,Other,2021-09-24,Bronze,27,True,88.49985443273569,0.3332153928272312
3700,David Morrison,M,31,USA,2020-09-22,Bronze,39,True,97.0012050839566,0.2950854402844746
3701,Rebecca Kaufman DDS,F,18,EU,2019-11-25,Silver,49,True,135.7408920087873,0.6847017263487425
3702,Larry Rivera,F,37,EU,2023-11-19,Bronze,1,False,83.87055511079924,0.6094288417287939
3703,Caitlin Ford,F,31,USA,2019-09-16,Bronze,52,False,129.29754080255339,0.5826492331778129
3704,Adriana Johnson,F,32,Asia,2019-12-23,Silver,49,True,148.64363030321798,0.46688219039544276
3705,Sharon Cowan,M,45,Other,2023-12-02,Bronze,1,False,109.537183072818,0.4128760560424495
3706,Andrea Butler,M,28,Asia,2023-12-05,Bronze,0,False,97.65299827754221,0.723092260004881
3707,Mike Martinez,F,30,Asia,2022-12-12,Silver,12,False,174.4564920238991,0.520228102562248
3708,Maria Ferguson,M,33,USA,2021-08-01,Silver,29,True,147.2745892049955,0.365169635225028
3709,John Barber,F,18,USA,2019-09-05,Silver,52,True,179.17108182194346,0.3507784330902589
3710,James Short,F,30,Other,2019-01-08,Bronze,60,True,42.594618303939114,0.5466773121387423
3711,Heidi Moran,M,18,USA,2023-12-10,Bronze,0,False,101.9937889717265,0.44779652676687326
3712,Marie Patterson,M,27,Asia,2023-11-03,Silver,1,False,157.83277132856554,0.6549854248644627
3713,Charles Baker,F,41,Asia,2020-12-06,Bronze,37,True,106.09270780702184,0.510816396938957
3714,Nicole Rodriguez,M,37,EU,2019-03-13,Bronze,58,True,78.32374005928517,0.3199076616413017
3715,Jason Morgan,M,27,Other,2019-10-20,Silver,51,True,128.31969973404242,0.7791474084948619
3716,Rebecca Clark,M,33,USA,2023-03-08,Bronze,9,False,79.13379408130383,0.346914758187683
3717,Martin Jones,F,22,USA,2019-12-18,Silver,49,True,164.6126277977257,0.3166943265160683
3718,Katherine Sanchez,F,32,USA,2021-01-05,Bronze,36,True,118.08544812579605,0.48741370122066163
3719,Edward Wallace,M,62,EU,2022-11-06,Bronze,14,False,67.12254082406052,0.5698684459566473
3720,Melissa Carroll,M,51,USA,2023-11-27,Gold,1,False,208.2069249111422,0.3650924440639788
3721,Pam Hernandez,M,33,USA,2023-08-24,Bronze,4,False,82.70774065679743,0.6043295380788569
3722,Daniel Wood,F,34,Asia,2019-04-02,Silver,57,True,202.4272323400872,0.4259760204973399
3723,Eddie Duffy,M,23,Other,2022-05-25,Bronze,19,False,111.25234153084662,0.8667755751623089
3724,Mark Alvarez,M,24,USA,2022-10-07,Bronze,15,False,92.96107101518558,0.5500206277038886
3725,Edward Manning,F,36,USA,2023-11-16,Bronze,1,False,97.30198732651576,0.337255356260505
3726,Bridget Carter,F,27,Other,2023-12-10,Bronze,0,False,125.9411309140302,0.3944670580605306
3727,Mark Johnson,Other,42,USA,2023-09-20,Platinum,3,False,303.4316543639676,0.5739724943802954
3728,Eric Silva,F,48,USA,2021-08-10,Gold,29,False,128.45507366743075,0.37817852597907975
3729,Nathan Mcgee,M,36,USA,2019-11-02,Silver,50,True,195.51975502012726,0.48855951059637864
3730,Jennifer Montgomery MD,M,34,EU,2021-12-08,Gold,25,True,232.5134890798342,0.795461572649163
3731,Christopher Farrell,M,18,USA,2023-12-02,Silver,1,False,133.87916783949782,0.5959708612076912
3732,James Grimes,M,40,Other,2022-08-02,Bronze,17,False,112.01428326323098,0.5892207550828839
3733,Mr. Joseph Thompson,F,21,EU,2019-10-13,Bronze,51,True,87.7303852934121,0.7975955227178642
3734,Alexis Arroyo,F,28,EU,2019-09-25,Silver,51,False,130.79998451036488,0.3861626265681275
3735,Eric Walker,F,42,USA,2023-12-04,Bronze,0,False,97.57710300953144,0.49751576634564454
3736,Richard Mccormick,M,43,EU,2023-06-07,Bronze,6,False,112.0000535516857,0.4545023419221122
3737,Heather Stevens,F,28,EU,2023-11-26,Gold,1,False,218.81821609344857,0.40603372720495695
3738,Susan Larsen,F,28,Asia,2023-08-14,Bronze,4,False,118.76675745315083,0.46171656760537394
3739,Rachel Warren,M,26,Asia,2023-02-20,Bronze,10,False,109.49632727866572,0.43164819203727056
3740,Dale Beck,F,21,EU,2023-11-05,Bronze,1,False,129.06668451756806,0.4012832058162527
3741,Brett Rivera,M,26,Other,2019-05-01,Silver,56,False,201.73156650287268,0.45568090347328816
3742,Juan Nichols,M,18,Asia,2021-12-26,Bronze,24,False,106.04317771120385,0.4018662125286975
3743,Shelia Waller,F,39,Asia,2022-07-01,Silver,18,False,139.90814019571755,0.5486290294035
3744,Keith Wright,F,36,USA,2023-01-26,Bronze,11,False,96.4109116127309,0.3567967393902089
3745,Patrick Norris,M,38,USA,2022-11-26,Silver,13,False,92.23608469120742,0.6525326284045886
3746,Danielle Norris,M,23,USA,2019-12-19,Bronze,49,True,100.41278302504593,0.6088660864012293
3747,Andrew Lynch,Other,21,EU,2022-11-06,Platinum,14,False,262.98396468227696,0.5669047966352379
3748,Anna Lee,F,33,EU,2019-11-16,Bronze,50,True,85.90139987156458,0.4311937436171132
3749,Amy Leach,F,33,EU,2020-11-12,Silver,38,True,148.86358795238758,0.5066106305903488
3750,Amy Perez,M,31,Asia,2021-10-01,Silver,27,True,87.031663828436,0.48123947889258406
3751,Lauren Marshall,M,30,Asia,2020-11-28,Bronze,37,True,96.4223878714974,0.5040438997244132
3752,Rachael Flores,M,50,Other,2019-07-12,Bronze,54,False,104.08069024865316,0.2991409778999887
3753,Christina Wilson,M,37,USA,2020-10-20,Silver,38,True,103.93401072252051,0.5156854210046792
3754,Craig Daniels,M,52,EU,2019-11-25,Silver,49,True,190.63122930990284,0.5487662792954707
3755,John Hudson,M,45,USA,2020-10-18,Bronze,39,True,108.85748304013562,0.7166083816385597
3756,Shannon Rodriguez,F,50,USA,2019-08-02,Bronze,53,True,125.813979314508,0.34897473249331784
3757,Paula Lee,M,22,USA,2021-07-18,Bronze,29,False,108.68418535465591,0.32218195924970994
3758,Lisa Bryant,F,38,USA,2021-07-10,Bronze,30,True,107.2168685046342,0.6475183175263967
3759,Paul Guzman,M,28,EU,2021-09-10,Bronze,28,True,130.4418631349838,0.27317268644203413
3760,Christopher Hunter MD,M,18,Asia,2019-03-23,Gold,58,True,252.61820233763072,0.7183345730350013
3761,Elizabeth Camacho,M,47,USA,2022-11-23,Bronze,13,False,138.83246118169896,0.6774560299321597
3762,Donald Hoffman,M,30,Asia,2020-07-06,Bronze,42,False,97.51914421682662,0.5871815355688736
3763,Jeremiah Rowland,M,22,EU,2020-10-02,Silver,39,True,126.16040802171129,0.27240309871806584
3764,Katherine Flores,F,28,USA,2020-10-16,Gold,39,True,153.6916176126168,0.47608071742576924
3765,Julie Martin,F,25,EU,2020-11-05,Bronze,38,True,80.45241235645344,0.4921279603395095
3766,Jeffrey Torres,F,26,USA,2021-12-06,Bronze,25,True,113.56743760299908,0.543387346617174
3767,Jessica Little,M,30,EU,2022-12-22,Bronze,12,False,154.52721618327334,0.5830887705407253
3768,Catherine Maxwell,F,50,EU,2020-05-26,Bronze,43,True,130.17189039758304,0.38759600579810083
3769,Cindy Shaw,F,26,USA,2022-01-22,Bronze,23,False,96.40753577342947,0.6591660597444602
3770,Joseph Garcia,M,49,USA,2019-09-22,Bronze,52,True,115.32736474197162,0.5780653479932107
3771,Leon Duncan,F,41,EU,2019-11-01,Bronze,50,True,88.9320291464232,0.5765877250953031
3772,Christopher Miranda,F,36,Other,2020-11-28,Gold,37,True,180.352040688548,0.4664854497421536
3773,Sarah Bishop,F,40,USA,2023-06-04,Bronze,7,False,79.31147890720122,0.5582232470089937
3774,Tyler Zavala,F,33,Asia,2021-02-17,Bronze,34,True,80.643487941652,0.1785719713876367
3775,Rachel Chan,F,45,EU,2020-04-13,Platinum,45,True,333.32414384948396,0.5596421465843712
3776,Timothy Kennedy,F,38,Other,2021-11-12,Silver,26,True,194.48042539565472,0.7486685575512212
3777,Elizabeth Thomas,M,18,Asia,2020-10-13,Bronze,39,True,120.82201534984424,0.6171332292003395
3778,Hector Mcgee,F,35,EU,2021-09-19,Bronze,27,True,129.1530214754877,0.5996149896028287
3779,Jeffery Long,F,40,EU,2023-10-28,Platinum,2,False,347.02824637182255,0.6159359197766543
3780,Philip Powell,F,30,Asia,2023-11-27,Bronze,1,False,99.31352287307438,0.6813946352159073
3781,Heather Trujillo,Other,34,USA,2019-04-16,Silver,57,True,134.23413588548917,0.4701175821050619
3782,Pamela Smith,M,26,USA,2020-05-27,Gold,43,False,223.074169605333,0.6477829742834953
3783,Christine Moran,M,19,USA,2023-08-27,Bronze,4,False,66.40740971695661,0.5686187071483244
3784,James Morris,M,18,Asia,2023-12-11,Silver,0,False,131.86449462950108,0.509672954256858
3785,Erika Castro,M,18,Asia,2020-09-18,Platinum,40,True,252.74228396788655,0.7025881338285089
3786,Daniel Shaw,M,39,USA,2020-12-18,Silver,36,False,187.32251556110054,0.3968530991059543
3787,Ashley Sanchez,F,18,EU,2019-11-22,Bronze,50,True,72.4483298717383,0.4025400681971361
3788,John Griffith,M,26,EU,2023-11-01,Gold,2,False,237.18384387071916,0.14649503396381436
3789,Wesley Williams,F,25,USA,2021-03-04,Silver,34,False,161.62257360433927,0.3606350354193651
3790,Melissa Stout,F,30,Other,2020-01-09,Silver,48,True,161.98924039024695,0.43397124211708527
3791,Mr. Lawrence Brooks,M,18,USA,2020-05-03,Silver,44,False,135.97407439516974,0.4924855154762039
3792,Mark Hill,M,37,USA,2020-11-08,Bronze,38,True,70.7352646325155,0.567338607862472
3793,Thomas Rodriguez,F,20,EU,2020-09-09,Bronze,40,True,110.00545427325727,0.6321849210128792
3794,Paul Nguyen,F,44,Asia,2023-04-18,Bronze,8,False,117.71762528009083,0.30061314070988715
3795,Jennifer Hernandez,F,26,USA,2021-11-05,Bronze,26,False,109.94302450537745,0.5164531886084541
3796,Edwin Gonzalez,F,32,EU,2019-09-22,Bronze,52,True,97.11936842404207,0.3525243976703746
3797,David Armstrong,F,33,EU,2022-11-05,Bronze,14,False,77.24158097663546,0.30048619047945246
3798,Debbie Schmidt,F,35,USA,2023-12-22,Bronze,0,False,87.53857050389585,0.548635473189621
3799,Alex Barton,F,33,USA,2023-12-05,Gold,0,False,218.00966968665094,0.5152454734859143
3800,Richard Dawson,F,28,EU,2022-07-23,Silver,17,False,126.29710826449337,0.5740086986225816
3801,Scott Stein,F,36,USA,2022-04-16,Silver,20,False,121.14013410744535,0.5869638962405151
3802,Stephen Lopez,M,37,Other,2020-12-05,Bronze,37,True,71.0678124367688,0.42765622313060936
3803,Joel Cook,F,25,Asia,2021-11-05,Bronze,26,False,110.70469477705703,0.6641535290876501
3804,Michele Scott,M,37,Other,2023-04-12,Bronze,8,False,110.28404341995021,0.3622264037340094
3805,Allison Wilson,F,44,USA,2023-01-07,Silver,11,False,184.62462851424348,0.34166042723784207
3806,James Tucker,M,40,Other,2019-07-03,Silver,54,True,85.6772764794022,0.5597288869393606
3807,Joseph Durham,M,42,EU,2022-11-26,Bronze,13,False,123.43722545783075,0.5322035252258921
3808,Alexis Kim,M,34,USA,2022-11-23,Silver,13,False,183.4042877758219,0.37853135534734716
3809,Jonathan Yates,M,23,USA,2023-11-08,Silver,1,False,186.2595278659137,0.3750872404019848
3810,Katherine Andrews,M,24,USA,2022-02-21,Silver,22,False,153.5885030209837,0.5569820303177764
3811,Morgan Cunningham,F,36,EU,2020-01-20,Bronze,48,False,104.43581712238833,0.5375273025438015
3812,Phyllis Schmidt,M,42,EU,2019-04-18,Silver,57,True,156.51330069114903,0.344269286600303
3813,Sarah Miller,M,60,USA,2023-04-05,Silver,9,False,122.60988442671098,0.4035506655689188
3814,Lisa Kaiser,M,42,EU,2019-03-06,Bronze,58,True,82.58967416757756,0.3633780382668249
3815,Pamela Jordan,F,21,USA,2020-05-27,Bronze,43,True,104.51492845036375,0.18202367299368
3816,Jerry Gilmore,M,25,EU,2019-07-25,Bronze,54,True,95.01782789667499,0.704627656387719
3817,Marie Jones,M,55,USA,2022-11-22,Bronze,13,False,114.32217093103516,0.5357659106164046
3818,Gina Rose,M,30,Asia,2023-11-22,Bronze,1,False,92.86953829142738,0.6737550773356752
3819,Samantha Reynolds,F,33,Asia,2019-02-06,Bronze,59,False,70.62614003774583,0.45415765491243787
3820,Kenneth Smith,M,23,EU,2021-12-24,Bronze,24,False,71.55992238580704,0.354192507827844
3821,Alicia Perez,M,48,USA,2023-11-06,Bronze,1,False,84.7746323364111,0.36882693526071725
3822,David Walker,M,38,USA,2019-04-11,Bronze,57,True,114.52258650374085,0.3687067151260384
3823,Erin Ellis,F,25,Asia,2023-03-27,Silver,9,False,134.42211696641135,0.42219042115836625
3824,Patricia Andrews,M,23,USA,2019-02-13,Gold,59,False,211.93890392723458,0.2678417579174154
3825,Spencer Camacho,F,36,USA,2019-11-14,Bronze,50,True,66.55449388043192,0.44199599070120976
3826,Raymond Harris,M,33,USA,2022-05-17,Bronze,19,False,103.2407808884661,0.4138086204227396
3827,Alexander Guzman,F,41,EU,2019-02-01,Gold,59,True,201.51130334682563,0.6309792738731226
3828,Penny Fernandez,M,38,EU,2021-08-10,Silver,29,True,185.70610322453297,0.5805882930000799
3829,Erin Stewart,M,30,Asia,2022-11-28,Bronze,13,False,103.08487541697657,0.4426230472644339
3830,Daniel Turner,M,27,USA,2021-06-02,Silver,31,True,172.88601237368346,0.571392401415147
3831,Devin Mayer,M,31,USA,2021-10-13,Bronze,27,False,138.91485891093276,0.33569882554936137
3832,Henry Taylor,M,27,Asia,2020-04-17,Silver,45,False,151.19700969747856,0.3105746424810407
3833,Jessica Flowers,F,31,Asia,2021-09-19,Platinum,27,True,392.027928717026,0.4858733640379807
3834,Jeremy Manning,Other,33,USA,2019-07-03,Bronze,54,True,102.47924135155196,0.5153260692522582
3835,Jamie Griffin,M,24,EU,2023-08-04,Gold,5,False,178.6292359428375,0.47897443119789074
3836,Daniel James,F,39,USA,2022-09-06,Bronze,16,False,97.82700991119314,0.7033927514481099
3837,Anna Thompson,F,29,Other,2022-07-13,Silver,17,False,134.79973514603986,0.6030982822252614
3838,Misty Martinez,F,24,USA,2022-02-26,Bronze,22,False,90.58839927838696,0.6552442073137883
3839,Barbara Burns,M,29,Other,2023-10-23,Silver,2,False,132.79561358852047,0.41701304148731194
3840,Nicole Stewart,F,35,EU,2021-03-14,Bronze,34,False,93.93297876473275,0.5498798667331436
3841,William Marsh,M,33,EU,2020-06-09,Silver,43,True,171.32241946722093,0.34347623273847383
3842,David Rodriguez,F,37,USA,2019-01-24,Silver,60,False,98.96190517628408,0.39029850103859304
3843,Adam Lara,M,41,EU,2022-08-15,Bronze,16,False,105.74264311026779,0.5496687438162066
3844,Scott Gomez,M,46,EU,2019-05-06,Bronze,56,False,102.404529573031,0.3665558078066532
3845,Sara Hamilton,M,35,USA,2021-12-25,Bronze,24,False,127.68830154228027,0.38130950659679425
3846,Elizabeth Key,M,22,EU,2020-11-20,Silver,37,False,139.02989587305893,0.5645997850122042
3847,Mason Price,F,30,Other,2022-01-11,Gold,24,False,245.2680629382891,0.385414451573895
3848,Trevor Hill,M,22,EU,2021-03-22,Bronze,33,False,82.80201439446617,0.6443293955086206
3849,Erica Taylor,F,49,Asia,2020-11-07,Silver,38,True,136.3501064445569,0.46785967160438824
3850,Justin Anderson,M,52,USA,2022-11-18,Bronze,13,False,108.33313012500516,0.4740763827020652
3851,Michael Farmer,M,39,EU,2021-09-28,Bronze,27,False,112.15536575814464,0.5376898646146079
3852,Robert Cline,F,41,USA,2019-12-17,Bronze,49,True,94.69669862816865,0.479794471881485
3853,Jacqueline Perry,Other,35,EU,2023-01-14,Silver,11,False,156.68526846759167,0.5419972141481907
3854,Christopher Mayer,M,36,Other,2022-05-26,Platinum,19,False,290.13907338825203,0.36237453083907883
3855,Natalie Patrick,M,18,EU,2020-11-08,Gold,38,True,231.6551837445961,0.09182726518630296
3856,Shawn Rodriguez,F,32,USA,2020-12-08,Bronze,37,False,97.0681576537648,0.2880648100265113
3857,Jonathan Torres,M,24,USA,2023-12-27,Silver,0,False,143.3116965129432,0.4316984345170073
3858,Susan Baker,F,35,EU,2023-01-07,Bronze,11,False,119.82552553511977,0.5735667167321136
3859,Richard Rivera,F,32,EU,2021-10-25,Bronze,26,True,104.20510931639375,0.8238008439198077
3860,Amanda Wiggins,M,52,Asia,2023-01-09,Bronze,11,False,113.36654887054256,0.4110356360066764
3861,Amber Bennett,M,42,Asia,2022-11-12,Bronze,13,False,149.97135027531087,0.4018879915272018
3862,Kelly Moore,M,35,EU,2023-11-03,Silver,1,False,90.44406065354198,0.5505766801859209
3863,Steven Davis,M,30,USA,2022-12-01,Bronze,13,False,79.45069314495501,0.5332440850293202
3864,Ashley Alvarez DVM,F,49,USA,2019-10-15,Gold,51,True,162.88871215028425,0.5383537143037069
3865,Kimberly Taylor,F,32,USA,2023-12-09,Bronze,0,False,82.92860185967024,0.4616440447342046
3866,Mallory Collins,F,36,USA,2019-12-17,Bronze,49,True,128.46266938088982,0.20289701586837083
3867,Steven Anderson,F,33,EU,2020-09-12,Bronze,40,True,46.65728210017758,0.529599539052227
3868,Holly Austin,M,28,EU,2023-09-17,Bronze,3,False,109.6333465100978,0.49286561512192345
3869,Karen Goodman,F,33,EU,2020-09-28,Platinum,39,False,208.03691197484056,0.2616550026783547
3870,Christina Robinson,M,18,USA,2019-10-13,Bronze,51,True,100.51144820812026,0.5872153978481003
3871,Tom Perez,F,18,USA,2020-11-13,Gold,38,True,210.37594735528077,0.6094605548055836
3872,Brandon Powell,M,36,USA,2019-02-15,Bronze,59,True,118.1257749737065,0.5837004883819646
3873,Ashley Perez,F,48,USA,2021-09-21,Bronze,27,True,94.68949315098646,0.43896492093936895
3874,Matthew Murphy,F,36,Asia,2019-10-18,Bronze,51,False,96.53787305409014,0.533139245203043
3875,Mary Meyer,M,25,USA,2021-05-15,Gold,32,False,118.01971721544732,0.36531523648709907
3876,Sophia Wolf,M,18,EU,2020-09-18,Bronze,40,True,145.6028471322209,0.2921775154391
3877,Javier Stanley,F,40,USA,2019-09-05,Platinum,52,True,318.3856251532892,0.4851563947793734
3878,Taylor Johnson,M,27,Asia,2021-11-07,Bronze,26,False,108.77573540410604,0.27467950249562534
3879,Janice Williams,F,39,EU,2019-08-06,Bronze,53,True,121.46071200901156,0.4799796227920212
3880,Christopher Thomas,F,36,USA,2022-12-05,Silver,13,False,147.97646201755316,0.49220406604798256
3881,Robert Martin,M,37,EU,2022-08-19,Bronze,16,False,108.47719481756943,0.3773964554481822
3882,Kenneth Webb,M,33,Asia,2020-11-09,Bronze,38,True,114.30694399502882,0.7911311479190033
3883,Mark Montoya,F,36,Other,2022-09-24,Gold,15,False,141.00971906259593,0.4102036313473809
3884,Jodi Lewis,M,31,USA,2023-10-11,Bronze,2,False,110.61263208813222,0.5318327702534306
3885,Kimberly Wilson,M,26,Asia,2021-11-03,Silver,26,True,212.25499099452554,0.4713596274710704
3886,Randy Bradshaw,F,23,Other,2023-05-07,Bronze,7,False,134.93667098548337,0.6409228110857712
3887,Steven Scott,F,18,Other,2022-07-03,Bronze,18,False,130.6412882042987,0.4498196025307164
3888,Katherine Dunn,M,31,EU,2020-09-27,Bronze,39,False,138.2105871958706,0.3099412628567758
3889,Mary Peterson,M,48,EU,2023-11-06,Silver,1,False,112.21220449107967,0.5622368763628501
3890,Amy Diaz,F,40,EU,2020-07-19,Silver,42,True,134.25376858281717,0.2745748185671809
3891,Traci Martinez,F,35,Asia,2019-12-16,Silver,49,False,122.65705894337135,0.3727804592046441
3892,Jim Rodriguez,F,25,EU,2023-08-08,Silver,4,False,254.85339640646816,0.42344617948369134
3893,Elizabeth Marks,M,42,EU,2019-01-19,Bronze,60,True,104.87845540722911,0.4291226464092223
3894,Jeffrey Joyce,F,31,EU,2023-11-21,Bronze,1,False,71.71478888954098,0.44803459737509344
3895,Sean Wagner,F,48,Asia,2021-12-19,Bronze,24,False,77.9666460112521,0.4360973673921068
3896,Todd Lutz,F,23,Asia,2020-10-16,Silver,39,True,153.2132730543457,0.5188462561854642
3897,Ryan Walker,F,25,USA,2019-09-08,Silver,52,True,109.11159896290516,0.3980253477574606
3898,Nicholas Gomez,M,24,Asia,2022-11-10,Bronze,13,False,137.37365446690015,0.5652470835017195
3899,Brittany Heath,F,18,EU,2023-11-09,Bronze,1,False,115.8103764315539,0.373738208882278
3900,Rebecca Cox,M,23,Asia,2019-12-16,Silver,49,True,159.3926023368911,0.30959328869180214
3901,Travis Schmidt,M,34,EU,2023-07-22,Gold,5,False,157.8558491368014,0.33029724050613873
3902,Brett Martin,F,25,USA,2023-11-14,Silver,1,False,110.36839570079297,0.4382842638424576
3903,Lisa Bridges,F,18,Other,2023-07-10,Bronze,5,False,106.9833371079799,0.6456543960355781
3904,Brittany Dunlap,F,43,USA,2019-10-04,Silver,51,False,154.12358490602793,0.4958722507721718
3905,Shannon Ramirez,F,18,Asia,2019-09-10,Silver,52,False,111.49930170223745,0.4308656084163593
3906,Tiffany Phillips,M,38,EU,2023-10-20,Bronze,2,False,98.92297238722496,0.4939564416187585
3907,Valerie English,F,33,EU,2022-08-21,Silver,16,False,148.46164819264848,0.3185100939933193
3908,Chad Hurley,M,54,USA,2020-04-28,Bronze,44,True,114.76131590112216,0.2440451405137698
3909,David Peters,F,42,EU,2023-02-27,Bronze,10,False,142.1279719741348,0.35185112138030583
3910,Thomas Austin,M,27,USA,2022-11-15,Platinum,13,False,175.2285084820227,0.3426820095012084
3911,Amy Jenkins,F,25,USA,2020-08-19,Gold,41,True,232.04699183357434,0.8598881419335647
3912,Rodney Duran,M,48,USA,2023-12-11,Bronze,0,False,86.07012184360684,0.7882580452149509
3913,Tiffany Sanchez,F,18,USA,2020-05-20,Bronze,44,False,108.43083618657762,0.7867073302961591
3914,Maria Myers,F,34,Other,2023-01-14,Silver,11,False,153.92127937765449,0.31756625439860475
3915,Ruben Jones,M,31,Other,2019-07-28,Bronze,53,False,110.00268276222428,0.7632146534483615
3916,Desiree Stafford,F,29,USA,2023-12-15,Bronze,0,False,75.13806736709898,0.3931160593191913
3917,Patrick Blackburn,F,36,Asia,2023-11-04,Bronze,1,False,119.3924256818337,0.7467352649705519
3918,Jeremy Chambers,F,34,USA,2023-07-17,Silver,5,False,151.22573362870145,0.5657970102511052
3919,Alexandra Wilson,F,37,EU,2023-11-01,Bronze,2,False,127.83465922700137,0.35112582096257794
3920,Brian Fuller,M,34,Asia,2022-11-25,Silver,13,False,197.7734084978104,0.7482503003708055
3921,Matthew Evans,M,37,Other,2021-01-19,Bronze,35,True,104.73674471372904,0.7422168240069866
3922,Patrick Gibson,M,33,EU,2022-08-05,Gold,17,False,239.5955307625849,0.34088272873937187
3923,William Lozano,M,26,Asia,2022-10-18,Gold,14,False,236.13505802951187,0.5488470261028481
3924,Dillon Travis,M,33,USA,2019-07-17,Silver,54,True,190.16122275447893,0.20945526705600903
3925,Steven Rodriguez,F,25,Other,2023-09-23,Bronze,3,False,125.32638111167614,0.44074051323812236
3926,Kevin Walter,M,25,USA,2022-07-10,Bronze,18,False,76.72029640068342,0.4418092892185213
3927,Rebecca Blake,M,29,EU,2020-11-09,Silver,38,False,158.3470384799029,0.4386509045817173
3928,Brian Bright,M,31,EU,2023-02-04,Gold,11,False,144.466738396485,0.7417669644906141
3929,Linda Cox,F,33,EU,2019-06-20,Bronze,55,True,89.56183012906314,0.2996176001042483
3930,Mary Copeland,F,42,USA,2019-08-19,Bronze,53,True,90.37325013653984,0.4664192868837851
3931,Jennifer Little,M,28,Other,2020-10-03,Bronze,39,False,111.70207415315677,0.6132229635050274
3932,Diana Ramsey,F,34,USA,2019-09-18,Bronze,52,True,95.39676007299374,0.30271365392340555
3933,David Romero,M,34,EU,2023-11-03,Bronze,1,False,96.80741358932268,0.3674790045276355
3934,Russell Bird,Other,26,USA,2021-10-21,Platinum,26,True,359.9490322339824,0.6672835781167656
3935,Brian Shaffer,F,33,USA,2021-10-08,Bronze,27,False,117.58852902295777,0.7017450231728513
3936,Jon Garza,M,43,EU,2022-11-24,Bronze,13,False,105.51923842305978,0.4350088362685106
3937,Ashley Norman,F,34,EU,2019-04-05,Platinum,57,False,344.9501503022722,0.6286258387671924
3938,Kristina Monroe,F,35,USA,2023-12-27,Bronze,0,False,112.91882216671465,0.7335150933108516
3939,Joseph Schaefer,M,25,USA,2020-11-01,Gold,38,True,278.5940942329971,0.43892288596522094
3940,Kyle Garza,F,52,EU,2020-04-26,Bronze,44,True,95.82438944456862,0.6187473083553838
3941,Tiffany Johnston,M,26,Asia,2023-11-18,Platinum,1,False,254.88239157113486,0.43657918641779353
3942,Phillip Ward,M,18,Asia,2023-05-24,Bronze,7,False,104.07792454865243,0.2970161647083923
3943,Stephanie Fisher,M,41,USA,2020-12-26,Platinum,36,False,242.97765178223295,0.5005424403419375
3944,Patrick Reed,M,31,USA,2019-10-14,Bronze,51,True,92.64101032842107,0.46333307540999014
3945,Sarah Berry,M,29,USA,2022-04-25,Bronze,20,False,109.00244527510696,0.3610071478987965
3946,Teresa Li,F,27,USA,2022-11-27,Bronze,13,False,89.85288668531085,0.4491079355927272
3947,Paula Caldwell,M,51,EU,2022-11-07,Bronze,14,False,95.43807271720678,0.46597964651431717
3948,Keith Johnson,M,36,EU,2023-10-09,Bronze,2,False,94.54062628087848,0.5418022847934865
3949,Annette Knapp,F,38,USA,2020-05-28,Platinum,43,True,274.00312256620174,0.6559254165723433
3950,Monica Atkinson,F,34,USA,2020-11-25,Bronze,37,True,78.07055948745673,0.6561085029160503
3951,Robert Cooper,Other,35,USA,2020-12-14,Silver,37,True,180.36701940814532,0.48702073444906224
3952,Danielle Griffin,F,46,Asia,2020-12-16,Bronze,37,True,127.40157276396123,0.4179524073431896
3953,Jimmy Ritter,F,30,Other,2020-06-16,Gold,43,True,238.0645390640197,0.7009807028578762
3954,Riley Clark,F,18,USA,2021-03-27,Silver,33,True,178.28202250421288,0.48504645909380567
3955,Kimberly Morris,F,41,USA,2023-09-22,Platinum,3,False,275.0581626923933,0.41043379847406214
3956,Gregory Ochoa,F,37,Asia,2023-03-06,Bronze,10,False,103.50437954566871,0.525524233658229
3957,Shannon Cook,M,34,Other,2021-06-07,Bronze,31,True,84.41253348780964,0.2261306021920646
3958,Natalie Huff,M,37,EU,2022-09-01,Bronze,16,False,97.30393269321405,0.42954741491136916
3959,Ronald Garcia,F,29,USA,2019-06-11,Silver,55,True,148.62247729722813,0.4193886267939374
3960,Margaret Edwards,M,33,USA,2023-10-09,Silver,2,False,108.44634803964512,0.3815606276160969
3961,Cody Reyes III,M,31,EU,2023-12-01,Silver,1,False,153.96442449914952,0.5570082236283459
3962,Heather Shaffer,F,27,USA,2021-12-24,Bronze,24,False,89.38317336464151,0.6616312295894843
3963,Nicole Chung,F,44,USA,2023-12-26,Silver,0,False,157.95687255614132,0.753883316310025
3964,Brian Perkins,M,18,EU,2023-04-18,Gold,8,False,190.59627227801357,0.425642743497013
3965,Melody Castro,F,56,USA,2022-11-10,Bronze,13,False,106.92835147426293,0.4575824835642986
3966,Kimberly Sanders,F,41,Asia,2021-11-27,Bronze,25,False,113.95581110470299,0.3980424428639404
3967,Christina Davis,F,18,USA,2023-11-13,Silver,1,False,112.39865993566121,0.5807185780426206
3968,Sherri Sullivan,F,30,USA,2020-11-23,Bronze,37,False,93.60777675326183,0.21987234428428992
3969,Mike Patel,F,31,EU,2021-12-05,Silver,25,False,130.56047540924183,0.4416213797927775
3970,Thomas Garcia,F,36,USA,2022-12-08,Silver,12,False,185.3495693580663,0.5437226752250159
3971,Robin Clay,M,23,Other,2019-02-13,Platinum,59,True,401.86703438327385,0.40653257652266683
3972,Kelly Miller,F,33,EU,2023-10-27,Gold,2,False,201.69685083196003,0.435652713309959
3973,Mrs. Amanda Kelley DDS,F,31,USA,2020-11-26,Silver,37,True,162.134988141264,0.6487059787047242
3974,Johnny Whitaker,F,25,Asia,2020-11-16,Bronze,38,False,70.52039336881106,0.49148290464724703
3975,Mrs. Courtney Wong,F,24,USA,2019-05-07,Bronze,56,True,106.06187287891193,0.6792022732337797
3976,Adam Sanchez,M,42,Other,2021-11-08,Gold,26,False,189.64940161252434,0.745601279164011
3977,Logan Massey,F,18,USA,2022-06-18,Silver,18,False,190.75661522267944,0.5796010049844971
3978,Juan Carroll,M,37,EU,2023-09-26,Silver,3,False,143.17539794653956,0.45638463962447845
3979,Ryan Carpenter,M,40,USA,2023-08-27,Bronze,4,False,83.58808665191297,0.7372472966398678
3980,Stacy Werner,M,30,EU,2023-11-09,Bronze,1,False,73.14394345069876,0.12102313385378899
3981,Michelle Holden,M,33,Asia,2020-11-28,Bronze,37,True,103.62114127642603,0.2672527472389504
3982,Deborah Wood,F,44,Asia,2021-09-22,Bronze,27,True,89.1312252464481,0.6155528995693437
3983,Taylor Flores,M,25,USA,2019-12-11,Silver,49,True,186.51879630120663,0.871139668556451
3984,Tyler Taylor,M,26,USA,2021-12-22,Silver,24,False,168.99728568892877,0.6023805494129733
3985,Victoria Wright,F,28,Asia,2022-12-22,Bronze,12,False,97.98059569205361,0.5277145479789536
3986,Betty Pollard,M,44,Other,2022-05-17,Silver,19,False,168.81811899252665,0.4300288980010166
3987,Katie Alvarez,M,45,USA,2019-11-14,Gold,50,False,269.7279892396522,0.5834313578307612
3988,Robert Munoz,M,19,EU,2020-07-23,Silver,41,True,115.20271733129951,0.6737143708112826
3989,Michelle Newman,M,43,USA,2019-07-02,Silver,54,False,130.94733527815117,0.6123114315749358
3990,Victoria Marshall,M,41,Asia,2022-12-15,Bronze,12,False,138.83308739733218,0.5094227149095567
3991,Amy Montgomery,M,48,USA,2020-11-18,Gold,37,True,169.82275054346957,0.655025833049088
3992,Jeffrey Benton Jr.,F,36,USA,2021-07-05,Bronze,30,True,113.24654978826206,0.5457550703471558
3993,Kristin Brown,M,32,Asia,2022-12-22,Gold,12,False,247.4817379900071,0.576506630988519
3994,Sean Hernandez,M,44,USA,2020-09-01,Silver,40,True,149.52680052349518,0.6456137122570105
3995,Ana Higgins,F,39,EU,2020-08-16,Gold,41,False,227.57802179780765,0.35988671937697736
3996,Theresa Luna,M,55,EU,2023-01-12,Platinum,11,False,282.3643449261988,0.4966411987496866
3997,Katherine Padilla,F,42,USA,2021-11-14,Silver,25,True,204.49994302580365,0.5170780266491796
3998,Victoria Lewis,F,34,USA,2020-10-17,Bronze,39,True,91.16245425047197,0.31989043060339606
3999,Joshua Leonard,M,21,EU,2019-07-01,Bronze,54,True,80.90818268048142,0.33654298831880314
4000,Kelly Liu,F,27,USA,2021-03-14,Bronze,34,True,117.77434909528813,0.40612073875034643
4001,Brianna Ryan,M,18,EU,2021-04-15,Bronze,33,True,114.19910882161022,0.6562445178723403
4002,Emily Smith,M,30,Asia,2022-05-23,Bronze,19,False,102.98112962491409,0.47064664378412585
4003,Michelle Howard,F,42,Asia,2021-12-12,Silver,25,False,150.99148281646302,0.5194945677536544
4004,William Austin,M,32,USA,2021-10-17,Bronze,26,False,90.0800808469974,0.5462624786346553
4005,Monica Oconnor,F,43,USA,2023-11-09,Bronze,1,False,85.30634195175416,0.594674713247566
4006,Kyle Blake,F,36,USA,2021-09-03,Gold,28,True,175.77085333342222,0.5751705762936483
4007,Christopher Banks,M,28,USA,2020-10-12,Silver,39,False,159.38110475788974,0.510122137367491
4008,Bryan Davis DVM,F,33,EU,2019-11-26,Gold,49,True,191.73033914110835,0.4792380107981805
4009,Tiffany Hughes,F,37,EU,2023-11-13,Bronze,1,False,70.17945715405828,0.6641803791266438
4010,Michael Taylor,Other,34,USA,2023-05-02,Silver,8,False,137.38477382907803,0.42606744824639925
4011,Brendan Kelly,F,34,USA,2023-11-22,Bronze,1,False,95.7461302996299,0.7040200596771105
4012,Sherry Porter,F,25,USA,2023-11-15,Bronze,1,False,110.19591085076794,0.4143779104641834
4013,James Perez,M,28,EU,2022-08-02,Silver,17,False,158.76019862008036,0.4574497945046868
4014,Miss Gina Walton,F,55,USA,2023-02-05,Bronze,11,False,135.10856136374122,0.606247734640293
4015,Alicia Obrien,M,45,EU,2022-08-21,Bronze,16,False,80.40969929831778,0.8547931927232464
4016,Mrs. Jacqueline Jackson,M,18,USA,2022-07-09,Silver,18,False,166.59146508104794,0.20957203794883283
4017,Kendra Smith,F,18,Asia,2021-11-28,Silver,25,True,169.04396589008292,0.629871178232619
4018,Alexander Stein,M,33,Asia,2019-11-14,Silver,50,False,158.3777466094165,0.5708949439027773
4019,Shannon Sosa,F,41,USA,2021-08-13,Bronze,29,True,94.0577054963769,0.43199627968706467
4020,Marc White,M,27,USA,2022-11-04,Bronze,14,False,86.32877446235025,0.5538765626168853
4021,Gregory Wiggins,F,43,EU,2021-10-08,Bronze,27,True,99.18414114293509,0.31986396961693675
4022,Linda Berry,M,33,USA,2020-11-23,Platinum,37,True,192.72493588055968,0.38106691198623094
4023,Michelle Hobbs,M,31,EU,2023-10-07,Gold,2,False,163.04363348231695,0.5641984017492971
4024,Charles Fuentes,M,40,Asia,2023-11-17,Bronze,1,False,80.5033963760012,0.3487548419275925
4025,Andrew Medina,F,27,EU,2022-11-22,Bronze,13,False,110.07407034590861,0.5226501984774031
4026,Teresa Aguirre,M,30,Asia,2021-12-06,Silver,25,False,168.76153361561094,0.40042747113987875
4027,Eddie Bailey,F,39,USA,2020-02-26,Bronze,46,True,78.55444190537955,0.4319937936972229
4028,Joseph Mccullough,M,32,USA,2020-01-08,Gold,48,True,147.69588469972035,0.6613728615627109
4029,Mr. Zachary Mora DVM,M,52,Asia,2020-10-22,Silver,38,False,106.10515990833031,0.3252331616782619
4030,Kimberly Price,M,39,USA,2022-08-08,Bronze,17,False,119.55529301244455,0.49492859549983315
4031,Bruce Spencer,M,39,EU,2021-09-13,Bronze,28,True,118.30123211021478,0.5717793484305914
4032,Jacob Allen,F,32,USA,2020-09-22,Silver,39,False,169.48495197004522,0.5387058195798088
4033,Chelsea Powell,F,41,USA,2020-12-08,Bronze,37,False,130.0657491484166,0.4112504092265232
4034,Thomas Morse,M,29,Other,2021-11-05,Silver,26,True,203.33636207464372,0.5547935072964364
4035,Susan Zimmerman,F,35,USA,2021-09-09,Bronze,28,True,80.13219441234412,0.34554397299927575
4036,Annette Meyer,F,23,Other,2023-10-28,Bronze,2,False,92.11185006554034,0.4269598265639173
4037,Erica Rose,M,43,Other,2019-07-20,Silver,54,True,173.40833020307423,0.738604524312319
4038,Kim Long,M,35,Asia,2019-12-22,Bronze,49,False,44.786054511831324,0.5959065789518124
4039,Christina Flores,F,52,EU,2020-05-27,Bronze,43,True,94.98549284268888,0.5004142234137249
4040,Craig Raymond,M,56,EU,2021-01-02,Bronze,36,True,119.25346658580494,0.5674913706615639
4041,Jeffrey Miller,M,40,Asia,2023-10-03,Silver,3,False,139.54135482860357,0.37907002048890676
4042,Brian Hoffman,M,33,USA,2022-12-04,Silver,13,False,171.95204697189573,0.5421956043050087
4043,Elizabeth Gay,F,23,EU,2019-11-19,Bronze,50,True,59.99234784476687,0.43229599294820253
4044,Patricia Hale,M,42,EU,2019-08-28,Silver,52,True,158.5211229454277,0.4130068738682355
4045,Amanda Arroyo,M,35,EU,2021-04-07,Bronze,33,True,90.78225675244042,0.48141511677423676
4046,Kevin Mccullough,M,38,EU,2022-10-09,Bronze,14,False,95.49449853153263,0.40979768608583705
4047,Margaret Stevenson,M,50,USA,2019-12-06,Silver,49,False,121.56397672937041,0.5211743581601498
4048,Amber Turner,M,24,EU,2023-11-03,Silver,1,False,197.9763979136285,0.5624757540671652
4049,Victor Williams,F,23,Asia,2019-11-14,Bronze,50,True,101.37871383482977,0.45907258915896043
4050,Shelly Rodgers,M,30,USA,2021-11-13,Bronze,25,False,102.91453269191024,0.07224230650466357
4051,Cassandra Wood,F,41,Other,2021-04-13,Bronze,33,True,141.23183249407074,0.3697105397105083
4052,Susan Garcia,M,38,EU,2022-11-25,Gold,13,False,163.00473018283355,0.33775114088144753
4053,Stephanie Joseph,F,24,Asia,2019-02-01,Bronze,59,False,102.79826309528531,0.5555441459563217
4054,Dalton Clark,F,40,EU,2022-08-15,Bronze,16,False,86.37572936945045,0.39055450266917136
4055,Alexis Weeks,M,20,Asia,2019-02-05,Bronze,59,False,85.40753645366837,0.4248714497390624
4056,Michael Glass,F,24,USA,2020-10-27,Bronze,38,False,106.15620817434112,0.6259600772927083
4057,David Cervantes,F,31,Asia,2019-05-27,Silver,56,True,141.54432692364952,0.3829190091830964
4058,Victoria Benitez,F,27,USA,2021-01-26,Bronze,35,True,139.56427780795124,0.5304295789002365
4059,Jacqueline Monroe,M,41,Asia,2021-11-26,Silver,25,False,203.46774346077876,0.4073295220613212
4060,Charles Sanchez,Other,35,Other,2020-09-21,Bronze,39,True,96.75035809570456,0.42934252912433585
4061,Sonia Henderson,F,50,USA,2019-12-02,Bronze,49,True,69.17960059647571,0.3254664117774684
4062,Sharon Sims,F,30,USA,2019-01-05,Bronze,60,True,94.17671393902667,0.4218073744815441
4063,Shawn Doyle,F,31,Asia,2021-12-17,Bronze,24,False,120.95038688063852,0.5761559420282963
4064,Michael Perry,M,45,USA,2020-12-01,Bronze,37,True,82.26973171824359,0.35524182552577366
4065,Donald Santana,F,32,Asia,2021-11-27,Silver,25,False,198.13934214135006,0.39267065169219506
4066,Katherine Greene,F,47,USA,2020-07-04,Silver,42,False,167.43494003433847,0.8284949476386267
4067,Jennifer Dominguez,F,38,USA,2021-04-15,Bronze,33,True,76.58288510720128,0.538505272258035
4068,Matthew Walker,M,18,Other,2023-11-15,Bronze,1,False,86.7979231622199,0.5507600993258723
4069,Ashley Barrera,F,44,EU,2019-04-22,Bronze,57,False,89.62377090550149,0.40607129577221107
4070,Clifford Murphy DVM,M,42,Asia,2022-11-16,Silver,13,False,125.8192892118838,0.65633002779143
4071,Michael Arias,F,42,USA,2023-11-13,Gold,1,False,154.1815827652189,0.6807445636084948
4072,Joshua Mitchell,M,18,EU,2021-06-14,Platinum,31,False,265.4958776588809,0.409254593818498
4073,Ashley Wilson,M,26,EU,2020-08-27,Silver,40,True,138.5790964678817,0.6603001778804743
4074,Stacey Clements,F,27,EU,2022-04-02,Bronze,21,False,125.98187669951561,0.7009721578648417
4075,Kathleen Martinez,M,24,EU,2020-12-21,Silver,36,True,163.16022777967896,0.18965143877869362
4076,Julie Rodriguez MD,F,50,EU,2020-11-27,Bronze,37,True,109.96362564925813,0.6289485999756748
4077,Cathy Farmer,F,32,EU,2019-10-10,Silver,51,True,160.48795800263977,0.38537092449606447
4078,Dana Gilbert,M,32,USA,2021-10-05,Bronze,27,False,84.07778239688082,0.6988281386946481
4079,Charles Harper,M,38,Asia,2019-05-03,Bronze,56,True,122.94219873998063,0.37990833875289626
4080,Timothy Wang,F,38,USA,2020-11-20,Bronze,37,False,91.3127846144106,0.5910470120943252
4081,Daniel Stewart,M,18,EU,2019-01-11,Bronze,60,True,93.28313607299624,0.23607229643226119
4082,Tiffany Peterson,F,26,USA,2023-09-13,Silver,3,False,161.37344775895576,0.667330123967671
4083,Tammy Bell,F,18,EU,2020-11-02,Silver,38,True,224.9921061207382,0.511020464385666
4084,Mathew Myers,M,37,Asia,2020-11-07,Gold,38,True,177.3850646216569,0.693696209324632
4085,Edgar Brown,M,30,USA,2023-11-03,Platinum,1,False,202.23082777185365,0.392523144787701
4086,Cory Barrett,M,33,USA,2020-02-13,Bronze,47,True,105.78670879753673,0.531983120043988
4087,Seth Jones,F,18,USA,2022-06-06,Bronze,19,False,113.6771159511828,0.7278615386889324
4088,Joseph Hawkins,M,29,EU,2022-11-09,Silver,13,False,136.96926712386596,0.4961363515405726
4089,Victor Brown,M,44,Asia,2021-01-23,Gold,35,True,176.25002897027227,0.564448606762397
4090,Jennifer Ferguson,F,47,USA,2021-07-20,Bronze,29,True,74.57330260139237,0.604899805862237
4091,Carolyn Cantu,F,40,Asia,2019-07-02,Bronze,54,True,106.74093308029178,0.2671922221070349
4092,Charles Garcia,M,19,USA,2019-10-12,Bronze,51,False,138.88665051773947,0.4218353839354402
4093,James Hart,M,45,EU,2023-08-15,Platinum,4,False,402.74735269787703,0.6706816523538789
4094,Patricia Wilson,F,40,Other,2023-05-23,Gold,7,False,212.03286272518002,0.19285619478455823
4095,Mark Elliott,F,31,USA,2020-03-24,Bronze,45,True,91.67614003019973,0.66771162896863
4096,Matthew Bartlett,F,18,EU,2021-02-16,Gold,34,True,215.27895744122821,0.4116923977801794
4097,Maria Campbell,F,42,USA,2021-11-03,Bronze,26,True,93.50236326702444,0.8082907992993315
4098,Joanna Adkins,F,27,USA,2021-03-27,Bronze,33,False,87.18754247598207,0.5655314526055635
4099,Lisa Reed,F,36,USA,2021-04-14,Silver,33,True,154.88577233524026,0.3799209434229294
4100,Jordan Calhoun MD,F,33,USA,2019-11-23,Bronze,50,True,125.55844256359521,0.646919793515053
4101,Heather Thomas,F,48,EU,2022-08-01,Bronze,17,False,96.21386692382112,0.7149849336118217
4102,Carrie Coffey,F,31,EU,2023-02-16,Gold,10,False,191.9568169778407,0.5906285553666899
4103,Dr. Isabel Smith PhD,M,32,EU,2023-12-27,Silver,0,False,142.05721491853325,0.43311245767738454
4104,Joe Page,M,48,USA,2021-11-24,Platinum,25,False,347.55822679972937,0.7157417469063768
4105,Crystal Morales,F,26,USA,2021-11-23,Bronze,25,False,117.04311807958754,0.3606632233470695
4106,Heather Mcmahon,M,41,EU,2019-11-06,Bronze,50,True,78.47218708627932,0.6607298989282993
4107,Jason Quinn,F,31,Other,2019-02-27,Bronze,58,True,96.46828469114543,0.1387510555743921
4108,James Cox,M,22,USA,2023-03-15,Gold,9,False,244.2503107430849,0.517645262813497
4109,James Cummings,F,33,Asia,2021-03-15,Bronze,34,False,93.30727835203133,0.41627148899209665
4110,Daniel Lee,M,39,EU,2021-08-03,Bronze,29,False,127.84997492803637,0.29414286653528987
4111,Shane Hopkins,F,46,EU,2023-08-04,Bronze,5,False,113.72962609668181,0.6957328814233434
4112,Stephanie Kelley,F,47,EU,2019-11-24,Silver,49,True,202.69157462302448,0.17791407480678062
4113,Jennifer Schneider,M,30,USA,2023-01-17,Bronze,11,False,93.77505883250373,0.7075724434288603
4114,Charles Rodriguez,F,23,USA,2019-12-13,Bronze,49,True,114.0350264677857,0.2700839686403988
4115,Elizabeth Wall,M,29,EU,2019-12-02,Bronze,49,True,114.65756249431578,0.6580030638413014
4116,Loretta Williams,M,21,USA,2019-10-01,Bronze,51,False,121.54911362399243,0.3831022453061091
4117,Juan Moore,M,30,Other,2021-10-20,Bronze,26,False,107.06773964717802,0.20694289564049484
4118,Joseph White,M,29,EU,2023-11-06,Bronze,1,False,122.26806065087786,0.4320769095075996
4119,Michael Cruz,Other,40,USA,2019-05-05,Gold,56,False,174.7687952056009,0.5845782104877242
4120,Denise Reese,M,18,Asia,2022-07-06,Bronze,18,False,98.88384143871502,0.365245128507544
4121,Brittney Morales,F,25,USA,2019-02-18,Bronze,59,True,70.23895200597667,0.5390366276696399
4122,Christina Jenkins,M,25,EU,2019-12-21,Bronze,49,True,94.60507954755562,0.6034691372991379
4123,Sean Anderson,F,44,EU,2019-11-01,Platinum,50,True,248.9370972083875,0.7239548728962691
4124,Emily Fitzpatrick,M,21,Other,2020-01-13,Bronze,48,False,106.62101942877295,0.5094877680575705
4125,Nancy Liu,F,35,Asia,2022-12-06,Gold,13,False,239.44254566036668,0.6748613693747685
4126,Rachel Miller,F,31,EU,2021-08-20,Gold,28,True,222.58482379320583,0.6273913493686386
4127,Scott Brown,F,43,EU,2023-12-12,Bronze,0,False,115.60444933232351,0.48614522364365276
4128,Emily Winters,M,38,Other,2023-10-10,Bronze,2,False,101.91089484584398,0.6720688032876732
4129,Chris Lewis,F,34,USA,2023-11-25,Silver,1,False,145.77734979414384,0.6341090697903812
4130,Heidi Blankenship,M,27,USA,2021-11-28,Silver,25,True,114.81052063073315,0.47508522341143467
4131,Sandra Alvarez,M,18,USA,2019-08-19,Silver,53,True,92.26309985386763,0.6070195346837779
4132,Donna Garcia,M,35,USA,2022-12-03,Gold,13,False,139.68248666033628,0.5407561265204313
4133,Stephanie Hernandez,M,38,EU,2023-08-15,Bronze,4,False,86.73796270429958,0.5822092770254416
4134,Joseph Montgomery,M,18,EU,2020-04-25,Silver,44,True,177.3713611325574,0.782410982376195
4135,Juan Harrison,F,20,EU,2020-12-14,Bronze,37,False,75.4247393735178,0.37936135676711524
4136,Miss Stephanie Cherry,M,35,USA,2022-09-04,Silver,16,False,125.34919650907497,0.538204631374227
4137,Bridget Wallace,M,36,Asia,2023-04-07,Silver,8,False,135.8872424495826,0.5045910561942433
4138,Brandy James,M,23,USA,2019-07-10,Bronze,54,True,125.76420006400802,0.6182353448299431
4139,Christopher Smith,F,27,EU,2023-10-14,Bronze,2,False,99.23475007997413,0.4322166213845063
4140,Sabrina Galvan,F,18,EU,2019-09-02,Bronze,52,False,102.69977288348792,0.41503727740786256
4141,Catherine Shannon,M,46,USA,2023-11-01,Bronze,2,False,108.21399853518889,0.4903479800108307
4142,Theresa Knight,F,20,USA,2020-11-26,Gold,37,False,255.79677641376065,0.5712568597414015
4143,Victoria Tanner,F,38,USA,2021-03-16,Silver,34,False,152.5115397961443,0.4314342989169168
4144,Chad Evans,M,32,Asia,2022-06-16,Silver,18,False,97.04163740852513,0.10181624516827481
4145,Chase Haney,F,45,Other,2019-11-13,Bronze,50,True,102.5385784863265,0.3571773585974556
4146,Maureen Nixon,F,25,EU,2021-12-01,Bronze,25,True,128.8096460944075,0.7121712978358892
4147,Michael Rush,F,33,USA,2019-10-06,Bronze,51,True,112.82059332150678,0.7320388309347905
4148,Larry Lloyd,M,18,EU,2022-01-04,Bronze,24,False,104.30055569159502,0.42555958491472623
4149,Steven Butler,M,18,Asia,2021-12-02,Silver,25,True,160.61224757854993,0.7696215165358943
4150,Samuel Lee,M,38,Asia,2021-12-07,Gold,25,True,126.51343055462756,0.4510134217580618
4151,Joseph Moon,F,18,USA,2022-04-24,Bronze,20,False,60.46831958209603,0.2697543525431487
4152,Taylor Williams II,F,30,USA,2022-12-14,Silver,12,False,176.8234264216166,0.45409134944071256
4153,Jerry Hamilton,M,43,Asia,2019-09-23,Bronze,52,False,125.7135073944972,0.60881063849489
4154,Paul Wolf,M,40,USA,2021-12-26,Bronze,24,False,87.4101344086924,0.4152046733831435
4155,Bobby Arnold,F,26,USA,2022-07-25,Bronze,17,False,103.86583885066688,0.5905026586119632
4156,William Weber,F,18,USA,2019-01-01,Silver,60,True,168.62384320811793,0.5400345981018022
4157,Alicia James,F,38,EU,2023-11-10,Bronze,1,False,133.20131540422307,0.45703603794371406
4158,Jamie Johnson,F,46,Asia,2022-12-06,Bronze,13,False,98.40118818353878,0.6164504013214269
4159,Melissa Rogers,F,26,Other,2021-09-08,Silver,28,False,172.13322043903622,0.6843688687183206
4160,Sarah Mueller,M,24,EU,2023-11-09,Silver,1,False,209.79558061974754,0.5272625907493814
4161,Gordon Hahn,M,27,EU,2022-11-11,Bronze,13,False,94.39102248458845,0.5884561506965008
4162,Kristen Burns,M,38,USA,2020-11-24,Silver,37,False,151.94382685605262,0.28153136673394097
4163,Thomas Sellers,F,45,EU,2021-11-06,Silver,26,True,116.83268886895615,0.7087279628979817
4164,Melvin Flores,M,20,USA,2021-02-08,Bronze,35,False,78.89436987790346,0.4200506854466337
4165,Ashley Cochran,F,18,EU,2019-11-24,Silver,49,False,176.2634050075227,0.37074494600280616
4166,Ashley Jones,M,56,USA,2020-11-16,Bronze,38,True,123.87762155825874,0.6330139079902446
4167,Christian Solis,M,31,USA,2022-07-17,Silver,17,False,184.90879812693026,0.44243059187600203
4168,Sharon Smith,F,35,USA,2020-11-24,Gold,37,False,158.6746209060097,0.3958642791932551
4169,Robert Berg,M,26,USA,2022-11-07,Bronze,14,False,95.88611898147082,0.45595927822689997
4170,Brooke Sims,M,37,USA,2019-11-08,Bronze,50,True,109.56951789787416,0.3175940753696876
4171,Julia Marks,F,42,USA,2023-04-08,Bronze,8,False,54.47382614710594,0.39427750173794984
4172,Ashley Martinez,M,35,Other,2020-11-28,Bronze,37,True,109.13959325692355,0.6533443505440859
4173,Christina Reese,F,50,EU,2021-11-26,Bronze,25,False,137.60936987995692,0.6748640742298364
4174,Brandon Bean,F,29,EU,2022-05-27,Silver,19,False,184.10076353633596,0.5098145485344925
4175,Rickey Hall,F,30,Asia,2020-07-10,Bronze,42,True,51.79373843980482,0.3980821463292994
4176,Bobby Flores,F,35,Other,2022-09-22,Bronze,15,False,107.94688685165137,0.5620722616420903
4177,Karen Gonzalez,M,37,EU,2020-11-09,Silver,38,False,156.47890580143002,0.21554551888905388
4178,Lisa Lopez MD,F,35,Asia,2021-04-19,Silver,32,True,158.1498328230536,0.6756488570736973
4179,Sharon Brown,M,20,USA,2022-08-10,Bronze,16,False,102.14266635132742,0.489553885735153
4180,Aaron Thompson,M,36,USA,2022-06-17,Silver,18,False,140.2063000059987,0.34484389489669687
4181,Charles Weaver,M,29,EU,2023-12-09,Gold,0,False,106.98611320615392,0.7230691446438766
4182,Melissa Warner,M,27,EU,2019-08-14,Bronze,53,True,106.21843069961649,0.5063887931698888
4183,Cody Morris,F,33,EU,2020-11-26,Bronze,37,True,112.5476598307336,0.4360678981606156
4184,Carla Reid DDS,M,23,USA,2021-11-26,Silver,25,True,133.33918002245957,0.8074412260507307
4185,Katie Mitchell,F,21,USA,2023-01-02,Silver,12,False,187.75722450517054,0.4211924848103604
4186,Roger Moss,M,18,EU,2023-08-03,Bronze,5,False,67.19627446520828,0.6122993364776889
4187,Mary Donaldson,M,50,USA,2019-08-27,Bronze,52,True,65.49357180859715,0.6039919253134948
4188,Paul Brown,F,38,EU,2021-12-20,Silver,24,False,152.549618343028,0.37287788463257404
4189,Gregory Quinn,M,31,EU,2020-11-24,Platinum,37,False,259.0975668557661,0.4790497809962371
4190,Sabrina Miller,F,26,Asia,2022-12-27,Silver,12,False,179.1612366091688,0.4621956876933638
4191,Michelle Smith,M,18,Asia,2019-06-09,Platinum,55,True,274.3459963113495,0.23499186721059395
4192,Anita Chapman,M,25,Asia,2022-07-19,Silver,17,False,190.74112926516636,0.20539424608085033
4193,Heather Becker,M,40,EU,2023-09-18,Gold,3,False,171.11893970479554,0.17363213822210072
4194,Andrea Baker,F,42,Asia,2022-11-18,Silver,13,False,154.31123885803527,0.43253065777792465
4195,Joanne Harmon,M,39,EU,2020-11-11,Gold,38,True,120.62001370329396,0.35100733022833885
4196,Mr. Phillip Edwards,M,34,USA,2020-11-09,Bronze,38,True,98.93490632497671,0.3602445338844391
4197,Mrs. Laurie Williams MD,M,46,USA,2022-12-12,Gold,12,False,202.90777061523082,0.4368886374340324
4198,Joel Mclean,F,29,USA,2022-01-08,Bronze,24,False,124.1915823794262,0.5005510856235574
4199,Valerie Ford,F,43,EU,2019-11-18,Bronze,50,True,69.7783223177262,0.45309453062174865
4200,Jodi Thomas,F,29,EU,2020-10-08,Silver,39,False,141.51044368686877,0.3942944744071992
4201,Jennifer Johnson,M,24,Asia,2022-11-04,Bronze,14,False,129.05665903297776,0.7896418016917564
4202,Eugene Fritz,F,22,USA,2021-11-06,Bronze,26,True,131.70773989994646,0.469836118114673
4203,Jennifer Smith,F,22,USA,2019-12-21,Platinum,49,True,249.93797520266497,0.649756650099887
4204,Mary Thompson,F,39,Other,2019-03-16,Silver,58,True,129.42930494121404,0.3145193314279552
4205,Catherine Davis,F,25,USA,2019-12-21,Gold,49,True,132.01322426103758,0.7002789321510783
4206,Chris Rogers,F,22,EU,2019-11-13,Platinum,50,False,172.61980932800665,0.41772923183279
4207,James Torres,M,40,EU,2022-11-26,Bronze,13,False,92.2223427072666,0.9202359920096208
4208,Kirsten Perez,F,36,EU,2023-05-16,Bronze,7,False,87.09443116629353,0.30322333378733657
4209,Dr. Jeffrey Valentine,F,42,USA,2021-07-26,Bronze,29,True,141.23038969692115,0.33994275339622526
4210,Wayne Brown,M,38,USA,2023-06-23,Silver,6,False,160.43127696172752,0.47169091697403537
4211,Andrea Morris,M,25,USA,2023-11-24,Silver,1,False,143.74083483785972,0.4467734530366573
4212,Dylan Young,F,33,EU,2022-08-21,Bronze,16,False,113.11999081297907,0.3241036759876338
4213,Regina Butler,M,34,EU,2019-11-20,Bronze,50,True,120.56913831109517,0.7210909830269516
4214,Eric Moore,F,23,USA,2019-05-18,Bronze,56,False,124.27350659382589,0.7053164973310555
4215,Melinda Patterson,M,21,EU,2022-11-21,Bronze,13,False,105.19160786924589,0.4489398482615365
4216,Carl Campbell,M,26,Asia,2022-11-08,Bronze,13,False,99.52741050230055,0.6514456447281769
4217,Renee Shields,M,53,USA,2020-11-01,Gold,38,True,206.32756948927968,0.7133251152118043
4218,Wesley Brown,M,28,EU,2019-03-06,Bronze,58,False,98.83056230228648,0.49855768539193485
4219,Jason Clark,M,45,EU,2021-07-18,Bronze,29,True,89.41544670849652,0.39954546787391376
4220,David Wiggins,M,28,USA,2020-08-02,Bronze,41,True,120.86381005996809,0.6922749611441872
4221,Thomas Kaufman,F,41,USA,2023-09-08,Silver,3,False,144.2142869826884,0.6689178503204875
4222,Kristen Ray,Other,42,EU,2019-11-06,Bronze,50,False,79.71314308731675,0.31200516098524167
4223,Cory Martinez,M,42,Asia,2022-07-06,Bronze,18,False,100.41146626249184,0.7124073664193554
4224,Mark Maddox,F,36,Asia,2022-01-22,Silver,23,False,171.49991864298119,0.3469819436986591
4225,Kevin Young,F,46,EU,2022-11-25,Gold,13,False,141.7624394501794,0.556858952324063
4226,Katherine Harrison,F,36,Asia,2019-09-14,Gold,52,True,189.24511250113738,0.37759122287538227
4227,Jorge Davis,F,50,USA,2021-06-03,Bronze,31,True,83.95778078493797,0.5246127417556941
4228,Loretta Miller,M,18,EU,2022-11-18,Silver,13,False,215.48076754016276,0.5173458787944595
4229,Lance Macdonald DVM,M,36,EU,2019-11-05,Bronze,50,False,101.8352006627265,0.8348220007575862
4230,Jerry Waters,M,35,USA,2023-11-22,Bronze,1,False,131.04389519097754,0.2567176800602016
4231,Desiree Thomas,M,23,Asia,2020-07-25,Bronze,41,False,104.88239640855264,0.38441462439861634
4232,Amy Wright,F,38,EU,2019-05-16,Bronze,56,True,106.66898358264184,0.43019033006821084
4233,Erin Summers,M,18,USA,2019-11-25,Silver,49,True,148.15752396399787,0.5493311341430231
4234,Mr. Don Flores,F,26,Other,2022-06-18,Gold,18,False,191.0795030762927,0.4532005106592595
4235,Miss Kimberly Holloway,F,18,USA,2020-11-09,Bronze,38,True,98.52256462524763,0.17030491287204158
4236,Tina Harper,F,48,USA,2020-02-25,Bronze,46,True,86.8522897128521,0.6105496116909098
4237,Nicholas Moss,F,30,USA,2022-09-22,Bronze,15,False,99.77880907333535,0.7002181035240503
4238,Robert Campbell,M,54,Asia,2021-12-01,Silver,25,True,101.28924853110006,0.5648901721755281
4239,Jenny Cardenas,F,41,Asia,2019-11-11,Gold,50,True,206.93782072125933,0.43153254206998515
4240,Dean Thomas,M,37,USA,2022-07-08,Gold,18,False,151.80671914705624,0.5307032063812014
4241,Matthew Farmer,F,27,EU,2021-10-08,Silver,27,True,152.83293083938094,0.31746611021354576
4242,John Browning,F,22,USA,2022-04-24,Bronze,20,False,106.41916367615727,0.6591764326522906
4243,Mario Peters,F,38,Asia,2023-12-13,Silver,0,False,192.51207533959206,0.5746256352715333
4244,Olivia Rodriguez,M,32,EU,2021-11-08,Bronze,26,True,106.33540844851275,0.419980800119157
4245,Donald Mccarthy,F,19,EU,2021-08-16,Platinum,28,False,284.01882284409436,0.5123012788532695
4246,Christopher Anderson,M,18,Other,2020-10-26,Bronze,38,True,87.42266589085035,0.6547012069587864
4247,Becky Parrish,M,23,USA,2019-05-21,Silver,56,True,171.48965741846126,0.6746712394058137
4248,Jackie Stewart,F,51,USA,2022-11-18,Bronze,13,False,98.01757107736069,0.48885138058776295
4249,Krista Fuller,M,55,EU,2022-08-09,Bronze,17,False,84.95190418049478,0.8219806320735926
4250,Jennifer Nguyen,Other,35,Other,2019-01-12,Silver,60,True,154.60157210405578,0.7052079786908744
4251,Amanda Campbell,M,34,USA,2019-03-27,Silver,58,True,94.29170694897286,0.5791864092598087
4252,Laura Ware,F,29,USA,2020-05-22,Silver,43,True,152.39992846169105,0.44068124100796535
4253,Mitchell Anderson,M,23,USA,2019-11-03,Silver,50,False,126.58708083876158,0.4452334356276359
4254,Barry Hernandez,F,46,EU,2023-10-01,Bronze,3,False,93.47304513129987,0.5300850711828037
4255,Teresa Young,F,51,USA,2020-11-28,Gold,37,True,279.7677539697847,0.4834537132946459
4256,Valerie Morgan,F,24,EU,2021-01-21,Gold,35,False,180.5884431590055,0.755057043355691
4257,Paul Vasquez,M,32,Other,2019-04-20,Bronze,57,True,115.79672296980652,0.3594456533343755
4258,Kelly May,F,28,EU,2021-10-20,Gold,26,False,241.96855725423495,0.575856168664544
4259,Christopher Carson,M,28,USA,2020-02-09,Platinum,47,True,351.2256571956025,0.1997280946802083
4260,Joan Wilson,M,44,EU,2023-03-22,Silver,9,False,161.13491840665517,0.5565737551469032
4261,Debbie Allen,M,19,USA,2023-04-08,Bronze,8,False,77.84746375999839,0.6307862006959383
4262,Kristin Williams,F,37,Asia,2019-02-25,Silver,59,True,130.4835637090295,0.7160546684035031
4263,Courtney Williams,M,40,EU,2023-03-13,Bronze,9,False,76.68468085941964,0.411281656572705
4264,David Hernandez,F,31,USA,2022-05-17,Silver,19,False,139.4413225356677,0.3931973690832151
4265,Kathryn Morris,F,41,EU,2020-07-23,Silver,41,True,139.79040564339968,0.6534994998319505
4266,Meagan Smith,M,34,EU,2023-11-07,Gold,1,False,163.44964541857223,0.6792479536175243
4267,Katherine Caldwell,F,45,EU,2020-05-15,Silver,44,True,166.42059928715886,0.4659373883228328
4268,Krista Williams,M,18,USA,2020-11-14,Bronze,38,False,90.13147254582117,0.20607613053865914
4269,Christine Aguilar,F,29,Asia,2022-02-25,Silver,22,False,139.11717023749344,0.34118204639419514
4270,Michael Perkins,M,32,Other,2019-06-16,Bronze,55,True,68.62287590240115,0.48612742594014985
4271,Steven Martin,F,18,EU,2020-10-17,Bronze,39,False,101.38555123455511,0.2872983949818868
4272,Joshua Herman,M,22,Other,2022-12-16,Bronze,12,False,98.11555262491345,0.6093091874688163
4273,Diana Hawkins,M,24,USA,2023-11-18,Bronze,1,False,88.01047206428623,0.38410077327284303
4274,Caitlin Harris,M,42,EU,2021-05-14,Platinum,32,False,322.8672701390953,0.4891463588570729
4275,Felicia Murphy,M,25,EU,2019-07-06,Silver,54,True,153.56600598869895,0.6642143745433067
4276,Bryan Mitchell,M,24,EU,2021-11-20,Silver,25,True,167.62723155118601,0.5551456624384117
4277,Larry Curtis,M,41,EU,2022-08-21,Bronze,16,False,112.65314212140217,0.7916560516489553
4278,Jennifer Lopez,M,18,USA,2020-05-15,Silver,44,True,171.45172505268286,0.7096643493567474
4279,Robert Newton,F,18,USA,2022-12-05,Silver,13,False,200.060868559022,0.3441669164838109
4280,Christina Hudson,F,29,USA,2019-11-26,Bronze,49,True,102.57196292883071,0.5889374838847752
4281,Sandra Craig,F,18,USA,2019-11-17,Platinum,50,True,243.23597493137305,0.5229361165009172
4282,Sabrina Ward,F,18,Asia,2023-01-01,Bronze,12,False,91.40098994528236,0.6780752773157173
4283,Mark Knight,F,38,USA,2022-07-13,Silver,17,False,137.90260193666768,0.5785047198844853
4284,Darlene Dixon,F,41,USA,2019-09-07,Bronze,52,True,81.60371969833014,0.4250375365919367
4285,Daniel White,M,40,EU,2022-10-19,Bronze,14,False,49.73306978547594,0.5714115098924581
4286,Jonathan Cortez,F,44,EU,2023-04-21,Gold,8,False,209.24895335529732,0.4446470751427479
4287,Judith Myers,M,45,Asia,2023-10-24,Silver,2,False,151.00999949383097,0.4030567332464462
4288,Tammie Castillo,F,18,EU,2022-11-05,Silver,14,False,207.41718655392526,0.483299472973209
4289,Rebecca Estrada,F,37,USA,2019-07-26,Gold,54,True,274.01643733542346,0.5373161198390782
4290,Angela Rodriguez,M,27,Asia,2020-11-09,Bronze,38,False,113.59649126306088,0.6950359312347764
4291,Andre Williams,F,25,EU,2020-08-04,Silver,41,True,166.8804233998693,0.4255012010434871
4292,Donald Smith,M,38,USA,2023-09-07,Bronze,3,False,83.40730058559058,0.2124989210326767
4293,Nicholas Ali,M,18,EU,2019-03-13,Silver,58,False,155.65898414008726,0.4704425529534351
4294,Jacob Brewer,M,18,Other,2023-01-08,Bronze,11,False,97.6693125227347,0.5384548029125914
4295,Natalie Watson,F,39,USA,2023-05-23,Bronze,7,False,102.91549337694181,0.527356196226829
4296,Matthew Evans,F,37,USA,2023-11-04,Platinum,1,False,253.86406246149988,0.46194101695276973
4297,Bryan Thomas,F,34,USA,2023-10-08,Bronze,2,False,108.38230343897891,0.6424418881546743
4298,Timothy Lucero,M,24,USA,2022-10-26,Bronze,14,False,72.61315788013495,0.5468498259458042
4299,Barbara Fields,F,40,EU,2022-12-27,Bronze,12,False,160.70986822333708,0.5904517954085499
4300,Rebecca Beard,F,39,EU,2019-04-16,Bronze,57,True,128.9413429780135,0.22445588520447496
4301,Carrie Rodriguez,M,33,USA,2019-10-26,Bronze,50,True,126.54450979991566,0.47395216947282515
4302,Jordan Tanner,F,21,Other,2021-10-13,Bronze,27,True,74.49249332005309,0.47912717168099006
4303,Denise Johnson,M,28,Asia,2020-03-10,Silver,46,True,101.37871994109365,0.7525879975184825
4304,Amy Holt,M,41,EU,2022-11-14,Silver,13,False,158.24313290597394,0.48406820229938297
4305,James Bennett,M,46,Asia,2019-07-20,Silver,54,False,140.86648518587802,0.4009773649207866
4306,Jeffrey Owens,F,29,USA,2023-01-10,Platinum,11,False,410.86355725250064,0.39217036212607187
4307,Adam Merritt,M,30,EU,2022-11-13,Silver,13,False,168.83308435829525,0.6468851034393815
4308,Tina Walter,M,31,EU,2020-11-28,Bronze,37,True,99.17515787722364,0.41293088859678495
4309,Michelle Harris,M,35,Asia,2022-07-08,Bronze,18,False,129.59766535058696,0.3720591134677189
4310,Michael Richmond,M,27,Asia,2020-11-24,Silver,37,True,155.46380000811652,0.6375077294824534
4311,Michael Patrick,M,18,USA,2021-08-20,Silver,28,True,156.86989152752534,0.5587917824148642
4312,Amanda Hart DVM,M,44,Other,2019-07-05,Bronze,54,False,120.84243671790055,0.464579686379717
4313,Michele Conner,F,50,USA,2020-11-21,Bronze,37,True,86.45004539546277,0.30085901416057625
4314,Natalie Mitchell,M,26,Asia,2021-03-21,Silver,33,False,180.5608255522472,0.5831389659832418
4315,Jacob Hoover,F,22,Other,2022-10-19,Silver,14,False,166.9808382920261,0.6240398969836858
4316,Jacqueline Winters,F,31,USA,2019-12-13,Silver,49,False,122.37806658194349,0.3570082241097119
4317,Kimberly Flores,M,31,Asia,2020-11-02,Bronze,38,False,139.16108190892135,0.5547240006383803
4318,Jennifer Carpenter,M,42,USA,2020-05-16,Silver,44,False,136.27591667467857,0.48489657065666303
4319,William Saunders,F,33,EU,2019-10-14,Silver,51,True,100.96554897620696,0.367390484667128
4320,Michael Preston,M,25,EU,2022-07-17,Gold,17,False,168.89651179811693,0.43337567582782666
4321,Jennifer Ali,M,19,EU,2022-01-27,Silver,23,False,118.92811318097694,0.49293987047222615
4322,David Taylor,M,41,Other,2023-10-03,Silver,3,False,155.87080509806037,0.3022482268901936
4323,Maria Hayes,F,38,EU,2022-11-16,Silver,13,False,198.6755331593723,0.5856231662697604
4324,Melanie Preston,F,43,EU,2019-12-09,Bronze,49,True,104.97398310505635,0.39344897518930755
4325,Thomas Mcgrath,Other,23,Asia,2021-11-07,Bronze,26,True,131.71725402593813,0.39942721810756
4326,Glenn Chen,F,51,Other,2019-09-02,Gold,52,False,242.66443819614943,0.5758369988425819
4327,Sarah Berry,M,18,USA,2020-02-11,Silver,47,True,70.00531104239644,0.43208891891076306
4328,Rebecca Summers,M,40,Other,2023-10-24,Silver,2,False,176.98407215258732,0.467674576949486
4329,Rodney Gilmore,M,18,USA,2023-04-11,Platinum,8,False,265.14098569607245,0.48416618920713816
4330,Kimberly Stone DDS,M,25,Asia,2021-08-14,Platinum,29,True,330.7622552843719,0.38372738096634074
4331,Joshua Dunlap,M,48,USA,2020-04-16,Silver,45,True,148.2637166116822,0.4223062725290608
4332,Melinda French,M,41,USA,2022-09-08,Bronze,16,False,155.7227493927333,0.4973436479809076
4333,Gabriel Copeland MD,M,27,EU,2022-10-23,Bronze,14,False,108.72136893557224,0.4976786580339626
4334,Kelly Weiss,M,27,EU,2022-06-28,Gold,18,False,223.3521247266385,0.5790548321099722
4335,Gregory Russell,M,34,USA,2019-12-27,Bronze,48,True,121.56508085454695,0.5856922554519474
4336,Ashley Bowman,F,38,USA,2022-11-22,Platinum,13,False,210.65319630214614,0.6828004915186713
4337,Ruben Woodard,F,45,EU,2020-05-15,Bronze,44,True,121.6691527255189,0.27404379424210046
4338,Aaron Leon,Other,28,Other,2023-04-16,Silver,8,False,143.53186271755376,0.6369420334931837
4339,Ashley Thomas,M,18,USA,2019-03-02,Silver,58,True,129.2564874609903,0.4489190604156143
4340,Travis Allen,M,34,USA,2022-12-04,Bronze,13,False,116.40061923508398,0.59874070975246
4341,Roger Weaver,M,28,EU,2020-07-01,Gold,42,True,140.46707104249617,0.5509133723354793
4342,Robert Johnson,M,19,USA,2021-07-07,Silver,30,True,178.1681673236032,0.4134164652796928
4343,Bryan Lopez,M,35,Asia,2020-11-11,Bronze,38,False,96.85029499205476,0.7280154026078043
4344,Andrea King,F,30,Asia,2023-11-18,Bronze,1,False,97.99718690268575,0.6141814526532746
4345,Jennifer Howard,Other,36,EU,2020-02-22,Silver,46,False,82.67387875260555,0.5631070231888966
4346,Michael Evans,M,24,USA,2020-11-25,Bronze,37,True,118.00840903166565,0.8285139586287614
4347,Daniel Patterson,M,37,Asia,2019-11-05,Gold,50,False,209.9050594902816,0.35385983851449443
4348,Karen Mendez,M,19,EU,2023-11-05,Bronze,1,False,90.65644535033263,0.5037621439475585
4349,John Johnson,M,24,Asia,2022-11-20,Bronze,13,False,81.45123680907629,0.5843186243103113
4350,Andre Haynes,M,30,EU,2023-08-17,Bronze,4,False,115.63162271574251,0.3399475832652181
4351,Janet Ryan,M,50,Asia,2021-08-04,Bronze,29,True,106.96365554286757,0.4004051291316706
4352,Michael Oliver,M,40,EU,2023-01-09,Bronze,11,False,100.10366855440418,0.6495031583393145
4353,Wesley Henry,M,43,EU,2019-01-14,Platinum,60,True,240.70480133170832,0.42554109510990595
4354,Andrew Freeman,M,47,Other,2022-02-09,Bronze,23,False,106.05573178374102,0.6307828479375389
4355,Karen Stephens,M,65,EU,2023-08-23,Bronze,4,False,104.86480200443981,0.40556096359583904
4356,Nathaniel Baldwin,M,33,EU,2022-03-13,Bronze,21,False,126.31780199264614,0.8030128368277665
4357,Jordan Curry,Other,47,USA,2019-11-16,Silver,50,True,114.07654716433484,0.14860361928918564
4358,William Johnson,M,43,EU,2020-03-20,Silver,46,True,128.52503617266703,0.6512948036626501
4359,Richard Bond,F,42,EU,2021-09-13,Silver,28,True,208.30839507296977,0.5376339118517934
4360,Jason Smith,F,50,USA,2023-12-09,Bronze,0,False,103.83085961893579,0.2704001820362497
4361,Scott Norman,F,28,USA,2022-07-21,Silver,17,False,157.5818807421909,0.4665441167572666
4362,Jill Shaw,F,28,EU,2023-09-12,Silver,3,False,178.97876326465357,0.21102287786499563
4363,Michael Price,F,36,Asia,2019-03-12,Silver,58,True,204.37130706137523,0.5528501435916162
4364,Martha Williams,F,31,EU,2020-10-10,Bronze,39,True,76.76292898543127,0.41046943657851925
4365,Melissa Henry,M,36,USA,2019-03-02,Silver,58,True,215.4550234576293,0.2075296962659141
4366,Elaine Martin,M,48,EU,2022-07-25,Bronze,17,False,99.1270667842079,0.524851018060769
4367,Gary Rodriguez,Other,28,USA,2023-11-22,Bronze,1,False,105.27698992056428,0.5217247077007883
4368,Ryan Gonzalez,F,29,EU,2022-03-05,Bronze,22,False,101.20129609956919,0.8160374705607107
4369,Mr. Reginald Roman,F,34,USA,2019-11-11,Bronze,50,False,129.9562802736634,0.6242006888852183
4370,Patricia Williams,F,30,USA,2023-11-26,Bronze,1,False,119.16916220486591,0.14187635396145976
4371,Gerald Vega,F,18,USA,2022-03-28,Silver,21,False,145.6512335728816,0.42074653878610957
4372,Crystal Wallace,F,27,USA,2023-04-24,Gold,8,False,154.92326543449332,0.6657082151495718
4373,Susan Garcia,F,39,USA,2021-11-02,Silver,26,False,142.71309833800066,0.25598447674092467
4374,Patrick Potts,F,47,USA,2019-11-21,Bronze,50,False,73.2518575909991,0.38426506147737294
4375,Jessica Richardson,F,21,EU,2019-11-10,Silver,50,True,176.73343480818022,0.5002713565267981
4376,Alicia Warren,F,21,EU,2021-11-08,Silver,26,True,129.64672064460703,0.4207939641472617
4377,Madison Rodriguez,F,33,USA,2020-07-20,Bronze,42,True,97.95098550774804,0.7386779595593993
4378,Douglas Grant,F,18,Asia,2022-01-10,Silver,24,False,185.1949361356883,0.5274714929611823
4379,Austin Baker,M,28,USA,2020-10-26,Silver,38,True,174.21196571892352,0.5049969272569128
4380,Heather Morales,M,18,EU,2023-10-11,Bronze,2,False,107.66389488143047,0.3624908575907765
4381,Susan Hutchinson,F,46,USA,2022-11-09,Bronze,13,False,84.08723693312643,0.33463521877660973
4382,Christopher Hudson,F,25,USA,2022-05-07,Bronze,20,False,109.70396374475472,0.5156032824200144
4383,Jill Barajas,M,49,EU,2022-04-12,Platinum,20,False,252.28105353642792,0.48797092720599977
4384,Dennis Jones,M,44,EU,2021-11-07,Bronze,26,True,109.88707996159334,0.31743332977482963
4385,Charlene Gutierrez,F,26,Asia,2019-11-16,Bronze,50,True,73.85897809224015,0.5351049173865554
4386,Crystal Hernandez,F,22,EU,2021-12-25,Bronze,24,False,124.14339999911516,0.5086075202032085
4387,Michael Smith,F,31,Other,2021-03-19,Gold,33,True,207.98199741917892,0.453764540932899
4388,Richard Rodriguez,F,31,USA,2021-10-16,Bronze,26,False,99.74457004229156,0.6788756946922351
4389,Lauren Smith,M,36,USA,2020-02-15,Silver,47,True,161.7355708653933,0.4981460166148834
4390,Breanna Mccall,M,25,USA,2021-11-14,Silver,25,False,146.53602635841546,0.46429359028064676
4391,Rebecca Lopez,M,40,USA,2019-02-13,Silver,59,False,152.04020089936833,0.6696755812402114
4392,John Garcia,F,35,EU,2022-01-03,Gold,24,False,251.65194212991278,0.47736180792620675
4393,Mark Weaver,M,29,EU,2020-11-13,Bronze,38,False,121.14263480999259,0.4397774439507011
4394,Brianna Martinez,F,25,USA,2021-12-26,Gold,24,False,228.51944602588884,0.32448166119809957
4395,Shannon Jones,F,31,Other,2021-06-07,Gold,31,True,210.07946060014177,0.5090954444283342
4396,Victoria Knight,F,24,Asia,2022-11-02,Gold,14,False,187.34166999518283,0.6398653942853785
4397,Paul Franco,F,33,USA,2022-06-10,Silver,19,False,182.18684151666133,0.4374557015844629
4398,Darin Baker,M,33,USA,2020-10-15,Gold,39,False,163.57854580663653,0.3006034044559658
4399,Jeffrey Harrell,F,35,USA,2019-01-03,Bronze,60,True,135.67968990375726,0.651639692616778
4400,Alyssa Powers,M,50,USA,2020-07-06,Bronze,42,True,114.2318392347364,0.6575428803712486
4401,Jeanette Obrien,M,31,USA,2022-12-25,Bronze,12,False,123.63667508918148,0.5877430787492066
4402,Nicole Anderson,M,43,EU,2019-11-14,Bronze,50,True,109.35646485062736,0.5144159758076812
4403,Rachel Oneal,M,35,USA,2021-12-04,Silver,25,False,146.32989913325122,0.5630156306017631
4404,Nicole Moore,F,30,USA,2021-11-15,Bronze,25,False,118.96705311393322,0.2674776668620901
4405,Donna Mejia,F,31,Other,2023-10-05,Bronze,2,False,71.85294370031073,0.4126775359216891
4406,Andre Jones,M,32,EU,2022-11-06,Silver,14,False,132.3412161428168,0.6013377165219909
4407,Steven Thomas,M,35,Other,2023-04-19,Gold,8,False,192.35696304039504,0.5507489582926678
4408,Jaclyn Long,F,23,USA,2020-11-18,Silver,37,True,108.57211377868083,0.6353821569917121
4409,Robert Stark,F,18,USA,2020-11-20,Gold,37,True,225.4814215284257,0.7300777302184385
4410,Joseph Murphy,M,39,EU,2019-11-06,Silver,50,True,187.97651904993702,0.31472946156167236
4411,Travis Dixon,F,41,USA,2022-08-04,Gold,17,False,131.64644913322388,0.5725358253928523
4412,Seth Barker,F,40,USA,2019-11-12,Bronze,50,True,91.69007489556697,0.46124457387232853
4413,Tammy Jacobs,F,34,EU,2019-10-24,Platinum,51,False,289.8250658295411,0.43302901185151815
4414,Laura Harrison,M,40,EU,2020-10-25,Bronze,38,True,106.45869096709555,0.8707778571196696
4415,John Peterson,F,40,EU,2020-06-24,Gold,42,True,234.1982825188096,0.26446393729379647
4416,Lynn King,F,40,EU,2022-11-14,Silver,13,False,141.63427887466656,0.4727055853304846
4417,Devon Roberts,F,24,EU,2020-11-07,Silver,38,True,178.22576171695522,0.46455954605243654
4418,Emily Bullock,F,22,USA,2022-04-02,Silver,21,False,152.65146228042437,0.5071504565619966
4419,Kylie Bailey,F,29,USA,2023-09-26,Gold,3,False,175.88616062356618,0.20413818136055367
4420,Roger Holmes,M,32,USA,2021-09-02,Gold,28,False,209.22411045142525,0.35283330829747506
4421,Dennis Coleman,F,30,USA,2023-11-26,Bronze,1,False,74.73469655394794,0.5073265015207118
4422,Patricia Zamora,F,18,Other,2020-11-21,Bronze,37,True,94.90860401160974,0.2907027040459895
4423,Randy Phillips,F,50,EU,2021-09-20,Bronze,27,False,96.4901199109002,0.643018226501588
4424,Heather Daniels,M,30,Asia,2021-09-04,Bronze,28,False,87.90365279759857,0.5869432083455179
4425,Robert Perkins,M,34,USA,2019-12-20,Bronze,49,False,150.65201394820338,0.2619173501598675
4426,Nathaniel Walter,F,45,USA,2021-09-23,Silver,27,False,189.04650558994786,0.46544654772485844
4427,Christine Tyler,F,18,USA,2022-12-03,Bronze,13,False,103.99615367861675,0.5563282850659331
4428,Catherine Holland,M,27,USA,2020-11-02,Silver,38,True,162.82976303946896,0.2936345112884069
4429,David Washington III,F,29,USA,2020-12-21,Bronze,36,True,110.33869947078065,0.26338116730516165
4430,Kimberly Thomas,M,29,Asia,2019-11-06,Silver,50,True,168.7369751952886,0.356367796820399
4431,Dawn Levy,Other,31,EU,2019-08-14,Bronze,53,True,131.2416335947902,0.903120691953875
4432,Victoria Smith,F,47,EU,2020-12-08,Silver,37,False,177.82351292480485,0.6641507120645352
4433,Timothy Reilly,M,39,EU,2019-05-11,Silver,56,True,90.42905165980802,0.40871078295545304
4434,William Silva,F,42,Other,2021-03-19,Bronze,33,False,116.67158845629208,0.30033533017975655
4435,Keith Gonzalez,F,33,USA,2021-01-15,Bronze,36,False,83.26590018835614,0.37620192407650976
4436,Jeffrey Holden,M,19,USA,2022-11-20,Bronze,13,False,88.91569265189062,0.7283527130600616
4437,Karen Hughes,F,18,USA,2019-11-20,Gold,50,True,239.25283863851953,0.8050649900346839
4438,Christopher Ward,M,18,Asia,2020-05-20,Silver,44,False,94.10487553002456,0.37821875466194615
4439,Amy Boone,F,36,Other,2023-05-23,Silver,7,False,201.37718910389566,0.5466636470037496
4440,Joshua Adams,M,33,USA,2020-04-20,Bronze,45,True,116.34658993200924,0.46066409659372204
4441,Tammy Mcdaniel,M,30,Asia,2023-12-14,Bronze,0,False,106.67426866513361,0.6905476040006395
4442,Steven Knight,M,29,Asia,2023-11-23,Bronze,1,False,116.67709281146168,0.335909276494859
4443,George Weber,M,53,USA,2022-12-04,Bronze,13,False,122.96980205373337,0.6468493283719413
4444,Jeffrey Hall,F,24,USA,2023-12-10,Bronze,0,False,104.45778189495472,0.29897889875455297
4445,Laura Adams,M,42,EU,2021-11-08,Bronze,26,True,115.48085317522668,0.642163308490755
4446,Sara Hernandez,M,33,Other,2021-05-05,Silver,32,True,120.60377257503086,0.3723905962461161
4447,Emily Robinson,F,32,USA,2022-09-18,Bronze,15,False,116.23864498003937,0.45283276753103163
4448,Samantha Harris,F,44,Asia,2020-06-25,Bronze,42,True,112.15394892492645,0.4031864121060094
4449,Tiffany Davis,F,47,USA,2020-05-25,Silver,43,False,193.17676585367167,0.7941704370571017
4450,Veronica Nelson,F,30,Asia,2020-11-17,Silver,38,False,155.22427900409264,0.6490989106546461
4451,Mr. Ryan Walker,F,40,EU,2020-06-05,Silver,43,False,159.192760593475,0.43829729221236424
4452,Christopher Thompson,M,36,EU,2021-10-03,Bronze,27,True,81.53360936505447,0.3762872106389201
4453,Brian Allen,M,33,Asia,2021-12-10,Gold,25,True,199.9780909337848,0.6970399974799524
4454,Kevin Greene,F,35,Asia,2022-11-27,Gold,13,False,224.4550117079471,0.0
4455,Daniel Garcia,M,26,Asia,2022-04-21,Bronze,20,False,114.12174845903972,0.5718766780245698
4456,Micheal Ramos,M,29,USA,2022-11-04,Bronze,14,False,134.26292706939847,0.35610676120121787
4457,Janice Gilbert,M,27,EU,2020-10-19,Gold,38,True,218.4594173091303,0.8381243293855913
4458,Joshua Nelson,M,42,USA,2020-06-23,Gold,42,True,196.28955347015292,0.9096063308526192
4459,Katherine Clarke,F,32,EU,2021-08-05,Bronze,29,True,111.13332298630928,0.5046035075351438
4460,Erica Porter,F,20,EU,2021-06-01,Bronze,31,True,88.85156120517426,0.4451831066776389
4461,Sara Obrien,F,25,EU,2019-09-04,Gold,52,False,253.00237725452328,0.5102010209910554
4462,Michael Burke,F,18,EU,2019-11-01,Bronze,50,False,86.12946038874577,0.40675788274154756
4463,Jamie French,M,28,Other,2020-01-15,Gold,48,True,183.79351901854986,0.38083493817633035
4464,Ernest Sullivan,M,33,USA,2021-03-03,Bronze,34,False,78.49003736484252,0.5351852909006207
4465,Earl Hall,Other,31,EU,2020-08-27,Gold,40,False,203.31425126908078,0.5935626582660164
4466,Julie Johnson,M,52,USA,2023-02-10,Bronze,10,False,112.90369950145823,0.5199912362163531
4467,Dana Wolfe,M,38,USA,2019-04-26,Bronze,57,False,133.0654927664408,0.5435155061757766
4468,Robert Price,F,38,USA,2022-11-05,Platinum,14,False,296.55673581229655,0.4051165813162692
4469,James Henry,F,18,Other,2020-02-22,Bronze,46,False,95.51170307202162,0.3599271501715476
4470,Susan Davis,M,29,Asia,2023-12-11,Bronze,0,False,46.62884436153281,0.3584651093969516
4471,Darryl Richardson,F,28,Other,2022-02-17,Gold,22,False,208.925353370127,0.6157925536045581
4472,Karen Jackson DVM,Other,25,Other,2023-07-26,Bronze,5,False,100.55199308569838,0.5119423201621065
4473,Linda Patrick,M,25,USA,2021-03-09,Bronze,34,True,100.31596420665537,0.530228927292753
4474,Veronica Diaz,F,18,USA,2021-11-13,Bronze,25,True,130.1161259976275,0.5512001087834606
4475,Ann Moon,M,20,EU,2021-11-14,Silver,25,False,166.38390076484822,0.49132717202536774
4476,Michael Williams,F,41,EU,2022-02-09,Silver,23,False,137.5170643808844,0.5162685803072727
4477,Timothy Chavez,F,31,EU,2022-11-17,Gold,13,False,163.76975511917323,0.6943718331429922
4478,Scott Ramirez,F,27,USA,2021-09-07,Silver,28,True,115.28032383565042,0.6165374054803435
4479,Crystal Collins,M,32,EU,2022-11-16,Bronze,13,False,91.08857798676256,0.4741463927543074
4480,Crystal Davis,M,44,EU,2021-03-20,Bronze,33,True,107.48022101421894,0.4291719183332178
4481,Matthew Mueller,M,33,USA,2020-12-13,Gold,37,True,115.61216961960892,0.6540920601629909
4482,Teresa Thompson,F,38,EU,2021-11-14,Silver,25,True,145.9485870828924,0.5499156216694995
4483,Teresa Jacobson,M,24,EU,2019-08-18,Gold,53,True,232.07315468789153,0.45380169762452816
4484,Robert Gonzalez,M,26,EU,2020-11-28,Platinum,37,True,237.88122784270794,0.3062976872561461
4485,Andrea Garcia,M,36,USA,2021-12-11,Bronze,25,True,96.43668552194498,0.7541064163531066
4486,Cassandra Martinez,M,51,Asia,2019-09-27,Silver,51,True,120.25258589953907,0.33094280048141794
4487,Philip Cummings,M,47,USA,2021-12-02,Silver,25,False,68.7547789188717,0.54266402365101
4488,Timothy Sanchez,F,38,USA,2020-12-22,Bronze,36,False,83.99279079988054,0.7737862037265519
4489,Scott Miranda,M,34,Asia,2021-05-06,Bronze,32,False,78.72923707458544,0.4488167227964725
4490,Alicia Wagner,M,47,EU,2022-02-05,Gold,23,False,231.00413627904967,0.49317840410519787
4491,Chad Williams,F,40,USA,2021-07-03,Silver,30,True,164.41608985275485,0.6280591653123315
4492,Carlos Hensley,F,18,EU,2020-09-27,Silver,39,True,118.7459235052259,0.321029649165272
4493,Laura Ramirez,M,22,EU,2023-02-07,Silver,10,False,188.77947331028764,0.24952987485196915
4494,Christopher Rodriguez,M,36,Asia,2021-03-03,Silver,34,True,171.75614265056464,0.4464343057119229
4495,Mark Webster,F,18,Asia,2022-12-13,Bronze,12,False,94.87113903310896,0.512105687777588
4496,James Smith,M,24,EU,2020-11-27,Silver,37,False,159.90166884102285,0.5104090214649271
4497,Robert Byrd,F,26,EU,2019-11-23,Bronze,50,False,81.09256182487304,0.7125803062882012
4498,Joshua Powell,M,30,USA,2023-12-02,Gold,1,False,101.52190704986444,0.35811486830503025
4499,Tonya Harding,M,30,USA,2021-08-24,Silver,28,False,152.726282636902,0.4784433712228953
4500,Larry Higgins,M,30,EU,2020-11-02,Gold,38,True,145.4357388525736,0.7260902344252498
4501,Nicole Mills,F,41,EU,2022-04-18,Bronze,20,False,95.46330722059636,0.45832329651959464
4502,Jonathan Porter,F,30,EU,2022-10-04,Platinum,15,False,324.66050436941396,0.7980463506493611
4503,Christine Greene,M,29,USA,2020-04-26,Gold,44,False,122.25376582339129,0.46485553267103424
4504,Edwin Munoz,F,19,USA,2022-04-17,Silver,20,False,156.1995818825401,0.3958938264892104
4505,James Brooks,M,43,EU,2023-02-11,Bronze,10,False,116.5289149340455,0.49412536861043915
4506,Craig Smith,M,26,USA,2019-11-07,Bronze,50,False,58.42079065251674,0.5389387861030973
4507,Mark Thomas,F,22,Asia,2022-12-02,Silver,13,False,171.16313278056825,0.4382680981096854
4508,Rachel Curry,M,35,USA,2022-03-15,Silver,21,False,206.96942676368917,0.5597208812845805
4509,Elizabeth Sanchez,F,25,EU,2019-09-14,Bronze,52,True,94.89845811952753,0.4776235609136963
4510,Darren Gonzales,F,27,Other,2023-02-14,Silver,10,False,172.2125576110711,0.6904225859355594
4511,Mr. John Khan,F,35,USA,2023-11-06,Silver,1,False,119.85961306514686,0.5761838933318326
4512,Jason Williams,F,29,EU,2023-04-05,Bronze,9,False,118.40464867916414,0.5016142635606832
4513,Stephanie Livingston,M,56,USA,2022-01-14,Bronze,23,False,110.20276878020323,0.4525239761388985
4514,Anthony Marshall,M,32,EU,2022-08-21,Bronze,16,False,104.35507721595351,0.6204262279691771
4515,Matthew Hamilton,M,39,EU,2023-12-04,Bronze,0,False,103.21720488466421,0.5046752896681966
4516,Heather Hunt,M,18,EU,2022-11-14,Bronze,13,False,107.88897455270765,0.432128740628131
4517,Timothy Melton,F,24,EU,2021-11-05,Gold,26,False,197.43999891846448,0.3915289438011043
4518,Harold Lee,M,22,Asia,2022-11-12,Bronze,13,False,80.54139730873888,0.6049094972792031
4519,Carol Gay,F,23,USA,2023-02-27,Bronze,10,False,97.04297395589523,0.42925472947145576
4520,Michael Nelson,M,37,USA,2020-01-25,Bronze,47,False,99.04631335727596,0.45501167155829897
4521,Daniel Meyer,F,43,Asia,2023-11-13,Platinum,1,False,229.5656164990036,0.5829886140296625
4522,Jamie Lindsey,F,36,EU,2020-04-12,Bronze,45,False,97.79033226299343,0.6606346680559515
4523,Marc Mitchell,F,30,Asia,2022-02-28,Platinum,22,False,296.2949113721183,0.589272941759465
4524,Jose Martinez,M,26,EU,2022-11-17,Bronze,13,False,89.58758305370898,0.6279144254534955
4525,John Gallagher,F,44,Asia,2020-01-18,Bronze,48,True,107.04581415118068,0.6064366190991733
4526,Richard Chandler,M,53,EU,2023-11-12,Silver,1,False,167.68582251691691,0.5012454055606942
4527,Andrea Donaldson,M,34,Asia,2019-04-23,Silver,57,False,130.0894810405073,0.5591875873164978
4528,Jamie Guerrero,M,42,Other,2019-03-09,Silver,58,False,154.47390331680515,0.7738838212933103
4529,Nathan Adams,F,36,EU,2023-11-19,Gold,1,False,236.36768649538513,0.470609488622595
4530,Thomas Davis,M,40,USA,2022-11-22,Bronze,13,False,79.79261868595648,0.3361325988115445
4531,James Williams,F,21,USA,2020-11-21,Silver,37,True,100.1034100501719,0.12104344183031213
4532,Troy Lee,Other,28,USA,2020-02-25,Silver,46,True,121.76552325421412,0.7903363125752088
4533,Jennifer Mckenzie,M,36,USA,2023-01-15,Gold,11,False,221.07569073511908,0.7971210427832667
4534,Joshua Scott,M,45,USA,2023-11-09,Bronze,1,False,90.86573610884186,0.35137139835429587
4535,April Jones,F,24,EU,2021-06-13,Bronze,31,True,75.2291666111362,0.6928946278722701
4536,Deborah Webb,M,18,EU,2020-11-15,Silver,38,True,188.0819417782052,0.6548804571732372
4537,John Zavala,F,28,EU,2021-09-12,Platinum,28,True,229.17939363806335,0.5961835360872845
4538,Katherine Miller,M,43,EU,2022-09-10,Bronze,15,False,96.58845572158093,0.5754796181677502
4539,Steven Jensen,F,18,USA,2020-11-03,Bronze,38,True,114.73147298230548,0.3883049951249743
4540,Sarah Sosa,M,21,USA,2023-11-26,Bronze,1,False,113.40270737594088,0.5193975234108693
4541,Justin Small,M,34,USA,2023-11-10,Silver,1,False,162.5194500839017,0.5521951870857089
4542,Erin Ortega,F,31,EU,2022-11-18,Bronze,13,False,86.64096149572835,0.510460589034665
4543,Mary Conley,M,38,USA,2019-10-10,Bronze,51,True,111.15799076222524,0.4917904035274264
4544,Melanie Drake,M,20,USA,2021-12-04,Silver,25,True,150.44302432826362,0.6950587123012011
4545,Danielle Briggs,M,29,EU,2023-11-28,Bronze,1,False,108.13118069108921,0.6523528804050555
4546,Dillon Case,M,44,Asia,2020-07-28,Bronze,41,True,127.41282163114367,0.6311364786387197
4547,William Esparza,F,21,USA,2020-11-25,Bronze,37,True,76.12504975532231,0.6398578912145378
4548,Kevin Solis,F,47,EU,2020-11-03,Bronze,38,False,107.70465559945401,0.5343988518542226
4549,Roger Peters,F,22,EU,2022-10-20,Bronze,14,False,102.84283008735568,0.674899706826856
4550,Colleen Blanchard,F,41,Asia,2019-11-18,Bronze,50,True,118.88706654709495,0.32028254428713687
4551,Christian Garcia,M,29,Other,2021-12-17,Bronze,24,False,135.5663219001082,0.5104336427314484
4552,Heidi Newton,M,21,USA,2020-04-05,Silver,45,True,202.41478703183145,0.6062074197671953
4553,Gary Miller,F,28,USA,2020-02-20,Bronze,47,True,116.70010681285551,0.5815170620678677
4554,John Hebert,F,38,Asia,2023-11-10,Silver,1,False,132.03941377779188,0.5561529319600709
4555,Erik Small,M,32,EU,2019-10-02,Bronze,51,True,91.55391019150369,0.6390631387050995
4556,Robert Moore,M,44,EU,2023-03-22,Bronze,9,False,114.42778581061027,0.7161563029785969
4557,Andre Pace,F,47,EU,2022-08-21,Gold,16,False,148.5379107994239,0.34046878238304173
4558,David Koch,F,21,EU,2022-06-01,Bronze,19,False,95.33015496333238,0.5450538763102944
4559,Tyler Chapman MD,F,20,Other,2021-04-16,Bronze,33,True,85.23609223676849,0.3916503218934028
4560,Donna Bishop,M,19,Other,2022-01-10,Gold,24,False,152.93011228518668,0.6605058769965989
4561,Christopher Murphy,F,24,Asia,2021-06-03,Silver,31,False,157.43405047883851,0.6085981310952161
4562,Bradley Miller,M,44,USA,2023-11-04,Silver,1,False,173.68751885612133,0.3544499067849235
4563,Alejandra Fernandez,M,38,Asia,2020-11-01,Silver,38,True,168.0089849949476,0.4989983210062049
4564,Brandon Cordova PhD,F,27,USA,2020-12-28,Bronze,36,True,102.36350783815485,0.2748297011858958
4565,Wendy Smith,M,32,USA,2019-11-12,Platinum,50,True,278.86414543802744,0.6424790010681165
4566,Casey Terrell,M,47,Asia,2022-12-13,Gold,12,False,179.01519181165577,0.4196260105724793
4567,Michael Serrano,Other,52,USA,2019-09-27,Bronze,51,True,117.42896422502575,0.33046855071859127
4568,Kenneth Williams,F,35,USA,2019-02-08,Gold,59,False,179.53997045773295,0.4481580024897625
4569,Erin Williams,F,18,USA,2020-11-19,Bronze,37,False,89.19803058549928,0.5875782258682335
4570,Virginia Mendez,M,35,Asia,2022-11-05,Silver,14,False,162.334747545971,0.5430349896096581
4571,Cheryl Jackson,M,42,EU,2020-11-12,Bronze,38,False,80.37833910632688,0.4266339745317852
4572,Wyatt Rodriguez,F,35,EU,2019-11-19,Silver,50,True,152.55504208210206,0.48425834804675977
4573,Lisa Fox,F,40,USA,2022-01-04,Bronze,24,False,89.41611990827515,0.45623496576585076
4574,Diane Brown,F,36,Asia,2020-12-15,Silver,37,True,129.8565378823839,0.3598879690698267
4575,Debbie Schneider,M,20,Asia,2021-06-25,Bronze,30,True,95.00087089580542,0.22015032801272216
4576,Anne Obrien,M,24,USA,2021-08-13,Bronze,29,True,115.08899586203881,0.49903390311012996
4577,Amanda Phelps,Other,29,EU,2023-08-13,Silver,4,False,155.3026859628297,0.5877510160764542
4578,Melissa Patrick,F,43,USA,2023-12-03,Gold,0,False,211.72498965114013,0.49760871147750674
4579,Jordan Carter,M,25,Other,2022-10-08,Bronze,15,False,115.17888924181045,0.8074620237895301
4580,Jennifer Roman,M,37,EU,2023-09-22,Gold,3,False,224.94768207217896,0.4106322959950125
4581,William Parker,M,36,Other,2022-12-06,Bronze,13,False,96.42824218672054,0.49371720328167007
4582,David Hernandez,M,48,USA,2019-03-17,Gold,58,True,222.26085385550542,0.5729145741337851
4583,Bobby Matthews,M,32,Asia,2021-07-28,Silver,29,True,144.94681035870923,0.5661051697543903
4584,Brian Cole,M,18,Asia,2022-10-11,Gold,14,False,217.5291508827519,0.4616159844828475
4585,Benjamin Townsend,F,39,EU,2019-03-07,Silver,58,False,181.24855563406157,0.49186750172446203
4586,Lauren Higgins,M,54,Other,2021-09-15,Silver,27,True,165.61914503433937,0.48750113742083007
4587,Bryan Newman,Other,40,USA,2020-09-04,Bronze,40,True,75.07183185123752,0.602489602166914
4588,Kristen Matthews,M,25,USA,2019-09-08,Platinum,52,True,270.1929762336086,0.39576478803210313
4589,Christine Kennedy,F,22,EU,2020-02-25,Gold,46,True,225.90265801476647,0.13493867529190778
4590,Christopher Lee,M,23,Asia,2023-12-02,Bronze,1,False,56.89837383375903,0.44853295270399507
4591,Andre Farrell,F,53,EU,2022-08-24,Bronze,16,False,106.47170142373281,0.7531771001869481
4592,Cody Jimenez,Other,29,USA,2021-10-11,Silver,27,True,158.02064233459012,0.6201921786541731
4593,Jennifer Fletcher,F,26,EU,2023-06-08,Platinum,6,False,463.6408613274875,0.2647053934880963
4594,Casey Murphy,F,31,USA,2019-03-22,Bronze,58,True,108.64559159966632,0.601264901635251
4595,Jennifer Edwards,M,29,EU,2023-12-19,Gold,0,False,195.6603463047513,0.5312648251686306
4596,Lacey Graves,F,48,EU,2020-01-05,Bronze,48,True,123.2734722055207,0.4437599616286144
4597,Richard Best,F,22,Asia,2020-08-18,Platinum,41,False,279.33602818960674,0.33828194682497603
4598,John Mcneil,Other,44,USA,2022-11-06,Silver,14,False,151.26806344749005,0.37796142986195225
4599,Stephen Allen,M,34,EU,2023-07-19,Bronze,5,False,101.77698960484507,0.41600973805919284
4600,Tina Solomon,Other,45,USA,2021-09-20,Bronze,27,True,112.00441023545598,0.7752876728318665
4601,Jennifer Townsend,M,48,USA,2020-10-25,Silver,38,False,122.3014295251227,0.5960157619944998
4602,Michelle Mcbride,M,33,Asia,2019-12-26,Silver,48,False,175.00518610856864,0.39356205131533206
4603,Aaron Webb,M,29,Other,2023-03-05,Gold,10,False,178.97046288085588,0.41869972148854845
4604,Kathryn Clark,M,33,USA,2021-11-13,Silver,25,True,211.7831039867556,0.49438272077876805
4605,Matthew Doyle,F,32,Asia,2021-04-23,Silver,32,False,104.60664638411872,0.43502349590753386
4606,Kiara Preston,F,18,Asia,2021-11-12,Gold,26,True,169.70562535958024,0.5023519063082866
4607,Lisa Salazar MD,F,48,Asia,2021-07-09,Silver,30,True,89.12132268495334,0.47814006089786787
4608,Rebecca Gibson,F,35,USA,2020-11-05,Gold,38,True,318.59405319132554,0.51459067371167
4609,Kimberly Ryan,F,21,Other,2022-11-17,Gold,13,False,150.92365339174611,0.20025252880114242
4610,Amanda Cook,F,18,USA,2023-09-18,Gold,3,False,230.40202694169125,0.6200435649516356
4611,Mark Conner,M,18,USA,2020-08-03,Bronze,41,False,114.54071087561151,0.4159802577287877
4612,Shawn Hickman,F,40,USA,2022-12-19,Silver,12,False,122.81993540350045,0.6360273605317536
4613,Lisa Hall,F,26,EU,2021-01-15,Bronze,36,True,115.46069182638777,0.8294109683655833
4614,Kevin Cole,F,28,USA,2019-10-17,Bronze,51,True,78.62020176700291,0.28209961823967
4615,Matthew Williams,F,37,USA,2021-11-09,Bronze,26,True,83.72893709400336,0.5147645520863794
4616,Tanner King,F,27,USA,2022-11-25,Gold,13,False,137.5239838603892,0.4369883801975763
4617,Joseph Williams,M,38,Asia,2022-07-28,Bronze,17,False,113.39317513635868,0.55922191759721
4618,Joann Sanders,M,33,Asia,2019-11-04,Bronze,50,True,60.82284881662852,0.18389794943231114
4619,Tyler Lang,F,32,USA,2020-01-09,Bronze,48,True,107.86916052703258,0.44626414850479756
4620,Robert Payne,F,18,Asia,2019-11-04,Bronze,50,True,97.52790475537424,0.3772066610853686
4621,Jonathan Cisneros,F,24,Asia,2021-11-24,Silver,25,True,202.2907583747679,0.744054307051568
4622,Margaret Torres,M,39,Asia,2023-12-03,Bronze,0,False,100.6522334982627,0.7788953703205681
4623,Amber Zhang,M,26,USA,2020-05-09,Bronze,44,True,116.95935165502695,0.45708183909904193
4624,Matthew Roberts,F,45,EU,2023-11-11,Silver,1,False,165.34008492775288,0.32791157015816064
4625,David Hays,M,56,Other,2023-01-11,Bronze,11,False,97.93611066764953,0.3742109168097334
4626,Erin Gardner,F,39,EU,2020-10-20,Bronze,38,True,122.29843821637877,0.5058580669699714
4627,Michael Miller,M,47,USA,2021-09-08,Gold,28,True,215.19596718855487,0.289799776493686
4628,Theresa Smith,M,40,EU,2022-11-02,Gold,14,False,235.94776468479432,0.5778587862978329
4629,Paul Scott,F,27,EU,2021-11-16,Bronze,25,False,81.44459435306406,0.47055961535519425
4630,Megan Perry,M,35,EU,2022-09-23,Bronze,15,False,110.56555650397723,0.5534489081427191
4631,Christina Martin,F,53,USA,2022-01-02,Gold,24,False,232.0701622554801,0.5591592587604706
4632,Timothy Collins,F,27,USA,2020-11-21,Bronze,37,True,78.21992438125355,0.7069124297030964
4633,Kimberly Jones,M,22,Asia,2020-02-25,Silver,46,True,147.78374330996778,0.595253470636361
4634,Dr. Sarah Smith,F,21,Asia,2019-07-21,Silver,54,True,97.84981676057515,0.5439437882665734
4635,Richard Bauer,F,30,USA,2023-10-20,Silver,2,False,102.39000066135068,0.5373867820781548
4636,Traci Wilson,M,22,Other,2023-07-24,Platinum,5,False,296.40738412473024,0.2032599383345834
4637,Bryan Miranda,M,49,USA,2023-11-05,Bronze,1,False,136.00468274670126,0.5269490710476726
4638,Julie Martinez,M,35,EU,2023-11-09,Bronze,1,False,137.5508904669465,0.5918212380189232
4639,Diana Miller,F,42,Asia,2019-11-25,Silver,49,True,140.852692175107,0.4818168449233379
4640,Heather Hughes,F,30,Asia,2022-11-02,Platinum,14,False,242.91122880486296,0.7497235446912451
4641,Tony Swanson,F,21,Other,2019-10-26,Gold,50,False,237.08564588327405,0.277190340894512
4642,Lisa Montes,F,19,USA,2020-06-09,Silver,43,True,89.89332950869967,0.3890209897516824
4643,Wendy Martin,F,23,Asia,2021-11-11,Gold,26,True,183.87297573767523,0.4047159769789579
4644,Joseph Norris,F,36,USA,2022-11-08,Bronze,13,False,85.03651017995008,0.5013898927883361
4645,William Todd,F,38,Asia,2022-11-26,Bronze,13,False,98.27363754189592,0.4030275508799853
4646,Gerald Price,M,39,Asia,2019-04-07,Bronze,57,True,127.50637025570339,0.313917652127333
4647,Ashley Hunt,F,18,EU,2020-10-06,Bronze,39,True,48.23402490921389,0.4466324565568488
4648,Christy Lee,F,32,USA,2020-09-20,Silver,39,False,159.31067970431545,0.6522189623241045
4649,Patricia Adkins,F,22,Asia,2022-07-27,Gold,17,False,213.7294382388711,0.6131279346343262
4650,Willie Perez,F,37,USA,2019-10-15,Silver,51,True,148.17035122600362,0.3957625933717497
4651,Susan Snyder,M,37,USA,2023-10-15,Silver,2,False,158.74134715519108,0.4439979287632137
4652,Jasmine Day,F,21,Asia,2022-11-07,Bronze,14,False,110.28526413727312,0.38335450451587744
4653,Andrew Chavez,M,42,EU,2023-10-28,Silver,2,False,154.7499512391365,0.3107809276563819
4654,Henry Huerta,F,56,Asia,2021-11-28,Bronze,25,False,59.299881254337386,0.5640465424431012
4655,Mariah Perry,M,41,USA,2020-12-22,Silver,36,False,123.32400712360489,0.3078326903174844
4656,Tracy Atkins,F,31,USA,2022-11-08,Bronze,13,False,131.95188508547955,0.5994284383264403
4657,Ryan Wheeler,F,29,Asia,2021-06-17,Silver,30,True,114.98908424441966,0.7727963942363651
4658,Audrey Taylor,F,30,EU,2023-09-19,Bronze,3,False,101.6122832712656,0.5563521621767242
4659,Zachary Swanson MD,M,25,USA,2022-05-24,Silver,19,False,128.36017051692727,0.5934143975499938
4660,Amanda Conley,Other,35,Asia,2021-10-02,Bronze,27,True,111.89612764078716,0.5891421223290864
4661,Eric Short,F,21,EU,2022-11-09,Bronze,13,False,95.94717920338672,0.4266997185374737
4662,Scott Brown,F,18,EU,2021-02-02,Bronze,35,True,113.09475688209363,0.5554969532013685
4663,Victor Taylor,M,35,EU,2021-03-13,Silver,34,True,161.49110365676268,0.5468549148577027
4664,James Hernandez,F,33,Asia,2023-01-25,Silver,11,False,138.30669673070682,0.40611638519858234
4665,Jason Jones,M,27,Asia,2020-08-12,Gold,41,True,110.83622284322306,0.12255272431323083
4666,Angela Parker,F,20,Asia,2019-11-23,Silver,50,False,124.00802895386842,0.3428122969905023
4667,Alexander Zavala,M,35,USA,2021-09-04,Bronze,28,True,75.87418505325425,0.3586874139901618
4668,Michael Kane,F,23,Asia,2020-11-19,Silver,37,True,113.58509877537034,0.575150386939669
4669,Lindsey York,F,31,EU,2019-10-08,Bronze,51,False,110.07051222457841,0.2781639497675218
4670,Brandon Baker,M,50,EU,2023-02-26,Bronze,10,False,140.49224701417415,0.7806370985176312
4671,Stephen White,F,39,USA,2022-04-13,Silver,20,False,76.0446847733979,0.7443848807554255
4672,Robert Hall,F,19,Asia,2020-12-27,Bronze,36,True,69.87485502569523,0.657826974679139
4673,Ryan Pierce,M,20,Asia,2022-09-14,Bronze,15,False,104.6418345856205,0.4234885790531162
4674,Shannon Cain,F,34,USA,2022-08-07,Silver,17,False,142.39758573917834,0.18821610049596682
4675,Laura Vaughn,M,19,EU,2019-11-26,Silver,49,False,163.59953840067973,0.6248275599007068
4676,Juan Evans,M,18,Asia,2020-01-28,Silver,47,True,148.5964531066383,0.3878174221308103
4677,Nicole Williams,M,38,USA,2021-11-01,Bronze,26,True,126.350892037357,0.6181315497020632
4678,Jennifer Barrett,F,36,Other,2019-05-11,Gold,56,True,222.8134343317204,0.5901843354513981
4679,Anthony Jones,M,37,EU,2020-05-23,Silver,43,True,176.3087270519858,0.43399264487467637
4680,Leah Rodriguez,F,35,EU,2021-08-17,Gold,28,True,240.71780956765636,0.31697617873152933
4681,John Ward,F,32,USA,2022-12-17,Silver,12,False,114.22153911897587,0.528078102785035
4682,Deborah Garza,M,26,USA,2023-06-15,Silver,6,False,167.61535531915226,0.26454533408673747
4683,Rebecca Miller,F,38,Other,2023-07-27,Bronze,5,False,112.85717174081041,0.5421692238932163
4684,Matthew Carroll,M,48,USA,2019-07-21,Silver,54,True,139.74932470283002,0.5705240702911591
4685,Lynn Smith,F,27,Asia,2021-04-10,Silver,33,True,139.557992107477,0.4010720851427738
4686,Michael Jackson,M,22,USA,2021-06-16,Bronze,30,True,93.59866675126493,0.2745297027538365
4687,Sharon Hicks,M,21,USA,2023-10-05,Silver,2,False,123.61679507046472,0.7442401838731547
4688,Abigail Mills MD,F,24,USA,2021-03-28,Silver,33,True,108.58730941750667,0.4197790738915697
4689,Paula Lopez,F,35,EU,2020-05-02,Silver,44,True,214.36857930597063,0.4689078080365614
4690,Amy Clark,M,18,Other,2020-01-07,Bronze,48,False,121.60277585068198,0.6637140779749583
4691,Cheryl Rose,F,37,USA,2023-09-03,Bronze,4,False,100.51923074088984,0.4147540111774637
4692,Jared Garza,M,39,USA,2022-09-15,Bronze,15,False,70.651571495113,0.3857747566636164
4693,Donna Wright,F,18,USA,2022-10-27,Silver,14,False,166.3737654840627,0.8015192399787399
4694,Belinda Fisher,F,23,EU,2022-11-11,Bronze,13,False,92.7170055931949,0.39010036796749203
4695,Kathleen Levine,M,33,EU,2023-11-01,Bronze,2,False,96.86761800316219,0.6825219300796741
4696,Corey King,M,31,Asia,2019-12-23,Platinum,49,True,434.8712871432891,0.5229515072066402
4697,Cody Davidson,M,38,EU,2021-11-16,Bronze,25,True,137.95872162530804,0.5197848690723954
4698,Michael Anderson,M,31,EU,2020-11-11,Silver,38,True,79.04842903901142,0.42402048532555475
4699,Zachary Mcgee,M,45,USA,2020-08-20,Gold,40,False,214.61256788794552,0.4700642501600296
4700,Melinda Anderson,F,29,Other,2019-01-20,Silver,60,True,154.96722964894232,0.7680707390052983
4701,Tyler Andrews,Other,23,USA,2021-11-19,Silver,25,False,160.65462831902872,0.6282803318434433
4702,Michelle Greer,M,22,USA,2022-02-07,Platinum,23,False,266.53082500397846,0.2955918611769053
4703,Brian Clark,F,40,EU,2020-09-18,Gold,40,True,200.11578660773628,0.35128777652511406
4704,Nathaniel Floyd,F,33,EU,2022-11-23,Silver,13,False,117.18325894082517,0.5574421902258088
4705,Erika Jenkins,F,39,EU,2022-02-28,Bronze,22,False,120.75005171158591,0.5958143786943391
4706,Melanie Ramos,F,39,EU,2023-12-10,Bronze,0,False,120.13886022142638,0.6150053439992198
4707,Mark Clark,F,18,Asia,2023-03-08,Gold,9,False,265.63927384635474,0.4884806740355827
4708,Sergio Hodge,M,21,USA,2021-02-02,Gold,35,True,169.05086802616287,0.3725915019859787
4709,Katherine Avery,M,22,Asia,2020-03-24,Gold,45,True,210.78739458637435,0.3785012770012925
4710,David Hamilton,M,24,EU,2023-08-07,Silver,4,False,211.30307810059588,0.15491205880820103
4711,Richard Bass,M,28,EU,2021-09-26,Bronze,27,True,86.49354467160255,0.7450327379885753
4712,Kelly Harris,M,42,EU,2019-02-08,Bronze,59,True,79.81197873216229,0.10561055269257441
4713,Dustin Campbell,F,44,USA,2022-11-19,Bronze,13,False,106.00600795374234,0.463783539377114
4714,Randy Kennedy,M,30,Asia,2020-04-06,Silver,45,True,184.95351449051597,0.23427109540750285
4715,Ana Gibson,F,30,EU,2020-10-01,Bronze,39,True,86.65781482075606,0.41233555649815135
4716,Danny Harris,M,25,USA,2021-10-23,Bronze,26,True,138.6570442749874,0.5864295625204983
4717,Sara Stuart,F,33,EU,2023-12-11,Gold,0,False,163.36988389815698,0.15701623886156357
4718,John Kim,F,35,Other,2022-01-20,Bronze,23,False,113.16347750423233,0.5528903083398881
4719,Richard Brewer,M,41,EU,2022-11-04,Gold,14,False,172.93355280074087,0.6307232843445818
4720,William Arnold,M,40,Other,2020-08-12,Bronze,41,False,90.68153595114241,0.4374129914013564
4721,Brianna Adams,F,18,USA,2020-10-28,Gold,38,False,232.905160789647,0.9109046693735026
4722,David Garcia,M,31,USA,2022-10-09,Bronze,14,False,95.81563336729344,0.16325131063663062
4723,Kelli Collins,M,46,USA,2019-12-23,Bronze,49,False,69.61724355845557,0.24306157010232604
4724,Arthur Krueger,M,28,EU,2021-06-08,Silver,31,False,126.04033093181778,0.4545267561358116
4725,Steven King,F,44,USA,2019-09-06,Gold,52,True,228.86774850458536,0.4575707046849618
4726,Tyler Velazquez,F,29,USA,2023-11-18,Bronze,1,False,107.94959495023082,0.5171706767601393
4727,Laura Middleton,F,34,Other,2019-06-19,Silver,55,True,171.76700728563503,0.6392424193902055
4728,Lori Madden,F,21,Asia,2019-12-20,Platinum,49,False,263.83950381957993,0.3116094526998534
4729,Tyler Murphy,F,22,Asia,2023-12-18,Bronze,0,False,78.80083831687583,0.2962761152792913
4730,Kristen Bradley,F,40,USA,2021-02-27,Gold,34,False,167.24781628843763,0.3958258510101257
4731,Corey Rodriguez,F,41,USA,2022-06-01,Bronze,19,False,84.99299596385686,0.6546411765333183
4732,Phillip King,M,33,USA,2019-01-09,Bronze,60,True,99.06331348463841,0.6214207150027746
4733,Laurie Fuller,M,20,Asia,2021-08-13,Bronze,29,True,76.320546893775,0.4895336852268681
4734,Toni Cunningham,F,33,Other,2023-12-12,Bronze,0,False,121.30833283266237,0.42368838203633774
4735,James Weber,F,45,EU,2021-06-26,Bronze,30,False,110.31489325219371,0.4770814488107049
4736,Erika Hodge,M,50,USA,2019-10-18,Bronze,51,True,82.70734566707205,0.554309222339659
4737,Peter Patel,M,29,EU,2022-08-27,Bronze,16,False,96.02825089476201,0.5148462975967102
4738,Jeffrey Hart DDS,F,18,USA,2023-12-21,Silver,0,False,123.39854549703476,0.2887556775951503
4739,Steven Hall,F,41,USA,2023-01-07,Silver,11,False,145.520646674581,0.27827199577163364
4740,Christine Gutierrez,M,30,EU,2019-11-11,Silver,50,False,124.95527941987068,0.46119794726072977
4741,Angel Becker DVM,F,42,Asia,2021-01-18,Bronze,35,True,142.84671285313482,0.608733756009322
4742,Chad Rojas,F,35,USA,2022-11-22,Gold,13,False,136.36894060807356,0.3408768011148574
4743,Brent Scott,F,24,USA,2023-09-10,Bronze,3,False,74.60887061764726,0.5611223128014238
4744,Jennifer Esparza,M,33,Other,2019-09-27,Bronze,51,True,95.24413964140318,0.2317162194185456
4745,Stacy Orozco,M,46,USA,2019-10-08,Silver,51,True,152.81201183982168,0.5106633001391763
4746,Thomas Carr,M,31,USA,2020-11-14,Silver,38,False,153.00406487825833,0.38275690766016873
4747,David George,M,22,USA,2020-11-14,Bronze,38,True,118.35548185970596,0.18651534694456928
4748,Teresa Allen,F,18,USA,2021-09-13,Bronze,28,False,108.85018041703869,0.41803437105232116
4749,Donald Jackson,M,25,USA,2019-07-07,Gold,54,True,163.13184997916,0.31050173006387205
4750,Monica Howe,Other,28,Asia,2021-03-15,Silver,34,True,181.86369517051986,0.45852363413590563
4751,Willie Flynn PhD,M,41,USA,2021-01-06,Bronze,36,False,112.5652348580812,0.5618957553867056
4752,Jonathan Perez,M,21,EU,2022-01-12,Gold,23,False,255.47383792647406,0.5685194949599054
4753,April Horton,F,48,EU,2020-05-11,Bronze,44,True,101.02724654694572,0.2034355511608873
4754,Nicole Hawkins,F,19,EU,2021-10-24,Silver,26,True,182.70315963770548,0.5862569609734418
4755,Patrick Hooper,M,56,Asia,2022-12-18,Bronze,12,False,45.546628387409285,0.5619397197448028
4756,Mary Lee,F,50,Asia,2022-11-04,Bronze,14,False,90.28680092774059,0.4364490476303016
4757,Cynthia Williams,F,34,USA,2020-02-04,Bronze,47,True,81.74723772165115,0.3097539113505635
4758,Ronald Gonzalez,F,18,Asia,2020-11-13,Silver,38,True,171.05635763689,0.4387804973653335
4759,Antonio Cole,F,32,EU,2019-09-07,Bronze,52,True,85.20847933319472,0.7416853677306694
4760,Amanda Swanson,M,29,Other,2021-04-23,Silver,32,True,179.26878292661203,0.589479971499574
4761,Holly Sherman,F,20,EU,2022-03-19,Platinum,21,False,347.24339346153477,0.64587915299758
4762,Sandy Reynolds,F,35,Other,2019-12-04,Silver,49,True,131.77808784003173,0.35166109395928663
4763,Sandra Moore,M,24,Asia,2021-03-01,Bronze,34,True,104.77513565189005,0.4201224473557086
4764,Christopher Johnson,M,25,USA,2021-12-08,Bronze,25,False,95.71084593880087,0.3054555804683644
4765,Ryan Fisher,F,30,EU,2019-10-12,Bronze,51,False,102.32719724098257,0.40020119618732
4766,Christopher Jones,M,27,Other,2022-04-12,Bronze,20,False,114.99286446143422,0.7037330169262039
4767,Jeffrey Lyons,M,53,Asia,2019-08-20,Platinum,53,True,280.4432446880278,0.4326238199933245
4768,Miguel Reeves,Other,27,USA,2021-03-11,Platinum,34,False,200.63489002372725,0.39663413420128607
4769,Kiara Santana,M,37,Asia,2019-11-21,Bronze,50,True,111.91205923285287,0.5358095643768163
4770,Tonya Richards,M,34,USA,2019-12-21,Bronze,49,True,121.44939236251197,0.41382409777606
4771,Jesse Poole,F,36,USA,2021-11-17,Gold,25,False,132.0101045533844,0.5139100486537939
4772,Mary Lewis,F,37,EU,2020-04-17,Silver,45,True,148.90368783703292,0.41469090246405943
4773,Christopher Copeland,M,41,USA,2022-11-23,Silver,13,False,122.0481278486148,0.5286317772967793
4774,Ethan Obrien,F,35,Asia,2021-09-12,Bronze,28,True,122.53875483371253,0.44299104822020013
4775,Rebecca Houston,F,35,USA,2020-08-28,Bronze,40,False,123.64917459962408,0.3323073916542318
4776,Edward Barton,F,33,Asia,2019-12-12,Gold,49,False,167.61272049070672,0.658113188148969
4777,Brandon Perkins,M,31,USA,2020-11-17,Bronze,38,False,73.68767391273317,0.7726947928998799
4778,Beth Brown,M,23,USA,2021-10-09,Gold,27,True,209.78786449345102,0.5746354945991791
4779,Kim Vincent,M,32,USA,2021-08-22,Bronze,28,True,77.81722041137134,0.2747332282038386
4780,Jennifer Banks,F,35,USA,2019-05-13,Gold,56,True,234.31040970162815,0.46576435370350766
4781,Ruth Brown,F,37,USA,2021-07-17,Silver,29,True,146.06474214686625,0.5367345343094827
4782,Shawn Lindsey,F,34,USA,2023-10-01,Bronze,3,False,132.11003063498623,0.2472192205623161
4783,Anthony Garrison,F,30,EU,2020-01-21,Bronze,48,True,132.998929940403,0.4195747911646062
4784,Angela Ryan,F,32,USA,2023-07-27,Silver,5,False,196.56142827526287,0.2892971572722667
4785,Joseph Davis,M,27,EU,2023-09-03,Bronze,4,False,108.05875081338398,0.34554302478355925
4786,Joshua Clayton,F,36,USA,2020-11-08,Silver,38,False,121.62727112045016,0.5509193320436718
4787,John Massey,F,30,Asia,2021-11-08,Bronze,26,True,70.33753370173301,0.4925774791128618
4788,Richard Hale,F,34,Other,2020-05-26,Bronze,43,True,111.8922655218063,0.33574740027255423
4789,Charles Ramos,M,43,EU,2019-01-08,Silver,60,True,170.08099583689253,0.4899384746008498
4790,Mark Miller,F,25,USA,2023-11-06,Silver,1,False,157.86074642498025,0.4456408471906861
4791,Julia Maldonado,M,38,USA,2023-09-15,Bronze,3,False,73.42267866707135,0.632427919146565
4792,Gail Johnson MD,M,33,Other,2021-06-21,Bronze,30,True,84.0471310716628,0.1889256651244262
4793,Maurice Johnson,F,53,USA,2020-09-05,Silver,40,True,152.4996459440827,0.38886997979348803
4794,Amanda Morris,F,30,USA,2022-02-06,Silver,23,False,131.606040674458,0.7276119939189281
4795,Rhonda Willis,M,39,USA,2021-11-22,Bronze,25,False,84.48237940261643,0.3253943751538121
4796,Connor Benton,F,33,USA,2021-11-26,Bronze,25,True,80.66924226858066,0.3378319370902684
4797,Richard Ryan,M,19,USA,2021-11-25,Bronze,25,False,97.29369317889646,0.422298239693703
4798,Richard Goodman,M,27,Asia,2020-03-23,Silver,45,True,143.77640049247657,0.6903142300297572
4799,Michelle Mcneil,M,41,USA,2021-10-06,Silver,27,False,125.20064037856747,0.5603314328498042
4800,Michael Norton,F,28,EU,2019-10-27,Bronze,50,True,100.20505314180325,0.34063676148186206
4801,Donna Carter,F,18,USA,2019-01-10,Silver,60,False,157.4831006674907,0.487331524803328
4802,Joshua Hernandez,F,32,USA,2023-12-23,Bronze,0,False,107.0590316224092,0.4472548141039346
4803,Kimberly Mitchell,F,22,Other,2023-02-19,Silver,10,False,121.27732656428036,0.5674695211988506
4804,Patricia Hernandez,M,34,USA,2020-11-28,Bronze,37,True,93.85740582612858,0.49371518164164335
4805,Donna Howell,M,48,Asia,2022-09-02,Silver,16,False,150.48127457875364,0.5294622880291732
4806,James Williams,F,40,EU,2023-09-26,Silver,3,False,153.75531729779652,0.45175877077969434
4807,Alexander Greene,M,48,USA,2023-06-07,Gold,6,False,146.60018390179155,0.6983744694980801
4808,Dean Sanchez,F,27,Other,2023-03-19,Gold,9,False,186.35155312080585,0.49357915804369856
4809,Glenn Ward,F,31,USA,2023-02-13,Silver,10,False,167.7815993182765,0.4060478018315905
4810,Kendra Sullivan,F,22,Asia,2021-12-04,Gold,25,False,176.2452376149035,0.6590888964536021
4811,Cynthia Hernandez,M,26,USA,2023-11-11,Bronze,1,False,107.11312581181124,0.5885851154946888
4812,Darren Morris,M,23,Asia,2020-10-18,Bronze,39,True,100.29218329635933,0.36354564673952894
4813,Holly Underwood,F,19,USA,2021-11-21,Gold,25,False,181.60384328550916,0.0
4814,Jaime Williams,M,46,EU,2021-05-28,Gold,31,True,250.4682929309402,0.5810632898188026
4815,Lori Brown,F,18,Asia,2020-08-21,Silver,40,True,140.9197190879026,0.4346198395394923
4816,Jason Chase,M,46,Other,2022-11-11,Bronze,13,False,95.79203279558187,0.5063687156068811
4817,Lisa Buchanan,M,45,Other,2023-10-13,Gold,2,False,180.60907279722505,0.6773334839789544
4818,Marcus Fields,M,37,Asia,2019-11-10,Bronze,50,True,129.60953467921013,0.35705543133418227
4819,Tammy Lopez,M,21,Asia,2022-07-26,Bronze,17,False,127.8147023108562,0.3312891650232211
4820,Derek Williams,F,18,USA,2023-07-17,Silver,5,False,184.40317364904757,0.2905828054324548
4821,James Davenport,M,27,USA,2019-09-04,Bronze,52,False,117.38947515005546,0.83051130109304
4822,Justin Moreno,M,39,USA,2021-12-03,Bronze,25,True,82.31607454279207,0.6787541364751846
4823,Mario Green,M,33,USA,2021-10-07,Gold,27,True,182.0078503797062,0.600743757677137
4824,Cassandra Fry,M,22,USA,2021-11-16,Bronze,25,True,84.58652336073975,0.21095983777126986
4825,Dr. Jose Gray DDS,M,44,EU,2023-11-21,Gold,1,False,241.21313886495054,0.2864327096315341
4826,Amy Adams,M,49,USA,2020-05-06,Platinum,44,True,440.13518227722864,0.6053892712718255
4827,Austin Horton,F,30,EU,2021-11-18,Gold,25,True,227.17044369091494,0.5602372955886472
4828,Elizabeth Jackson,F,34,USA,2021-11-01,Platinum,26,True,400.5605655849399,0.4592300789743263
4829,Maureen Cross,F,18,USA,2021-10-19,Silver,26,True,163.72094225782007,0.29718953037058615
4830,Christopher Sanchez,F,28,EU,2023-02-10,Silver,10,False,159.50320793243108,0.6582856552539076
4831,Mitchell Richardson,M,38,Asia,2019-11-03,Gold,50,False,176.79577168759872,0.7687863540316051
4832,Kelsey Lewis,F,36,Asia,2022-03-26,Bronze,21,False,112.26054201395233,0.5657928094879985
4833,Richard Miller,F,27,EU,2021-11-23,Bronze,25,True,118.2595392746436,0.38660071144765007
4834,Samantha Carter,M,30,USA,2022-12-11,Silver,12,False,181.61149171646477,0.7286289230974649
4835,Mrs. Heather Christensen,F,28,EU,2020-09-07,Silver,40,False,153.10280580688638,0.5252847594888911
4836,Sharon Williams,M,30,USA,2020-09-26,Silver,39,True,155.9371523613501,0.7444836176691273
4837,Daryl Lowe,M,37,USA,2020-10-06,Silver,39,False,148.1699849059082,0.44629977104648233
4838,Michael Carter,F,18,EU,2021-02-14,Silver,35,False,133.06170071861558,0.8093129855954819
4839,Susan Johnson,M,32,USA,2022-05-20,Silver,19,False,176.43712348465044,0.4327277443779093
4840,James Jenkins,M,36,USA,2019-12-08,Bronze,49,True,62.094879452904124,0.4007906948020512
4841,Dylan Johnston,M,27,Other,2023-05-26,Bronze,7,False,66.5523887306201,0.6243833846170352
4842,Kathy Hull,M,28,Other,2022-06-11,Silver,18,False,133.590934137619,0.48902502896805394
4843,Monica Richardson,M,28,USA,2023-11-02,Bronze,2,False,74.52811050502774,0.5581197200233836
4844,Kathryn White,F,28,USA,2022-11-07,Platinum,14,False,365.1598377825841,0.3472271384404667
4845,Mrs. Valerie Owens,F,33,USA,2021-12-17,Gold,24,False,182.2910508450804,0.34990327306262947
4846,Amy Watts,F,34,USA,2019-05-24,Silver,56,False,176.31167302338636,0.44278881092042677
4847,Michael Brown,M,18,Other,2021-12-05,Platinum,25,True,378.28541885366064,0.553755816601025
4848,Cynthia Hendricks,Other,39,USA,2020-12-06,Silver,37,True,151.84105730920624,0.3833169837826038
4849,Phillip Kelly,F,30,Asia,2019-05-22,Bronze,56,False,106.54165177788909,0.6603781919877072
4850,Deanna Edwards,M,52,USA,2022-07-17,Silver,17,False,186.8017621830898,0.4839047380084146
4851,Jennifer Walker,F,21,Other,2021-07-23,Bronze,29,True,119.98488205526543,0.756095815736952
4852,Brian Davis,F,24,USA,2023-02-15,Bronze,10,False,58.581474893204586,0.34218343080685565
4853,Kelsey Griffith,F,30,Asia,2021-01-03,Bronze,36,True,91.75516254182376,0.5513531207613022
4854,Kimberly Obrien,M,37,USA,2021-12-18,Silver,24,False,165.37815514594303,0.5688853433139242
4855,Kevin Mccoy,M,18,EU,2022-03-15,Silver,21,False,156.47044378702333,0.5406718810446576
4856,Daniel Sullivan,F,24,USA,2022-10-23,Bronze,14,False,80.14854162451299,0.49266161203985376
4857,Darius Khan,F,38,USA,2020-10-26,Bronze,38,True,65.84908858724052,0.6270761480131841
4858,Miranda Huber,F,23,Other,2019-04-25,Silver,57,True,168.33657232006436,0.3146349048508288
4859,Lisa Wagner,F,46,Other,2021-07-04,Bronze,30,True,83.13204781336353,0.5424311722391922
4860,Erin Price,F,28,Asia,2023-03-23,Bronze,9,False,97.31327229009624,0.3520373763504828
4861,Jonathan Russell,M,24,EU,2022-11-21,Silver,13,False,154.34197346772675,0.41312460364560943
4862,Sharon Snow,F,39,Asia,2022-11-10,Bronze,13,False,96.74469775770842,0.540264532500399
4863,Cody Hoover,M,49,USA,2020-09-26,Bronze,39,True,81.3649504720639,0.64222362466144
4864,Alyssa Rodriguez PhD,F,37,USA,2019-02-11,Bronze,59,True,98.3456624485269,0.29393574685019397
4865,Carl Harper,F,45,USA,2020-11-23,Silver,37,True,133.6662570094832,0.7476214277893556
4866,Dana Bennett,M,49,EU,2022-08-01,Gold,17,False,266.23151542816186,0.6503513212625547
4867,Michael Baker,F,23,USA,2023-05-27,Platinum,7,False,312.80189687117957,0.5065275360240984
4868,William Wilson,M,42,USA,2020-12-10,Silver,37,True,226.99315283903303,0.3398727468213876
4869,Jennifer Smith,M,18,EU,2021-04-25,Bronze,32,True,73.63179857708786,0.7293316709408284
4870,Cindy Richardson,M,37,Asia,2022-10-22,Bronze,14,False,93.98234220028408,0.569345268026651
4871,Brandi Brown,M,32,USA,2022-11-15,Bronze,13,False,93.91350674921121,0.5692203266090226
4872,Benjamin Martinez,M,45,USA,2020-12-08,Silver,37,False,126.69429051663762,0.3983362485975799
4873,Patricia Mitchell,M,44,USA,2023-11-09,Silver,1,False,139.46272117123834,0.5291239316181988
4874,Courtney Sanders,F,38,USA,2020-12-01,Silver,37,True,135.6009408371699,0.4060876164658358
4875,Ryan Willis,F,35,USA,2023-03-21,Bronze,9,False,80.42590678291238,0.6822949019156044
4876,Jennifer Jackson,F,38,EU,2022-12-12,Bronze,12,False,135.8926848533607,0.6859877152778318
4877,Teresa Obrien,M,33,EU,2020-01-16,Bronze,48,True,98.33120956598871,0.47696852061694045
4878,Angel Hayes,F,32,EU,2019-06-07,Silver,55,False,177.80923610384576,0.4122279748641049
4879,Jason Davis,F,47,USA,2020-02-12,Bronze,47,True,119.80471202784955,0.6187022921057388
4880,Melissa Mathews,M,48,Asia,2020-12-12,Silver,37,True,192.84334326370976,0.5977377778896917
4881,Joseph Russell,F,31,USA,2019-09-11,Bronze,52,False,80.35376254358307,0.3250580024673266
4882,Sandra Mccoy,M,35,EU,2019-07-16,Silver,54,True,187.99132108168584,0.4562664420751653
4883,Gail Vasquez,F,33,Asia,2021-04-08,Bronze,33,True,98.51940966096231,0.8289335018966794
4884,Jeffrey Gibbs,M,18,USA,2019-03-19,Bronze,58,True,140.71372857042945,0.4987885002413569
4885,Michael Wilson,M,29,USA,2023-11-08,Bronze,1,False,110.49670280556329,0.5352640387224025
4886,Richard Smith,F,48,Asia,2021-01-05,Bronze,36,True,76.9442852734611,0.5817507533520033
4887,Corey Mooney,M,25,USA,2023-11-17,Bronze,1,False,125.15703094293568,0.4161914971418029
4888,Christina Myers,M,54,EU,2021-11-16,Gold,25,True,246.3703252317046,0.6149474263766281
4889,Anita Pitts,F,44,USA,2021-11-04,Bronze,26,True,74.16478431451405,0.5567121972512528
4890,Christian Bryant,F,37,EU,2023-11-18,Bronze,1,False,114.897961415776,0.6687819089519935
4891,Patrick Garcia,F,38,USA,2022-06-12,Silver,18,False,198.10558290624252,0.24721046994276558
4892,Daniel Merritt,M,23,USA,2022-02-21,Silver,22,False,164.3659313536534,0.5531192641584763
4893,Robert Hicks,M,30,EU,2020-11-04,Bronze,38,False,80.52389593516911,0.5314970289250949
4894,Kenneth Washington,F,47,USA,2022-11-18,Silver,13,False,180.30889751788013,0.2874413384416231
4895,Jessica Hoffman,M,26,USA,2020-10-07,Silver,39,True,169.9647750814155,0.46003256394664777
4896,Lisa Riggs,M,43,USA,2022-11-02,Bronze,14,False,95.38505970064587,0.559121338143628
4897,Donna Mccarty,F,19,USA,2020-09-02,Silver,40,True,136.1927387820411,0.5075145769702301
4898,Eric Spencer,M,21,USA,2020-04-13,Bronze,45,True,113.21620603718749,0.4962872253216675
4899,Victoria Deleon,M,52,USA,2019-10-04,Bronze,51,False,81.78602459233535,0.4978452596276178
4900,David Roy,M,32,Other,2020-05-05,Platinum,44,True,312.110067128473,0.4301863769965768
4901,Nancy Rice,M,27,USA,2023-09-26,Bronze,3,False,123.97315035015737,0.8008266074585121
4902,Daniel Brewer,M,46,EU,2023-12-12,Bronze,0,False,130.3971255477022,0.5492469814285144
4903,Becky Garcia,M,45,USA,2020-01-11,Platinum,48,True,268.4806403313553,0.5464639598843352
4904,Michael Smith,M,42,USA,2023-11-03,Silver,1,False,102.39796242762709,0.300895130817041
4905,Katie Kaiser,F,27,Other,2022-07-11,Silver,17,False,128.78280138053333,0.45266321393096476
4906,Amy Roberts,F,30,USA,2023-03-09,Silver,9,False,174.49176470767043,0.4206553145739598
4907,Taylor Espinoza,M,36,Other,2019-11-26,Silver,49,True,127.77631099011447,0.49536572392911504
4908,David Aguirre,F,39,USA,2023-07-22,Silver,5,False,182.48163332042284,0.4517675958754086
4909,Kyle Armstrong,M,27,Asia,2022-08-27,Bronze,16,False,85.14163394579376,0.4073913597301109
4910,Jennifer Weber,M,34,EU,2022-09-08,Bronze,16,False,88.8530027129567,0.4657344869767375
4911,Sheila Douglas,M,35,Asia,2020-07-21,Bronze,41,True,96.54253279603557,0.33756474722215
4912,Maria Malone,F,45,EU,2021-06-08,Bronze,31,False,118.89165360675793,0.5892800231783638
4913,Megan Juarez,F,40,EU,2022-08-10,Bronze,16,False,68.32770542720237,0.6207514315913398
4914,Ann Boyd,F,18,USA,2020-12-06,Silver,37,True,158.39947616186078,0.5747101259581021
4915,Richard Riley,M,30,USA,2020-07-23,Bronze,41,True,105.24151933626915,0.6283688511940673
4916,Laura Thomas,M,23,Other,2023-08-18,Bronze,4,False,80.1716634696155,0.6178432555417186
4917,Elizabeth Barton,F,38,USA,2023-12-06,Silver,0,False,160.68186179916194,0.3073508022149956
4918,Laura Sparks,M,42,USA,2020-06-21,Silver,42,True,144.60246933803626,0.7238996874497812
4919,Tiffany Zamora,F,34,Asia,2019-05-12,Gold,56,True,154.7517328037742,0.6303644114542547
4920,Ryan Roman,F,30,USA,2020-07-16,Silver,42,True,147.78190206908434,0.21360891946606514
4921,Richard Parsons,F,33,Other,2023-09-24,Platinum,3,False,237.46435662184513,0.3859943183255791
4922,Justin Yu,F,35,Asia,2022-11-21,Silver,13,False,130.78502118494902,0.315105061482664
4923,Marcus Johnson,F,26,EU,2019-01-16,Silver,60,True,176.39879133951825,0.5650988761335409
4924,Brittney Bowman,F,20,Asia,2021-12-23,Gold,24,False,187.51700345375048,0.4198978752146001
4925,Jason Snow,F,18,USA,2022-10-04,Gold,15,False,234.37883526217138,0.5035953652990195
4926,Carrie Lewis,M,45,USA,2023-01-18,Silver,11,False,145.29202826429884,0.7601763135666313
4927,Wendy Perez,F,37,EU,2022-11-27,Silver,13,False,121.12097344252369,0.7166398376901505
4928,Erika Bates,M,36,USA,2022-12-13,Bronze,12,False,109.59810485384205,0.356332498418921
4929,Marie Roach,M,45,Asia,2023-11-03,Gold,1,False,222.40644982789078,0.56868284571077
4930,Mary Hoffman,M,20,Other,2022-01-27,Silver,23,False,113.08696710517752,0.7740669473158995
4931,Robert Mitchell,M,18,EU,2020-06-26,Gold,42,True,245.42918962574166,0.3627844248046499
4932,Gregory Russell,F,36,USA,2019-07-12,Bronze,54,True,130.41718872613146,0.6451916240787275
4933,Vicki Barrera,F,35,Other,2023-01-20,Bronze,11,False,112.53351263766842,0.4747663289647308
4934,Jessica Johnson,M,18,EU,2019-11-19,Bronze,50,True,101.54749296964772,0.35887499764479924
4935,Rachel Sullivan,M,36,EU,2020-01-23,Gold,47,True,280.46782012989064,0.7271228186078558
4936,Kimberly Thomas,F,28,USA,2023-06-28,Gold,6,False,221.56220521869005,0.4357274773969353
4937,Anna Pierce,F,24,Other,2020-08-05,Bronze,41,False,103.94447005331598,0.477571723199831
4938,Haley Mccoy,F,29,EU,2021-11-19,Silver,25,True,200.99694616895567,0.44676550793966835
4939,Claire Hoffman,M,18,Asia,2021-06-19,Bronze,30,True,132.05337481308695,0.6580191775123873
4940,Annette Rivas,F,27,Asia,2021-11-25,Bronze,25,True,71.21650674778888,0.6475132303548151
4941,Pamela Aguirre,M,25,USA,2019-11-12,Bronze,50,False,89.91659180839252,0.38871715318017636
4942,George Bradshaw,M,38,EU,2021-05-28,Silver,31,True,167.56998887681118,0.5173924799662414
4943,Ryan Waters,M,31,Asia,2021-12-25,Gold,24,False,249.09398669828306,0.5553168939307622
4944,Chase Matthews,M,39,USA,2020-10-05,Bronze,39,True,76.68944735897526,0.6463144133695123
4945,Sarah Nelson,M,18,Asia,2022-11-02,Silver,14,False,177.23589670320555,0.4088473200312617
4946,Sarah Wall,Other,24,Other,2022-03-26,Silver,21,False,137.86286136239642,0.7073713372692343
4947,Paul Smith,M,38,EU,2021-03-16,Bronze,34,True,114.34931539309463,0.6221726829364724
4948,Kayla Burke,M,29,Asia,2022-11-21,Platinum,13,False,265.98179854389946,0.35754784365506864
4949,Jean Murillo,M,41,Asia,2021-01-04,Gold,36,False,106.68402155823024,0.5726966763103586
4950,William Hughes,M,18,Asia,2021-04-22,Bronze,32,False,64.57678563015347,0.5733935956306551
4951,Brad Lee,F,40,USA,2019-06-15,Silver,55,False,116.21758362674603,0.3936378235573025
4952,Samantha Morrow,M,26,USA,2023-09-10,Bronze,3,False,88.16890125446757,0.5639780704354612
4953,Tony Brooks,F,25,EU,2022-11-22,Silver,13,False,149.78449113208575,0.5003615661635284
4954,Matthew Miller,M,42,EU,2021-09-06,Silver,28,True,134.4722950696093,0.2703035034870108
4955,Angel Rojas,F,44,EU,2022-10-07,Bronze,15,False,99.05254386602316,0.020608733427343706
4956,Jason Thompson,F,43,Asia,2019-12-02,Gold,49,True,180.14463315885743,0.8073697864782188
4957,Christina Aguilar,F,53,USA,2019-11-04,Silver,50,False,149.85928250871655,0.4813876230266075
4958,Jason Thomas,F,45,EU,2021-02-15,Platinum,35,True,355.84015544597,0.5161987411631788
4959,Connie Ramirez,F,25,USA,2022-04-13,Bronze,20,False,99.70053942879495,0.3460234074572241
4960,Jon Ramos,M,34,Asia,2022-01-09,Gold,24,False,221.6340442831023,0.41023894493131585
4961,Christopher Klein,F,29,EU,2022-02-05,Silver,23,False,171.43088907647586,0.8252404731622749
4962,Charles Powell,F,53,USA,2019-07-17,Bronze,54,True,96.84325159320481,0.8626918584310972
4963,Megan Carlson,F,44,USA,2020-11-06,Bronze,38,True,64.18298968846472,0.22169746557323594
4964,Justin Davis,M,31,Asia,2020-05-14,Gold,44,True,210.10782901907743,0.5086240781068347
4965,Molly Mckenzie,M,41,EU,2022-08-05,Silver,17,False,129.77711798386628,0.7802122884355129
4966,Tammy Hendrix,F,20,USA,2022-08-02,Bronze,17,False,117.24818723528222,0.5296886309530477
4967,Tara Jones,M,35,Other,2023-06-14,Gold,6,False,254.626358569436,0.6026149684140822
4968,Alison Zuniga,M,23,Asia,2021-01-19,Bronze,35,False,94.84917745305138,0.47456929067731984
4969,Deborah Waller,M,18,Other,2019-12-19,Bronze,49,True,103.27857059179811,0.5772962507704523
4970,Jesse Davis,F,40,EU,2023-12-28,Silver,0,False,170.03587013939804,0.7168335666168054
4971,Timothy Howard,Other,42,EU,2022-10-23,Silver,14,False,125.61331537231219,0.5782555663867962
4972,Christina Moon,F,37,Asia,2020-10-13,Bronze,39,False,100.1845456460884,0.317647227383291
4973,John Ho,M,31,EU,2020-11-21,Silver,37,False,103.57476222411852,0.4053950030246575
4974,Daniel Ferrell,M,20,Asia,2023-11-12,Silver,1,False,181.32950389201693,0.6160059635883988
4975,Megan Miller,M,21,USA,2020-10-28,Silver,38,True,200.58290538073885,0.4898239255914394
4976,James Robinson,F,23,EU,2020-11-25,Silver,37,True,152.99826605290036,0.41821304354953726
4977,Roger Petty,F,30,USA,2021-10-01,Bronze,27,False,84.96394550587927,0.3364958582006383
4978,John Payne,M,43,USA,2022-12-03,Gold,13,False,210.4602925159815,0.3504771883682861
4979,Jamie Lee,F,43,USA,2023-01-10,Bronze,11,False,74.5020203313351,0.39273382418272973
4980,Steven Gardner,F,18,USA,2019-09-08,Platinum,52,False,273.84371186107325,0.5685124193668033
4981,Kevin Barber,M,26,Other,2019-12-13,Bronze,49,True,91.63617754909751,0.42241573638262053
4982,Kenneth Williams,M,25,USA,2022-08-19,Bronze,16,False,89.56549100193419,0.5266906472251649
4983,Elizabeth Williams,Other,18,EU,2019-12-03,Bronze,49,True,104.38408558154774,0.5236479522716596
4984,Jessica Mitchell,M,38,Asia,2020-11-24,Silver,37,False,163.01811838535332,0.6153418138385667
4985,Jesse Fleming,F,30,EU,2021-03-26,Bronze,33,False,100.28515642889502,0.37670834190354596
4986,Jennifer Ferguson,M,31,USA,2023-12-03,Silver,0,False,177.0272596964512,0.7424634459914334
4987,Susan Figueroa,F,46,Asia,2023-12-27,Gold,0,False,215.61383931617775,0.23614650617160393
4988,Mr. Thomas Jones PhD,F,33,EU,2020-11-18,Bronze,37,False,90.11883533054547,0.45115744804133834
4989,Sherry Shannon,F,28,Asia,2022-11-03,Bronze,14,False,97.83943890481841,0.43628945644367695
4990,Samantha Garcia,F,38,Asia,2021-11-12,Gold,26,True,196.76415328594365,0.3815278823266458
4991,Joseph Beltran,F,43,Other,2019-07-02,Bronze,54,True,92.33507725024336,0.1693586472236832
4992,Joshua Navarro,F,35,EU,2023-11-08,Bronze,1,False,110.1929758179231,0.6820105752385067
4993,Nicholas Obrien II,M,39,USA,2023-11-28,Bronze,1,False,57.371085892268454,0.6244055353331471
4994,Ronald Baxter,M,31,EU,2022-03-21,Bronze,21,False,100.64219181939292,0.5748168629908612
4995,Sherri Charles,F,32,USA,2021-11-14,Bronze,25,False,106.18613675431408,0.3910555191083032
4996,Michael Flores,F,34,Asia,2019-01-19,Silver,60,False,167.9715845298396,0.42415495626046296
4997,Darryl Christensen,M,25,USA,2023-08-11,Bronze,4,False,122.16670329989176,0.4495634732696835
4998,Allison Floyd,M,27,USA,2023-08-16,Silver,4,False,145.7796907138686,0.46404827610918886
4999,Michelle Patterson,F,46,Asia,2019-12-14,Bronze,49,True,116.63532429260276,0.61926425488232
5000,Wendy Chavez,M,53,EU,2021-04-08,Silver,33,True,168.3168080044608,0.42582012007946146
5001,Jennifer Hurley,F,48,USA,2021-11-24,Bronze,25,True,105.28485986861484,0.3714911141254197
5002,Jared Chan,F,19,EU,2021-04-27,Gold,32,True,144.3446736023835,0.5219933557237502
5003,Ricky Diaz,F,18,Asia,2023-12-20,Silver,0,False,182.71418737953897,0.5063824411539967
5004,Joshua Miller,M,21,USA,2020-10-14,Bronze,39,True,101.9266710272695,0.5755269208958702
5005,Catherine Soto,M,34,Asia,2023-11-25,Bronze,1,False,94.95917678735542,0.7083132999968746
5006,Christopher Gay,M,18,USA,2022-11-12,Bronze,13,False,76.86039443666833,0.43895175010681303
5007,Mary Smith,M,27,Asia,2022-06-17,Bronze,18,False,51.11687765997339,0.6398252454063871
5008,William Giles,F,47,Asia,2023-12-23,Silver,0,False,207.06845991360984,0.5213215282014032
5009,Jennifer Hernandez,F,42,USA,2023-11-12,Bronze,1,False,106.1371109111644,0.653657724507049
5010,Matthew Giles,M,27,EU,2019-09-21,Platinum,52,True,233.58053847361288,0.6848196024032682
5011,Kenneth Murphy,M,28,USA,2021-10-12,Bronze,27,True,74.78647749682722,0.38640640670291687
5012,Jesus Wheeler,M,38,Asia,2019-12-12,Silver,49,True,141.64005080246534,0.7969208312286776
5013,Kevin Barton,Other,42,EU,2022-02-07,Bronze,23,False,116.16067447761054,0.5271646887790641
5014,Jeffrey Lynch,M,27,EU,2022-08-10,Bronze,16,False,112.62342118966968,0.3279043457296291
5015,Joshua Smith,F,30,USA,2020-11-16,Platinum,38,True,340.917722982029,0.32916010234566684
5016,Steven Johnson,F,27,USA,2021-01-27,Gold,35,True,164.5045713898721,0.7209700655397153
5017,Andrew Jacobs,F,19,USA,2021-11-24,Silver,25,True,144.63471212938975,0.6971531111528564
5018,Mary Daniels,F,30,USA,2022-08-03,Silver,17,False,153.81259070254512,0.6644785124033883
5019,Linda Holt,M,30,EU,2019-05-03,Platinum,56,False,296.5968001083288,0.41881784100824815
5020,Dorothy Anderson,F,20,Asia,2023-11-01,Silver,2,False,166.375798154721,0.4439544855670228
5021,Gail Moss,M,39,EU,2021-11-05,Bronze,26,True,131.47397930024084,0.2636406745674845
5022,Lori Holland,F,37,EU,2023-09-08,Bronze,3,False,104.20743302224986,0.45621872143105885
5023,Jesse Gardner,M,39,Other,2022-02-17,Silver,22,False,132.45324187184195,0.5255960140415407
5024,Robert Durham,F,25,Asia,2020-06-16,Silver,43,False,106.41592940043299,0.7250268648212936
5025,Jessica Kelly,M,18,Other,2022-02-16,Silver,22,False,155.27549470667913,0.4586790488326166
5026,Steven Morales,F,37,EU,2023-10-18,Bronze,2,False,86.80631187291695,0.4499428971469554
5027,Craig Hammond,M,26,USA,2022-11-18,Gold,13,False,217.1443174083929,0.5434075716262862
5028,Allison Gilbert,F,24,USA,2021-12-14,Silver,24,False,160.9392467290009,0.6275843512591609
5029,Richard Stuart,M,20,Asia,2023-02-12,Silver,10,False,196.90555260928795,0.7329201849808051
5030,Mark Mcpherson,M,30,USA,2023-12-10,Bronze,0,False,104.27650857733467,0.3950866860120786
5031,Joseph Cruz Jr.,F,48,USA,2020-10-02,Platinum,39,True,327.3355777560719,0.47435524424382836
5032,Suzanne Wagner,F,27,EU,2021-05-21,Silver,31,True,130.34202835133567,0.5205431317013641
5033,Brittany Flowers,M,22,EU,2019-08-26,Silver,52,True,107.03488524679183,0.4600622784827167
5034,Kenneth Snyder,F,39,EU,2020-02-23,Gold,46,True,242.9787113892577,0.4069263453941117
5035,Rachel Patel,F,34,USA,2021-03-28,Gold,33,False,248.2606984165189,0.46145441124226494
5036,April Schneider,F,18,USA,2019-12-03,Bronze,49,True,93.38472108478967,0.3172706054698702
5037,Rebecca Wood,M,39,EU,2023-03-01,Gold,10,False,122.64249871044849,0.40906314556036183
5038,Sonya Alvarado,M,54,Other,2020-05-09,Silver,44,True,190.82598309492673,0.31504141609475433
5039,Nicole Price,F,18,Asia,2023-12-25,Bronze,0,False,123.76402647401426,0.5018201983119632
5040,Evelyn Bryant,M,20,Other,2023-01-04,Bronze,12,False,97.66492695565255,0.4412651450946944
5041,Michael Jackson,F,18,Asia,2023-08-21,Bronze,4,False,121.37638485711703,0.4181761610452664
5042,Casey Francis,M,32,EU,2021-08-16,Silver,28,True,148.7691384675545,0.5023953506254094
5043,Debra White,M,42,USA,2019-03-04,Silver,58,False,156.51134368709452,0.12899279815962167
5044,Julia Long,F,34,EU,2021-01-24,Bronze,35,True,67.47913523757707,0.4524490569397748
5045,Ronald Carr,F,46,EU,2023-11-17,Gold,1,False,248.88111511109406,0.5291924693555959
5046,David Lynn,F,41,EU,2020-08-15,Gold,41,True,129.87861863135151,0.6462204938864502
5047,Nancy Bradford,M,50,EU,2023-03-04,Silver,10,False,201.6436002137766,0.5913682975393482
5048,Sandra Walker,M,44,EU,2019-05-04,Gold,56,True,272.91485739154285,0.6905732856398803
5049,Kimberly Valenzuela,M,28,USA,2021-02-12,Gold,35,True,97.81814671632362,0.28498647712122926
5050,Ashley Sullivan,F,33,EU,2019-09-03,Bronze,52,True,131.1392165845604,0.6569735499663114
5051,Michael Moon,F,24,USA,2021-11-20,Silver,25,True,142.8371414640014,0.544819097610213
5052,Philip Bowen,F,30,Asia,2019-08-23,Platinum,53,True,325.33492805688013,0.4194513050307537
5053,Cassandra Landry,M,33,USA,2019-11-05,Bronze,50,True,71.78948161530703,0.5162144947005912
5054,Wayne Jackson,F,32,USA,2021-11-19,Platinum,25,True,280.64489801540196,0.9688196358432546
5055,Connie Neal,M,46,EU,2021-11-06,Bronze,26,True,76.37815749240846,0.5217990223157742
5056,Lawrence Parks,F,29,EU,2021-10-28,Silver,26,True,126.32155877972018,0.5120497515605918
5057,Scott Ayers,M,23,EU,2022-10-26,Silver,14,False,186.66701122418215,0.6288594021886326
5058,Michael Wood,F,24,USA,2019-10-09,Silver,51,False,179.9745029360406,0.4671550784510645
5059,Matthew Stone,M,39,EU,2022-09-03,Silver,16,False,174.61436311605436,0.38112615065709643
5060,Tiffany Hansen,M,18,USA,2022-07-02,Silver,18,False,133.8268926261424,0.7106065387468941
5061,Frank Freeman,M,30,Other,2023-05-25,Silver,7,False,129.28987725122187,0.2840979162141422
5062,Samantha Walker,M,46,Other,2022-05-21,Silver,19,False,100.51902894506915,0.5064765166318204
5063,Mark Wilson,M,35,EU,2022-07-10,Bronze,18,False,113.56001204174345,0.4902803422096734
5064,Kayla Ray,M,32,USA,2021-08-05,Silver,29,False,208.09910590364177,0.375047198346913
5065,Ashley Olson,M,32,Asia,2021-09-07,Gold,28,True,258.23129742893747,0.30232236705927734
5066,Mr. Joseph Bush,F,22,USA,2020-07-15,Bronze,42,False,100.61373792033844,0.48087671196853216
5067,Debra Johnson,M,24,EU,2019-11-02,Silver,50,False,164.8001890217468,0.5549328365273621
5068,Christine Parker,F,31,USA,2022-01-10,Bronze,24,False,104.94858179823945,0.6571298928667818
5069,Jesse Murphy,M,35,Other,2022-08-11,Silver,16,False,177.28369219047175,0.38428652638164496
5070,Brian Daniel,F,42,USA,2019-11-21,Bronze,50,True,134.84200034781585,0.3823319168485704
5071,Stephen Roth,F,33,EU,2021-06-24,Bronze,30,True,88.60822416297907,0.7289192701422698
5072,Ryan Warren,M,46,Asia,2021-01-08,Bronze,36,False,89.35196827763647,0.4298217690671346
5073,Jeffery York,F,49,EU,2019-02-26,Bronze,59,False,94.25731015220431,0.44992168598408755
5074,Tyler Baker,M,40,USA,2019-12-23,Bronze,49,True,99.34300349247171,0.6828229113514938
5075,Melissa Schneider,F,45,Other,2021-07-21,Bronze,29,True,114.56653256448826,0.2530860113359553
5076,Trevor Sparks,F,23,EU,2019-07-12,Bronze,54,True,98.65583363680743,0.31980322878680556
5077,Hector Bryant,M,21,EU,2021-10-04,Bronze,27,True,82.93159557186833,0.7087953505104747
5078,Theresa Martinez,M,38,USA,2019-11-28,Gold,49,True,166.39137722434998,0.40977034879542296
5079,Kaitlyn Brown,M,19,EU,2021-09-13,Bronze,28,True,76.49534087653068,0.419907640700516
5080,Bonnie Woods,M,30,EU,2020-09-18,Gold,40,True,195.71878081796882,0.4325301716215356
5081,Carlos Kirk,F,40,USA,2021-06-18,Silver,30,False,181.01401753931256,0.4519677417082274
5082,Selena Bailey,M,47,USA,2021-06-27,Bronze,30,True,108.40674219170046,0.431114992273438
5083,Chad Rivera,M,30,Asia,2022-11-03,Bronze,14,False,111.2677078243272,0.5213724792663808
5084,Rhonda Patterson,M,26,USA,2021-01-03,Platinum,36,True,234.94746776281414,0.6879154732892614
5085,Frederick Mejia,M,36,USA,2019-12-07,Silver,49,False,114.81615625605372,0.37947111630018515
5086,Rebecca Cole,M,22,EU,2023-10-22,Bronze,2,False,103.56747385846712,0.4113326484196133
5087,Edwin Jackson,F,31,Asia,2019-09-17,Bronze,52,False,124.92648949657607,0.5048075689966899
5088,George Rogers DDS,M,32,USA,2022-02-28,Bronze,22,False,116.89674823745119,0.735731116755093
5089,Kimberly Morgan,F,32,EU,2019-10-06,Gold,51,True,173.05736315957412,0.45567952553817453
5090,Tracey Hogan,M,33,USA,2020-01-16,Gold,48,True,291.64903648427895,0.365145094740786
5091,Micheal Austin,M,24,USA,2023-11-28,Bronze,1,False,59.40556422439557,0.19708690159863684
5092,Carl Rubio,F,25,USA,2023-02-05,Bronze,11,False,100.58027472824077,0.38585589436483325
5093,Tracy Burnett,M,25,Asia,2022-11-22,Bronze,13,False,102.05452477937378,0.3698640461371936
5094,Gary Taylor,M,18,USA,2023-08-24,Platinum,4,False,287.45171915466835,0.3212582724491286
5095,Sonya Williams,F,36,USA,2021-11-17,Silver,25,True,165.7699028099922,0.5105506193948476
5096,Jacqueline Hall,F,41,EU,2022-03-11,Gold,22,False,191.90902165557975,0.4605529051834279
5097,Crystal Mullen,M,40,Asia,2020-03-22,Bronze,46,False,70.09252793612345,0.7139055284037665
5098,Shawn Ware,F,30,USA,2023-05-12,Silver,7,False,147.343487912809,0.5323136217556435
5099,Rebecca Oneill,F,24,EU,2023-08-12,Bronze,4,False,103.29180685347403,0.6512832192002586
5100,Aaron Morgan,M,40,USA,2022-05-04,Gold,20,False,236.46237221537137,0.4743168474190474
5101,Damon Schultz,M,39,EU,2023-02-09,Bronze,10,False,128.35112802806555,0.36823369235753534
5102,Catherine Garcia,M,35,EU,2023-07-14,Gold,5,False,165.78048578112436,0.592832152052717
5103,Samuel Warren,M,50,EU,2020-11-12,Bronze,38,True,133.44390218886969,0.330671006860872
5104,Kevin Carney,F,32,USA,2020-11-10,Silver,38,True,137.1566950941072,0.6736175835120279
5105,Jonathan Jefferson DVM,F,30,USA,2022-12-08,Bronze,12,False,89.78999759410814,0.3878279988723545
5106,Jerry Walsh,F,29,USA,2023-09-23,Bronze,3,False,91.78035624219842,0.6110530507990402
5107,Travis Day,M,18,USA,2019-07-03,Bronze,54,True,60.97435078738734,0.5564395790805162
5108,Aaron Diaz,M,39,USA,2022-11-27,Silver,13,False,137.32458616880479,0.35433933780111326
5109,Nancy Jackson,F,31,Asia,2020-08-13,Bronze,41,True,126.2201202782311,0.6815814469692545
5110,Daniel Benjamin,M,38,Other,2019-06-16,Bronze,55,True,109.54706121038627,0.7880692603988865
5111,Renee Thompson,F,51,Other,2023-04-25,Bronze,8,False,104.55124448768322,0.3875954748625807
5112,Rose Mclaughlin,F,29,Asia,2022-12-13,Bronze,12,False,107.01401072402817,0.40182166478715436
5113,Arthur Gonzalez,F,18,EU,2022-09-13,Bronze,15,False,125.22894265418512,0.5103060588790977
5114,Ryan Smith,M,37,Asia,2020-10-19,Bronze,38,False,82.44019965828515,0.6301493018473012
5115,Brandon Bennett,M,34,USA,2021-11-22,Bronze,25,False,118.07757207574802,0.683669063789649
5116,Brandon Sanchez,F,25,EU,2021-11-18,Bronze,25,True,101.33045003159089,0.44626471076152285
5117,Christopher Robbins,F,36,EU,2021-09-08,Gold,28,False,168.6454396602988,0.5206778512857547
5118,Alexander Martin,F,40,EU,2022-02-01,Bronze,23,False,109.27294623483077,0.44722093343857916
5119,Joseph Miller,M,23,Asia,2020-12-17,Silver,37,True,152.5147050692065,0.438059548806454
5120,Richard Yoder,F,29,USA,2020-08-24,Bronze,40,False,83.8653960712917,0.4202569371290611
5121,Frank Francis,F,47,USA,2021-07-09,Platinum,30,True,235.82788459439158,0.2954691664196526
5122,Mark Webb,M,25,Other,2019-07-10,Bronze,54,False,91.3021476336178,0.6294753264323094
5123,Scott Mcmahon,F,33,USA,2021-12-09,Gold,25,False,179.5595860814588,0.5152945159900301
5124,Luke Dixon,F,18,EU,2022-07-12,Bronze,17,False,124.4192370582727,0.728876282854727
5125,Mckenzie Chavez,M,18,Other,2019-04-24,Bronze,57,True,95.71500466760362,0.6236457896103194
5126,Kristen Blair,M,34,EU,2020-12-10,Bronze,37,True,92.53818278035638,0.4399731305336211
5127,Joshua White,F,45,EU,2023-01-08,Bronze,11,False,122.57610273432107,0.3288129674216931
5128,Bryan Harrison,M,19,USA,2019-12-04,Bronze,49,True,126.99323018043324,0.7801072729476553
5129,Michael Gonzalez,F,33,USA,2020-12-24,Bronze,36,True,83.37057060505393,0.2452185592690021
5130,Monica Frost,M,29,Asia,2019-05-14,Gold,56,False,150.24909268290216,0.4487173314533263
5131,Tracy Frye,M,42,EU,2021-11-07,Bronze,26,True,110.30452094138516,0.4510585674322321
5132,Erika Thompson,Other,20,EU,2019-07-25,Bronze,54,True,95.85230007002407,0.4029378026416366
5133,Latasha Mendez,F,37,USA,2019-11-10,Silver,50,True,133.64346124643316,0.372297531544832
5134,Sierra Moses,M,26,USA,2019-09-24,Silver,52,False,181.14918977579268,0.31681136978700397
5135,Rebecca Sandoval,F,35,Other,2022-02-28,Bronze,22,False,94.78832287185891,0.3911639112785864
5136,Margaret Young,M,33,USA,2022-12-10,Silver,12,False,207.54591344726362,0.49232042296198936
5137,Cynthia Jackson,M,30,EU,2021-09-15,Bronze,27,True,100.95371856105817,0.5458542270717265
5138,Michaela Sanchez,M,37,USA,2023-10-15,Bronze,2,False,103.28254425560775,0.42125556252225455
5139,Stephanie Harris,M,33,EU,2022-11-02,Bronze,14,False,144.7952810104213,0.42047214411956824
5140,Elizabeth Butler,F,31,Other,2023-02-24,Bronze,10,False,106.1929432969988,0.34363861670627915
5141,Matthew Mclaughlin PhD,F,29,EU,2022-02-16,Bronze,22,False,85.87504821636634,0.5251315616745736
5142,Robert Roberts,Other,33,USA,2020-03-24,Bronze,45,True,79.59063486932662,0.5072161239640325
5143,Laura Green,F,35,EU,2020-04-10,Bronze,45,True,90.76148935764112,0.5569304087270932
5144,Robert Hampton,M,23,Asia,2019-03-26,Silver,58,True,157.0805187116501,0.4188170028843674
5145,Molly White,F,29,EU,2023-02-25,Silver,10,False,177.33016759673094,0.36339296105844193
5146,Roger Valencia,Other,22,Asia,2019-03-15,Silver,58,False,104.8766454166623,0.49706762977468516
5147,Cody Thompson,F,32,EU,2019-12-28,Silver,48,False,150.09479269904725,0.5780851288264364
5148,Anthony Wright,F,27,Asia,2022-06-19,Gold,18,False,251.14991082095023,0.3669367457360797
5149,Julie Rose,F,40,EU,2022-09-24,Gold,15,False,210.48728446095745,0.4058628369039401
5150,Mr. John Woodard MD,M,39,USA,2019-11-24,Gold,49,True,254.23480133099127,0.31630311885215556
5151,Kristin Herman,F,23,USA,2022-03-10,Bronze,22,False,69.840790569097,0.3242325429262939
5152,Chase Burnett,F,32,USA,2020-07-20,Bronze,42,True,95.46849705865993,0.4179956512669554
5153,Annette Mcguire,F,39,Other,2020-08-15,Silver,41,False,153.61401296956726,0.3738026747570302
5154,Richard Roy,M,31,Asia,2023-11-21,Bronze,1,False,111.06339174688291,0.6200625015857358
5155,Carrie Ware,F,25,EU,2020-11-02,Bronze,38,False,82.97224770596121,0.5044939200301914
5156,Julian Obrien,F,22,USA,2019-12-14,Bronze,49,True,108.31923496040206,0.6897708879067019
5157,Stacey Stone,M,41,USA,2021-10-15,Platinum,26,True,329.6361512355862,0.6912853458645548
5158,Laura Bailey,F,42,Asia,2022-03-22,Bronze,21,False,98.52989494689709,0.5022781438363575
5159,Patrick Bush,M,30,EU,2019-11-10,Bronze,50,True,109.39879937522109,0.1994270745175663
5160,Jose Lopez,M,40,USA,2022-06-09,Bronze,19,False,106.32626489004475,0.5597575968488653
5161,Jennifer Brown,M,18,EU,2023-11-19,Silver,1,False,130.24873354318177,0.6716265797618254
5162,Nicole Bright,F,46,USA,2019-12-06,Bronze,49,True,96.83755957777399,0.5948688290140819
5163,Christina Ramirez,M,31,USA,2019-03-08,Bronze,58,True,75.02038687966188,0.552312644299576
5164,Thomas Brewer,F,34,EU,2019-02-02,Platinum,59,True,210.24609442332806,0.46280740793552766
5165,Sarah Berry,M,29,USA,2023-12-26,Silver,0,False,157.62996164087343,0.3232967017212305
5166,Austin Conley,M,46,Other,2019-08-01,Silver,53,True,93.17978867812924,0.593834861515
5167,Daniel Luna,M,22,USA,2022-05-13,Platinum,19,False,285.48975265506516,0.47071039739392295
5168,Sharon Johnson,M,47,USA,2021-11-06,Bronze,26,True,108.26804852354468,0.5468286913283947
5169,Kenneth Maxwell,F,36,USA,2019-04-03,Silver,57,True,150.49319881610984,0.411936291019269
5170,Laurie Bailey,F,39,Asia,2023-09-02,Bronze,4,False,143.70864782136107,0.79990552256329
5171,Eric Woods,M,29,EU,2023-10-27,Silver,2,False,162.8027943447832,0.5358563375349407
5172,Nancy Lee,M,19,EU,2019-03-10,Bronze,58,False,94.62799646260794,0.44302759933104385
5173,Christina Smith,F,42,USA,2023-05-08,Bronze,7,False,112.16090479254396,0.32954901728875136
5174,John Clark,M,36,USA,2020-12-09,Bronze,37,True,73.75674236672995,0.29019632122600714
5175,Anna Ponce,F,46,EU,2023-11-07,Bronze,1,False,120.00404875922551,0.5931008768932706
5176,Anthony Hernandez,F,31,Asia,2021-11-25,Bronze,25,True,89.90043056946585,0.4126632383923399
5177,Daniel Wilson,M,28,Asia,2020-12-28,Silver,36,True,183.19650973799202,0.4325127104005615
5178,Melody Stevens,M,46,USA,2022-01-13,Silver,23,False,162.01038069303905,0.4185742432792279
5179,Matthew Brown,F,52,EU,2020-01-07,Bronze,48,True,112.51267826706561,0.3361901022103375
5180,Nichole Davis,M,33,Other,2021-05-19,Bronze,31,True,88.92281352989956,0.45647108149503485
5181,James Anderson,M,25,USA,2020-10-01,Silver,39,True,115.65778025735295,0.5084586214056781
5182,Bryan Griffith,M,41,Asia,2019-03-13,Silver,58,False,115.12506573633996,0.3490091582462863
5183,Nathan Stanley,F,30,USA,2023-02-17,Bronze,10,False,65.68553196084642,0.5497890603928595
5184,Olivia Randolph,F,38,Other,2019-12-12,Silver,49,True,138.49653001570698,0.3164739941189715
5185,Marcus Blair,M,30,Asia,2019-02-21,Silver,59,True,132.377580705251,0.4338511896451413
5186,Kenneth Reynolds,F,48,Other,2019-07-25,Bronze,54,True,120.23624639873638,0.5546911134733679
5187,Joshua Guerrero,M,26,EU,2020-12-26,Bronze,36,True,79.3281126292915,0.49795090982013196
5188,Shawn Shepherd,F,37,USA,2022-05-14,Bronze,19,False,143.87897600600508,0.25381070177580456
5189,Ashley Duran,M,28,Other,2023-10-16,Gold,2,False,159.9372473905936,0.0820612877452449
5190,Brian Mitchell,F,30,USA,2020-11-12,Bronze,38,True,81.85035498420928,0.5850460639428949
5191,Melanie Garrett,F,28,USA,2019-01-22,Bronze,60,True,70.39996684379359,0.6035326933382926
5192,George Smith,M,40,Asia,2021-11-16,Gold,25,True,200.3877844548486,0.5656057351513751
5193,Vicki Hernandez,M,42,Asia,2021-06-02,Bronze,31,True,93.56179786343016,0.46591255261672404
5194,Carl Larsen,M,38,Other,2019-07-22,Silver,54,True,146.76368084770198,0.4627957556403469
5195,Mercedes Richardson,M,31,USA,2022-05-27,Bronze,19,False,108.13748554666874,0.48400307228176814
5196,Mikayla Franco,M,34,Asia,2023-11-20,Platinum,1,False,358.9592094736738,0.5877826446830242
5197,Patrick Rios,F,41,Asia,2020-10-25,Gold,38,False,153.2069081363583,0.47997917296678866
5198,Cindy Estrada,F,42,USA,2022-11-26,Silver,13,False,150.58811407101007,0.5560958761260327
5199,Bethany Neal,M,18,USA,2021-01-19,Bronze,35,True,117.10668229763394,0.6971393446676468
5200,Alan Davis DVM,F,30,USA,2019-08-07,Bronze,53,True,78.11744313874297,0.3549423089676947
5201,Donald Coleman,F,30,USA,2020-06-26,Silver,42,True,232.93009834158,0.4721955667249999
5202,Gabriel Richardson,F,39,Other,2022-01-12,Bronze,23,False,146.8249705549395,0.37124160113144405
5203,Thomas Lewis,M,32,EU,2022-07-14,Silver,17,False,147.74585271944255,0.4409759024257092
5204,Todd Beasley,M,40,Asia,2022-11-24,Silver,13,False,116.80025199815718,0.48481801233833627
5205,Allison Branch,M,22,Other,2020-02-18,Gold,47,False,160.88253580968922,0.3680548065992433
5206,Jenny Cox,M,35,USA,2023-11-26,Bronze,1,False,104.6747210125288,0.2563901003522193
5207,David Simpson,F,42,Asia,2020-01-07,Silver,48,True,169.1916596777678,0.3040204250129972
5208,Kyle Brown,F,18,EU,2019-10-05,Silver,51,True,94.73389976430686,0.566532972021896
5209,Tracey Reynolds,M,58,Asia,2020-02-01,Bronze,47,True,81.08016261527284,0.3997510006692093
5210,Alison Perez,M,44,USA,2022-11-07,Gold,14,False,205.67208800900357,0.46719284289056395
5211,Douglas Santos,F,33,Other,2023-05-16,Bronze,7,False,71.9117902360157,0.507419184436085
5212,Grace Green,F,24,USA,2023-11-26,Silver,1,False,141.08788251090476,0.6360874370643046
5213,Samantha Cohen,F,31,USA,2019-06-24,Gold,55,True,217.24788785482988,0.4574274892780261
5214,Courtney Page,M,33,Asia,2019-11-16,Bronze,50,True,96.75962471987091,0.5369635315896389
5215,David Martinez,F,37,USA,2021-10-17,Bronze,26,False,85.31486620768041,0.3301900779122548
5216,Susan Sullivan,F,48,EU,2021-03-04,Bronze,34,True,101.74024369119216,0.4758728918218247
5217,Thomas Bowman MD,F,28,EU,2021-11-16,Silver,25,False,165.20660761629148,0.35335618097287513
5218,Elizabeth Brown,M,38,Asia,2020-11-04,Silver,38,False,122.37471143542717,0.4788191418485864
5219,Michael Bolton,M,20,USA,2023-02-05,Bronze,11,False,106.88703567445276,0.5191351906770465
5220,Jeffery Thompson,M,28,USA,2019-09-05,Silver,52,True,159.7359600451707,0.4648748384520455
5221,John Rodriguez,F,36,USA,2021-10-20,Gold,26,True,220.767198861911,0.4365221015254337
5222,Danielle Hamilton,F,39,EU,2019-11-11,Gold,50,True,210.51502642631613,0.5403712607066167
5223,Justin Hammond,Other,25,USA,2021-11-14,Silver,25,True,153.90210315199414,0.43951697033631404
5224,Kayla Williams,F,28,USA,2020-04-17,Bronze,45,False,96.88068651844985,0.4378847481900222
5225,Thomas Sparks,M,47,USA,2020-01-09,Gold,48,False,188.0357810943084,0.3420690343023517
5226,Ashlee Ross,M,44,USA,2022-11-21,Bronze,13,False,114.45986047219512,0.5758723034534671
5227,Ann Martin,M,35,EU,2019-12-17,Silver,49,True,147.13631725087225,0.49365697894256033
5228,Kimberly Black,M,18,Asia,2022-12-19,Silver,12,False,166.05261506418884,0.42805755220060426
5229,Meagan West,F,58,USA,2020-10-01,Bronze,39,True,110.38849480129183,0.34419602737858257
5230,Andre Cortez,F,32,EU,2020-09-13,Bronze,40,True,81.20462387671658,0.8505308616586933
5231,Michele Ford,M,29,EU,2019-12-23,Bronze,49,False,93.62701297222873,0.047513245698949214
5232,Andrew Chavez,F,27,EU,2022-09-26,Bronze,15,False,98.94327051198813,0.38625303824686147
5233,Joel Perez,F,36,Asia,2022-06-10,Bronze,19,False,101.80224383852999,0.42764908253625644
5234,Anthony Berg,M,36,EU,2022-11-10,Gold,13,False,217.17056665010276,0.6380815734603957
5235,Joseph Hill,M,42,EU,2019-09-07,Bronze,52,True,103.57402163793601,0.4528172789327591
5236,Robert Thompson,M,23,USA,2019-11-06,Bronze,50,False,100.83917258473352,0.5272930421145566
5237,Allison Cunningham,M,29,EU,2019-11-25,Bronze,49,True,91.29529374113278,0.4338211592325599
5238,Joseph Rice,F,53,EU,2023-12-07,Bronze,0,False,121.1385735526249,0.7765474449944543
5239,Jeffery Jordan,M,35,USA,2020-03-05,Bronze,46,True,106.95017087125768,0.5593025418366326
5240,Allen Martinez,M,31,USA,2023-10-07,Bronze,2,False,97.75795865449177,0.4024487928253922
5241,Cristian Lambert,Other,23,Other,2023-02-15,Bronze,10,False,92.20749710110024,0.6055592419363715
5242,Christina Powell,F,38,EU,2020-12-10,Bronze,37,True,105.59680879426973,0.4628884102764156
5243,Tamara Gonzales,M,43,EU,2021-03-20,Bronze,33,True,100.59199047803465,0.7739994497613292
5244,Jeffrey Long,F,41,Other,2021-03-26,Silver,33,False,104.28392120796386,0.7027212274916013
5245,Angela Richards,M,30,Asia,2021-11-13,Bronze,25,True,80.18887760104269,0.5441584502681343
5246,Sandra Lyons,M,36,EU,2019-09-09,Bronze,52,True,126.0915263475369,0.4644899306607846
5247,Andrew Whitney,F,49,Asia,2019-08-06,Gold,53,True,214.8179882219048,0.40475088562826006
5248,Jeffery Collins,M,43,Asia,2022-04-20,Silver,20,False,130.80846206936081,0.6323132139026547
5249,Kevin Fischer,F,25,EU,2022-11-21,Bronze,13,False,92.54230719188095,0.71778138271412
5250,Amber Chapman,M,18,EU,2023-11-24,Bronze,1,False,82.76064847293364,0.4562424863475022
5251,Becky King,M,35,USA,2022-11-07,Silver,14,False,134.26057971495118,0.5673806892652209
5252,Matthew Richards,F,40,Other,2019-12-06,Silver,49,True,180.7350212576333,0.5758165530851388
5253,Teresa Jones,M,22,EU,2023-09-16,Bronze,3,False,96.37890706443127,0.6335052988941305
5254,Nicole Hodge,F,32,USA,2022-06-02,Bronze,19,False,116.66393754757661,0.38322078517519537
5255,Debra Smith,F,30,Asia,2022-06-15,Gold,18,False,265.1067166464363,0.5665935007642173
5256,Zachary Jones,F,34,EU,2021-02-03,Silver,35,False,138.14557664799517,0.8365849857550427
5257,Amanda Bishop,F,27,USA,2019-05-13,Bronze,56,True,74.09788342949068,0.5143893698249555
5258,Rhonda Evans,M,45,EU,2023-06-17,Bronze,6,False,108.65854130742315,0.568045724482682
5259,Samantha Noble,F,34,EU,2020-02-19,Bronze,47,False,83.59385783563285,0.5568186644598954
5260,Larry Fritz,F,24,Asia,2022-03-11,Bronze,22,False,100.01213879078296,0.583028243467222
5261,Maria Gonzalez,F,42,USA,2019-06-02,Gold,55,True,206.74086906064363,0.32638308531727933
5262,Melinda Cervantes,F,20,Asia,2023-11-10,Bronze,1,False,137.1439064885884,0.8071483282189174
5263,Justin Carter,F,45,EU,2019-04-12,Platinum,57,True,319.3742014974494,0.5149970927801971
5264,James Garcia,M,42,USA,2019-10-13,Bronze,51,True,90.85797546611538,0.5816938923397456
5265,Dustin Williams,F,46,Other,2023-12-06,Bronze,0,False,112.51685264267417,0.5132129654359983
5266,Derek Hall,M,31,EU,2021-07-04,Bronze,30,True,116.30312277501656,0.6415017745040202
5267,Frank White,M,28,USA,2021-03-12,Silver,34,True,186.14537066405103,0.4247231051853868
5268,Tracy Santiago,F,33,EU,2022-12-27,Bronze,12,False,81.54219978164608,0.30392470738272903
5269,Lauren Barr,M,32,Asia,2021-12-26,Silver,24,False,188.72751159949172,0.4823747250724167
5270,Jill Smith DDS,M,26,USA,2022-11-15,Silver,13,False,218.58505126547715,0.5718953323256549
5271,Carmen Jordan,M,27,USA,2022-12-19,Bronze,12,False,125.37210397891229,0.44800701280742183
5272,Mary Johnson DDS,F,29,USA,2023-03-08,Silver,9,False,193.51553921610736,0.3992883794598949
5273,Sally Fernandez,M,21,USA,2019-03-05,Bronze,58,True,91.3053061139272,0.552267520419023
5274,Brandon Brown,F,39,Asia,2020-04-04,Silver,45,False,200.68274897716677,0.3608649504180871
5275,Maurice Johnson,M,32,EU,2020-05-28,Bronze,43,True,90.47838227192094,0.6469036182365612
5276,Lori Davis,M,29,USA,2021-11-13,Bronze,25,False,99.22462982418585,0.4531538874140628
5277,Taylor Acevedo,M,21,USA,2023-12-06,Silver,0,False,136.06421830588425,0.5746142096673181
5278,Cynthia Cohen,F,21,USA,2020-05-20,Bronze,44,False,88.37641236912161,0.3258282473010924
5279,Laura Larson,M,52,Other,2019-02-16,Gold,59,True,199.79039465915017,0.7030136951686782
5280,Penny West,F,26,USA,2022-11-10,Gold,13,False,153.84979022970947,0.5703301377185406
5281,Brian Daugherty,F,39,Other,2022-11-26,Bronze,13,False,86.25699243371182,0.5920464343758961
5282,Monica Medina,F,34,EU,2023-04-28,Bronze,8,False,80.5475214035995,0.3064054146010974
5283,Tracey Reilly,F,18,USA,2021-12-05,Silver,25,True,196.02578382173488,0.38756110162355506
5284,Robin York,M,50,Asia,2019-10-15,Gold,51,True,264.80156883409256,0.5298623515755682
5285,Tanya Shannon,F,39,EU,2021-10-11,Bronze,27,False,150.90726668714342,0.33758845745152966
5286,Charles Chang,F,25,Asia,2021-05-20,Gold,31,False,197.32338545799732,0.40595557982242836
5287,Spencer Kelly,F,32,Other,2023-10-09,Gold,2,False,201.17731460365135,0.6132540444173619
5288,Tammy Duncan,F,21,USA,2022-12-18,Bronze,12,False,115.42920513008424,0.40912104954677375
5289,Jonathon Kim,F,51,USA,2021-01-01,Silver,36,False,111.70837482911863,0.5560683404652276
5290,Christopher Cain,Other,23,Asia,2021-08-23,Bronze,28,True,80.43146002650197,0.3759412921908463
5291,Anthony Wells,M,27,USA,2019-07-09,Silver,54,True,102.08499216791746,0.5901269716136739
5292,Brandon Kirby,F,25,USA,2022-11-09,Bronze,13,False,116.73579290701633,0.3318677966105228
5293,Jamie Miller,F,33,USA,2021-01-15,Bronze,36,True,82.77760329333462,0.5890830333977973
5294,Anna Wong,F,46,USA,2020-11-04,Silver,38,True,180.04938835462056,0.8245232299783973
5295,Christopher Macdonald,M,50,Asia,2020-07-04,Bronze,42,True,90.76403121443141,0.4197528560589401
5296,Leslie Moody,F,29,USA,2022-02-01,Silver,23,False,150.11216284956575,0.4008074821705514
5297,Jessica Mckee,F,36,EU,2022-12-28,Gold,12,False,193.1542088293047,0.6708879085907129
5298,Nicholas Myers,M,33,EU,2023-05-01,Bronze,8,False,103.80661162538158,0.5097183378890747
5299,Meagan Charles,F,23,EU,2021-07-01,Bronze,30,False,90.21964317052391,0.32455106740659634
5300,Amber Williams,M,57,USA,2020-04-22,Silver,44,True,181.19035887292546,0.5508977347164027
5301,Micheal Green,Other,46,Asia,2020-11-27,Bronze,37,True,96.64742950684966,0.5324827386928833
5302,Rachel Henderson,M,34,USA,2022-11-06,Gold,14,False,214.5595242080375,0.40510796918057757
5303,Andrew Lam,M,48,Asia,2022-12-11,Bronze,12,False,102.19110080147323,0.3993269248738365
5304,Cassandra Mitchell,M,45,Asia,2019-06-16,Silver,55,False,119.59221348910877,0.6302961697033387
5305,Melissa Grant,F,33,EU,2019-09-27,Bronze,51,True,126.98479438647982,0.35178535289144586
5306,James Rodriguez,M,36,EU,2022-11-05,Bronze,14,False,86.96723580051649,0.29439915531174443
5307,Lauren Trevino,F,48,EU,2019-10-10,Bronze,51,True,116.17495899808439,0.3837482172529528
5308,Margaret White,F,23,USA,2022-11-28,Bronze,13,False,114.57947527809532,0.6298296953118167
5309,Stacey Howe,F,49,Asia,2022-11-16,Bronze,13,False,70.02142218294472,0.46077832331474333
5310,Diane Bishop,M,30,Asia,2023-02-11,Silver,10,False,144.60828461870312,0.4153512410549027
5311,David Baker,Other,48,USA,2019-04-26,Bronze,57,True,111.59641942453858,0.4897286998810675
5312,Allison Chavez,F,32,EU,2021-11-18,Bronze,25,True,94.20947735086075,0.5731222412684714
5313,Austin Smith,M,36,Other,2021-09-22,Bronze,27,False,97.44061869248118,0.730207578817621
5314,Ashley Thomas,M,32,Other,2023-03-28,Silver,9,False,156.51140926994952,0.5526396010524417
5315,Mrs. Olivia Petersen,M,27,EU,2021-08-14,Silver,29,True,138.72138296225677,0.794002821937966
5316,Joshua Martinez,F,30,EU,2021-09-13,Bronze,28,True,107.14396632532443,0.6097081931664627
5317,Laura Clarke,M,46,USA,2023-08-01,Gold,5,False,201.70329575320508,0.455357636509437
5318,Joseph Patel,M,18,Other,2020-12-03,Gold,37,False,192.12032700053018,0.6336578457302319
5319,Lisa Beard,F,20,USA,2023-11-15,Bronze,1,False,80.58946596638054,0.59554561659726
5320,David Mendoza,F,25,EU,2023-11-12,Silver,1,False,162.16726410199044,0.6743181878333308
5321,Nicole Wallace DDS,F,22,USA,2019-05-05,Bronze,56,False,51.81919939928984,0.6105424939152494
5322,Marcus Brown,F,48,USA,2021-05-16,Gold,32,True,210.4917464636083,0.5170894369447779
5323,Daniel Gallegos,M,45,EU,2021-09-14,Silver,27,False,150.44566126983432,0.42786061639036843
5324,Nicole Hardy,F,38,Other,2020-06-10,Platinum,43,True,251.21714618047332,0.5202300939270903
5325,Pedro Greene,M,26,USA,2023-10-05,Bronze,2,False,72.21038243115731,0.27769858440760187
5326,Yvette Marks,F,46,EU,2022-08-27,Bronze,16,False,108.36520272598386,0.4755582120033399
5327,Ashley Lewis,F,18,USA,2020-01-07,Silver,48,False,142.58685128060807,0.32305414585855385
5328,Stephanie Peterson,M,54,USA,2020-03-21,Silver,46,False,154.15893342053235,0.5687260401867901
5329,Mrs. Dawn Hawkins,F,26,EU,2021-02-16,Silver,34,False,94.87666927492923,0.6251295581338081
5330,Gary Greer,M,30,EU,2021-01-26,Gold,35,True,219.06330557073824,0.5473279076893621
5331,Christopher Knox,M,28,USA,2021-11-15,Silver,25,False,178.18984037600268,0.47561004605199614
5332,Eric Thomas,F,22,USA,2021-12-06,Silver,25,True,145.42004819646507,0.45721242522024236
5333,Brent Stewart,F,52,USA,2020-01-07,Bronze,48,True,82.06183232520803,0.6801507791061392
5334,Corey Roberts,F,40,USA,2023-03-18,Bronze,9,False,108.68266013624292,0.6479781700287712
5335,Keith Morales,F,45,Other,2021-08-19,Bronze,28,False,94.31594785141202,0.34080382927089425
5336,Perry Washington,F,20,Other,2019-03-19,Silver,58,False,175.90049336063618,0.5382862664989639
5337,Nicole Barton,M,34,USA,2020-11-17,Bronze,38,False,100.41476056267028,0.5487802424749846
5338,David Medina,M,38,EU,2022-08-14,Bronze,16,False,57.15440551577196,0.469180405080739
5339,Lydia Payne,M,35,Other,2022-03-09,Bronze,22,False,53.01812638693852,0.29514345600178493
5340,Monica Cline,M,21,USA,2023-12-16,Gold,0,False,171.58274731970565,0.19181388677021105
5341,Juan Davis,F,43,Asia,2020-05-10,Bronze,44,False,109.05798884987618,0.525836994328218
5342,Devin Black,M,34,Other,2020-03-25,Bronze,45,False,90.1534421800078,0.24602806747697376
5343,Rachel Franco DDS,M,23,USA,2020-11-09,Bronze,38,True,109.84265631914609,0.42146889427882583
5344,Lori Valentine,M,18,USA,2019-05-12,Bronze,56,False,86.75848951059223,0.602661875167202
5345,Lisa Ryan,F,39,Other,2019-09-09,Bronze,52,True,141.25244609526226,0.5623868020038375
5346,Danielle Hester,F,57,EU,2021-06-16,Bronze,30,False,96.2403018759781,0.4105120112295717
5347,Luke Alexander,M,22,USA,2022-11-16,Bronze,13,False,105.38419051639096,0.6343212911539046
5348,Jane Edwards,F,34,USA,2019-11-24,Gold,49,False,161.65793510268182,0.5789063527295698
5349,Ann Peterson,M,44,EU,2022-06-21,Silver,18,False,137.45398126598343,0.4267931523091343
5350,Erik Keller,F,20,EU,2020-12-27,Bronze,36,True,109.8775204370069,0.728173188202809
5351,Louis Bowen,M,28,Asia,2019-07-25,Silver,54,True,148.61408814317608,0.5731063313716986
5352,Amy Mcdaniel,M,24,Other,2022-02-23,Silver,22,False,66.55146307434737,0.38303990604996807
5353,Isaiah Terry,F,42,USA,2019-02-02,Silver,59,True,164.97309100894412,0.19205412223470042
5354,Michael Bell,F,46,EU,2020-11-07,Bronze,38,False,112.18297977469992,0.5335848031117782
5355,Blake Vega,M,34,EU,2020-08-20,Bronze,40,True,114.6166747522825,0.42426447869711575
5356,Ronnie Medina,F,24,EU,2020-11-07,Silver,38,True,182.98182806483197,0.5031449843870461
5357,Rhonda Clark,F,28,USA,2021-11-07,Bronze,26,True,103.61507155513851,0.4644944229022205
5358,Jason Fletcher,F,26,Other,2022-06-28,Bronze,18,False,147.91167722269256,0.1702769785434966
5359,Jose Green,M,23,Asia,2021-08-19,Bronze,28,True,104.67193321393324,0.4561779716925561
5360,Anthony Washington,M,31,EU,2023-10-03,Silver,3,False,80.9248439967439,0.33461941457547306
5361,Kristopher Curtis,F,38,EU,2023-12-26,Bronze,0,False,104.47350355855156,0.42377593765019084
5362,Chad Moreno,M,37,USA,2019-12-10,Bronze,49,True,122.4167641815076,0.4131513476620493
5363,Cassidy Carter,M,32,EU,2019-04-06,Gold,57,True,144.88953087154889,0.5095841480496132
5364,James Grimes,M,33,EU,2019-10-02,Gold,51,True,189.17992958691642,0.5449661703686155
5365,Natalie Hawkins,F,32,EU,2021-02-28,Bronze,34,False,124.2569054098297,0.5692032410786123
5366,Jonathan Williams,M,20,Other,2020-10-24,Bronze,38,True,88.7071736034434,0.14031920710928375
5367,Deborah Smith,F,34,EU,2019-03-24,Silver,58,False,142.87271598006197,0.7131857424327037
5368,Emily Henderson,M,27,USA,2019-11-20,Bronze,50,False,115.61608101581297,0.25521037933914437
5369,Peter Morgan,M,19,Asia,2023-02-18,Silver,10,False,111.53846330356204,0.4979823424023113
5370,Laura Patton,M,36,USA,2020-05-09,Silver,44,False,149.64727098553604,0.3757143270894607
5371,Francis Walker,M,26,USA,2021-05-15,Bronze,32,True,80.56518988565729,0.5443290479451792
5372,Renee Johnson,F,35,USA,2020-10-14,Bronze,39,True,94.63682783360467,0.2255777505511764
5373,Scott Wood,F,41,EU,2023-11-09,Bronze,1,False,104.73582887741148,0.7323858120156944
5374,Sherri Logan,M,23,Asia,2021-03-02,Silver,34,True,181.80939784240832,0.44610375811823566
5375,Cathy Barnes,M,33,EU,2022-11-10,Bronze,13,False,106.24929558750316,0.575080792550091
5376,Amy Sanders,F,18,Asia,2019-03-04,Bronze,58,True,88.69698088381645,0.37990867614373774
5377,Lee Perez,F,48,EU,2021-04-01,Bronze,33,True,123.94436411241934,0.7491336965731565
5378,Michael Leonard,F,19,USA,2023-12-22,Bronze,0,False,112.30726492317719,0.2941875560352869
5379,Cody Thompson,F,27,Asia,2020-01-11,Silver,48,True,91.7504837603568,0.10535175092920462
5380,Victor Yates,M,46,USA,2021-04-16,Bronze,33,True,116.7593283157751,0.7044366288043886
5381,Stanley Benson,F,30,USA,2023-05-11,Silver,7,False,151.94747175126463,0.3235727113893757
5382,James Gallagher,M,21,EU,2021-06-13,Bronze,31,True,99.34249627031173,0.4895143095815237
5383,Jeanette Garcia,M,40,USA,2019-07-14,Bronze,54,True,123.80859329778741,0.7337577976773796
5384,Michael Garcia,F,39,USA,2020-02-27,Gold,46,True,191.82758983281218,0.4392065499244136
5385,William Gordon,F,26,EU,2020-09-01,Silver,40,True,176.82447057284207,0.5390438580755142
5386,Kim Holmes,F,27,EU,2021-08-28,Silver,28,True,188.32168696741806,0.6222454849769
5387,Anthony Hodges,M,28,EU,2023-10-23,Bronze,2,False,101.24433573777597,0.5045077078059159
5388,Alexis Wells,M,30,Other,2019-12-25,Bronze,48,True,108.94728237946869,0.6951664179391002
5389,Jennifer Dawson,M,18,EU,2019-11-09,Silver,50,True,170.82017716794962,0.6058091521946092
5390,Bethany Baxter MD,F,31,Asia,2021-12-27,Gold,24,False,218.49923010433903,0.36589629347638153
5391,Teresa Wallace,M,50,USA,2022-09-18,Gold,15,False,235.57367029906555,0.6097642087540205
5392,Alexis Pham,F,24,EU,2021-11-11,Gold,26,True,158.2240460616875,0.49484568295636194
5393,Zachary Ortiz,M,27,Asia,2019-06-24,Bronze,55,True,87.17177233162114,0.4955651973303989
5394,Christopher Burnett,F,21,EU,2020-11-27,Gold,37,True,149.61683774480238,0.5498627153495211
5395,Nicholas Calhoun,F,39,Asia,2021-11-03,Gold,26,True,267.44108247420684,0.6380819539129114
5396,Joseph Perez,M,45,USA,2021-04-21,Bronze,32,True,66.48506880270011,0.3555983992932825
5397,Karen Perez,M,44,USA,2020-11-04,Bronze,38,True,126.41429200081474,0.6958195978474037
5398,Kevin Cruz,F,20,EU,2021-12-22,Silver,24,False,164.16785889156913,0.6865867012651063
5399,Amber Spencer,F,37,USA,2023-10-11,Bronze,2,False,82.47583328780722,0.4051438857919338
5400,Madison Richardson,F,47,Asia,2020-11-28,Silver,37,True,111.85912296862813,0.7637948324184691
5401,Jose Collins,F,38,USA,2020-11-28,Gold,37,False,198.4796133997381,0.4739894030770031
5402,Justin Potter,M,37,Other,2020-08-07,Gold,41,True,191.02263136959735,0.5850919713233116
5403,Sherry Cox,F,28,Other,2019-01-09,Gold,60,False,215.81986666426928,0.4307505501324102
5404,Tiffany Williams,M,35,USA,2021-11-26,Bronze,25,True,56.01080259295516,0.6229245224450695
5405,Jessica Torres,F,45,USA,2022-09-05,Bronze,16,False,96.22875376349889,0.4332568249964147
5406,Matthew Morgan,M,36,Asia,2021-03-02,Silver,34,False,123.70312540107173,0.5239606044129379
5407,Craig Beard,F,20,Other,2021-12-12,Bronze,25,False,125.53034925504896,0.10719027826330946
5408,Tony Moore,M,28,EU,2019-07-04,Bronze,54,True,108.18610452099327,0.4292252614455605
5409,Jillian Carrillo,M,45,USA,2023-03-13,Silver,9,False,134.7747602150918,0.41521771557940235
5410,Nancy Rowland,M,36,EU,2023-11-02,Bronze,2,False,128.425870394416,0.21629297067715736
5411,Lisa Ochoa,F,34,EU,2019-06-15,Bronze,55,True,91.28614883006567,0.615265275564667
5412,Jeffrey Ayala,F,27,USA,2019-12-01,Bronze,49,False,97.91883569841632,0.4421570048393621
5413,Dana Carter,F,44,Asia,2019-11-18,Gold,50,False,210.82313643534778,0.22729717370865116
5414,Natalie Burns,M,49,USA,2021-08-27,Bronze,28,True,118.18497175554214,0.5902456434797719
5415,Sean Peters,F,45,USA,2019-11-23,Bronze,50,True,100.23774169592384,0.6634241287023257
5416,Christopher Jones,F,47,USA,2022-06-02,Platinum,19,False,385.2235394554045,0.4798304056982925
5417,Miguel Pena,M,29,USA,2020-03-04,Bronze,46,False,91.96397689795037,0.27354502921528123
5418,Ryan Lawson,M,27,USA,2023-12-21,Bronze,0,False,80.38163422968015,0.21741464899277707
5419,David Williams,M,31,EU,2022-10-19,Silver,14,False,197.77677496652495,0.31631668275023817
5420,Mark Johnson,M,33,USA,2023-01-20,Bronze,11,False,93.73156006917948,0.3755401150507872
5421,Rebecca Perez,M,47,USA,2021-06-10,Bronze,31,False,111.86515522716797,0.7564595577826978
5422,Kathryn Thomas,F,44,USA,2021-04-13,Gold,33,False,230.7318385009753,0.4693813438547344
5423,Crystal Abbott,M,38,Other,2019-04-19,Bronze,57,True,141.65425213798827,0.3091096084242413
5424,Alexandra Hodge,F,18,EU,2023-11-08,Silver,1,False,141.08682185737538,0.4077567776651214
5425,Rachel Yang,F,18,EU,2021-09-10,Silver,28,True,165.83011008109125,0.660596346770804
5426,Michelle Sanders,F,35,EU,2021-04-08,Bronze,33,False,84.34025210264741,0.5832759008974395
5427,Dustin Stein,F,41,Other,2023-04-19,Silver,8,False,135.5631367517461,0.5070036371325202
5428,Haley Jackson,M,32,USA,2021-11-09,Bronze,26,True,84.84421001144062,0.4747079427800455
5429,Thomas Moses,F,52,EU,2019-07-09,Bronze,54,True,116.93899556220485,0.5005529736567561
5430,Jeffrey Petersen,M,22,Asia,2021-10-23,Silver,26,True,177.5943054403927,0.5233762737142288
5431,Joseph Ward,F,20,EU,2022-01-13,Bronze,23,False,107.37721293732979,0.4708658586714983
5432,Lance Robinson,F,26,USA,2022-02-01,Silver,23,False,126.7276652291409,0.5153246537070351
5433,Kristen Smith,F,25,EU,2019-10-12,Bronze,51,True,86.98128833900844,0.4549023472533179
5434,Nicole Mcbride,F,38,USA,2022-11-10,Bronze,13,False,85.96293165299022,0.3716491298730846
5435,Daisy Larson,M,28,EU,2021-02-27,Silver,34,True,160.70753744259417,0.4604723768704526
5436,Jesus Shaw,M,18,Asia,2022-08-19,Bronze,16,False,68.37962676428323,0.5495224910670861
5437,Shelly Moss,F,41,USA,2022-12-08,Gold,12,False,184.13278994188235,0.3908665904241547
5438,Laura Coleman,M,18,Asia,2021-11-22,Silver,25,True,109.827043632853,0.5631480318199555
5439,Kayla Moore,F,22,USA,2023-04-25,Platinum,8,False,330.3822187736506,0.6244523646433514
5440,Melissa Brown,M,18,Asia,2019-06-11,Bronze,55,True,80.17781777663212,0.5511762668491731
5441,Emily Riley MD,F,35,EU,2023-12-11,Gold,0,False,278.32493239917426,0.4157522519975867
5442,Donald Cole,M,34,USA,2023-05-26,Silver,7,False,181.36086649517176,0.514401938414666
5443,James Johnson,F,52,USA,2022-09-16,Silver,15,False,147.32775500576938,0.5230216203634617
5444,Nicholas George,F,42,Other,2020-04-11,Gold,45,True,216.53828162912566,0.5298935620126558
5445,Jane King,M,47,USA,2023-09-25,Silver,3,False,164.05172604426733,0.7235019480882176
5446,Tanner Decker,M,35,USA,2021-11-01,Gold,26,True,161.59039530241077,0.3262908413658149
5447,Leslie Martin,M,23,USA,2021-04-06,Silver,33,False,187.14503442922774,0.5310244769636803
5448,Keith Garcia,M,34,EU,2021-05-13,Silver,32,True,147.129008667468,0.4399796296503207
5449,Victoria Keller,M,38,EU,2020-04-27,Bronze,44,True,84.64167919860482,0.31315067962705173
5450,Mr. Robert Acevedo MD,M,40,USA,2020-11-11,Bronze,38,True,110.83173660178022,0.3113105210155268
5451,Ms. Kayla Williams,F,28,USA,2019-03-03,Silver,58,True,116.31523239011457,0.6316045387372567
5452,Tammy Jackson,M,37,USA,2020-02-21,Platinum,47,True,339.35003136697674,0.2893773741073289
5453,Robert Smith,Other,23,USA,2019-01-01,Silver,60,True,160.2905627614281,0.5448077165607044
5454,Stephen Smith,F,22,EU,2021-01-27,Silver,35,True,130.49956723566572,0.519721089629314
5455,Jasmin Hamilton,M,21,Asia,2020-11-14,Silver,38,False,178.69469921489306,0.3712878138993452
5456,Thomas Romero,M,33,USA,2022-02-11,Bronze,22,False,114.10611027629145,0.6254116444363326
5457,Megan Grant,F,21,USA,2022-05-14,Bronze,19,False,93.56279166880854,0.32276877897790957
5458,Karen Hughes,M,28,USA,2022-11-23,Bronze,13,False,110.78117887405543,0.41763843736043726
5459,Bradley Phillips,F,42,Other,2020-05-22,Bronze,43,True,73.35641213462196,0.3363116966666691
5460,Robert Roberts,F,22,Other,2020-12-28,Silver,36,True,164.7450700709162,0.6147290928527314
5461,Cynthia Tran,M,27,Asia,2020-12-10,Gold,37,True,141.64012364814397,0.6775317423302305
5462,Marie Davidson,F,33,USA,2022-07-21,Bronze,17,False,102.56786997488116,0.5372879256398724
5463,Jordan Williams,M,35,USA,2021-11-02,Bronze,26,False,113.785136542379,0.8808891981728972
5464,Mr. Paul Chase,M,28,USA,2023-02-24,Bronze,10,False,106.76839495474894,0.5668600564403811
5465,Chloe Parker,F,40,USA,2021-12-05,Bronze,25,False,131.06753980023876,0.5948293578831736
5466,Leah Collier,F,38,EU,2020-11-15,Bronze,38,True,84.13201220454235,0.6509782435459456
5467,Amanda Gonzalez,F,44,Asia,2023-10-18,Bronze,2,False,108.17462412436224,0.3991496227912541
5468,Alice Conley,F,32,Asia,2023-11-16,Bronze,1,False,57.35211743570642,0.5612499145407683
5469,Clarence Wood,F,27,Asia,2021-11-20,Gold,25,True,179.51276481732037,0.35495743229762733
5470,Terri Cisneros,F,26,USA,2022-10-26,Bronze,14,False,93.94695058651902,0.3022849698556852
5471,Jessica Jones,M,36,EU,2019-12-24,Silver,48,False,197.02084788633164,0.6638318029616498
5472,Michael Graham,F,29,USA,2022-03-24,Silver,21,False,149.29166910804705,0.3725036909238866
5473,Mary Henderson,F,27,USA,2022-12-03,Bronze,13,False,118.26208974495214,0.5275100245564547
5474,Adam Holland,M,28,Asia,2023-03-26,Gold,9,False,163.8238233671997,0.7447316331394036
5475,Elizabeth Miller,F,26,USA,2020-10-24,Silver,38,False,140.0125450478337,0.22834486600642268
5476,Ryan Kaiser,M,34,EU,2020-05-26,Bronze,43,True,83.26546434913233,0.5976764823028645
5477,Douglas Morton,F,18,USA,2023-06-09,Bronze,6,False,80.12356234062656,0.496717430703516
5478,Ashlee Mendez,F,36,EU,2022-10-18,Silver,14,False,122.24280522151733,0.4894449212993041
5479,Leslie Barton,F,39,Asia,2021-01-22,Bronze,35,False,87.72129059533894,0.508937806345392
5480,Joseph Smith,M,27,USA,2019-12-27,Bronze,48,False,140.85475102990128,0.5026252435927133
5481,Paige Jordan,F,52,Asia,2022-06-19,Bronze,18,False,98.83019904542374,0.5784939157276928
5482,Elizabeth Taylor,M,33,USA,2022-06-05,Bronze,19,False,72.94437983403859,0.34230160603723303
5483,Latoya Howell,F,18,EU,2019-11-04,Silver,50,False,134.2714109978138,0.5753231823730129
5484,Lawrence Glover,F,30,Asia,2021-11-08,Gold,26,False,240.66169208962697,0.3308637476495888
5485,Kimberly Grant,F,33,EU,2019-11-07,Silver,50,True,128.94847461872354,0.8155848954022651
5486,Madison Wilson,F,37,Other,2023-08-23,Bronze,4,False,129.75240550346214,0.4842502492773645
5487,Melanie Davidson,F,30,USA,2019-11-11,Gold,50,True,241.18537943844547,0.5269137618986225
5488,Angel Johnson,M,22,EU,2019-08-12,Silver,53,True,144.1700611875387,0.7656194157212497
5489,Jessica Cox,M,22,EU,2022-12-12,Silver,12,False,130.32037344087672,0.38380895511742763
5490,Laura Mosley,F,26,Other,2022-11-16,Bronze,13,False,80.98418850155267,0.4983130607301752
5491,Kurt Martinez,F,27,USA,2020-12-16,Bronze,37,False,103.84797519738679,0.2884928848695083
5492,Brandi Ibarra,M,21,Asia,2019-06-15,Gold,55,True,216.5992004052418,0.3544799605020288
5493,Heather Sweeney,F,25,EU,2023-11-01,Bronze,2,False,126.80027812368499,0.2864040411777896
5494,Laura Guerra,M,39,USA,2020-05-15,Silver,44,True,160.70399656143013,0.6197309558603495
5495,Adrian Levine,M,49,EU,2019-12-22,Silver,49,True,139.4286352480581,0.5854244485471701
5496,Abigail Acevedo,F,40,USA,2022-01-18,Bronze,23,False,127.48726392636576,0.4344315209725039
5497,Isabella Taylor,M,46,EU,2023-09-24,Silver,3,False,174.5779989908022,0.4239953256216032
5498,Joel Rogers,M,42,Asia,2021-12-06,Bronze,25,True,86.24680122458096,0.6455998351666428
5499,Tyler Murray,M,41,EU,2020-09-09,Silver,40,False,147.50718110116208,0.49924286978891447
5500,Michael Lambert,F,29,EU,2022-11-26,Platinum,13,False,339.6275455297256,0.36991068993481535
5501,Edward Guzman,F,34,EU,2021-12-17,Platinum,24,False,318.2935001434124,0.6609750715187889
5502,Anne Chambers,F,28,USA,2019-02-24,Gold,59,False,159.68574481019996,0.47878337293083795
5503,Kristen Ramirez,M,30,USA,2023-10-12,Silver,2,False,155.27593956708546,0.6015926251901014
5504,Leslie Case,F,33,EU,2022-11-02,Silver,14,False,129.7308019510299,0.5107694039658749
5505,Christopher Thomas,F,40,USA,2022-11-16,Silver,13,False,151.90495471345645,0.8116598733152758
5506,Felicia Matthews,F,37,USA,2023-04-23,Bronze,8,False,74.00670338293982,0.46897357935933215
5507,Robert Keith,F,31,EU,2022-10-15,Bronze,14,False,82.18187058906364,0.19872882527055924
5508,Deborah Simon,M,33,USA,2022-04-27,Silver,20,False,212.95919026134857,0.4658240665963186
5509,Carlos Morrow,M,37,USA,2019-11-12,Bronze,50,False,91.47524723216881,0.5399593633890513
5510,Edward Tucker,M,39,EU,2020-06-15,Gold,43,True,244.5382635360984,0.568962970760287
5511,Emma Chan,M,18,USA,2021-06-13,Bronze,31,True,97.48267291230486,0.6213132342811876
5512,Ryan Thomas,F,22,Other,2023-12-12,Bronze,0,False,75.94161319049023,0.41287152451803855
5513,Holly Rivas,F,44,Asia,2021-12-19,Bronze,24,False,78.40053509409431,0.7345874228457168
5514,Alicia Navarro,F,32,Asia,2023-12-16,Gold,0,False,168.28153361569338,0.6447251695729975
5515,James Schaefer,M,28,USA,2023-11-07,Gold,1,False,285.82935740032144,0.5196408818410786
5516,Jennifer Sampson,M,30,Asia,2022-03-17,Bronze,21,False,95.37772241157565,0.39590160487558
5517,Daniel Taylor,M,30,Asia,2019-11-10,Silver,50,False,155.43197056462762,0.7891964438059398
5518,Julie Thompson,M,38,Asia,2023-11-09,Silver,1,False,170.45358728780624,0.609381698731339
5519,Justin Murphy,M,21,USA,2021-04-06,Silver,33,False,165.1377456061166,0.42616224637421446
5520,Rachel Smith,F,33,EU,2020-10-23,Silver,38,False,175.9496878985659,0.7103139142027578
5521,Joseph Dougherty,M,35,Asia,2021-01-09,Bronze,36,True,89.49165159074178,0.5330444509655735
5522,Catherine Barker,Other,36,EU,2019-12-26,Silver,48,False,114.48487969538508,0.7263900432431524
5523,Cynthia Taylor,M,35,EU,2020-11-01,Bronze,38,True,81.10899125189874,0.37353730278186903
5524,James Peck,F,38,EU,2022-06-16,Bronze,18,False,69.36272134613318,0.4699340786204213
5525,Rebecca Brooks,F,27,EU,2021-08-14,Bronze,29,False,89.59653866205564,0.7072970713241451
5526,Mr. Gregory Hart,M,23,USA,2021-08-08,Bronze,29,True,25.477174499620588,0.3996732381176276
5527,Tiffany Davis,F,57,EU,2023-11-27,Silver,1,False,171.73795866336155,0.46198135219801156
5528,Vanessa Bishop,F,29,USA,2023-07-15,Bronze,5,False,111.44185389539055,0.08934298483488246
5529,Stacey Rodriguez,F,31,EU,2020-01-16,Silver,48,True,120.73593988621418,0.5618310062184328
5530,Angelica Lopez,F,39,USA,2022-05-14,Silver,19,False,108.69414677194105,0.6731266735963372
5531,Spencer Manning,M,48,EU,2023-05-16,Gold,7,False,261.1168044696278,0.3618055695506518
5532,Robert Bauer,F,27,USA,2021-12-07,Silver,25,True,178.99456743571773,0.5671356888867383
5533,Keith Gonzalez,F,23,EU,2020-12-18,Platinum,36,True,284.5572325273775,0.41884666624535766
5534,Benjamin Jordan,M,20,Asia,2023-06-17,Bronze,6,False,86.4976730206098,0.27362661844262814
5535,Adrian Krueger,M,48,USA,2023-01-26,Silver,11,False,151.1411761375806,0.4512003425691386
5536,Michael Travis,F,22,USA,2019-10-01,Bronze,51,True,71.18210545688366,0.413802856492519
5537,Jonathan Glover,M,32,USA,2020-11-11,Silver,38,True,158.7890024253728,0.5191086946029481
5538,Erin Carter,F,23,Asia,2020-06-20,Bronze,43,True,75.95768080715771,0.4541233332399948
5539,Brenda Bradley,F,18,EU,2022-08-05,Silver,17,False,78.27377007769852,0.7005976877479074
5540,Kevin Berry,F,30,EU,2023-04-23,Bronze,8,False,83.72334499229973,0.4163464527787137
5541,Jennifer Anderson,M,23,USA,2020-07-13,Bronze,42,True,79.69832710319207,0.4805909606872432
5542,Tyler Miranda,M,26,EU,2022-11-08,Silver,13,False,204.2074459823802,0.5359308183886977
5543,Nicholas Chung,M,53,Asia,2023-09-18,Gold,3,False,266.98792706605246,0.49235331345755157
5544,Kayla Thomas,F,37,Asia,2021-09-13,Bronze,28,True,77.6735088537812,0.41967297884093946
5545,Robert Shepherd,F,42,EU,2019-11-09,Gold,50,True,195.99631751811017,0.5077016932254718
5546,Steven Swanson,F,41,USA,2022-11-11,Bronze,13,False,86.87390845363001,0.5787013680482891
5547,David Williams,F,31,USA,2019-04-23,Silver,57,True,205.1341705809586,0.6348033701574547
5548,Justin Bishop,M,28,USA,2021-08-06,Platinum,29,True,190.78915259227185,0.18231744829668833
5549,Clifford Mcdonald,M,35,USA,2020-12-11,Bronze,37,False,109.30239897912855,0.5759913882724961
5550,Wesley Bowers,F,34,USA,2023-09-15,Bronze,3,False,125.5596312571417,0.3988264542882417
5551,Jessica Warren,F,27,USA,2020-11-14,Bronze,38,True,89.08652917984337,0.6736972780523068
5552,Dana Savage,M,34,USA,2019-06-08,Bronze,55,True,100.4720903484222,0.6398529837494882
5553,Joseph Sullivan,M,25,Other,2020-04-18,Silver,45,False,181.5928826471532,0.6388392869428393
5554,Joshua Williams,M,31,EU,2020-08-01,Silver,41,False,116.791977941771,0.41244757066617443
5555,Cory Kelley,M,29,Asia,2022-07-21,Platinum,17,False,338.1925758921505,0.29106316951791616
5556,Whitney Macdonald DVM,F,20,Asia,2022-12-09,Bronze,12,False,69.03167442829331,0.6906648115177649
5557,Kimberly Ponce,F,18,USA,2021-10-23,Silver,26,False,102.1394878340054,0.6753381349739747
5558,Darren Morse,F,23,Asia,2022-11-07,Bronze,14,False,117.0120349770315,0.19945565166468038
5559,Lydia Horn,F,51,USA,2022-11-15,Gold,13,False,161.32168159132908,0.7062689475584414
5560,Chad Williams,F,29,EU,2022-09-15,Bronze,15,False,103.58675469303869,0.5532314387323207
5561,Jeremy Wallace,F,40,USA,2022-11-09,Platinum,13,False,229.3123734234128,0.5197926043344802
5562,Anthony Ward,M,18,Other,2021-06-21,Bronze,30,True,105.61213251297632,0.3766357114879194
5563,Heather Diaz,F,22,USA,2022-11-05,Silver,14,False,100.22640129961535,0.6521515152845354
5564,Daniel White,M,19,USA,2022-11-07,Bronze,14,False,125.91275429503547,0.43100329819276495
5565,Linda Fernandez,M,30,Other,2019-01-27,Gold,60,False,232.53691480333745,0.43030527599541823
5566,Ralph Rodriguez,M,57,USA,2022-12-28,Silver,12,False,131.961460316632,0.17957882788440188
5567,Michael Cross DDS,F,37,EU,2021-10-12,Silver,27,True,94.10965316134529,0.38840111050043313
5568,Stacy Garcia,M,49,Asia,2021-11-06,Silver,26,True,143.85924821105706,0.35120700784884334
5569,Brett Maxwell,M,30,Asia,2020-11-10,Bronze,38,True,92.8332612231489,0.18846565115249203
5570,Anna Andersen,M,46,Other,2022-11-15,Bronze,13,False,89.11237965466704,0.7338301822622173
5571,Gary Phillips,F,53,Other,2023-09-22,Gold,3,False,242.02521805048923,0.48128404396687646
5572,Melanie Brown,F,31,USA,2020-09-24,Bronze,39,True,124.27058597748203,0.286145748953744
5573,Carol Johnson,F,27,Asia,2021-12-04,Gold,25,False,217.10236269341613,0.3554288079687562
5574,Jacqueline Hall,M,19,EU,2020-11-15,Silver,38,False,194.71771963526498,0.41287745426202443
5575,Tara Hale,M,29,EU,2023-11-18,Bronze,1,False,43.936761254122615,0.41055584429341474
5576,Christopher Smith,F,33,USA,2019-09-03,Silver,52,False,140.87737106561423,0.6200902596872937
5577,Chad Kim,M,53,EU,2023-12-26,Silver,0,False,139.44719903268665,0.4596103523740441
5578,Riley Knight,F,20,Other,2020-06-15,Silver,43,False,175.26303119993258,0.514791176699089
5579,Amy Moore,F,33,Other,2022-08-20,Gold,16,False,187.26278377048206,0.46028909561408177
5580,Robert Ellison,F,18,EU,2019-11-05,Bronze,50,False,111.10864032444147,0.6744326838202668
5581,Brian Lewis,F,28,USA,2023-02-02,Gold,11,False,180.73524297493816,0.706646542849075
5582,Catherine Johns,M,36,USA,2022-11-15,Bronze,13,False,86.51938164170333,0.47993017035660646
5583,Mary Parks,M,38,Asia,2023-07-08,Gold,5,False,232.0428696275866,0.35806581920975744
5584,Mark Williamson,F,38,Asia,2021-11-28,Bronze,25,False,99.96336123542443,0.48357019928196143
5585,Douglas Blanchard,M,36,EU,2022-10-28,Bronze,14,False,106.1422120433416,0.03349975376663261
5586,Phillip Padilla PhD,M,38,USA,2021-03-05,Silver,34,False,112.7911463274044,0.5470361953021509
5587,Juan Galvan,M,33,EU,2019-09-23,Bronze,52,False,113.55665961219532,0.2961572877304993
5588,Leslie Diaz,M,22,EU,2019-09-09,Platinum,52,False,235.37525014922915,0.46684807500018105
5589,David Potter,M,18,Other,2019-05-07,Bronze,56,True,134.26329303004275,0.570742532867101
5590,Adam Long,M,27,EU,2019-08-04,Bronze,53,True,94.87014506131462,0.41445611652213826
5591,Lisa Booker,F,31,USA,2021-11-19,Bronze,25,True,91.71941315368557,0.43423339220026264
5592,Alexandria Vaughn,F,45,EU,2021-12-08,Bronze,25,True,117.84374767840343,0.5386978857035004
5593,April Bailey,F,31,USA,2020-09-14,Silver,40,True,148.4488237086242,0.4162821885708573
5594,Sherry Patterson,F,31,Other,2020-05-09,Silver,44,True,171.52487244425058,0.6386564238392605
5595,Melissa Wolf,M,36,USA,2021-12-05,Bronze,25,True,94.02194273787111,0.6159365828592445
5596,Joshua Sims,M,30,EU,2019-08-06,Bronze,53,False,114.2704868979602,0.5851041488844174
5597,Tina Mooney,M,41,USA,2020-11-10,Bronze,38,True,98.47118529903325,0.4054549163223622
5598,Luis Mcclain,F,52,EU,2022-04-28,Bronze,20,False,117.33703346647104,0.5860206353218631
5599,Heather Wolf,F,54,EU,2021-11-28,Silver,25,True,184.52238995760695,0.3885575901020719
5600,James Bradley,M,33,Asia,2022-11-13,Silver,13,False,102.46321758369689,0.4869105571405319
5601,Isaiah Jones,M,36,USA,2019-11-10,Silver,50,False,160.73373206965482,0.10463018420929865
5602,Victor Hudson,F,48,USA,2021-03-22,Platinum,33,True,409.7780457468409,0.6735791221133164
5603,Maria Sanders,F,31,USA,2020-12-13,Gold,37,False,224.71129490599452,0.759029791150059
5604,Thomas Holloway,F,39,EU,2020-12-03,Bronze,37,True,148.769670656908,0.533720712015063
5605,Joshua Love,M,21,USA,2022-08-12,Bronze,16,False,81.43624839387584,0.2627581896953538
5606,Andrew Dominguez,M,29,EU,2021-10-04,Gold,27,True,210.31497296669977,0.46734884962369705
5607,John Adams,F,44,Asia,2019-12-11,Silver,49,True,164.62965664429458,0.5106596157676272
5608,Michelle Huber,F,25,Asia,2023-10-09,Bronze,2,False,89.46261027715855,0.5024038036962615
5609,Laura Roberts,F,31,EU,2023-10-06,Silver,2,False,112.93081769098461,0.8811506189872822
5610,Tracey Brooks,F,18,EU,2019-10-12,Platinum,51,True,430.18842167136927,0.463317276295216
5611,Aaron Henry,F,53,USA,2020-11-14,Gold,38,False,244.8881675936954,0.4133982387475785
5612,Ryan Moore,F,45,EU,2023-10-21,Bronze,2,False,111.15740084076047,0.5244471526211456
5613,Daniel Chen,M,34,Asia,2019-08-09,Platinum,53,True,302.87236333961704,0.47858647127693515
5614,Angel Lewis,M,38,USA,2022-10-08,Platinum,15,False,308.4231839241041,0.38758201079986004
5615,David Nolan,F,36,EU,2020-11-09,Bronze,38,True,112.5606145466497,0.23573765075872144
5616,Brian Medina,M,46,Asia,2019-12-13,Gold,49,False,257.6938819920654,0.6098540259590636
5617,Antonio Lopez,F,27,Asia,2022-11-11,Gold,13,False,171.72421433938587,0.3703682832575549
5618,Michaela Hernandez,F,40,USA,2021-08-09,Bronze,29,True,102.11296918508981,0.3490327665361429
5619,Elizabeth Chase,Other,43,EU,2023-11-20,Silver,1,False,138.90047383972217,0.37834220629512033
5620,Omar Johnson,M,45,USA,2023-08-08,Bronze,4,False,78.86210042379062,0.2807128950616279
5621,Steven Fisher,M,18,USA,2023-11-10,Silver,1,False,131.58917527275497,0.5984044208302662
5622,Heather Smith,F,27,Other,2019-08-09,Gold,53,True,208.65141122603163,0.5783693441320026
5623,Kimberly Mcintyre,F,22,Asia,2021-06-27,Bronze,30,False,94.01402009471556,0.5284940437687212
5624,Dana Hernandez,F,34,Asia,2019-09-21,Bronze,52,True,100.54566944166106,0.6064654714044889
5625,Anita Long,M,18,USA,2019-11-04,Gold,50,True,228.98551528532332,0.5647457241103403
5626,Chad Pennington,M,18,Asia,2021-12-10,Platinum,25,False,369.30479503528954,0.5881677727938139
5627,Michael Rosario,F,54,EU,2022-05-17,Bronze,19,False,153.07619924335808,0.773667218383455
5628,Joyce Webster,F,39,USA,2020-09-19,Gold,39,True,230.84971975607516,0.6472651932627145
5629,Kristie Hendrix MD,F,34,EU,2023-08-10,Bronze,4,False,87.66205612561154,0.5263589598559443
5630,Shannon Miller,M,36,USA,2021-10-18,Bronze,26,False,122.05452718660474,0.35994459334501855
5631,Linda Henderson,M,34,Asia,2022-12-16,Silver,12,False,140.4633632520729,0.26061154900470646
5632,Anthony Ashley,M,42,EU,2021-09-28,Silver,27,True,129.02459793858995,0.23608277397102773
5633,Michael Khan,F,26,USA,2020-11-23,Silver,37,True,168.68449674293598,0.6419506977882075
5634,Stacey Thomas,F,34,USA,2021-11-04,Bronze,26,True,128.27481389733583,0.41631364354993217
5635,Joseph Jones,M,35,USA,2021-03-09,Bronze,34,True,87.88946610853199,0.5118891902817424
5636,John Johnson,M,22,USA,2022-11-09,Gold,13,False,212.61600682387686,0.3570451724486814
5637,April Wallace,F,45,EU,2023-10-02,Bronze,3,False,109.12700619629527,0.8308264870518447
5638,Gregory Martin,M,28,Asia,2023-11-19,Bronze,1,False,81.0287147722089,0.23061914009335466
5639,Krista White,F,43,USA,2022-02-08,Gold,23,False,142.74223380662613,0.5207962890625433
5640,Tyler Garcia,F,34,USA,2022-05-26,Silver,19,False,107.91437828611677,0.44620969295567764
5641,Molly Jackson,M,49,EU,2019-11-19,Bronze,50,False,125.57698649771422,0.5027512787936183
5642,Thomas Floyd,M,22,Asia,2019-08-04,Bronze,53,True,90.72295569322654,0.4519076689743233
5643,Susan Sharp,F,22,USA,2020-12-11,Gold,37,True,174.7888685371427,0.3662887054032721
5644,Krystal Hamilton,M,23,USA,2019-10-03,Platinum,51,True,319.1072258305137,0.332286307200236
5645,Kathy Lewis,M,34,EU,2019-01-28,Bronze,59,True,126.01627505807211,0.8072659844239387
5646,Joshua Miller,F,48,USA,2021-11-18,Silver,25,True,115.05902227529916,0.4553188678133406
5647,Emily Brady,F,48,USA,2021-10-17,Bronze,26,True,62.2362975635638,0.551333235152319
5648,Julie Padilla,F,18,Asia,2022-07-19,Gold,17,False,259.02307876818065,0.2609040657324976
5649,Justin Williams,M,35,EU,2023-01-09,Bronze,11,False,110.27588294372354,0.18245406243047363
5650,Willie Morgan,M,18,EU,2020-04-16,Silver,45,True,117.81892453758846,0.3985033179835436
5651,Joseph Stokes,M,40,Asia,2019-04-08,Silver,57,True,136.85084381895524,0.6309611926858791
5652,Cindy Kelley,M,44,EU,2021-10-09,Silver,27,False,119.92902339976872,0.504247746023541
5653,Tommy Romero,F,32,USA,2023-11-26,Gold,1,False,225.59770366832572,0.41901093495649677
5654,Stephanie Lara,M,33,USA,2019-05-05,Bronze,56,True,120.4565690187161,0.5644720940526833
5655,Tyrone Collins,F,33,USA,2023-11-05,Gold,1,False,226.7712873757363,0.4174499801184653
5656,Brendan Palmer,M,25,USA,2021-12-14,Bronze,24,False,103.3282617079834,0.7064926433065537
5657,Paul Martin,M,37,EU,2022-10-24,Bronze,14,False,107.56197199682612,0.7126333620200168
5658,Juan Gilbert,Other,30,Asia,2019-11-14,Bronze,50,True,85.16646006762363,0.4134114021246517
5659,Lori Roberson,M,42,Other,2019-07-05,Bronze,54,False,91.11660235582184,0.3834933922368441
5660,Matthew Moore,M,31,EU,2020-11-04,Bronze,38,True,100.11995412585347,0.4890124377518779
5661,Donald Freeman,M,24,USA,2019-03-25,Gold,58,True,188.93291302329567,0.56400110603825
5662,Daniel Anderson,M,18,USA,2021-10-17,Silver,26,False,150.0168929720196,0.4589301210569697
5663,Kelly Rodriguez,M,18,Asia,2023-11-06,Gold,1,False,135.2974431255085,0.6568977291824663
5664,Troy Ward,M,46,EU,2023-11-07,Silver,1,False,176.43696138470935,0.5398289469208437
5665,Christina Smith,F,28,EU,2022-11-14,Bronze,13,False,78.55751874243066,0.6632416771509121
5666,Mark Smith,F,36,Asia,2022-04-15,Bronze,20,False,57.83706616836655,0.3316662682901267
5667,Daniel Williams,F,50,Asia,2021-12-06,Gold,25,False,171.38769583086759,0.41110654938358115
5668,Melissa Robinson,M,27,Asia,2023-01-28,Bronze,11,False,95.68718126314603,0.579974332365415
5669,Mitchell Jimenez,F,26,USA,2022-07-10,Bronze,18,False,140.35339108439592,0.5079374933527367
5670,Bethany Liu,M,31,Asia,2022-02-08,Bronze,23,False,90.22307989139766,0.4718521178508617
5671,Mitchell Williams,F,33,Asia,2020-11-27,Bronze,37,True,104.19449936761143,0.42213210389486244
5672,Bianca Davis,F,51,USA,2020-10-08,Silver,39,False,159.62059262463433,0.5130102289363753
5673,Anthony King,M,48,EU,2021-04-05,Bronze,33,False,69.70246385741532,0.7142369338901609
5674,Michael Summers,F,39,USA,2021-02-28,Silver,34,True,146.8423898904478,0.19863269939276296
5675,Ricky Hall,F,47,Other,2021-02-16,Bronze,34,True,94.7111139137574,0.4772040953618372
5676,Joyce Kelly,F,31,USA,2021-06-20,Silver,30,True,152.50971708458854,0.4837320089930874
5677,Anne Medina,M,35,EU,2023-08-11,Gold,4,False,216.92235395356607,0.3368841278108171
5678,Benjamin Johnson,F,29,USA,2019-02-07,Silver,59,True,175.5239583608135,0.47660107783252953
5679,Kyle Perry,F,20,Asia,2021-03-25,Bronze,33,True,82.87074863586949,0.2540855139575862
5680,Melissa Newton,M,45,USA,2020-11-02,Bronze,38,False,109.66405984344671,0.412373078299747
5681,James Franklin,F,38,USA,2019-11-28,Gold,49,False,170.86182709540896,0.45972766875876253
5682,Caitlin Curry,M,33,EU,2019-12-07,Bronze,49,False,81.7955234979999,0.4992208934817506
5683,Barbara Glover,M,32,Other,2023-03-06,Bronze,10,False,135.05155190709746,0.7812749964111446
5684,Ryan Harmon,F,18,USA,2022-05-19,Gold,19,False,127.47017580169262,0.3775751673032127
5685,Andrea Hughes,F,23,USA,2019-10-18,Platinum,51,False,269.0016104330978,0.30131569592786944
5686,Keith Solis,F,36,Asia,2023-12-01,Gold,1,False,208.89224388528257,0.6488183770330405
5687,Bryan Tucker,F,27,EU,2023-11-18,Platinum,1,False,264.0320062463273,0.0
5688,Holly Grant,M,30,Other,2023-06-12,Gold,6,False,206.01342858330855,0.40714244406628697
5689,Ryan Skinner,M,31,USA,2021-12-21,Silver,24,False,109.71380780987894,0.4511493828826868
5690,Julia Mullins,F,26,EU,2022-12-17,Bronze,12,False,63.09531289680894,0.3588193592802722
5691,Janet Graves,M,23,USA,2021-12-08,Platinum,25,True,247.53787209722833,0.485766391921048
5692,Angela Hunt,F,18,USA,2020-02-20,Gold,47,False,206.0850657953838,0.40272267333193607
5693,Isaiah Turner,F,31,EU,2022-11-03,Bronze,14,False,96.56899831198118,0.23878180704242985
5694,Phillip Scott,M,39,EU,2021-10-10,Bronze,27,True,112.72313745035217,0.5927147700561869
5695,Jessica Reynolds,M,18,Asia,2022-03-16,Bronze,21,False,71.50636847815686,0.5985235374327946
5696,Melinda Jacobs,F,32,USA,2020-05-18,Platinum,44,False,265.46276284928854,0.35188325590987796
5697,Danny Butler,F,35,EU,2021-11-01,Silver,26,False,147.84167145868216,0.4188201981621376
5698,Matthew Bennett,F,23,EU,2022-11-08,Bronze,13,False,80.62031500415009,0.7784078130128402
5699,Carl Jackson,F,47,Other,2020-08-25,Bronze,40,True,102.75951786587429,0.5672693379818954
5700,Stephen Wilson,F,29,USA,2023-09-19,Platinum,3,False,283.1261121733229,0.5000300044188251
5701,Charles Robinson,M,31,USA,2022-08-03,Silver,17,False,164.605124467758,0.7426183129256807
5702,Chad Poole,M,31,USA,2020-10-16,Bronze,39,True,105.77541638380929,0.2567522528461291
5703,Matthew Dominguez,M,18,EU,2023-04-16,Bronze,8,False,62.93120931591926,0.19506364821745464
5704,Christian Shelton,M,43,USA,2020-10-16,Bronze,39,True,129.45118876100187,0.5250359763905508
5705,Makayla Friedman,M,23,Other,2019-04-25,Bronze,57,True,56.553949146362406,0.6260150779578079
5706,Katherine Downs,M,30,USA,2020-11-23,Silver,37,True,103.44315706730583,0.24339515318300847
5707,Lisa Singh,M,38,Asia,2021-11-12,Silver,26,True,147.75162079990534,0.30505997098940374
5708,Brittany Allen,M,47,USA,2021-04-28,Bronze,32,True,105.91927022238292,0.618959786702542
5709,Robert Miller,F,22,EU,2021-10-09,Silver,27,True,141.53162106149102,0.32715799941396106
5710,Melanie Baker,F,28,Other,2021-06-18,Bronze,30,True,89.16009503931605,0.46157260804318156
5711,Gerald Allen,M,46,USA,2019-02-23,Gold,59,True,196.71122842892817,0.5314836326078985
5712,Vincent Hays,F,37,Other,2019-10-24,Bronze,51,False,110.54391580172941,0.6432288940924922
5713,Valerie Lopez,M,39,EU,2019-02-11,Bronze,59,True,77.0695465425093,0.4540344771912441
5714,Anthony Schmidt,F,22,Other,2023-12-20,Bronze,0,False,77.71414582367358,0.5738597647933983
5715,Dean Harris,M,29,EU,2022-12-26,Bronze,12,False,82.68900777296258,0.31407070624678535
5716,Rhonda Allen,F,31,USA,2021-05-11,Bronze,32,False,126.40166742325754,0.588330795280496
5717,Ruben Charles,M,24,USA,2022-11-20,Bronze,13,False,107.45864604943831,0.36368621504137366
5718,Jennifer Brooks,F,18,USA,2021-12-12,Silver,25,True,167.1714152368458,0.29290227902423893
5719,Jacqueline Owens,M,27,USA,2021-06-18,Bronze,30,True,131.8206267903516,0.8097791322025752
5720,Sydney Elliott,F,46,USA,2021-02-02,Bronze,35,True,115.74813289564742,0.7744991042862217
5721,Gary Chavez,M,33,USA,2019-11-04,Gold,50,True,206.25744837076016,0.5222193023516651
5722,Stephanie Salinas,M,46,EU,2023-08-04,Bronze,5,False,131.16623583174447,0.7320685048818032
5723,Raymond Valenzuela,F,34,Asia,2021-06-21,Silver,30,False,120.84991790092046,0.45113701910510945
5724,Theresa Ward,M,25,USA,2021-12-26,Bronze,24,False,94.6937012610101,0.4795970917506952
5725,Jacob Kennedy,F,45,USA,2021-11-14,Bronze,25,False,123.12516008470564,0.47351962044511053
5726,Jenna Velazquez,M,35,EU,2020-09-26,Bronze,39,True,56.12077674009052,0.3629915600545768
5727,Kathryn Rivers,M,42,USA,2021-01-13,Bronze,36,True,84.06465390208844,0.148381991020602
5728,Daniel Ramirez,F,22,USA,2019-04-26,Gold,57,True,231.58338829356364,0.4536056352240477
5729,Greg Wood,M,43,USA,2019-06-09,Bronze,55,True,102.13187391306653,0.6953611245154203
5730,Susan Armstrong,M,43,Other,2022-01-15,Silver,23,False,165.41456059359714,0.5413730163250126
5731,Taylor Stark,F,35,Asia,2019-10-27,Silver,50,True,92.50742908898684,0.622179529487064
5732,Brandon Peterson,F,24,USA,2022-01-25,Bronze,23,False,83.18050652926824,0.5589647632406594
5733,Linda Morris,F,32,EU,2023-12-23,Silver,0,False,169.47564642311937,0.3730159057470849
5734,Laura Sanders,M,39,EU,2020-09-22,Bronze,39,True,81.96069741655724,0.5372338788590079
5735,Catherine Castaneda,F,35,EU,2019-01-10,Silver,60,True,174.74546315371185,0.45015152583852125
5736,Jesse Pollard,M,39,EU,2021-11-05,Gold,26,True,211.4983128431759,0.34061833474373027
5737,Jacob Love,M,43,EU,2023-02-04,Bronze,11,False,76.55941518242416,0.6379343111828468
5738,Mrs. Janice Fitzpatrick,F,26,USA,2021-11-18,Bronze,25,False,106.91003673365059,0.30420748749590476
5739,Zachary Mckay,M,21,USA,2022-11-04,Bronze,14,False,114.97901594818603,0.40114780890966795
5740,Lauren Wright,M,32,EU,2022-12-16,Bronze,12,False,107.22997399791892,0.8325466984921073
5741,Teresa Velasquez,M,29,Asia,2020-07-11,Bronze,42,False,110.74077897735614,0.6052247844369444
5742,Eugene Parker,F,40,EU,2023-03-07,Platinum,10,False,196.2762775613275,0.5367588494448375
5743,Amy Knight,F,22,Asia,2022-02-01,Bronze,23,False,145.10093144924974,0.17398047332667027
5744,Randy Perez,F,43,Other,2021-09-03,Bronze,28,True,156.41630769446067,0.48231337053676254
5745,Melanie Smith,M,46,USA,2019-04-16,Bronze,57,True,128.5742994273817,0.32531892685373964
5746,Melissa Martinez,F,33,EU,2019-06-04,Bronze,55,True,102.31100496977385,0.4883043785306309
5747,Samantha Gillespie,F,33,EU,2023-08-23,Bronze,4,False,91.90144178725865,0.47144699010602703
5748,Bryan Richardson,M,25,Other,2023-01-03,Bronze,12,False,92.3237146036113,0.3715027235783701
5749,Anna Cantu,M,27,Other,2022-09-20,Bronze,15,False,115.67827932697816,0.6758676779920993
5750,Christopher Cox,M,28,EU,2019-11-01,Bronze,50,True,121.3802044239234,0.6432304615003217
5751,Diana Kemp,M,47,USA,2020-11-28,Silver,37,True,130.5114280615141,0.3311054770057874
5752,Taylor Salinas,F,32,Asia,2020-11-01,Gold,38,False,199.13939461017225,0.7361107435319354
5753,Ryan Santos,M,19,USA,2020-10-10,Bronze,39,True,125.13877025349632,0.32755513362272937
5754,Amber Crawford,M,35,Asia,2020-06-12,Gold,43,False,195.89818395114165,0.7496355765529357
5755,Carla Wong,F,41,Other,2022-01-03,Bronze,24,False,102.23860029556376,0.4683659460607328
5756,Allison Rice,F,32,USA,2021-06-23,Silver,30,True,191.29782277828866,0.4399266985658216
5757,Sheri Hoover,F,47,EU,2020-04-13,Bronze,45,True,124.31072525330073,0.723353191001131
5758,Jeremy Chavez,M,40,EU,2022-11-27,Gold,13,False,232.19586506866088,0.4753755789234302
5759,Jennifer Nguyen,M,22,EU,2020-11-06,Gold,38,False,157.23638615551107,0.6646401435834262
5760,John Rodriguez,M,27,USA,2020-11-21,Silver,37,True,118.29741808486668,0.304831953024832
5761,Maria Williams,M,35,Asia,2021-06-24,Gold,30,True,170.57075904570493,0.5042736505848654
5762,Melody Ochoa,M,18,Other,2020-09-27,Silver,39,True,134.34251959878208,0.5711809748724611
5763,Tara Brown,F,36,Other,2022-10-24,Bronze,14,False,104.31941715162462,0.6794599919048476
5764,Holly Banks,M,18,USA,2022-11-20,Silver,13,False,147.2062617800577,0.6068692103988693
5765,Amber Johnson,M,43,Asia,2019-11-10,Bronze,50,False,96.76850857676347,0.5067392731029365
5766,Scott Thompson,M,42,Asia,2023-06-06,Bronze,6,False,94.84155570032303,0.5710447847033454
5767,Eric Flores,F,38,USA,2020-05-28,Bronze,43,False,82.45210144431967,0.3908385129812994
5768,Theresa Wilson,F,26,USA,2020-12-01,Silver,37,True,136.163088636801,0.5906100488887499
5769,Eric Ponce,F,34,USA,2022-06-26,Bronze,18,False,148.6713857596946,0.5716509719963426
5770,Becky Sellers,M,27,Other,2020-10-15,Silver,39,False,170.97648542734163,0.3833594281207732
5771,Kendra Burton,M,22,EU,2022-11-14,Silver,13,False,150.60131448447214,0.5184517462131149
5772,Wyatt Kerr,M,29,Asia,2019-06-12,Bronze,55,True,69.9912903837361,0.6156776835132767
5773,Craig Dean,M,39,USA,2020-07-10,Bronze,42,True,80.19113025724256,0.8665768673530185
5774,Christian Rowe,F,33,Asia,2019-04-09,Platinum,57,True,297.4632801184153,0.6778269777432224
5775,Nathan Burke,F,47,USA,2019-09-21,Gold,52,False,254.3834917316048,0.5337511263173069
5776,Nicholas Chase,F,40,USA,2023-03-15,Bronze,9,False,104.58103579817106,0.5426927735226857
5777,Hailey Ball,F,39,EU,2022-11-14,Bronze,13,False,104.31103929619901,0.478205276723806
5778,Heather Barry,F,18,USA,2019-04-24,Bronze,57,True,122.20008590411217,0.5167087228503692
5779,Cindy Young,M,30,Asia,2022-12-10,Bronze,12,False,80.57444448303156,0.6164459418643898
5780,Mark Townsend,Other,22,USA,2023-11-26,Bronze,1,False,128.12351195621193,0.6127327509025078
5781,Michael Lee,M,31,EU,2022-11-01,Gold,14,False,184.66337898455507,0.48721860743224604
5782,Lisa Smith,F,26,EU,2023-02-20,Platinum,10,False,369.48664101821095,0.335098227579694
5783,John Steele,M,29,EU,2020-11-02,Gold,38,False,266.80500034608303,0.4678949338427333
5784,Sandra Casey,M,43,USA,2023-12-02,Bronze,1,False,81.8547909878269,0.3746318807310389
5785,Darrell Simmons,F,37,USA,2023-01-02,Bronze,12,False,100.00072949844822,0.3176626359602944
5786,Valerie Harrison,M,43,Other,2023-12-02,Silver,1,False,173.67339578791683,0.5912688282196075
5787,Anthony Cherry,M,18,USA,2021-11-08,Silver,26,True,141.39954158097754,0.5518215578211628
5788,Cody Lawson,M,33,Asia,2019-01-22,Bronze,60,True,94.8237479357513,0.3621697299903633
5789,Barbara Wagner,M,42,Other,2022-03-25,Silver,21,False,138.04808843181056,0.451317052836234
5790,Scott James,F,48,USA,2022-08-18,Silver,16,False,94.18220914943441,0.5460151007618476
5791,John Moore,F,18,USA,2021-11-13,Silver,25,True,181.72454332797474,0.5386368326260279
5792,Matthew Farley,M,29,EU,2020-06-17,Silver,43,True,119.70963000624786,0.5658945877504843
5793,Mrs. Tonya Byrd,M,43,Other,2019-10-08,Silver,51,True,81.32209796996725,0.38566803498940005
5794,Catherine Davis,F,31,Other,2019-10-10,Bronze,51,True,120.93778847915104,0.5537055055970033
5795,Mary Wilkinson,M,23,EU,2019-03-14,Silver,58,True,164.54439988916107,0.4928516116844377
5796,Michael Baker,M,18,Asia,2019-12-19,Bronze,49,True,73.63843033835188,0.6157818516279142
5797,Peggy Mendoza,M,23,USA,2021-09-19,Bronze,27,False,121.72418734633277,0.6612260058109591
5798,Paul Anderson,F,18,Other,2022-11-24,Bronze,13,False,113.3095538714547,0.9543844501126151
5799,Wayne Robinson,M,33,Other,2020-08-05,Bronze,41,True,100.00642249724585,0.6964455745830543
5800,Brittany Farley,M,41,USA,2020-02-24,Platinum,46,False,278.97790976476597,0.5189035554238757
5801,Katie Walters,F,20,USA,2020-03-18,Bronze,46,True,97.552826742257,0.4943314939871139
5802,Dorothy Osborn,M,35,USA,2021-05-10,Gold,32,True,208.25998061733713,0.35960828588276994
5803,William Hodge,F,41,USA,2021-11-16,Bronze,25,False,84.22703324303116,0.36332607867801303
5804,Michelle Ortega,M,32,Asia,2023-11-25,Bronze,1,False,122.36098317303716,0.5407329362462504
5805,Shannon White,M,18,USA,2021-11-18,Silver,25,False,166.66912280038076,0.5453833011067754
5806,Jennifer Bennett,M,36,USA,2019-01-09,Bronze,60,False,97.29953606827384,0.9014528756184169
5807,Lisa Kaiser,M,32,USA,2022-06-10,Silver,19,False,202.29285713534802,0.3908440981897114
5808,Matthew Mccullough,F,31,Other,2020-01-22,Bronze,48,False,93.96867292710057,0.3752522782230051
5809,Steven Tyler,F,27,EU,2021-04-12,Gold,33,True,261.9713566303319,0.5375134654000787
5810,Robert Jones,M,33,EU,2022-09-28,Bronze,15,False,105.85351767746745,0.4244319681985854
5811,Kim Nelson,M,38,USA,2019-05-05,Silver,56,True,172.7279165320932,0.5583876344673327
5812,Katherine Garcia,M,56,Other,2021-09-15,Bronze,27,True,92.6577190059375,0.4289425563893642
5813,John Stewart,F,34,Asia,2021-06-23,Silver,30,True,93.90974134166422,0.45719149161932654
5814,Tiffany Barton,F,48,USA,2022-04-07,Silver,21,False,164.37897059158402,0.5644335296023073
5815,Erica Smith,M,36,USA,2019-11-20,Bronze,50,False,76.2415140307966,0.4149598112685162
5816,Colleen Cruz,F,32,USA,2021-02-07,Bronze,35,False,87.74605412936722,0.4459225142745974
5817,Anthony Mueller,F,34,USA,2022-12-03,Silver,13,False,152.27451958568656,0.5792944791840666
5818,Crystal Clayton,F,20,EU,2019-11-03,Gold,50,True,174.32955694710617,0.5069825547585664
5819,Jacob Brown,M,36,Other,2021-06-07,Bronze,31,False,99.36575028448411,0.4040384109261793
5820,Rachel Williams,M,18,EU,2021-10-01,Silver,27,False,155.98688993445464,0.4277080134689604
5821,Keith Lloyd,M,24,Asia,2020-12-24,Silver,36,True,105.77378981472971,0.6563614972254435
5822,Mary Richardson,F,34,EU,2023-11-27,Silver,1,False,158.22552076559165,0.5465481117361747
5823,Nathan Jones,F,44,Asia,2019-04-18,Platinum,57,True,262.7279347536593,0.4457752682014972
5824,Tamara Peterson,F,47,Asia,2022-12-01,Silver,13,False,117.95843175490674,0.6298812811298375
5825,Alan Mahoney,M,30,USA,2020-11-06,Gold,38,True,119.94482189515895,0.5654274928723982
5826,Nathan Vargas,M,34,USA,2021-03-20,Silver,33,True,103.36867797120604,0.7032295650251356
5827,Frank Payne,M,42,EU,2022-11-07,Bronze,14,False,100.47917238046975,0.6328706932332302
5828,Cody Woods,F,19,USA,2020-06-12,Silver,43,True,151.27379630466737,0.6749711162550956
5829,Chad King,M,37,USA,2020-10-03,Gold,39,True,220.73582550409614,0.44896981598216323
5830,Christopher Smith,M,24,EU,2023-07-27,Gold,5,False,268.6297760095215,0.36666637538001745
5831,Marissa Davis,F,31,Other,2020-01-02,Bronze,48,True,127.1222545936296,0.6157758620911733
5832,Ann Parker,M,28,EU,2019-11-28,Bronze,49,False,119.91538806443243,0.6171981388647528
5833,Laura Walton,M,37,Asia,2023-11-15,Silver,1,False,185.59294081853852,0.4842964211366635
5834,Travis Powell,M,38,EU,2023-05-27,Silver,7,False,155.42477066139486,0.3434845240677734
5835,Maria Sullivan,F,41,Asia,2021-05-20,Bronze,31,True,103.25467205526506,0.5460431940768833
5836,Kelly Lewis,F,36,EU,2021-08-04,Bronze,29,True,130.74523395786474,0.5582666545294732
5837,John Webb,F,34,Asia,2019-11-27,Silver,49,False,156.49246187755617,0.2963389880888531
5838,Lance Townsend,F,51,EU,2022-02-20,Silver,22,False,157.13278898817347,0.5561410295452518
5839,Matthew Leonard,F,18,EU,2019-11-19,Gold,50,False,246.62803027363378,0.6725963568772547
5840,Tyler Dominguez,F,49,EU,2023-12-23,Gold,0,False,188.93909707356835,0.30292182072593654
5841,Kimberly Alvarez,F,30,EU,2021-10-21,Bronze,26,False,97.30947639250395,0.5793759082928459
5842,Heather Pittman,F,38,USA,2019-02-11,Gold,59,True,145.54674731085393,0.6965520578716358
5843,Teresa Cohen,M,29,USA,2021-06-20,Silver,30,False,136.12309402290953,0.7059280858470811
5844,Melissa Parker,M,25,USA,2019-03-05,Platinum,58,True,280.21762092426275,0.2188398796770052
5845,Brandon Carrillo,M,37,Asia,2019-05-23,Bronze,56,True,94.53443936305008,0.6631455645823625
5846,Colin Mckay,F,43,USA,2020-11-20,Bronze,37,True,116.20950005992958,0.4529674539619537
5847,Rachel Walsh,F,37,USA,2019-02-12,Silver,59,False,119.73800893571425,0.4355560470545449
5848,Caleb Williams,F,27,Asia,2021-06-16,Gold,30,True,259.5650191335753,0.8768532366364161
5849,Benjamin Wilkinson,M,65,USA,2019-10-10,Gold,51,True,117.59328804393485,0.5329850571103147
5850,Katelyn Gray,M,44,EU,2022-11-21,Silver,13,False,167.94579351954584,0.4425769383074322
5851,Kristine Bryant DVM,M,42,USA,2020-05-22,Bronze,43,True,116.3329063711324,0.619883217189869
5852,Michael Smith,F,29,Other,2019-08-06,Silver,53,True,170.75882979977064,0.7528478227632768
5853,Justin Foster,M,26,Asia,2022-11-28,Gold,13,False,243.82246652269498,0.5259966748861911
5854,Maurice Graham,F,30,Asia,2021-07-12,Silver,30,True,143.65102909791608,0.41994922971295817
5855,Kenneth Watkins,M,43,EU,2022-09-07,Silver,16,False,187.5904666245998,0.5136856143662671
5856,Stacey Davis,M,23,Asia,2020-12-10,Bronze,37,True,86.18409167875707,0.6636286400829919
5857,Janice Bailey,F,22,USA,2021-01-16,Silver,36,False,131.7926850830625,0.45336510458111495
5858,Amanda Hodge,M,38,USA,2019-02-03,Bronze,59,True,141.38001733792885,0.6637721196152258
5859,Jason Gomez,M,36,USA,2019-04-16,Platinum,57,True,310.6090086700844,0.4789388660912231
5860,Julie Johnson,F,25,EU,2022-08-12,Silver,16,False,178.55253233886293,0.22180764440702921
5861,Vanessa Cunningham,M,22,EU,2019-09-08,Silver,52,True,164.88393799588965,0.7279869978472737
5862,Tonya Alexander,Other,47,EU,2021-01-05,Platinum,36,True,343.39919387415773,0.5502943668679341
5863,Mark Santos,F,36,USA,2021-12-17,Bronze,24,False,59.89486399717971,0.6580971423230081
5864,Michael Walker,M,19,EU,2019-11-20,Bronze,50,True,107.52618716960353,0.5453458272905185
5865,Michael Watkins,F,20,Asia,2022-06-27,Silver,18,False,150.47319451141306,0.5055786817585843
5866,Cassidy Bailey,M,29,EU,2019-06-20,Bronze,55,True,119.46608592486993,0.6105338099027756
5867,Christopher Gutierrez,F,40,Asia,2023-01-14,Bronze,11,False,84.08587177886099,0.4769046501527556
5868,Elijah Archer,F,38,USA,2019-08-24,Gold,53,True,247.73056374796238,0.772006320837674
5869,Lisa Hendricks,F,44,Asia,2020-05-26,Silver,43,False,113.80788689725024,0.4954341267077094
5870,Kristin Hudson,M,18,EU,2019-10-09,Bronze,51,True,90.96586888492438,0.7728101333627323
5871,James Livingston,M,35,USA,2023-10-19,Bronze,2,False,68.43414667224967,0.5906971532235824
5872,Jeffrey Evans,M,47,USA,2020-12-12,Bronze,37,True,78.38884755234872,0.14282590463927536
5873,Dennis Santana,F,46,EU,2022-11-11,Silver,13,False,150.20842358257923,0.3515150903815632
5874,Nichole Parker,F,36,Asia,2020-02-26,Bronze,46,True,127.36812928335627,0.6274493005754672
5875,Benjamin Mosley,M,56,EU,2021-11-01,Gold,26,False,201.39885515893167,0.36222607292644626
5876,Jennifer Reilly,F,39,USA,2023-03-11,Silver,9,False,111.48168857840635,0.2965440371394889
5877,Nicole Sanchez,M,43,Asia,2021-07-27,Bronze,29,False,57.78225410905132,0.692616058342346
5878,Shannon Hill,M,33,EU,2021-10-08,Bronze,27,True,113.47202733066865,0.2617670480975609
5879,Darrell Ibarra,M,25,EU,2020-09-25,Silver,39,True,130.2784015024768,0.6166947193534044
5880,Deborah Fox,M,24,EU,2020-11-20,Bronze,37,True,89.52587402714066,0.4455061342109905
5881,Mary Hoffman,M,34,USA,2021-11-21,Silver,25,False,182.29958136448704,0.605345930743089
5882,Anthony Murphy,F,30,EU,2022-11-04,Gold,14,False,194.60463472060792,0.5399885109950215
5883,Larry Woods,M,18,USA,2019-02-04,Bronze,59,True,94.02725155053281,0.1890210395435425
5884,Virginia Caldwell,M,22,Other,2019-03-11,Bronze,58,True,103.23115618330857,0.45275869617949527
5885,Patricia Boyd,F,29,EU,2023-03-19,Gold,9,False,259.2779957026175,0.4633742797992841
5886,Debra Wright,M,40,EU,2020-11-26,Bronze,37,True,105.08027471649758,0.5613609462497228
5887,Adam Shannon,F,32,EU,2019-01-04,Bronze,60,False,56.81399817506896,0.5477778026924326
5888,Betty Vazquez,M,32,Other,2022-08-25,Bronze,16,False,83.64089344522898,0.4632254985182924
5889,John Williams,F,23,Asia,2023-12-23,Gold,0,False,188.61964677684875,0.32988133638563755
5890,Steven Stone,F,33,EU,2020-01-06,Gold,48,False,234.5375661609006,0.5721667498384775
5891,Mark Mueller,M,46,Asia,2019-02-28,Bronze,58,True,75.14792028863253,0.6306738407718931
5892,John Richards,F,34,EU,2021-11-09,Silver,26,False,154.4649875773717,0.5496241531687902
5893,Beth Sanchez,F,18,EU,2022-09-11,Bronze,15,False,98.36328942661959,0.4670808076601411
5894,Donald Reynolds,F,20,USA,2022-03-12,Silver,22,False,180.49592827679555,0.44443412393877435
5895,Timothy Hernandez,M,38,EU,2020-08-18,Bronze,41,True,80.06146997481954,0.3623401264417942
5896,Lacey Morrow,M,30,USA,2022-02-20,Bronze,22,False,103.34561788222501,0.5372605804426692
5897,Omar Kelly,F,32,Other,2020-07-09,Gold,42,True,261.3244385782253,0.5287558898721522
5898,Brian Gross,F,26,USA,2022-12-24,Bronze,12,False,117.97886277241304,0.6254314004663388
5899,Scott Lin,M,38,Other,2019-02-15,Bronze,59,True,111.98561335033153,0.40656235443322497
5900,Linda Lee,M,29,EU,2020-11-17,Gold,38,False,187.57820505556356,0.5178806720601351
5901,Lori Franco,M,31,EU,2022-11-09,Silver,13,False,154.5416085725532,0.3025850731275087
5902,Kristi Jordan,M,24,EU,2019-11-13,Silver,50,True,146.61597477704848,0.44908114981603653
5903,Tammy Lynch,M,42,USA,2019-12-26,Gold,48,True,234.26274651857705,0.41573642254676735
5904,Debbie Ward,M,30,USA,2019-12-02,Bronze,49,True,110.52911157749385,0.6586453969433674
5905,David Murphy,M,39,USA,2020-03-17,Bronze,46,False,87.4495000837743,0.7559540644085294
5906,Bradley Walker,M,21,EU,2020-12-18,Bronze,36,False,134.9087001688793,0.32354720914190993
5907,Jacqueline Dyer,F,50,EU,2022-09-26,Bronze,15,False,124.08707598489599,0.6361511737012496
5908,Clifford Poole,M,45,Asia,2021-06-27,Bronze,30,True,82.66822170511685,0.6020838028877012
5909,Michael Taylor,M,18,USA,2021-11-06,Silver,26,True,139.68316213012824,0.41764879453077924
5910,Chloe Ellis,M,24,USA,2023-06-02,Bronze,7,False,96.83161227735967,0.38723617798597143
5911,Jason Douglas,F,37,EU,2021-09-01,Bronze,28,True,116.32557158778812,0.3853353684402076
5912,David Hayes,F,19,Other,2021-12-05,Bronze,25,True,83.81776041156334,0.44339199599689216
5913,Kathy Steele,F,31,Asia,2022-02-14,Bronze,22,False,86.61623449634268,0.44618169583120354
5914,Jennifer Underwood,M,37,EU,2020-04-27,Silver,44,True,176.35093240826293,0.47707377891425934
5915,Amanda Moody,F,31,EU,2021-09-18,Bronze,27,True,111.17345551435731,0.4235075678169651
5916,Marilyn Page DVM,M,38,USA,2023-06-27,Bronze,6,False,61.030579517764274,0.6208941754224111
5917,Diana Mullins,M,26,Other,2022-01-04,Platinum,24,False,339.4557748065562,0.5763181096162223
5918,Brittany Ballard,F,18,EU,2019-07-27,Silver,53,True,105.77185105768625,0.4740151044359807
5919,Matthew Freeman,F,42,USA,2019-12-14,Silver,49,True,130.96127019365235,0.4190840766583264
5920,Amy Baker,F,42,EU,2023-12-15,Silver,0,False,139.05475304546349,0.41507950458569437
5921,Elizabeth Skinner MD,F,58,USA,2020-01-27,Silver,47,True,135.9215132680528,0.565812717411491
5922,Riley Davenport,F,18,Other,2019-12-27,Bronze,48,True,87.01292230389583,0.5084262516806124
5923,Carla Briggs,M,40,USA,2020-12-24,Bronze,36,False,79.24450967772128,0.5298121749135778
5924,Diana Myers,M,18,EU,2021-04-26,Silver,32,True,165.3724732415476,0.6287593540600169
5925,Paul Blair,M,50,USA,2021-10-27,Bronze,26,True,67.73830002580551,0.49185209132987606
5926,Olivia Gonzalez,F,37,Asia,2021-07-22,Bronze,29,True,89.36627201273444,0.7055262651086344
5927,Xavier Hanson,M,23,Asia,2019-11-08,Bronze,50,True,115.82175080564552,0.1996396544391617
5928,Chad Taylor,F,40,EU,2019-04-21,Bronze,57,True,107.94927702566173,0.30273073648809623
5929,William Lewis,M,27,EU,2020-10-02,Gold,39,False,144.6169235138263,0.7715129762873942
5930,Crystal Robinson,M,36,Asia,2020-01-17,Bronze,48,False,61.40875038576565,0.440338275662815
5931,John Jones,M,35,USA,2023-05-28,Bronze,7,False,78.21555306001214,0.5444388904065143
5932,Meagan Patterson,M,50,USA,2021-04-24,Silver,32,True,84.65757275391468,0.6879682721879807
5933,Timothy Smith,F,51,USA,2022-04-17,Silver,20,False,152.75033031736194,0.5514874030448499
5934,Brenda Mendoza,M,27,Other,2022-09-26,Silver,15,False,136.21494524923418,0.6369518131448275
5935,Nicole Edwards,M,43,USA,2021-02-25,Bronze,34,False,92.34959013791106,0.5923430250419442
5936,Amy Ramirez,M,36,Asia,2023-06-20,Bronze,6,False,110.2078704462284,0.6474380250947849
5937,Anthony David,M,18,EU,2020-06-06,Silver,43,False,176.20867335189544,0.5739532081172044
5938,David Perkins,M,26,USA,2019-11-06,Bronze,50,True,104.76549370884855,0.609669333512164
5939,Rose Jackson,M,56,USA,2023-02-19,Bronze,10,False,95.54216036910994,0.41300996788755845
5940,Devin Hardin,F,36,USA,2023-05-01,Platinum,8,False,257.8558821340617,0.5784621618848196
5941,Amber Fernandez,M,42,EU,2021-06-06,Bronze,31,True,92.98280463187668,0.49393076761228133
5942,Travis Marsh,M,30,USA,2020-10-26,Bronze,38,True,104.14595847427279,0.48694183242897776
5943,Rebecca Lowery,F,27,USA,2022-05-05,Bronze,20,False,118.50905810550964,0.24812318444520592
5944,Jesse Martin,M,33,Asia,2022-03-04,Bronze,22,False,72.20964627966659,0.4367577811920236
5945,Robert Carter,M,30,Other,2022-03-25,Bronze,21,False,77.44164499070789,0.47984293270548833
5946,Amy Olsen,F,18,USA,2023-12-13,Bronze,0,False,99.87701648778423,0.733349409426775
5947,Sydney Green,M,22,USA,2019-09-20,Bronze,52,True,57.778100818126454,0.4581022663177249
5948,Julia Parsons,F,40,USA,2020-11-17,Bronze,38,True,105.7065452293002,0.5424309807426831
5949,Thomas May,F,29,EU,2019-06-26,Bronze,55,True,121.12867821198716,0.7063007956718655
5950,Erica Green,F,33,Asia,2022-11-13,Silver,13,False,220.75223017528143,0.314349590690727
5951,Richard Burke,F,35,USA,2019-12-22,Silver,49,True,152.46209751914122,0.4425509613597637
5952,Tammy Williams,M,36,USA,2023-01-16,Bronze,11,False,117.18620564742824,0.6319460169360734
5953,Joshua Herrera,M,44,Asia,2021-06-13,Platinum,31,False,301.3132990610241,0.8703952765791155
5954,Brittany Byrd,M,22,EU,2019-06-23,Silver,55,True,198.5875099498657,0.20224126507363227
5955,Gina Brennan,M,38,USA,2019-12-01,Silver,49,False,137.30317075366415,0.48240519962825545
5956,Christopher George,F,40,EU,2019-03-25,Bronze,58,False,106.5868513431648,0.5942311588521035
5957,Lauren Watts,F,42,USA,2022-11-10,Gold,13,False,224.14694599459014,0.626159503050511
5958,Peter Campbell,M,18,USA,2019-06-18,Gold,55,False,215.54246113655566,0.8369168246217176
5959,Jonathon Stevenson,F,35,Asia,2020-12-23,Bronze,36,True,84.56703689783922,0.4032271602984983
5960,Karla Burton,M,50,Asia,2023-10-27,Silver,2,False,108.78657384809839,0.4647496682002957
5961,Randy Jones,F,32,EU,2020-05-24,Silver,43,True,180.63629142499877,0.2557867323169233
5962,Carlos Miller,F,37,Other,2020-09-24,Bronze,39,False,105.0240300128553,0.5192177630616375
5963,Joseph Church,F,40,EU,2022-11-17,Bronze,13,False,101.50588801361847,0.5766724519606794
5964,Michael Haas,M,22,Asia,2019-12-26,Bronze,48,True,117.83824397879732,0.8138060579991594
5965,Renee Newton,F,51,EU,2023-09-17,Bronze,3,False,116.90307300810429,0.7555948824166155
5966,Thomas Daugherty,M,37,Asia,2023-08-10,Bronze,4,False,107.16469061832397,0.7274317203655304
5967,Scott Roy,F,38,Other,2023-01-20,Silver,11,False,169.06755314627333,0.39570422108847025
5968,Mr. Robert Cantu,M,18,USA,2019-12-02,Silver,49,True,134.24576243865567,0.5639484605234636
5969,Heather Matthews,M,40,Other,2023-09-10,Gold,3,False,221.3527639223865,0.5583746130974081
5970,Darlene Kelly,F,38,Asia,2023-05-28,Silver,7,False,102.91836161704077,0.5700663908635069
5971,Nancy Merritt,F,49,Asia,2021-06-20,Bronze,30,True,100.39520947557209,0.493612567272922
5972,Brian Thompson,M,29,USA,2021-03-06,Bronze,34,False,114.94444734183027,0.6696386161962883
5973,Theresa Goodman,F,23,Asia,2023-08-03,Gold,5,False,171.2468335302182,0.44661374085479894
5974,Justin White,F,26,Asia,2020-09-10,Bronze,40,True,102.84847891820706,0.5494143345992718
5975,Scott Hernandez,F,27,USA,2019-10-28,Silver,50,False,159.03833360252284,0.7179819915293895
5976,Christopher Shelton,F,21,Other,2020-05-19,Bronze,44,True,82.18571957921222,0.8230364795991285
5977,Debbie Koch,M,45,USA,2020-05-27,Bronze,43,False,122.58168487461967,0.37569354332631233
5978,Tyler Stout,F,46,USA,2019-11-17,Bronze,50,False,106.40693638260899,0.5825928043390476
5979,April Ryan,M,31,EU,2019-11-12,Bronze,50,True,66.48128117836376,0.5681536333102484
5980,William Phillips,M,29,EU,2022-07-21,Silver,17,False,152.72109687469316,0.6829824266318756
5981,Taylor Smith,F,18,EU,2022-09-12,Silver,15,False,193.6130662692941,0.7450386560685193
5982,Kelly Romero,F,39,USA,2022-04-23,Bronze,20,False,99.92057493693198,0.4499799014422264
5983,Erin Nelson,F,49,Other,2023-07-28,Gold,5,False,173.97371125376486,0.48866575668592366
5984,Christopher Dalton,F,26,USA,2023-12-27,Bronze,0,False,89.1072707527772,0.5109839194119056
5985,Jamie Romero,F,31,USA,2023-06-06,Bronze,6,False,96.79762697134302,0.5718042146184693
5986,Logan Golden,M,37,USA,2022-11-12,Gold,13,False,151.5047113121345,0.6240309158063904
5987,Michael Crawford,Other,50,EU,2019-08-20,Bronze,53,True,128.04872099667887,0.4437038866147087
5988,Stephanie Sanders,M,34,Other,2023-02-06,Gold,10,False,236.962596697778,0.7785502751429358
5989,Christine Meza,F,34,EU,2019-10-03,Gold,51,True,243.09131796200415,0.2256162668908695
5990,Emily Hall,F,34,Asia,2022-08-03,Bronze,17,False,69.92907908600344,0.3208671194729481
5991,Thomas Wells,F,18,USA,2019-11-23,Bronze,50,True,102.57089032461069,0.5911500174275005
5992,Caitlin Howard,M,18,EU,2023-11-09,Bronze,1,False,121.5624247269418,0.47536238514546025
5993,Jason Blackwell,F,24,EU,2019-12-01,Bronze,49,True,81.06237238367666,0.41509594192245713
5994,Bradley Pacheco,F,43,EU,2022-08-04,Silver,17,False,147.8327755702005,0.6439249416670575
5995,Matthew Armstrong,F,29,USA,2023-10-12,Bronze,2,False,78.01113954882916,0.6218872738860967
5996,Brittany Mitchell,M,27,EU,2023-08-26,Bronze,4,False,116.6784980378313,0.687378495867158
5997,Thomas Friedman,F,27,EU,2022-06-05,Silver,19,False,143.56089731928625,0.3446576169992359
5998,Colleen Hernandez,F,31,Asia,2020-11-18,Silver,37,False,147.2257583186534,0.6218917958436558
5999,Peter Haynes,F,50,EU,2021-11-16,Silver,25,True,116.14137527614236,0.6203192964258086
6000,Jeffrey Ford,F,31,USA,2022-03-10,Silver,22,False,196.43980826082563,0.34887895357442694
6001,Brittany Ortiz,M,25,EU,2019-12-12,Silver,49,True,151.52774002127282,0.5058986554448668
6002,Miranda Beck,M,33,USA,2020-11-11,Gold,38,True,231.66024850801566,0.6453236482337297
6003,Amanda Bennett,M,50,Asia,2022-11-19,Bronze,13,False,107.6809774608544,0.7013267284323432
6004,David Robertson,M,27,EU,2021-12-05,Silver,25,True,122.72814353916056,0.4779773270626639
6005,Kristen Davis,F,21,USA,2023-10-24,Bronze,2,False,67.17622661851114,0.33518360743106457
6006,Brian Pena,M,27,Other,2021-05-03,Platinum,32,True,288.5163938607425,0.7298340087895718
6007,Amanda Nelson,M,34,EU,2021-11-28,Bronze,25,True,122.12963811411348,0.5059667307624208
6008,Sarah Bush,M,39,USA,2022-12-19,Platinum,12,False,181.82703522732257,0.21665081673335135
6009,Robert Miller,F,43,EU,2023-04-06,Silver,9,False,208.44655394817343,0.4640594225460867
6010,Anna Poole,M,22,USA,2023-01-24,Silver,11,False,175.01121876524738,0.6699225798196651
6011,Jacqueline Phillips,M,23,Asia,2021-03-17,Bronze,34,True,103.81400830717958,0.317102849895315
6012,Sophia Dawson,M,29,Asia,2022-07-23,Bronze,17,False,97.68321367721018,0.5175828512527739
6013,Sheila Stephens,M,39,Other,2023-05-13,Silver,7,False,175.76209372237793,0.45090890352644647
6014,Wendy Evans,Other,20,EU,2023-01-07,Bronze,11,False,75.58596568104755,0.4943788267585217
6015,Phillip Rodriguez,M,26,EU,2019-11-19,Gold,50,False,217.69632775211616,0.43456334711056943
6016,Justin Brown,F,27,Asia,2021-12-19,Silver,24,False,159.2454453791508,0.5754740453111853
6017,Eric Anderson,Other,42,USA,2020-11-25,Gold,37,True,271.81677930149533,0.4666079059926176
6018,April Norton,F,38,EU,2021-02-26,Bronze,34,False,92.69500320746562,0.5985295224726759
6019,Timothy Sexton,Other,42,EU,2022-11-12,Bronze,13,False,100.89288696921422,0.44485924810681066
6020,Mr. John Decker MD,F,46,USA,2023-12-11,Silver,0,False,148.0026515326459,0.6677869872726925
6021,Tina Little,M,29,EU,2023-03-17,Bronze,9,False,89.66209463091897,0.5019427021536949
6022,Seth Curry,F,21,Asia,2019-01-17,Gold,60,True,259.12970370195563,0.31889944916659085
6023,Barbara Graham,M,21,Asia,2023-12-18,Silver,0,False,120.76055337918572,0.3715910904606444
6024,Edward White,M,18,USA,2023-11-15,Bronze,1,False,69.64724087686292,0.32631313684556285
6025,Michelle Graham,F,28,USA,2020-11-06,Silver,38,True,157.3176318246818,0.334848459461795
6026,Benjamin White,F,29,USA,2021-12-08,Silver,25,True,128.2586233802432,0.30301801222942853
6027,Austin Mitchell,F,40,Asia,2023-11-11,Silver,1,False,157.62431295702345,0.3370972070651272
6028,Kim Flynn,F,33,USA,2022-08-26,Silver,16,False,169.00174330336938,0.4991787376351295
6029,Nicholas Pace,M,28,Asia,2020-09-13,Bronze,40,False,102.9224640379579,0.610769698669954
6030,Laura Atkins,F,31,USA,2020-03-17,Bronze,46,False,100.47955300709101,0.29710706739049775
6031,Ann Huffman,M,22,EU,2019-07-28,Silver,53,True,88.145828725278,0.37931131826977604
6032,Roger Sullivan,M,43,USA,2022-09-17,Bronze,15,False,111.19059745545144,0.620458472094745
6033,Vanessa Ramirez,F,25,Asia,2020-05-18,Silver,44,True,155.8868006290377,0.4763089512032767
6034,Anne Martin,M,21,USA,2021-12-28,Silver,24,False,206.22656718131316,0.24334496311766596
6035,Ashley Dunn,F,41,EU,2022-01-16,Gold,23,False,245.48891872949497,0.5056661415871059
6036,Shaun Henderson,F,38,USA,2021-11-23,Platinum,25,True,211.08093748788292,0.5543048286254957
6037,Michael Jackson,M,18,Asia,2019-11-16,Silver,50,False,181.8210601191176,0.5471440405564637
6038,Aaron Mayer,F,41,Asia,2019-11-04,Bronze,50,True,74.00767248000884,0.836894137889392
6039,Kimberly Lee,F,25,USA,2023-11-17,Bronze,1,False,116.67399398163211,0.38702313080706946
6040,Shane Smith,M,29,Asia,2021-08-08,Bronze,29,True,129.07194643572944,0.6650171668948419
6041,Erin White,M,34,EU,2021-12-20,Bronze,24,False,137.340231405926,0.49633964782758355
6042,Joseph Young,F,38,USA,2019-07-07,Silver,54,True,138.11799233261024,0.5702491850362251
6043,Taylor Tran,M,37,EU,2021-11-27,Gold,25,False,228.24049382182207,0.402281380954274
6044,Jason Patrick,F,32,USA,2022-12-08,Bronze,12,False,120.1897541496988,0.39906686295811955
6045,Richard Saunders,M,28,Asia,2023-03-01,Bronze,10,False,109.41239428196225,0.31237101595572125
6046,Jerry Ferguson,F,37,Asia,2023-12-02,Silver,1,False,99.85676817780755,0.27979931313984696
6047,Rodney Avila,F,31,USA,2022-11-13,Gold,13,False,206.1781415759588,0.6006740221976588
6048,Shannon Thompson,M,51,EU,2020-10-02,Bronze,39,False,111.38075264006565,0.4195425582725005
6049,Stacy Macias,F,38,Asia,2021-08-27,Bronze,28,True,99.96809054696404,0.8817628614574247
6050,Stephanie Nunez,F,23,Other,2020-06-05,Gold,43,False,165.65303036037835,0.42896038329187886
6051,Christina Olsen,F,28,EU,2020-11-05,Bronze,38,True,95.98224123379235,0.600908790843458
6052,Paul Wagner,F,33,Other,2021-02-06,Silver,35,False,177.03578717598617,0.5082715677360267
6053,Sophia Richmond,F,45,EU,2019-08-18,Silver,53,True,161.8058146389763,0.22620578092952898
6054,Nicole Tate,F,47,USA,2021-11-16,Bronze,25,True,109.30922852391083,0.29810291582253834
6055,Jesse Wright,F,29,Asia,2019-11-24,Bronze,49,True,95.02775756357408,0.27342333573692457
6056,Traci Rodriguez,F,23,EU,2022-05-17,Gold,19,False,217.0591240760408,0.7203383903483591
6057,Cheryl Beck,M,22,EU,2019-01-09,Bronze,60,True,57.87193328159158,0.6947772425783576
6058,Christina Perez,Other,35,EU,2020-11-21,Bronze,37,True,99.11932769995644,0.7891559010302273
6059,Annette Fernandez,M,56,Asia,2020-09-26,Silver,39,False,138.5717115007155,0.16693632691382504
6060,Tricia Bailey,M,38,Asia,2020-03-08,Bronze,46,False,100.54293662208242,0.2945977744488377
6061,Omar Chandler,M,18,EU,2019-02-08,Silver,59,False,114.81587408463523,0.5907188504776425
6062,John Erickson,M,25,USA,2020-11-02,Gold,38,True,214.8100095599426,0.3848669545560019
6063,Teresa Smith,M,26,EU,2023-10-09,Gold,2,False,276.8955418999028,0.6041377458315219
6064,Karen Cruz,M,24,EU,2021-11-06,Bronze,26,True,101.61526394038447,0.43319343989449977
6065,Jenny Soto,M,29,USA,2020-01-19,Bronze,48,True,100.93044463665107,0.41783885957361455
6066,Kevin Smith,F,36,Asia,2019-12-01,Bronze,49,True,150.15477804156,0.22760984621926905
6067,Kimberly Garcia,M,39,EU,2020-11-25,Gold,37,True,162.099273939321,0.41348759211965935
6068,Deborah Townsend,M,43,USA,2019-09-19,Bronze,52,True,109.89808964940076,0.5556004280226752
6069,Julie Wallace,M,38,USA,2021-02-01,Bronze,35,True,131.60764506554932,0.35180541755381084
6070,Joe Gordon,M,18,USA,2019-12-21,Gold,49,True,184.3861817712714,0.5103041339619709
6071,Wayne Barnes,M,22,Other,2021-11-24,Silver,25,True,175.58595446009824,0.3429846940277392
6072,Maria Weaver,F,31,USA,2020-05-13,Bronze,44,False,103.33588730790133,0.38383396926392394
6073,Matthew Thompson,F,34,USA,2023-03-07,Bronze,10,False,78.50737838213378,0.3942510844429291
6074,Wanda Short,F,41,EU,2020-07-21,Silver,41,False,145.07073765144162,0.5696954857928374
6075,James Richardson,F,33,USA,2021-12-13,Silver,24,False,149.046358845084,0.6287373256163384
6076,Jennifer Cruz,M,33,USA,2022-12-18,Silver,12,False,130.92164177344048,0.7757194115617054
6077,Sergio Andrews,M,35,USA,2022-08-02,Bronze,17,False,67.86793619654891,0.6168883906028104
6078,Franklin Harris,M,30,EU,2022-11-03,Bronze,14,False,91.76172610692413,0.5545691086874016
6079,Leslie Vance,F,33,EU,2020-02-06,Silver,47,True,105.14743918669075,0.766234609704214
6080,Gabriel Guzman,M,44,USA,2019-01-28,Gold,59,False,221.667802979384,0.5411793010941868
6081,Lori Smith,F,32,EU,2023-11-13,Bronze,1,False,110.9838411579345,0.5921540782543444
6082,Edward Taylor,M,32,Other,2023-01-20,Bronze,11,False,74.50551454460708,0.6434649688544674
6083,Alison Adams,M,32,USA,2020-11-28,Silver,37,False,152.4598947092348,0.5260548063375099
6084,Phillip Jenkins,Other,45,USA,2021-07-09,Silver,30,True,109.67895836170648,0.4897841624818212
6085,Yolanda Brown,F,21,USA,2020-10-03,Bronze,39,False,92.76238573644183,0.47502278635963047
6086,Malik Washington,F,50,EU,2022-04-22,Silver,20,False,129.9354063904845,0.4140799049257977
6087,Kristen Larson,F,21,Asia,2021-11-15,Platinum,25,True,328.8127781776785,0.42558477332345795
6088,Michael Scott,F,26,USA,2023-11-04,Silver,1,False,101.42077046413257,0.6593044356464309
6089,Luke Duncan,F,40,Asia,2020-04-17,Bronze,45,True,119.66177627636101,0.33548112477893666
6090,Bernard Hicks,F,43,USA,2019-07-17,Gold,54,False,249.1105530745653,0.5206716344802106
6091,Rebecca Boone,M,18,EU,2019-08-13,Bronze,53,True,97.11566235763033,0.49644077118411595
6092,Joel Roberts,F,22,Asia,2023-12-27,Bronze,0,False,73.09003606605741,0.2862277322838924
6093,Tony Cooper,F,35,USA,2021-11-11,Silver,26,True,87.1971846012596,0.6257275258679048
6094,Kevin Stokes,M,56,EU,2022-07-08,Silver,18,False,182.85802882421916,0.29955208638588127
6095,James Frank,F,45,USA,2019-05-03,Gold,56,True,279.35631978982167,0.38821281630247695
6096,Deborah Stewart,F,30,Asia,2019-11-18,Bronze,50,False,100.87109330599921,0.48716112722916705
6097,Carol Bowman,F,18,USA,2020-10-01,Bronze,39,True,76.74498807999612,0.7234949909664284
6098,Sheri Murphy,M,33,Asia,2023-11-08,Gold,1,False,156.1938406098023,0.5781172595016245
6099,Russell Downs,M,36,USA,2019-11-09,Bronze,50,False,123.63232384572095,0.5466352012025406
6100,Charles Ellis,F,29,Asia,2020-11-17,Bronze,38,True,103.37887685328305,0.7027492306614666
6101,Dylan Guzman,F,24,USA,2021-11-08,Silver,26,True,120.92099354757924,0.46036156775052445
6102,Ryan White,M,34,Asia,2019-12-11,Platinum,49,True,437.9513994395125,0.7997336242646702
6103,Dawn Meyer,F,23,USA,2023-12-01,Silver,1,False,181.3623732136919,0.5755367140634566
6104,April Wiley,M,51,Other,2020-03-26,Bronze,45,True,110.98940071649444,0.5200316016697392
6105,Cheryl Wade,F,48,USA,2021-10-02,Silver,27,True,133.26085517778384,0.23049371436071237
6106,John Estrada,M,39,USA,2020-10-15,Platinum,39,False,374.3389230683683,0.6463959076185514
6107,Cynthia Larson,M,33,EU,2022-11-28,Gold,13,False,235.27550352772369,0.5806192844338429
6108,Roy Paul,F,26,USA,2023-11-17,Bronze,1,False,97.87014403258354,0.46662037392592937
6109,Gregory Joyce,M,32,USA,2023-07-15,Gold,5,False,243.53405616589157,0.424251753346184
6110,Chase Choi,M,49,Other,2019-07-18,Gold,54,True,241.8298470665161,0.8020171729285424
6111,Suzanne Williams,M,41,Other,2020-06-12,Silver,43,True,158.21829793262376,0.38046674068841324
6112,Michael Cortez,M,35,USA,2021-02-14,Silver,35,True,115.59374384717869,0.5523272867792971
6113,Jennifer Vargas,M,42,Other,2019-03-12,Bronze,58,True,79.57291402753506,0.5051987354876977
6114,Linda Newman,Other,38,EU,2023-09-02,Silver,4,False,102.45652576970102,0.6032612821989056
6115,Walter Howard,F,36,USA,2020-04-28,Silver,44,True,189.73834059068685,0.21164451169575077
6116,Justin Saunders,F,42,Asia,2021-06-21,Bronze,30,True,70.78399795236399,0.6008845022865921
6117,Jeffrey Weaver,F,38,EU,2023-03-26,Bronze,9,False,100.68203822654071,0.7399756954238847
6118,Wanda Reynolds,M,41,Other,2021-09-16,Bronze,27,True,68.18176941922542,0.21466785630866353
6119,Kathryn Castillo,M,34,USA,2020-01-19,Gold,48,True,267.34603951372816,0.3577436439556183
6120,Alicia Wilson,M,30,EU,2021-08-01,Silver,29,True,115.12420383584694,0.5847944916454189
6121,Jason Day,F,27,USA,2019-05-26,Bronze,56,True,106.45566231544441,0.4799233813366455
6122,Brian Christensen,F,26,USA,2019-01-02,Gold,60,True,137.2818765103106,0.6019510894806646
6123,Stephen Martinez,M,18,USA,2020-12-12,Silver,37,True,176.12400858411166,0.611653045116275
6124,Thomas Turner,M,23,Other,2023-10-04,Gold,2,False,243.39062430528472,0.533774969851327
6125,Bonnie Larson,F,23,Asia,2022-06-07,Bronze,19,False,100.35168153346297,0.7644221266877385
6126,John Ortega,F,27,Asia,2022-11-28,Silver,13,False,148.02589142612035,0.6128738647138565
6127,Kristin Hickman,F,48,EU,2022-08-17,Silver,16,False,174.32877779151312,0.3011476136264868
6128,Jacqueline Turner,M,31,USA,2023-12-05,Bronze,0,False,87.80790513310606,0.6051149935388552
6129,Charles Strickland,F,35,USA,2019-05-02,Bronze,56,True,121.77722573818859,0.4951062049175666
6130,Thomas Carr,M,35,USA,2019-02-13,Bronze,59,False,105.93056205987031,0.5821334212313471
6131,John Stewart,F,48,USA,2019-12-28,Silver,48,False,102.80892289009954,0.6752167810237331
6132,Christopher Mcmillan,F,27,Asia,2020-05-08,Bronze,44,False,136.93379164711578,0.7423158031393493
6133,Lee Rivera,F,30,EU,2019-10-18,Bronze,51,True,103.68023339860517,0.512639685011461
6134,Mark Keller,M,31,USA,2019-08-04,Bronze,53,False,93.23603746672998,0.6257582474765505
6135,Allen Porter,M,44,USA,2019-11-06,Bronze,50,True,103.30737720926814,0.33796911633607096
6136,Mr. Joshua Cohen,M,46,USA,2022-11-09,Gold,13,False,171.26425008969508,0.4304565156360638
6137,Kyle Burke,M,37,EU,2021-11-10,Bronze,26,True,96.94229930648687,0.4155988005839163
6138,Brent Holloway,F,45,Other,2019-04-04,Silver,57,True,173.68000092791942,0.6551156544681253
6139,Danny Smith,F,34,EU,2021-11-04,Bronze,26,True,113.75390619798104,0.7590871854689895
6140,Tracy Roberts,M,31,Asia,2019-04-07,Bronze,57,True,112.39389689394235,0.9783881466200923
6141,Colleen Martin,M,44,EU,2022-06-14,Gold,18,False,175.95874633972394,0.6291926265749741
6142,Stephanie Brown,M,37,USA,2022-12-12,Platinum,12,False,248.35205403538444,0.6686292578914572
6143,Jennifer Barrett,F,25,USA,2021-11-15,Bronze,25,False,107.75785124168861,0.24043307810765374
6144,Tara Jones,F,42,Asia,2022-06-17,Bronze,18,False,115.41559551088014,0.23179941223716122
6145,Kaitlyn Leblanc,M,30,Asia,2020-07-21,Bronze,41,True,85.34793653369397,0.36967926897113007
6146,Madeline Ford,M,29,USA,2023-08-21,Bronze,4,False,95.44418281682727,0.3118550967008774
6147,Raymond Herrera,F,41,EU,2023-04-13,Silver,8,False,161.77452139114405,0.576760264590914
6148,Danielle Reed,F,32,EU,2019-09-01,Bronze,52,True,98.08497699568827,0.7603959292917374
6149,Michael Spencer,M,36,EU,2022-11-22,Silver,13,False,184.71599130460774,0.5017930859360921
6150,Kevin Torres,F,39,Other,2023-04-13,Silver,8,False,110.76148477357759,0.4016424415534475
6151,Hannah Marquez,F,25,EU,2021-11-16,Bronze,25,True,70.94022963676323,0.5458020720184645
6152,Jared Madden,F,36,EU,2021-04-13,Silver,33,True,182.87605040821356,0.3921285913630198
6153,Jacob Miller,F,46,USA,2021-06-09,Gold,31,False,224.68435516759592,0.41853491307161883
6154,George Williams,M,23,USA,2019-11-23,Silver,50,True,152.7159503735839,0.47075025902130235
6155,Amber Parker,F,37,USA,2023-02-18,Gold,10,False,186.6441638376941,0.5582009073265405
6156,Jerome Parker,M,24,USA,2023-04-16,Silver,8,False,164.1200426720959,0.24999408532240786
6157,Phillip Fowler,M,43,Asia,2023-11-20,Silver,1,False,155.66571225702864,0.1955573096644178
6158,Charles Gonzales,M,43,Asia,2021-12-12,Gold,25,True,211.97817288592444,0.3710707662436747
6159,Natalie Oconnor,M,29,USA,2021-11-08,Silver,26,True,147.97208121647373,0.5783507064275228
6160,Richard Murray,M,55,Asia,2019-11-01,Silver,50,False,166.05253076205054,0.31022661712731725
6161,Eric Shaffer,F,44,USA,2020-02-13,Bronze,47,True,118.36695874679677,0.7751429435661694
6162,Christina Roberts,F,40,USA,2023-11-22,Gold,1,False,236.15785771309277,0.6278089874276903
6163,Christina Cook,F,39,USA,2019-03-19,Bronze,58,True,109.14515389225377,0.6003939461893714
6164,Joseph Walker Jr.,M,42,USA,2021-08-13,Bronze,29,True,99.92622169566178,0.6282815505571059
6165,Bradley Cobb,M,23,USA,2020-01-03,Silver,48,False,163.33544475509223,0.5639782821817765
6166,Cynthia Newman,F,34,EU,2022-11-28,Silver,13,False,185.85134191314017,0.5760433194349827
6167,Veronica Simmons,M,36,EU,2020-09-01,Silver,40,False,145.3654616204846,0.6862985987548126
6168,John Nichols,Other,28,Other,2019-08-14,Silver,53,True,141.8260327435525,0.650005713802949
6169,Thomas Jones,M,37,USA,2020-12-24,Bronze,36,True,109.87151951769982,0.5450640059121137
6170,Karen Alvarez,F,45,USA,2021-10-21,Gold,26,True,229.5325040628406,0.7885275067937179
6171,Ronald Graham,M,28,USA,2020-11-01,Silver,38,True,146.98514824993728,0.5116191100984665
6172,Arthur White,F,32,EU,2021-09-05,Gold,28,True,218.02037785719833,0.43174949985926847
6173,Eric Murphy,F,24,USA,2020-12-05,Bronze,37,True,83.1935900708029,0.2775207861055861
6174,Tammy Daniel,F,18,Asia,2019-05-11,Silver,56,False,149.67105976785814,0.39163785566041753
6175,Dr. Jose Garcia,Other,40,EU,2022-10-25,Silver,14,False,196.58809628323954,0.68034942836614
6176,Ashley Coleman,M,32,EU,2023-02-28,Bronze,10,False,112.15449115623082,0.4948832075714313
6177,Eduardo Booth,F,33,EU,2020-09-26,Gold,39,False,174.1186226558939,0.5719021593709699
6178,Nicholas Ramos MD,M,23,USA,2022-12-19,Bronze,12,False,89.73714915389928,0.5121217690505095
6179,Robert Chapman,F,31,USA,2020-02-12,Silver,47,True,112.69499302508947,0.31957424907708654
6180,Eric Clark,M,43,USA,2022-10-25,Silver,14,False,198.7048163522157,0.4567973806914801
6181,Kevin Johnston,F,33,EU,2021-10-08,Silver,27,True,120.16249649165867,0.3748903352819697
6182,Lori Jordan,F,33,USA,2022-12-10,Silver,12,False,74.12914619786369,0.43474265761068737
6183,Gloria Lynch,M,35,USA,2023-06-18,Bronze,6,False,71.86858665899574,0.3668527205569737
6184,Rachel Norris,M,20,Other,2022-12-09,Silver,12,False,151.59023464578573,0.5722976341193281
6185,Joseph Spencer,M,39,USA,2023-10-11,Bronze,2,False,85.65969546286291,0.621866807313771
6186,Kenneth Schmidt,F,20,Asia,2023-08-05,Bronze,4,False,102.587090483235,0.5052529629110305
6187,Timothy Fletcher,M,23,Asia,2022-03-24,Bronze,21,False,106.83022430292839,0.20156211787447242
6188,Michael Fernandez,F,22,USA,2023-07-13,Bronze,5,False,87.52031033902219,0.2970972051812858
6189,Joseph Conway,F,31,USA,2023-02-13,Silver,10,False,122.40875932813091,0.5968875188391638
6190,Edward Hill,F,29,USA,2021-06-24,Gold,30,True,236.4349362302703,0.3866662606661824
6191,Paula Evans,F,32,EU,2019-02-04,Bronze,59,False,105.96812421758257,0.3868231988118289
6192,Stephanie Santiago,M,23,EU,2021-11-17,Bronze,25,True,46.47895741860868,0.5103423293627936
6193,Lauren Kim,F,43,Asia,2019-11-27,Bronze,49,True,69.25583490875796,0.38195059327423664
6194,Sherri Colon,F,41,Other,2019-07-14,Silver,54,False,96.21629928643529,0.18178054464546867
6195,Erin Mckinney,Other,31,EU,2021-08-09,Bronze,29,True,96.81035578726996,0.36134235045222163
6196,Joseph Dougherty,F,28,USA,2023-11-22,Bronze,1,False,104.05635121447996,0.4394437009445313
6197,Sarah Williams,F,27,USA,2021-11-02,Silver,26,True,144.85508475833782,0.41677749719357043
6198,Jeremy Silva,M,29,Asia,2023-11-04,Bronze,1,False,87.43175704175101,0.6051681124123015
6199,Lisa Prince,F,18,USA,2021-10-11,Bronze,27,False,120.43872821805255,0.5133059659726893
6200,Sara Wilkins,F,23,USA,2021-11-10,Bronze,26,False,106.40977808182623,0.5026853633212818
6201,Joshua Fowler,F,41,Asia,2020-01-05,Bronze,48,True,81.75761147264055,0.6735317658364777
6202,Jodi Miller,F,36,EU,2022-02-16,Bronze,22,False,83.05679818654195,0.26599498409892175
6203,Garrett Carpenter,M,49,Other,2021-07-06,Silver,30,True,127.1348113619092,0.7347000989062156
6204,Vincent Schaefer,F,30,EU,2022-09-05,Bronze,16,False,93.0514714187837,0.747715874319244
6205,Rachel Norton,Other,29,USA,2023-08-13,Bronze,4,False,100.70369824749517,0.482655435733255
6206,Jon Russo,M,28,Other,2020-08-09,Bronze,41,True,108.26770058039459,0.4410791635471268
6207,Jeanne Mills,F,29,USA,2020-11-10,Silver,38,True,125.30017720688355,0.70141016110168
6208,Nicholas Little,M,26,USA,2019-11-27,Gold,49,True,145.74541066200766,0.4604229840873658
6209,Jonathan Walton,F,35,EU,2022-06-02,Silver,19,False,161.8047831940704,0.5530035908433364
6210,Ashley Miller,M,33,USA,2020-11-15,Silver,38,True,174.86715141607155,0.5417286435002743
6211,William Vasquez,F,27,EU,2023-03-27,Silver,9,False,201.3046757087503,0.5733725885300012
6212,Denise Hendricks,M,45,USA,2019-01-12,Bronze,60,True,108.09495141880845,0.3350127464390291
6213,Stacy Johnson,F,51,EU,2020-11-12,Bronze,38,True,85.40132933567318,0.5659639235158015
6214,Mary Delacruz,M,44,USA,2023-11-03,Bronze,1,False,112.21323919816001,0.3676798579559348
6215,Laura Singleton,M,38,Asia,2022-11-26,Bronze,13,False,96.9833240747983,0.4101648136377075
6216,Jill Ray,F,40,Asia,2023-05-15,Bronze,7,False,73.0954999945661,0.6392791244932554
6217,Charles Hensley,M,51,USA,2023-12-27,Silver,0,False,148.5461170166302,0.42449346373821895
6218,Lauren Walker,F,40,USA,2023-12-19,Bronze,0,False,105.65227561067044,0.4043086932057518
6219,Ann Calderon,Other,27,USA,2021-10-13,Gold,27,True,257.3430980388642,0.5305696947001689
6220,Jonathan Potter,F,36,USA,2020-12-03,Gold,37,True,202.85386433135068,0.7019832120585681
6221,Julie Curry,F,39,Asia,2023-06-13,Platinum,6,False,251.0797818954565,0.8607371000513644
6222,Maureen Lee,M,23,Asia,2019-10-22,Bronze,51,False,62.261746463407526,0.6713583838803394
6223,Alicia Garner,M,30,USA,2021-12-24,Gold,24,False,150.8364626319266,0.6693743265927417
6224,David Silva,F,44,USA,2023-09-05,Gold,3,False,161.19084125082802,0.49641561064349043
6225,Tyler Patel,M,18,USA,2023-09-11,Gold,3,False,266.65009976775127,0.883928038876131
6226,Victoria Parker,F,20,EU,2020-02-22,Silver,46,True,144.2707247735812,0.5297935632009556
6227,Emily Martinez,M,31,USA,2021-05-17,Silver,31,True,147.31202391791933,0.4946546646643456
6228,Amanda Brown,F,36,Other,2023-02-26,Bronze,10,False,122.02381408355569,0.5574015703261019
6229,Samantha Salinas,M,19,Asia,2023-12-19,Bronze,0,False,112.05274671738847,0.5396658114110846
6230,Michelle Williams,F,31,USA,2022-11-20,Bronze,13,False,94.75841566381628,0.30293056508660604
6231,Shawn Evans,M,44,EU,2019-01-27,Gold,60,False,245.85876019421192,0.39542739039998315
6232,Christine Jones,M,33,Other,2019-07-23,Bronze,54,True,86.31980278559439,0.557086241838627
6233,Michael Buchanan,F,42,EU,2020-09-27,Bronze,39,False,105.67325289414588,0.38159437606147995
6234,James Morales DVM,M,27,USA,2021-11-12,Gold,26,True,149.7896585285443,0.5971467398721672
6235,Michael Hicks,F,24,USA,2023-11-05,Bronze,1,False,105.2042252159963,0.5054093591123573
6236,Laura Clark,F,41,Asia,2021-11-17,Gold,25,True,240.7096977688507,0.6405111263543178
6237,Luke Bush,M,36,EU,2020-09-19,Silver,39,True,176.1390471964826,0.4814389046840767
6238,Kimberly Cantrell,F,21,EU,2022-08-11,Bronze,16,False,118.04291358865396,0.5722554668263058
6239,Sarah Jordan,M,24,Asia,2020-11-02,Bronze,38,True,157.75545086781608,0.22823739337204219
6240,Tyler Cole,F,48,Asia,2019-01-06,Silver,60,True,141.9730141317473,0.25859057637944716
6241,Matthew Valencia,F,23,Other,2022-02-21,Platinum,22,False,245.77522014378025,0.379503409221556
6242,Cynthia Freeman,F,42,USA,2023-02-03,Gold,11,False,218.2417759757696,0.5466371030693656
6243,Gregory Wiley,M,28,EU,2020-03-15,Bronze,46,True,82.39336417887021,0.3828188919131474
6244,Dylan Long,M,32,Asia,2021-12-18,Bronze,24,False,77.34179640249452,0.6091997957662038
6245,Amanda Anderson,F,35,Asia,2021-11-17,Bronze,25,True,94.951957846887,0.5580103602954374
6246,Cynthia Tucker,M,18,EU,2019-11-15,Silver,50,False,209.4083599140086,0.4311846870750419
6247,Scott Stephens,M,18,USA,2019-08-02,Bronze,53,False,113.78067204440329,0.5335787746823738
6248,Ralph Gray,F,33,Asia,2019-10-05,Bronze,51,False,107.60987942620399,0.43339526980846127
6249,Thomas Phillips,F,25,Asia,2019-11-05,Silver,50,True,99.81658969539433,0.5472657544781235
6250,Jamie Scott,M,42,USA,2023-11-09,Bronze,1,False,87.5415617870881,0.42343773552919467
6251,Michael Gutierrez,M,18,EU,2022-07-06,Bronze,18,False,128.6511990535389,0.5594735312902626
6252,Brian Kidd,M,38,USA,2019-11-19,Silver,50,True,141.90095001848098,0.7040927148928573
6253,Travis Walters,M,19,USA,2020-11-10,Silver,38,False,215.84817216525684,0.31462195217607436
6254,Joseph Meyers,M,29,USA,2023-11-27,Bronze,1,False,108.96096785647275,0.39585187447514714
6255,Jennifer Baker,M,22,EU,2022-09-19,Silver,15,False,145.4860496120519,0.4020631430790125
6256,Tracey Johnson,Other,52,EU,2023-09-19,Silver,3,False,140.5806990070921,0.5466710227517564
6257,Kimberly Taylor,F,19,EU,2021-03-16,Silver,34,True,148.0484811614965,0.6256486673404825
6258,Alejandra Thomas,M,31,EU,2023-09-12,Gold,3,False,141.92717657510588,0.23906766497478682
6259,Jay Peck,M,18,Asia,2023-11-24,Silver,1,False,179.191852996614,0.4724801210792068
6260,Ashley Schultz,F,48,USA,2021-12-09,Silver,25,True,163.25094527433492,0.5042358777535086
6261,Jody Rice,M,37,USA,2021-03-03,Silver,34,True,142.31421682948576,0.6322873279861935
6262,Leslie Bauer,F,34,Asia,2021-12-17,Silver,24,False,146.6546714442353,0.3656255806144471
6263,Laura Andrews,F,47,USA,2023-05-27,Bronze,7,False,116.19580311038138,0.609470159241644
6264,Jon Green,F,34,Other,2021-06-24,Bronze,30,True,140.59532885115183,0.5439501696823614
6265,Sylvia Dalton,M,35,Asia,2019-11-10,Silver,50,True,195.94717421608163,0.7661122658112453
6266,Melissa Smith,F,34,EU,2020-11-18,Bronze,37,True,103.71513502832961,0.8290890545202989
6267,Jonathan Gallagher,F,38,Other,2020-10-07,Bronze,39,False,83.54779825697199,0.6193747131347398
6268,Louis Gibson,F,28,USA,2021-10-07,Silver,27,True,104.0006869524859,0.46093483268898766
6269,Francisco Woodward,F,30,USA,2022-06-09,Bronze,19,False,102.45388435864567,0.5736010919760521
6270,Michael Guerra,M,41,EU,2023-07-16,Silver,5,False,126.50288703132382,0.5872238938535143
6271,Kimberly Orozco,M,35,USA,2020-12-24,Bronze,36,True,103.10396259039867,0.5790076593896527
6272,John Chavez,F,31,Other,2019-04-11,Bronze,57,True,105.81296730491425,0.5630554350693471
6273,Alison Faulkner,F,18,USA,2022-10-09,Bronze,14,False,114.33853359929044,0.5801202784750633
6274,Toni Galloway,F,47,EU,2022-05-01,Bronze,20,False,76.56938697230098,0.6574473002562531
6275,Nina Combs,F,26,EU,2019-04-12,Bronze,57,False,82.2573111661052,0.82970050222906
6276,Patricia Cannon,M,42,EU,2023-11-03,Bronze,1,False,93.7162257144823,0.2285979335681978
6277,Eric Clark,M,34,USA,2023-01-20,Bronze,11,False,105.21001504248126,0.6949605314282351
6278,Kelly Brown,F,20,USA,2021-03-19,Silver,33,True,156.04750287193977,0.5212372464070232
6279,Joshua Ramos DDS,M,45,Asia,2019-09-08,Bronze,52,False,151.56145040369836,0.3815226434934433
6280,Courtney Young,F,35,USA,2019-03-07,Silver,58,False,82.2221653565631,0.29738051185617653
6281,Philip Cole,M,46,Asia,2019-12-05,Silver,49,False,183.30703174735817,0.5458267141240325
6282,Anna Love,F,31,EU,2021-11-05,Bronze,26,False,121.17439210650642,0.5054029755614602
6283,Lisa Rodriguez,F,40,Asia,2020-09-20,Bronze,39,False,81.69402605077049,0.3381928612157775
6284,Cheryl Petersen,M,18,Asia,2023-03-05,Bronze,10,False,90.55357569088713,0.49539728751310624
6285,Tracy Lopez,M,27,USA,2021-08-12,Gold,29,True,270.46297616665805,0.6555225934878253
6286,Casey Baker,F,20,EU,2021-11-21,Gold,25,True,175.1133334380278,0.732725465709394
6287,Andrew Green,Other,29,Asia,2021-12-20,Bronze,24,False,87.88900126791023,0.5191117535219262
6288,Carolyn Kane,F,37,EU,2019-09-05,Silver,52,False,153.59801427204337,0.5186654167086203
6289,Lisa Ramsey,M,26,Other,2021-12-23,Platinum,24,False,330.7407135647171,0.5934341079834617
6290,Joel Smith,M,41,EU,2020-09-25,Silver,39,True,179.92679949923365,0.6747617648242682
6291,Andrea Brown,M,24,USA,2022-11-07,Bronze,14,False,120.81363018905415,0.5275236434863434
6292,Melissa Combs,M,41,USA,2021-03-01,Bronze,34,False,115.63701854357817,0.5525399667148164
6293,Karl Moore,F,46,Other,2020-03-25,Bronze,45,True,61.839636572836724,0.4401138424544159
6294,Richard Larsen,F,43,USA,2019-04-19,Silver,57,True,148.759665824036,0.4763435811039055
6295,Amy Webb,M,29,Asia,2022-10-02,Silver,15,False,169.9460769564128,0.40460871140582627
6296,Annette Walters,M,18,Asia,2023-05-12,Silver,7,False,170.54255017042567,0.3448033610722298
6297,Paul Stephens,M,38,USA,2023-11-10,Bronze,1,False,85.80064229870443,0.31925954449764116
6298,Kevin Moss,F,31,USA,2019-12-25,Gold,48,True,159.09285979412329,0.37068244632625635
6299,Patrick Bird,F,23,Asia,2019-08-28,Gold,52,True,156.33769889063421,0.3603569506282365
6300,Laura Harris,F,27,USA,2023-07-28,Bronze,5,False,109.31055008679769,0.5448106975908358
6301,Blake Crawford,M,47,Asia,2019-04-16,Bronze,57,True,120.14512192670358,0.5671947552760656
6302,Charles Roberts,F,21,EU,2023-08-11,Silver,4,False,154.2562233554195,0.4369111787498641
6303,Steve Brewer,M,37,EU,2019-10-18,Bronze,51,True,78.60147384063563,0.37413595307507086
6304,Jason Rodriguez,M,35,Asia,2023-08-26,Bronze,4,False,103.5920886409649,0.822770039263133
6305,Amber Lee,F,29,USA,2020-11-12,Bronze,38,True,80.96230851845382,0.4338451153948848
6306,Jeffrey Watts,F,39,EU,2019-11-09,Platinum,50,True,255.78083389812866,0.41101066186388335
6307,John Hernandez,M,49,USA,2023-02-21,Gold,10,False,185.25536887757795,0.26404933634927974
6308,Michael Jackson,M,30,USA,2019-11-22,Bronze,50,True,84.02956975179363,0.5775519234207346
6309,Brittany Johnson,M,30,EU,2023-12-07,Gold,0,False,154.79129073553773,0.7728713097491382
6310,Peggy Young,M,39,Asia,2023-01-07,Silver,11,False,196.48116437314653,0.47199977532764426
6311,Jennifer Taylor,F,42,USA,2022-10-13,Bronze,14,False,62.24294073594706,0.44795716095589655
6312,Christina Mullen,F,31,EU,2019-10-20,Gold,51,True,176.33682099858214,0.5415032294162355
6313,Alexandra Marshall,M,29,EU,2020-11-13,Silver,38,True,143.52654339480546,0.5461280934951155
6314,Amanda Davis,M,18,USA,2021-08-20,Gold,28,False,249.11849947748877,0.12565818883174334
6315,Gavin Yates,M,25,USA,2021-11-28,Bronze,25,False,105.89334163458169,0.5971304495434566
6316,Allison Murray,F,21,Other,2019-08-05,Silver,53,False,141.5536749647856,0.7812617587650099
6317,Ann Goodwin,M,39,Asia,2023-02-25,Bronze,10,False,85.17617172889946,0.5083858997739742
6318,Jerry Martin,F,30,EU,2023-10-14,Bronze,2,False,122.945441092869,0.4836999737654216
6319,Joshua James,M,30,EU,2020-10-16,Silver,39,True,125.80125675902227,0.6191997487845886
6320,Jordan Wilkerson,F,32,USA,2019-12-13,Gold,49,False,208.44598636130195,0.6013893259949052
6321,Kathleen Lopez,F,24,EU,2021-11-26,Silver,25,True,144.9181983086266,0.5259576977077742
6322,Rodney Stewart,F,48,EU,2020-01-12,Bronze,48,False,109.601067042815,0.6159548543223161
6323,Patricia Paul,F,45,EU,2019-10-01,Bronze,51,True,131.42215412017836,0.6230748401939843
6324,Yvonne Rodriguez,F,49,USA,2019-11-08,Gold,50,True,228.21979487919134,0.324024047002875
6325,Robert Brandt,F,39,USA,2019-11-08,Bronze,50,True,97.4216606782441,0.3277040712583044
6326,Aaron Scott,M,32,USA,2022-11-23,Bronze,13,False,133.51413161424705,0.3062877525307559
6327,Anthony Good,M,49,Other,2020-04-22,Gold,44,True,263.19259390839795,0.2729639481267367
6328,Olivia Carter,M,26,EU,2019-05-27,Gold,56,True,245.58085745322174,0.6215754979362633
6329,Stephanie White,F,24,EU,2020-09-15,Silver,40,True,158.46107262548676,0.6219328687252271
6330,Matthew Smith,F,26,USA,2021-11-03,Bronze,26,True,84.57780734587475,0.5671640545502449
6331,Daniel Matthews,M,38,USA,2019-10-27,Bronze,50,True,52.67919658877111,0.7492892666722454
6332,Brenda Oconnor,F,25,Asia,2023-05-08,Silver,7,False,156.3431105965521,0.4537488336507429
6333,Monica Aguilar,F,31,EU,2019-11-23,Gold,50,False,230.95974273237064,0.3965020218346773
6334,Rodney Salinas,F,18,EU,2019-11-24,Platinum,49,True,219.77289346542557,0.5183957642158993
6335,Christopher Jensen,F,37,USA,2020-11-18,Silver,37,True,162.46454106347596,0.6713154934109261
6336,Clayton May,F,18,Asia,2020-11-24,Gold,37,True,182.18264229817947,0.4113751871909612
6337,Brandon Leblanc,M,23,USA,2022-08-07,Bronze,17,False,110.20500573941646,0.7913044882167478
6338,Blake Owens,M,45,USA,2019-08-22,Bronze,53,True,87.6690117103647,0.4892435127250607
6339,Michelle Johnson,F,44,EU,2021-04-25,Bronze,32,False,85.47891841310603,0.5769465770104996
6340,Brandi Gould,M,36,USA,2020-11-12,Platinum,38,True,296.33483412116607,0.5243883248178461
6341,Heather Fernandez,M,35,USA,2022-08-15,Bronze,16,False,76.47228931460373,0.440451862078029
6342,Andrew Rodriguez,F,27,EU,2023-11-08,Bronze,1,False,119.23129575260572,0.6365434839807971
6343,Ashley Friedman,F,25,EU,2023-06-16,Gold,6,False,200.80967532788182,0.0
6344,Tammy Davis,F,29,Asia,2022-11-05,Bronze,14,False,77.1083936202181,0.44920821541134315
6345,Kimberly Sullivan,M,18,EU,2023-03-05,Bronze,10,False,87.68840402555023,0.6192833621359735
6346,Donna Obrien,F,35,USA,2019-11-09,Silver,50,True,167.70671011781172,0.28223167349963785
6347,Jennifer Mendoza,M,33,USA,2020-11-13,Silver,38,True,140.9569982386459,0.3948697272989089
6348,Shawn Hooper,M,23,Other,2021-11-15,Bronze,25,False,114.19835352730013,0.42602875820174013
6349,Beth Ford,F,48,EU,2023-11-08,Gold,1,False,160.19509100257267,0.45049111525258745
6350,Dr. Kathryn Adams DDS,M,39,Asia,2019-10-12,Bronze,51,True,94.40567128321234,0.4096468586350602
6351,Paul Gonzales,M,39,USA,2020-10-20,Gold,38,True,197.11188047466024,0.34720713736627795
6352,Vanessa Davila,F,28,EU,2019-02-09,Silver,59,True,216.80718972748323,0.48935328427265135
6353,Andrew Carter,M,32,USA,2019-05-27,Bronze,56,False,85.4409469782844,0.6208355595462096
6354,Bianca Kim,F,39,EU,2020-11-15,Gold,38,True,225.0613691985393,0.5573734600783615
6355,Jamie Mclaughlin,F,34,Other,2023-09-15,Bronze,3,False,109.42928093917541,0.654019923944042
6356,Taylor Mack,Other,49,Other,2023-09-13,Bronze,3,False,134.9559926796249,0.46991305269209077
6357,Christina Franklin,M,30,EU,2019-05-15,Gold,56,True,254.3830055587232,0.6888774609129003
6358,Bethany Gonzalez,F,27,EU,2022-02-22,Bronze,22,False,90.74882997994834,0.30864337291862753
6359,David Fernandez,M,39,Other,2023-07-05,Bronze,6,False,79.01389223001193,0.6966854353825103
6360,Debra Blackburn,F,20,EU,2019-12-10,Bronze,49,True,71.68499949185002,0.6638291502651334
6361,Christopher Walker,M,42,USA,2021-11-23,Bronze,25,True,104.71946962290248,0.263355701054098
6362,Jennifer Hill,M,19,EU,2021-10-25,Gold,26,True,240.55229897510412,0.5702201079864271
6363,Miguel Smith,F,39,USA,2022-03-12,Gold,22,False,245.75257650174902,0.48106213534627884
6364,Christopher Paul,M,26,EU,2019-08-17,Bronze,53,False,94.77813876849447,0.48406823379251473
6365,Todd Hernandez Jr.,M,37,EU,2021-06-09,Bronze,31,True,100.88749093752259,0.5099037902322817
6366,April Clark,M,42,EU,2023-11-26,Silver,1,False,192.78151321782084,0.40710642092271365
6367,Antonio Smith,F,34,USA,2019-09-05,Bronze,52,False,84.73608568214273,0.6408192900292664
6368,Danielle Carter,M,21,USA,2022-10-09,Bronze,14,False,50.49341965482284,0.5006132981762553
6369,Jennifer Allen,M,24,EU,2022-12-05,Bronze,13,False,123.06395771157128,0.33130266889199633
6370,Aaron Black,M,25,Asia,2023-11-23,Bronze,1,False,76.7926149653427,0.4943537594286758
6371,Paula Kidd,F,18,EU,2021-11-14,Silver,25,False,141.28242059671516,0.42886890583036963
6372,Bryan Yates,F,44,USA,2021-03-07,Gold,34,True,218.26364311389773,0.5923843981829956
6373,Troy Jefferson,M,34,Other,2022-06-09,Silver,19,False,136.13459078194347,0.3027127962939407
6374,Paul Burton,M,21,Other,2020-10-12,Silver,39,True,182.41016068231283,0.8004135110018324
6375,Brenda Simpson,M,47,USA,2022-03-05,Bronze,22,False,153.42654676591258,0.5180791624261465
6376,Natalie Perkins,M,25,USA,2022-11-07,Gold,14,False,167.71820282881177,0.31456280734891995
6377,Patricia Acosta,M,35,Asia,2019-08-05,Gold,53,True,205.3556551296863,0.4697137438389059
6378,Lisa Price,M,24,Asia,2023-03-20,Gold,9,False,200.1995057011421,0.42760882787698395
6379,Morgan Evans,F,18,Other,2019-02-17,Bronze,59,True,106.25607644744545,0.38074470950420164
6380,Tiffany Bender DVM,F,19,Asia,2022-04-11,Silver,21,False,131.8979248121208,0.5637578891353019
6381,Karen Scott,M,28,EU,2019-10-05,Silver,51,True,130.49442857177345,0.8345685995275004
6382,Anthony Morse,F,41,EU,2021-11-28,Bronze,25,True,87.46965788093148,0.7804076991357676
6383,Valerie Robertson,F,36,USA,2022-11-04,Platinum,14,False,272.3122415474984,0.5301946038497207
6384,Danielle Wilson,F,34,USA,2021-12-27,Bronze,24,False,91.0870261732329,0.3829072687479182
6385,Ruben Benton,F,18,EU,2021-08-01,Bronze,29,False,49.89564972941216,0.5419851658416394
6386,Brendan Khan,M,45,EU,2023-07-26,Bronze,5,False,101.772284131122,0.610712326241563
6387,Matthew Peters,M,35,EU,2021-05-01,Bronze,32,True,93.97612741808062,0.5305438332257069
6388,David Mason,F,31,Asia,2019-10-14,Gold,51,True,171.26228810544896,0.6117626445990263
6389,Tonya Parker,M,44,USA,2019-12-21,Bronze,49,True,101.8607000019532,0.5665833408276512
6390,Chelsea Green,M,45,EU,2020-12-28,Bronze,36,True,99.89012256305067,0.5427028203627194
6391,Alexandria Cox,M,44,USA,2023-12-28,Silver,0,False,138.06983007640648,0.3175682375146298
6392,David Gutierrez,M,30,EU,2020-09-09,Bronze,40,True,100.17545121546983,0.4804487171190465
6393,Frank Harding,F,22,Asia,2021-11-01,Silver,26,False,132.5431785519463,0.7866249367589261
6394,Danielle Perkins,M,42,EU,2022-10-08,Silver,15,False,114.93014915956454,0.5734558662538138
6395,Sharon Reynolds,M,19,Other,2019-04-13,Bronze,57,False,139.22166454747767,0.6752545026723914
6396,Anthony Brown,M,52,USA,2022-05-09,Platinum,20,False,270.2437711872477,0.801698943351994
6397,Stanley Le,M,33,EU,2020-12-15,Silver,37,False,157.96625023673002,0.32311414502687386
6398,Michelle Ryan,F,22,USA,2020-05-27,Silver,43,False,227.8938006826927,0.8898613483369266
6399,Jonathon Knapp,M,20,EU,2019-07-11,Gold,54,True,183.45211082123978,0.645966464972628
6400,Kayla Carlson,F,20,Asia,2020-02-26,Silver,46,True,163.80597795980526,0.6743117728829158
6401,Tracy Hernandez,F,34,EU,2022-11-04,Bronze,14,False,146.53382794079096,0.39948153890481286
6402,Brenda Schmidt,F,32,Asia,2020-01-08,Bronze,48,True,67.00088220664975,0.6086305779798837
6403,Andrea Baker,M,20,USA,2022-11-13,Silver,13,False,190.01467300662614,0.37981292667045297
6404,Chad Perez,M,29,Asia,2021-11-17,Platinum,25,True,313.3274495184306,0.5224432698871553
6405,Mandy Lee,F,19,USA,2023-11-04,Bronze,1,False,89.89640277664064,0.550525472262943
6406,Trevor Walker,F,38,Asia,2019-11-10,Bronze,50,True,100.96956123369527,0.46417839067741967
6407,Alicia Phillips MD,M,32,USA,2020-03-02,Silver,46,False,139.14491383727537,0.6725892668353366
6408,Raymond Clements,M,29,USA,2019-01-26,Silver,60,True,197.28757422903783,0.4220193082863694
6409,Evelyn Dunn,F,20,EU,2020-04-15,Bronze,45,True,99.67978881243121,0.19817478141494288
6410,Teresa Fuller,F,29,Other,2021-01-20,Gold,35,True,227.91283280464012,0.4634349886110704
6411,Vanessa Reed,M,28,USA,2022-09-18,Gold,15,False,178.84379524389428,0.6880292612682128
6412,Max Mcclain,F,36,USA,2019-05-14,Silver,56,True,158.77113257838297,0.868384854823727
6413,Andres Marshall,F,34,Asia,2021-10-03,Bronze,27,True,92.3438597940289,0.6973556253663759
6414,Anthony Simmons,F,40,USA,2021-12-01,Silver,25,True,107.40245139570067,0.6600305849461342
6415,Bradley Hoffman,F,28,USA,2023-11-26,Bronze,1,False,126.16815732485134,0.4432008500517961
6416,Judy Johnson,M,18,EU,2021-01-03,Silver,36,True,160.4437225858299,0.8455174267793069
6417,Nichole Thompson,F,42,USA,2023-11-23,Bronze,1,False,115.42449689833532,0.602645370936084
6418,Mrs. Nancy Schaefer,F,23,Other,2021-02-27,Silver,34,True,128.14742249504332,0.6084981741454052
6419,Gregory Martinez,F,21,Asia,2022-11-13,Bronze,13,False,123.69426998899095,0.5942328808713857
6420,Deborah Patel,M,32,EU,2021-11-08,Gold,26,True,218.7133187762724,0.32626137422910984
6421,Jonathan Jordan,F,36,Other,2022-12-22,Silver,12,False,154.50696225144856,0.5575832432434448
6422,Courtney Briggs,M,27,EU,2020-11-17,Platinum,38,False,361.7562288451162,0.28179913917116844
6423,Susan Molina,M,27,USA,2021-02-23,Bronze,34,True,93.41502654789649,0.62404703619515
6424,Nicholas Arellano,F,29,USA,2021-06-16,Bronze,30,False,125.89463895416415,0.5504299464339126
6425,Christopher Thomas,F,47,EU,2020-03-16,Bronze,46,True,86.75495787922175,0.4051996251510098
6426,William Christian,F,32,USA,2023-01-12,Bronze,11,False,100.66548155616573,0.6689336307927396
6427,Roger Johnson,M,23,Other,2022-03-19,Bronze,21,False,81.26999748411133,0.44624023414748554
6428,Faith Smith,F,23,Asia,2020-11-16,Silver,38,True,115.55347065985431,0.449860980591203
6429,Dr. Mario Harris DDS,M,30,USA,2020-06-15,Silver,43,True,136.02717725211087,0.5800955764543263
6430,Chase Young MD,F,35,EU,2019-11-09,Bronze,50,False,96.78223423373711,0.4976243343716237
6431,John Ortiz,M,37,Asia,2020-01-16,Bronze,48,True,111.03555699996697,0.5350105436512106
6432,Todd Sherman,F,34,Other,2023-10-27,Silver,2,False,130.70854266837978,0.6548505836587316
6433,Beth Ellis,F,24,Asia,2023-08-02,Bronze,5,False,111.73815910580858,0.38924547210732785
6434,Jennifer Hatfield,M,28,EU,2023-06-25,Gold,6,False,187.2020642815843,0.3765401009177778
6435,Sarah Padilla,M,40,Asia,2022-11-10,Bronze,13,False,90.11859509027902,0.46508363619127624
6436,Gregory Hale,F,21,EU,2022-10-12,Bronze,14,False,112.58883883740826,0.4905591981797393
6437,Christian Anderson,F,28,EU,2021-07-18,Bronze,29,True,89.1112380488978,0.5963161792264812
6438,Dr. Lisa Ramos,F,38,USA,2020-07-18,Bronze,42,True,136.50409858118468,0.7912652968076082
6439,Dr. Jessica Chase MD,F,41,USA,2023-11-28,Gold,1,False,217.29327669404785,0.4935800379834195
6440,Kara Gallegos,M,31,EU,2020-04-04,Bronze,45,False,72.64806823461204,0.5054310377130391
6441,Laura Fowler,M,28,USA,2021-06-02,Silver,31,True,146.4242563501368,0.40227274803951835
6442,Andrew Proctor,M,19,USA,2021-07-07,Bronze,30,True,87.0557629185698,0.38406800618723297
6443,Jordan Mason,M,38,Asia,2023-09-19,Silver,3,False,100.76119063150864,0.6015938227611417
6444,Mr. Charles Young,F,46,USA,2020-04-11,Gold,45,True,242.3152074693562,0.5058558451883239
6445,Robin Parker,M,58,EU,2021-04-13,Gold,33,True,243.23606124772184,0.6870557533202126
6446,Jason Stevenson,F,36,EU,2019-12-20,Bronze,49,False,85.50471017122473,0.6707261994815197
6447,Christian Rodriguez,F,32,Other,2022-04-17,Gold,20,False,228.42489972919375,0.6304171591762899
6448,Richard Reynolds,F,23,EU,2020-09-10,Bronze,40,True,117.539334461792,0.2808556242100736
6449,Oscar Kelly,F,18,USA,2023-11-16,Bronze,1,False,99.74709457692488,0.6024957842086285
6450,Kenneth Jackson,M,34,EU,2021-11-20,Silver,25,True,178.56840773348966,0.3597866176819714
6451,Mary Hill,F,56,Asia,2021-02-16,Platinum,34,True,317.67079603389647,0.21741248050876377
6452,Robert Miranda,M,45,Other,2021-05-20,Bronze,31,True,122.90887844595363,0.5331424294500576
6453,Michael Snyder,M,44,EU,2022-11-20,Silver,13,False,114.82584623108548,0.7036946725514768
6454,Joshua Schmidt,F,35,USA,2020-12-16,Bronze,37,True,102.95936963409366,0.6067595844062117
6455,Aaron Barnett,M,36,Other,2021-02-27,Bronze,34,True,104.03063882202385,0.3677376969900563
6456,Darin Byrd,Other,18,USA,2022-02-25,Gold,22,False,153.74049683955008,0.9194712603047058
6457,Kathryn Shields,F,40,EU,2019-04-19,Silver,57,True,118.17452022616689,0.6225011937591425
6458,Misty Rice,F,27,EU,2020-11-13,Bronze,38,True,68.31899548802522,0.3737380375576117
6459,Robert Herrera,M,25,USA,2023-12-23,Silver,0,False,151.3560876209474,0.19315292427551162
6460,Jennifer Cline MD,F,29,USA,2020-12-20,Silver,36,True,136.78969571889257,0.4693149988441019
6461,Rose Kaiser,M,29,USA,2021-12-11,Silver,25,True,111.27706145938063,0.205403549649409
6462,Christopher Humphrey,F,25,EU,2023-12-12,Bronze,0,False,124.34517466030371,0.34553391799243416
6463,Matthew Ramirez,M,33,Other,2020-03-17,Bronze,46,True,108.00606431341097,0.24514949808696834
6464,Charlotte Roy,F,27,USA,2023-08-15,Gold,4,False,171.01802701863986,0.3869546839221563
6465,James Collins,M,34,Asia,2020-11-26,Silver,37,True,156.09725879311085,0.41996725654658434
6466,Kelsey Smith,M,18,USA,2019-12-03,Silver,49,False,142.86051770860098,0.3689423406612185
6467,Kathleen Garcia,M,30,EU,2019-07-09,Silver,54,False,103.1284241486712,0.8450312577595926
6468,Shelia Cruz,M,22,USA,2019-01-10,Bronze,60,False,105.4772952376467,0.47199400144131615
6469,Mrs. Amy Hale,F,26,Other,2020-05-12,Silver,44,True,199.19573386375566,0.6992192426966246
6470,Jeremy Clayton,M,34,Asia,2023-11-22,Bronze,1,False,128.2401470050576,0.5853884692470906
6471,Susan Williams,M,18,EU,2019-11-24,Bronze,49,True,102.06764978065621,0.4689449078476883
6472,Donald Mays,F,24,Asia,2022-06-09,Bronze,19,False,91.28018749723478,0.4282804283313426
6473,Thomas Wells,M,38,EU,2022-10-24,Silver,14,False,166.88596603929125,0.7026509068522183
6474,Brian Vaughn,M,18,Other,2019-01-05,Bronze,60,True,105.3308560160506,0.3445767840715931
6475,Leah Owens,F,50,Asia,2019-11-22,Bronze,50,False,97.22775794244902,0.4059722585838523
6476,Jennifer Norman,M,45,Other,2021-08-26,Bronze,28,False,137.2024890053319,0.40373428131848144
6477,Mark Hughes,M,28,EU,2022-08-02,Bronze,17,False,92.07786454709299,0.5112117713989893
6478,Paige Case,M,25,USA,2022-12-28,Bronze,12,False,119.14237541252459,0.3636881080528004
6479,Lisa Potter,M,35,EU,2019-10-13,Silver,51,True,154.3157557412767,0.6405101485051057
6480,Jordan Garcia,F,18,USA,2021-05-11,Bronze,32,False,102.97373612383424,0.6612075293388887
6481,Sarah Fields,M,18,EU,2023-11-09,Bronze,1,False,66.9814623331161,0.3923312654295508
6482,Erin Diaz,F,28,EU,2021-11-22,Silver,25,False,183.04251749872014,0.5791145009899654
6483,Bryan Harris,M,31,EU,2021-03-08,Silver,34,False,175.1026533253043,0.37398514522215465
6484,Danny Moreno,M,33,USA,2022-06-23,Silver,18,False,155.6405723041985,0.5268203629827978
6485,Alison Livingston,M,26,USA,2019-04-15,Bronze,57,True,120.69598313270683,0.6755135732460604
6486,Megan Hood,F,45,EU,2019-02-28,Gold,58,True,216.62184330626079,0.5154912611626422
6487,April Taylor,F,18,Other,2019-08-16,Bronze,53,True,74.05192399068156,0.48424076833463864
6488,Philip Espinoza,F,21,USA,2021-11-10,Silver,26,True,120.88217322885225,0.8431495776237321
6489,Tony Rodriguez,Other,37,EU,2021-10-02,Bronze,27,True,98.78769590690995,0.5540433073583618
6490,Michael Rodriguez,M,21,Asia,2020-12-15,Bronze,37,True,66.17095926087917,0.3735331520932067
6491,Vanessa Moore,M,20,EU,2023-11-18,Silver,1,False,183.67301330033905,0.36186936049266083
6492,Megan Koch,M,34,USA,2020-01-13,Bronze,48,False,95.68899712679745,0.8418969417846704
6493,Victoria King,M,22,EU,2023-06-05,Bronze,7,False,102.73860341038363,0.3889074509639668
6494,Bryan Gonzalez MD,M,31,USA,2020-04-19,Silver,45,True,120.5553280349668,0.3947915672080981
6495,Jermaine Barnes,M,26,Other,2020-03-01,Silver,46,True,169.3949215892227,0.5040181366891143
6496,Stephanie Smith,M,24,USA,2020-03-26,Silver,45,True,145.71857428565545,0.6097790417341633
6497,Kimberly Nunez,M,18,USA,2020-07-27,Silver,41,False,140.21754293135558,0.31391595871941275
6498,Holly Bell,M,34,USA,2021-10-03,Silver,27,True,192.3285976473106,0.4582231710947941
6499,Kathryn Smith,M,20,USA,2023-11-23,Bronze,1,False,126.18865722706613,0.2987923517446333
6500,Maureen Carter,F,31,Asia,2020-11-10,Gold,38,True,229.9886793842084,0.47707165223444337
6501,Brandy Walter,M,27,USA,2020-11-15,Silver,38,True,156.2716488999034,0.6232297866147896
6502,Carla Holloway,F,30,USA,2019-03-25,Silver,58,True,134.51730456343438,0.4623320474395268
6503,Andrew Holder,F,31,EU,2021-04-16,Bronze,33,True,94.22343409495357,0.7954035388420213
6504,Pamela Arnold,M,34,USA,2022-11-27,Gold,13,False,186.60988915490856,0.37298993836105904
6505,Debbie Estrada,M,25,USA,2019-07-04,Bronze,54,True,107.8434117267864,0.5326665298960388
6506,Robert Fleming,M,45,Asia,2022-09-24,Silver,15,False,149.04818449278253,0.69611474189254
6507,Jeffrey Vaughn,F,18,Asia,2020-11-22,Bronze,37,True,99.86397508815931,0.6513353785247697
6508,Samuel Rocha,M,30,Other,2023-09-20,Silver,3,False,196.22667423103655,0.8963924296789786
6509,Paul Rich,M,41,Asia,2022-08-03,Bronze,17,False,122.87444730729993,0.548566777393509
6510,Frank Fitzgerald,M,37,EU,2022-03-05,Silver,22,False,126.56418251729772,0.36577212600857256
6511,Stephanie Colon,F,23,USA,2022-05-03,Bronze,20,False,105.93954005763041,0.5125774027992437
6512,Aaron Pennington,M,24,Asia,2023-04-08,Bronze,8,False,84.48541255272488,0.3742787270142054
6513,Jack Krause,F,22,Asia,2019-12-27,Gold,48,True,224.10819739145566,0.5180810959717292
6514,Mariah Wang,F,38,Asia,2021-12-28,Bronze,24,False,138.58415768517816,0.6850262097132938
6515,Brooke Allison,F,25,EU,2023-01-06,Bronze,12,False,92.87880809270074,0.6044977063785492
6516,Melissa Harvey,F,35,USA,2019-04-15,Bronze,57,True,115.81195537795999,0.4843393112418527
6517,Laura Roberts,M,35,Asia,2020-12-27,Platinum,36,True,396.8135384519561,0.39696222588199553
6518,Kathy Robinson,F,56,Asia,2019-01-06,Bronze,60,True,97.27535551186257,0.5487665549198724
6519,Thomas Rodgers,F,36,Other,2022-06-23,Bronze,18,False,109.88605154520984,0.5794651728331687
6520,Rhonda Cervantes,M,24,USA,2019-10-28,Silver,50,False,201.44496164497923,0.3119014297921729
6521,Darryl Hernandez,M,18,USA,2019-08-07,Bronze,53,False,81.27878645851717,0.34713456999760955
6522,Benjamin Alvarez,F,30,USA,2020-04-08,Bronze,45,True,79.26647857031945,0.45655641102549566
6523,Robert Pierce,F,31,Asia,2020-03-16,Gold,46,True,150.22941684233072,0.30027122625893266
6524,Earl Marquez,F,18,USA,2019-04-21,Bronze,57,True,115.09907729072965,0.22836357074347896
6525,Michael Walls,F,25,USA,2023-11-13,Silver,1,False,119.60586954112247,0.3454060399622775
6526,Crystal Pierce,F,35,Other,2020-01-05,Silver,48,False,166.79543963310772,0.5573898418353398
6527,Gabriel Wilkins,M,27,USA,2022-12-22,Gold,12,False,254.38457017217013,0.5152864399086774
6528,Desiree Jimenez,F,42,Asia,2023-11-20,Platinum,1,False,260.287317382267,0.4332745804725471
6529,Wyatt Henry,M,18,USA,2019-11-02,Bronze,50,False,84.75832123485793,0.35957066906338475
6530,Lauren Coleman,F,39,Asia,2022-12-14,Silver,12,False,170.09761040396415,0.5553190570176563
6531,Erica Wright,F,42,EU,2022-05-18,Silver,19,False,151.43582118971176,0.5474621483295108
6532,Patrick Rocha,F,42,Other,2023-07-18,Bronze,5,False,52.74203543516372,0.6864319350319408
6533,Joshua Jones,M,18,Other,2019-10-18,Bronze,51,False,130.6375287114864,0.12330383557914643
6534,Johnathan Aguirre,M,36,USA,2022-05-15,Platinum,19,False,333.1198742682426,0.2381000154066064
6535,Kevin Hubbard,M,26,USA,2020-02-05,Bronze,47,True,92.39266207801609,0.6407196805805001
6536,Mr. Jack Moore PhD,F,18,USA,2020-11-02,Bronze,38,True,91.5825929933504,0.5710258520202888
6537,Pamela Burnett,F,28,EU,2023-03-23,Gold,9,False,228.0108468066328,0.6401225224025067
6538,Darren Reyes,M,23,Asia,2020-02-11,Silver,47,False,148.65362831719432,0.3661785771797253
6539,Richard Graham,F,42,EU,2021-08-20,Bronze,28,True,101.14497893945781,0.44162806681156963
6540,Wanda Ingram,F,38,EU,2019-02-10,Bronze,59,False,103.01419211454107,0.30835366829357697
6541,Joel Thomas,M,21,USA,2022-04-05,Bronze,21,False,83.61898707781401,0.14972406713455916
6542,Jeremy Johnson,M,25,Asia,2022-02-02,Gold,23,False,185.56997470841551,0.520933944630754
6543,Ronald Marshall,F,29,Other,2023-07-12,Gold,5,False,192.46698105187943,0.7123498244876341
6544,Robert Fischer,F,32,USA,2023-11-17,Bronze,1,False,84.78723328781007,0.4748634035189235
6545,Dr. Paul Olson,F,43,EU,2022-11-25,Gold,13,False,210.98898389780484,0.3925511039493688
6546,Cindy Tucker,F,39,USA,2020-12-22,Bronze,36,True,109.68660659171002,0.33205911333804194
6547,Darren Smith,Other,33,EU,2023-12-05,Silver,0,False,200.5948511398608,0.6670779542491349
6548,Jeremy Nicholson,M,30,EU,2021-04-21,Bronze,32,True,84.78054304017931,0.5121628773648009
6549,Kathy Nguyen,F,18,USA,2023-12-18,Silver,0,False,176.71371285230984,0.5181894205267105
6550,Christopher Williams,M,45,EU,2020-09-16,Bronze,40,True,128.49861051337643,0.28341065098692125
6551,Evelyn Townsend,M,28,USA,2019-04-08,Bronze,57,True,118.99177549898234,0.3624763325891506
6552,Joseph Zavala,M,48,EU,2021-11-04,Bronze,26,True,90.03861330332269,0.6102266648745197
6553,Charlene Black,M,34,EU,2023-07-04,Bronze,6,False,93.814528051292,0.4210576133201298
6554,Angel Butler,F,53,USA,2019-01-24,Platinum,60,False,391.0758825319098,0.4022713527836165
6555,Adam Delgado,F,39,Asia,2019-02-04,Platinum,59,True,288.81061575539263,0.8764319941118077
6556,Daniel Mendoza,M,18,Asia,2022-09-17,Gold,15,False,198.79491302394842,0.5104332015521897
6557,Ruben Clark,F,26,USA,2020-11-20,Bronze,37,True,90.26583631472475,0.4741516356137468
6558,Nicholas Rasmussen,F,31,USA,2022-06-10,Bronze,19,False,115.47636716819491,0.47963306625991675
6559,Jason Taylor,F,24,Asia,2020-11-01,Bronze,38,True,50.78378504718059,0.3982942354743984
6560,Claudia Rice,F,29,Other,2019-01-22,Bronze,60,True,83.79987734217619,0.48912289706955764
6561,Sara Lawson,M,19,USA,2023-01-18,Bronze,11,False,80.40209491175206,0.7910159615668297
6562,Michael Johnson,F,33,USA,2020-11-27,Silver,37,True,197.65153213517638,0.5619616741632193
6563,Thomas Mills,F,35,USA,2020-06-15,Bronze,43,True,104.64427033519598,0.2606941209636914
6564,Michael Thompson,F,22,EU,2019-10-25,Gold,50,True,191.92988532681292,0.4344044060545337
6565,Penny Waters,F,52,USA,2021-12-10,Silver,25,False,143.8796208834081,0.5156385002862154
6566,Gregory Johnson,F,33,USA,2019-12-16,Bronze,49,True,72.36876200454293,0.27405187897088457
6567,Sandra Ingram,F,24,EU,2019-10-04,Silver,51,False,190.685851405898,0.4298209444812259
6568,Kenneth Harmon,F,18,EU,2020-09-27,Bronze,39,True,92.9726588183401,0.35584628412189123
6569,Erin Nash,Other,33,USA,2019-04-24,Bronze,57,True,111.86234109999435,0.4405729121353682
6570,David Smith,M,30,EU,2022-05-27,Bronze,19,False,86.86978485372398,0.5105033644464428
6571,Matthew Morris,M,40,EU,2019-08-18,Silver,53,True,148.20114676009263,0.6048020177125886
6572,Norman Porter,M,31,USA,2023-11-21,Bronze,1,False,81.62256649258916,0.32692105212241307
6573,Kathryn Morgan,F,21,USA,2019-11-28,Silver,49,True,142.55873891442945,0.48714995878312295
6574,Jeffrey Jones,F,49,Asia,2019-05-11,Bronze,56,True,120.81564750775824,0.45090556149268274
6575,Alyssa Guerra,M,37,USA,2023-10-08,Bronze,2,False,102.1164313492145,0.4669674782300074
6576,Bridget White,Other,30,Asia,2021-11-01,Bronze,26,True,107.48249127224896,0.377093502546606
6577,James Hood,F,34,Other,2021-02-22,Silver,34,True,151.87954144483348,0.4928811252532731
6578,Daniel Brown,F,37,USA,2021-11-02,Silver,26,False,198.93472596216165,0.5740527642990441
6579,Tony Thomas,M,18,USA,2022-11-21,Silver,13,False,125.50381675950935,0.291225537188357
6580,Philip Huff,F,34,EU,2023-10-17,Bronze,2,False,97.23802497803642,0.7592604997095063
6581,Marilyn Henry,F,28,Asia,2022-07-28,Bronze,17,False,103.75815863602624,0.6412441298532847
6582,Tracy Rodriguez,F,38,Other,2022-10-20,Silver,14,False,120.12100865281963,0.26381128319965175
6583,Richard Moore,F,25,Asia,2022-07-19,Bronze,17,False,102.52927584913206,0.717026141022962
6584,Jacqueline Roberts,F,26,USA,2023-11-10,Bronze,1,False,100.59289985163167,0.7271847776833171
6585,Jennifer Tran,M,49,EU,2020-10-21,Bronze,38,True,102.27824315643863,0.42457909678484873
6586,Christopher Garcia,F,45,EU,2020-11-08,Silver,38,True,153.54887082436005,0.5308507313038859
6587,Kenneth Clark,M,18,EU,2021-08-25,Silver,28,True,129.85202700895474,0.5135722066057977
6588,Cassidy Johnson,M,44,USA,2022-12-21,Bronze,12,False,67.50852553197618,0.2933755782342537
6589,Jason Woodward,M,32,USA,2021-04-09,Silver,33,True,155.49244932791953,0.6540458826225539
6590,Krista Davis,M,25,Asia,2022-01-10,Silver,24,False,123.19865916651581,0.21787050265976876
6591,Deborah Gregory,M,22,EU,2021-04-20,Bronze,32,True,98.1511005489199,0.5434083023551236
6592,Ronald Brown,F,23,USA,2019-09-28,Bronze,51,False,85.03115150155934,0.7351998054360602
6593,Sheena Hayes,F,26,USA,2023-11-05,Silver,1,False,105.57727739047169,0.246687803835696
6594,Olivia Dorsey,M,21,Asia,2022-03-27,Silver,21,False,160.8190242226862,0.4560350762825971
6595,Angela Bradshaw,F,19,Asia,2022-11-09,Bronze,13,False,114.00699732243716,0.6709767723876171
6596,Richard Beasley,M,22,USA,2022-11-11,Silver,13,False,183.09865294994825,0.5603458436811003
6597,Teresa Carter,M,36,USA,2023-01-25,Bronze,11,False,91.05898130535213,0.6250241819122427
6598,Cody Conley,F,33,USA,2019-01-18,Silver,60,True,151.1907000745705,0.3969051483755667
6599,Thomas Bennett,F,38,Other,2020-09-21,Bronze,39,True,106.81249588273079,0.35889262197736593
6600,Brian Stokes,F,32,EU,2023-10-24,Bronze,2,False,120.42444516031193,0.47004638964312995
6601,Donald Wallace,M,19,EU,2019-11-01,Silver,50,True,97.49781046033661,0.5398005808757868
6602,Sydney Smith,F,37,EU,2021-11-16,Bronze,25,False,70.62560611131593,0.5899799844373572
6603,Justin Figueroa,F,22,USA,2022-11-20,Bronze,13,False,127.7657170330305,0.5666908112409461
6604,Erika Brown,F,39,Asia,2022-05-24,Silver,19,False,99.44806073426356,0.6468108202989974
6605,Lisa Salazar,M,21,EU,2020-11-10,Silver,38,True,177.52107960947808,0.517372594893922
6606,Mrs. Melissa Robinson,F,26,USA,2021-11-28,Silver,25,True,189.9303408865617,0.3428636469995519
6607,Bethany Haynes,F,29,USA,2019-11-18,Bronze,50,False,116.06803263475317,0.29673865503233365
6608,Katherine Weaver MD,Other,39,EU,2021-06-01,Silver,31,False,119.9032892893688,0.6137500271713986
6609,Bailey Hughes,M,34,Other,2021-11-28,Bronze,25,False,82.16383018660389,0.6508775056534699
6610,Anthony Proctor,F,33,USA,2020-11-06,Bronze,38,False,98.84832760458734,0.7957019072668576
6611,Jessica Martinez,M,51,Asia,2019-11-22,Bronze,50,True,135.02998438307213,0.8635311878840681
6612,Jason Foster,F,18,Asia,2020-11-01,Bronze,38,True,134.8676638536304,0.6458573686463064
6613,Christopher Roy,M,22,USA,2019-12-03,Bronze,49,True,105.97866595485895,0.5549874942883113
6614,Elizabeth Rowland,M,22,USA,2023-07-26,Bronze,5,False,68.11225282229184,0.4369296690554085
6615,Deborah Curry,F,18,USA,2023-10-13,Platinum,2,False,309.73856266823566,0.36893592284872273
6616,Allison Sharp,M,25,Asia,2022-11-12,Gold,13,False,191.6900181406264,0.5100250517851171
6617,Kimberly Turner,M,39,USA,2020-12-24,Gold,36,True,200.9098378867069,0.48425998863581476
6618,Paul Chaney,M,27,USA,2023-11-14,Silver,1,False,100.30708292723426,0.7857790555413524
6619,Sarah Smith,M,29,EU,2021-11-25,Gold,25,True,209.75343232180288,0.5879022932215453
6620,Adam Espinoza,F,18,Asia,2021-12-28,Bronze,24,False,69.93375590542948,0.46552568003489575
6621,Tyler Richard,F,25,USA,2023-11-24,Silver,1,False,74.10056323202014,0.36774260752419474
6622,Carol Ingram,F,28,EU,2020-12-17,Bronze,37,True,104.48805192063173,0.5801244899025536
6623,Paula Blackburn,M,39,EU,2022-05-16,Bronze,19,False,138.37253805119533,0.5207008869532012
6624,Cynthia Johnson,F,18,EU,2021-12-27,Bronze,24,False,83.28729932468006,0.4322755648065541
6625,Kenneth Johnson,M,28,Asia,2022-04-13,Silver,20,False,135.8165345139322,0.3970261803422468
6626,Steven Bailey,F,43,USA,2021-10-04,Bronze,27,True,117.91499370388162,0.5823700557777822
6627,Daniel Smith,F,28,Asia,2019-10-15,Silver,51,True,184.87905218258126,0.43892330754149433
6628,Hunter Williams,F,18,EU,2023-11-28,Gold,1,False,204.2208997840221,0.4514894103882123
6629,Susan Trujillo,F,45,EU,2020-08-09,Bronze,41,True,85.83168376215535,0.4273079619809791
6630,William Wilson,M,40,EU,2021-03-17,Bronze,34,False,126.52234164009343,0.9251591484823602
6631,Courtney Morgan,M,41,EU,2023-11-28,Silver,1,False,113.09225400379856,0.5236755949948769
6632,Mitchell Merritt,F,18,USA,2022-11-11,Bronze,13,False,89.57672171339911,0.37651907619152364
6633,Jared Gordon,M,48,EU,2020-11-20,Gold,37,True,223.53120621196456,0.11406837186015023
6634,Kristina Neal,M,25,EU,2020-11-26,Gold,37,True,137.2525322049582,0.2539095550264331
6635,Cory Parsons,M,27,EU,2023-11-07,Bronze,1,False,107.76672999391093,0.4560641804791808
6636,Christopher Horn,F,25,USA,2023-11-07,Bronze,1,False,122.7723958441776,0.7542560349907323
6637,Christopher Simmons,F,42,Other,2023-01-23,Platinum,11,False,400.59236045206103,0.8430294514161731
6638,Joshua Reed,M,31,EU,2019-09-26,Platinum,51,True,276.59590074071355,0.4642592780013848
6639,Kimberly Brewer,M,37,USA,2019-11-04,Bronze,50,True,91.19708501874214,0.5546270144908435
6640,Ronald Kramer,F,33,EU,2020-11-08,Bronze,38,True,114.2992009256344,0.47519143887284027
6641,Ann Hobbs,F,32,Asia,2023-05-19,Silver,7,False,131.4658873415658,0.5682961639398341
6642,Richard Potter,M,23,Asia,2019-07-14,Bronze,54,True,93.8253182844755,0.46393164097819584
6643,Terry Carr,F,51,EU,2020-03-25,Gold,45,True,212.88416540194524,0.4164173566601786
6644,Tiffany Wilson,F,18,Asia,2021-03-22,Silver,33,True,161.1690168804579,0.40149299679046874
6645,Jon Gonzalez,F,37,USA,2023-11-23,Silver,1,False,92.78653711842765,0.606506656586821
6646,Mr. Jacob Moore,F,36,EU,2019-11-25,Bronze,49,True,76.6718506846965,0.6954161519752741
6647,Janet Larson,F,44,Asia,2020-09-04,Silver,40,False,95.0096018908111,0.4326042399381276
6648,Margaret Knight,M,46,Asia,2023-02-21,Bronze,10,False,66.64452247754751,0.6091100056766895
6649,Gloria Odom,M,31,EU,2020-08-17,Bronze,41,False,77.62579222843327,0.5235005474805928
6650,Casey Foster,M,38,Asia,2021-06-26,Silver,30,False,143.33207947027196,0.4426270158915212
6651,Daryl Olson,M,50,USA,2020-11-24,Bronze,37,True,97.49057688839628,0.6017295463109978
6652,James Raymond,M,32,Asia,2020-02-18,Silver,47,True,85.44723625732888,0.7021951250131893
6653,Denise Flores,M,22,USA,2021-09-21,Gold,27,False,162.6730197178966,0.37638357754205437
6654,Katie Hardin,F,29,USA,2022-11-15,Bronze,13,False,69.63592449363489,0.45160534005818065
6655,Brian Bullock,F,19,USA,2023-12-05,Bronze,0,False,95.99538467658769,0.7200089411587649
6656,Stefanie Simmons,F,36,EU,2021-02-15,Bronze,35,True,86.87480720992252,0.49361438118876155
6657,Randall Johnson,F,43,USA,2021-03-26,Bronze,33,True,125.1706978623765,0.3807999341744874
6658,Brooke Harmon,M,31,USA,2023-12-04,Silver,0,False,145.8159957477098,0.5254814540856164
6659,Debra Baxter,M,18,USA,2020-08-04,Silver,41,False,131.79012975081022,0.5012965323467078
6660,Corey Thornton,M,43,USA,2019-11-12,Gold,50,False,189.50841658987642,0.6583402501047682
6661,Michael Dalton,F,18,EU,2023-11-18,Silver,1,False,130.6907775481421,0.49345143347113063
6662,Evan Nelson,M,18,EU,2021-07-19,Bronze,29,False,126.82884274642264,0.498477586707939
6663,Brenda Perkins,F,31,USA,2020-05-26,Bronze,43,False,93.29506002712597,0.49221959660554543
6664,David Skinner,F,35,Asia,2022-06-18,Bronze,18,False,109.12094708151201,0.5251298570143789
6665,Jessica Lowery,M,37,Asia,2020-11-01,Bronze,38,True,115.79330662545672,0.7274877273313496
6666,Charles Owens,M,32,Asia,2019-11-04,Bronze,50,True,86.78048791556428,0.6087260834016582
6667,Jacqueline Figueroa,F,50,USA,2020-11-25,Bronze,37,True,63.927255959330076,0.3436336309013159
6668,Brittany Davis,F,33,Asia,2019-09-15,Platinum,52,True,271.1575214366753,0.5422357832466812
6669,Michelle King,F,43,USA,2022-05-06,Bronze,20,False,112.7459995562576,0.5518631934375661
6670,Erica Huynh,M,40,USA,2022-09-24,Silver,15,False,99.13539732989695,0.5564917597663073
6671,Leslie Fitzgerald,F,20,USA,2020-12-02,Bronze,37,False,105.05615676791733,0.2780257926280013
6672,Elizabeth Daniels,M,31,Asia,2023-12-02,Bronze,1,False,116.79464648869639,0.5219418377509739
6673,Jeffrey Walters PhD,Other,54,USA,2023-07-02,Bronze,6,False,127.83227157687409,0.41481373064625154
6674,Daniel Young,F,27,USA,2023-07-11,Bronze,5,False,113.55642315253773,0.2753996644180511
6675,Kevin Grant,F,26,USA,2022-11-08,Bronze,13,False,105.85404412809359,0.6813886304200487
6676,Hunter Williamson,M,34,Asia,2019-09-17,Silver,52,True,155.5823981885615,0.45766159878524426
6677,Gerald Moran,F,28,EU,2021-10-21,Silver,26,True,113.76259321771883,0.45990269870099804
6678,Toni Hill,M,25,USA,2020-09-12,Silver,40,False,121.60346508914344,0.6323164836677257
6679,Felicia Gordon,M,28,EU,2019-05-04,Gold,56,True,130.71114020152382,0.6536113673000115
6680,Nancy Moreno,M,47,EU,2021-04-27,Gold,32,True,202.87778634077438,0.46267893807015
6681,Kimberly Kaufman,F,31,EU,2022-03-01,Silver,22,False,163.22163161369434,0.5043962054061968
6682,Jeffrey Leon,F,19,USA,2021-01-28,Bronze,35,True,102.35416576644995,0.3484829078123767
6683,Richard Smith,M,18,Asia,2022-06-10,Platinum,19,False,317.02067262530807,0.35864137442371935
6684,Jennifer Martinez,F,55,USA,2022-04-07,Gold,21,False,230.38663952915766,0.6946711514957851
6685,Carol Torres,M,30,EU,2019-06-16,Silver,55,True,110.18656522651435,0.5068191768040574
6686,Richard Golden,M,37,USA,2023-02-17,Silver,10,False,151.88536275055944,0.6454983835598924
6687,Angela Richards,M,25,USA,2023-07-06,Bronze,5,False,104.93007795089008,0.4752116628792069
6688,Christopher White,F,36,USA,2019-10-28,Silver,50,False,135.9326178192755,0.5630194867805612
6689,Paul Ferguson,F,47,EU,2020-12-01,Gold,37,True,114.97004563361446,0.2384382022199007
6690,Robert Peck,F,26,USA,2022-07-11,Silver,17,False,119.27400773964767,0.6291060493643748
6691,Peter Zhang,F,37,Asia,2020-01-13,Silver,48,False,134.7519785735102,0.4956507865948979
6692,Juan Lopez,M,18,USA,2022-07-13,Bronze,17,False,102.99194456459463,0.42950529661615056
6693,Shirley Lucas,F,53,EU,2022-11-09,Bronze,13,False,100.66914689916148,0.594284189217347
6694,Tracy Mcguire,M,35,Asia,2023-07-03,Silver,6,False,207.69958129719942,0.6490597230523666
6695,Donald Roberts,F,28,EU,2023-06-28,Bronze,6,False,118.87342738157281,0.43913135711423157
6696,Linda French,F,30,Asia,2022-12-02,Silver,13,False,149.3094061421774,0.3205864513626679
6697,Mary Foster,F,27,EU,2023-06-23,Silver,6,False,153.63539553374954,0.7498347583321747
6698,Jill Taylor,M,28,USA,2023-12-01,Bronze,1,False,125.41354281225783,0.4676534368389801
6699,Dennis Guerra,F,18,Asia,2021-11-07,Bronze,26,False,126.18164208679602,0.21214580948322698
6700,Ryan Mccarty,M,32,USA,2021-11-25,Gold,25,True,213.36377602626567,0.4367092917836765
6701,Cory Jones,F,31,EU,2022-10-20,Bronze,14,False,134.666256687302,0.5674416388773762
6702,Maria Smith,M,37,Asia,2023-05-10,Bronze,7,False,82.04008006463538,0.48772226892053766
6703,Benjamin Mclaughlin,M,27,USA,2021-11-02,Silver,26,False,149.13446199111843,0.4806435980912631
6704,Daniel Wood,F,25,USA,2020-07-04,Gold,42,True,326.649613201,0.447216679076879
6705,Manuel Taylor,F,32,EU,2022-09-25,Gold,15,False,228.4113014265411,0.43685089908848107
6706,John Miller,M,18,Asia,2022-02-16,Silver,22,False,145.77103082479294,0.30830983636980325
6707,Janet Smith,F,34,Other,2020-03-08,Bronze,46,False,102.07873447383328,0.3053566121331317
6708,Vincent Huynh,F,18,EU,2022-11-12,Gold,13,False,207.18575001823726,0.5545972547891652
6709,John Johnson,F,44,EU,2023-11-05,Silver,1,False,200.0981676335471,0.6845667457062683
6710,James Mclean,M,39,Other,2021-06-24,Silver,30,False,174.12595198178485,0.45861970422171816
6711,Sandra Brown,F,23,USA,2019-07-23,Bronze,54,True,98.42560652861748,0.7078716857480164
6712,Sheila Myers,M,39,USA,2021-09-20,Bronze,27,False,66.4793916810233,0.6648237053298908
6713,Joseph Ayers,F,34,Asia,2020-11-03,Bronze,38,False,85.466135683026,0.48021815884990804
6714,Kenneth Perez,F,22,Asia,2019-09-01,Bronze,52,True,101.20130840624093,0.5956863588600507
6715,Devon Davis,F,18,Asia,2023-10-14,Bronze,2,False,97.40789820995724,0.5734020252266384
6716,Mary Mathews,F,36,EU,2023-11-19,Platinum,1,False,365.7517385165841,0.4242523326053138
6717,Christine Dillon,M,25,USA,2021-11-24,Bronze,25,True,95.37293927703806,0.1763366079636517
6718,Jason Smith,M,43,EU,2022-09-25,Bronze,15,False,116.77338472418948,0.5208139722547417
6719,Lisa Campbell,M,33,USA,2022-12-16,Bronze,12,False,70.55850829943678,0.6052233510435319
6720,Jeffrey Taylor,M,26,USA,2020-07-09,Silver,42,True,134.26549662132467,0.4169726491350408
6721,Brett Bailey,M,50,Asia,2022-05-05,Gold,20,False,227.78718374778597,0.8010672782685505
6722,Donna Sexton,M,38,USA,2023-11-04,Silver,1,False,212.0185821581893,0.6548691363683027
6723,Christopher Harrison,F,18,Asia,2019-04-06,Gold,57,True,194.31939517535733,0.27911081751840916
6724,Kelly Woods,F,28,EU,2021-11-12,Gold,26,False,233.1516990929535,0.4708095583035368
6725,Thomas Johnson,F,19,EU,2021-08-14,Gold,29,True,253.4458489291903,0.3740253713865592
6726,Christine King,F,25,USA,2021-11-23,Bronze,25,True,119.06403327110715,0.4448942465992183
6727,Marcus Williams,M,31,USA,2022-10-14,Bronze,14,False,114.96546723654521,0.5981320380665639
6728,Jeffrey Jones,M,36,USA,2019-02-06,Bronze,59,True,92.92080251410457,0.46223790355291466
6729,Gerald Hunt,F,35,Other,2022-06-05,Bronze,19,False,130.38959373161939,0.4144514181711847
6730,Zachary Huff,F,43,Asia,2022-10-02,Silver,15,False,110.45899338407878,0.514112964053659
6731,Luis Lopez V,F,39,EU,2023-12-03,Bronze,0,False,74.66125519146568,0.6139670819266203
6732,Stephen Mitchell,M,38,USA,2023-08-09,Silver,4,False,206.02187912801244,0.6124723799184737
6733,Eric Ingram,M,35,Other,2022-05-07,Bronze,20,False,107.232397982212,0.5923002775700792
6734,Jon Robinson,F,45,USA,2020-06-26,Bronze,42,False,75.24040052995052,0.7055301411375519
6735,Richard Flynn,F,29,USA,2020-04-12,Bronze,45,True,71.32784190943767,0.4864271384681105
6736,Jasmine Scott,F,30,EU,2020-03-18,Gold,46,True,140.96855375000825,0.4458185523876915
6737,Yolanda Martin,F,18,Other,2022-09-28,Silver,15,False,211.0306936021861,0.4766825758255243
6738,Patricia Wood,F,43,USA,2019-09-13,Platinum,52,True,295.1253004878549,0.3785900628152934
6739,Ryan Taylor,F,32,USA,2020-07-01,Gold,42,True,179.30778570376583,0.3750910147434493
6740,Amanda Watts,F,62,Other,2023-09-01,Bronze,4,False,132.57564899615704,0.6108212020795797
6741,Jose Gross,F,28,USA,2021-09-01,Bronze,28,True,105.02552673262565,0.6245906873022691
6742,Matthew Krause,F,33,USA,2021-05-22,Silver,31,False,140.17720618778276,0.10311771471388986
6743,Gerald Mason,F,38,EU,2022-12-21,Silver,12,False,181.82619621027857,0.641035542640247
6744,Stephen Olson,F,21,Asia,2021-09-07,Bronze,28,True,111.95416576160709,0.4383066942086922
6745,Carrie Myers,M,36,EU,2022-10-28,Bronze,14,False,112.009152902652,0.40514651454665745
6746,Frank Lawrence,F,33,Other,2021-04-21,Silver,32,True,141.89346767212373,0.45095619005619014
6747,Robert Perkins,F,29,EU,2019-12-09,Bronze,49,False,82.09314249947248,0.3106781232738594
6748,Joseph Green,M,44,USA,2019-11-01,Gold,50,True,159.581238294458,0.47479354133829066
6749,Eric Mathis,F,23,Other,2019-11-15,Silver,50,False,153.08728001926363,0.7872363423233049
6750,Nancy Carter,M,35,EU,2019-09-25,Bronze,51,True,100.15053777892314,0.26784643292467697
6751,Tyler Mills,F,47,USA,2020-03-12,Bronze,46,True,109.65616761217672,0.5927510698870936
6752,Jim Foster,F,25,EU,2023-11-04,Silver,1,False,137.25540734461802,0.6461910757416699
6753,Joshua Hayes,M,30,USA,2019-11-10,Silver,50,True,188.40920189509583,0.587293739452712
6754,Savannah Johns,M,56,USA,2020-11-23,Silver,37,True,110.23370388375898,0.7300595580240967
6755,Jason Mcdonald,F,37,USA,2022-04-18,Silver,20,False,162.54146488979796,0.6472403388450236
6756,Jasmine Hall,F,27,EU,2021-09-19,Silver,27,False,122.71556436528292,0.6006421980942335
6757,Rhonda Oconnell,M,41,Asia,2021-01-20,Bronze,35,False,95.13658803477647,0.6557075127354481
6758,Matthew Khan,F,27,EU,2020-07-05,Gold,42,False,163.1705497298088,0.6487824743674122
6759,Jake Holmes,F,18,Other,2021-07-28,Bronze,29,False,92.64724452359337,0.44764702546510354
6760,Amanda Brown,F,46,USA,2019-08-02,Bronze,53,True,78.59418883901836,0.5946754731105913
6761,Tim Jackson,M,21,USA,2021-04-07,Bronze,33,True,79.98334169032785,0.45906015696776764
6762,Alexandra Holmes,F,57,USA,2019-11-06,Bronze,50,True,119.2752861453292,0.2998868466426673
6763,Michael Santos,M,28,USA,2019-08-16,Bronze,53,False,72.21138814156177,0.7755063256633214
6764,Janice Roberts,F,54,USA,2021-11-15,Silver,25,True,169.49873580810632,0.41698844462544704
6765,Jason Khan,F,19,Asia,2020-12-09,Bronze,37,False,117.03661115524588,0.6643204605560347
6766,Steven Perez,M,43,Other,2022-06-07,Gold,19,False,229.21656894429637,0.580210238456096
6767,Derek Coleman,F,37,Other,2020-02-10,Silver,47,True,149.20111140610933,0.3656143147840253
6768,Christine Sanders,M,41,USA,2023-12-26,Bronze,0,False,78.15831467424672,0.3836232552446338
6769,Mary Johnson,F,42,Asia,2023-08-02,Bronze,5,False,69.09563385172291,0.5596006829621013
6770,Michael Clay,F,28,USA,2019-05-03,Bronze,56,False,76.39850387377666,0.559917458842662
6771,Timothy White,F,19,USA,2019-10-19,Bronze,51,True,76.52358623483323,0.4435733713500494
6772,Jason Mathews,F,32,Asia,2020-08-24,Bronze,40,True,105.5000177664912,0.2627176756199677
6773,Maria Parsons,F,35,EU,2020-03-24,Bronze,45,True,71.68935038114594,0.6204803923205843
6774,Patricia Hayes,F,28,USA,2019-01-03,Bronze,60,False,95.86543066426957,0.0612415148554884
6775,Jessica Robinson,F,35,EU,2022-11-08,Bronze,13,False,100.80339746768972,0.5522205542095738
6776,Megan Stokes,M,36,USA,2022-12-05,Bronze,13,False,93.93871156091015,0.6699249598391973
6777,John Harris,F,23,Asia,2023-09-27,Gold,3,False,189.17850974183372,0.2226135500715244
6778,Eric Li,F,36,EU,2022-02-20,Bronze,22,False,125.52738120265768,0.5239962293616103
6779,Melissa Oneill,M,30,Other,2021-07-12,Silver,30,True,164.99135251037893,0.44243159183607667
6780,Karen Ross,M,26,USA,2019-08-11,Bronze,53,False,114.06086027356051,0.5292453744084737
6781,Emily Gamble,M,40,USA,2020-07-04,Bronze,42,False,92.56776411840315,0.6466832779476812
6782,Alex Lambert,M,25,EU,2019-11-04,Silver,50,False,173.53579713317964,0.29803681293298456
6783,Charles Poole,M,28,EU,2021-09-01,Bronze,28,True,106.07405177631483,0.46650384136569784
6784,Amy Wong,F,33,USA,2022-12-27,Bronze,12,False,104.20353383040346,0.47532790311997547
6785,Pamela Hubbard,F,46,Asia,2019-07-07,Silver,54,True,138.25905759914633,0.20768944139175954
6786,Jennifer Cummings,F,34,Asia,2021-01-27,Bronze,35,True,104.73592276914576,0.5860401457387918
6787,James Lopez,M,38,Other,2022-08-26,Bronze,16,False,142.1661615435251,0.7442884241262042
6788,Benjamin Hines,F,30,Asia,2023-02-26,Bronze,10,False,112.07132954802789,0.6005879833211196
6789,Tonya Kemp,F,32,Asia,2023-06-20,Bronze,6,False,134.18223461353148,0.5194777156216313
6790,Corey Pacheco,F,32,EU,2023-05-02,Bronze,8,False,62.2610825874919,0.6328892063866094
6791,Pamela Hicks,F,35,Asia,2021-02-01,Platinum,35,True,304.33805467128275,0.41075446950393746
6792,Megan Knight,M,30,USA,2021-03-19,Silver,33,True,174.62917048105655,0.36777715880626805
6793,Caitlin Wilson,F,46,USA,2020-08-17,Silver,41,True,161.60038926399,0.5770461593485342
6794,Michael Church,F,29,USA,2020-10-11,Silver,39,True,165.450602080726,0.5343408720773397
6795,Patricia Hall,M,18,EU,2023-07-05,Silver,6,False,138.33760399816143,0.5470837278638847
6796,Omar Weeks,M,60,USA,2019-08-06,Silver,53,False,186.33898111900896,0.3711694213845493
6797,Samantha Parker,M,29,Other,2022-07-27,Silver,17,False,101.97683408030599,0.2742515689280686
6798,Jared Carter,M,46,USA,2020-05-22,Bronze,43,True,97.00812921756814,0.34412896760040546
6799,Mitchell Garza,M,47,USA,2022-01-06,Bronze,24,False,102.48397599385315,0.3720823187577593
6800,Mary Compton,F,42,EU,2019-06-23,Gold,55,False,177.08761850658112,0.19382668935161035
6801,Ray Rosario,F,31,USA,2023-12-17,Gold,0,False,201.11748725253685,0.571276790809258
6802,William Guzman,F,35,USA,2022-01-20,Bronze,23,False,60.705019572723366,0.3065984782517398
6803,Douglas Hampton,F,20,USA,2023-03-10,Silver,9,False,111.10815614895327,0.29830824190211547
6804,Jennifer Johnson,F,52,EU,2022-02-10,Silver,23,False,188.10717715108476,0.4607117476759792
6805,Christopher Jensen,F,24,EU,2019-08-09,Bronze,53,True,104.86822790396839,0.36408838392554077
6806,Jessica Smith,F,30,Asia,2020-11-26,Gold,37,False,184.8479804966468,0.26332798862349693
6807,Lawrence Martin,M,33,Asia,2021-12-28,Silver,24,False,179.39272355875133,0.27990863590641546
6808,Mrs. Susan Newton MD,F,31,EU,2023-11-18,Silver,1,False,191.61554070190928,0.5803317978116838
6809,Robin Terry,F,26,USA,2020-05-13,Bronze,44,True,136.19457298684137,0.44953651017238483
6810,Melissa Short,M,46,USA,2022-11-08,Bronze,13,False,62.26082853673526,0.27295779768823436
6811,Nathaniel Rodriguez,F,42,Asia,2020-11-11,Bronze,38,True,127.6573895846046,0.7183910875701494
6812,Scott Smith,F,36,USA,2021-02-07,Bronze,35,True,76.78068606420851,0.3933071551151698
6813,Tiffany Nelson,F,29,USA,2023-09-07,Bronze,3,False,106.03310008818738,0.5794770073544602
6814,Brian Ware,M,43,Asia,2023-06-03,Gold,7,False,224.4531351303684,0.48378767070579903
6815,Sharon Blake,F,28,EU,2020-04-16,Silver,45,True,198.26634424877554,0.5146860390787145
6816,Ashley Santos,M,48,USA,2019-02-13,Bronze,59,True,109.38576370374149,0.5031093407510715
6817,Raymond Mccall,M,34,USA,2022-01-18,Bronze,23,False,105.57978181298614,0.2931782183732873
6818,Stephanie Valdez,M,45,Other,2020-11-18,Silver,37,True,124.866148674173,0.8366112736205543
6819,Aaron Ayers,F,31,Asia,2019-06-12,Bronze,55,True,66.24688656792686,0.38591851483935713
6820,Ashley Brown,F,33,Asia,2023-11-13,Platinum,1,False,248.16669225745719,0.6238098495198462
6821,Brittney Mccoy,M,45,EU,2022-06-03,Silver,19,False,192.19801762122978,0.3813908534580871
6822,Shawn Harris,F,54,EU,2023-11-03,Gold,1,False,201.31246945500996,0.33417565763183754
6823,Kimberly Holmes,M,48,Other,2021-08-26,Bronze,28,True,133.22499927943252,0.705388274346253
6824,Tonya Jones,M,41,Other,2019-10-02,Silver,51,True,128.47717204514856,0.7335100718530604
6825,Chris Martin,F,38,USA,2021-10-07,Bronze,27,False,115.70750482248937,0.5680515468406333
6826,Krista Curtis,M,27,Asia,2021-11-02,Silver,26,True,155.03291933795813,0.6210610700551777
6827,Sandra Kirby,F,35,USA,2021-11-06,Bronze,26,True,125.90515610746107,0.31188173577299894
6828,Travis Guerrero,M,23,USA,2019-12-13,Silver,49,False,143.3004737955448,0.5989147500173243
6829,Charles Romero,M,36,EU,2022-04-11,Bronze,21,False,97.44996642421222,0.5973509902313916
6830,Gina Cunningham,F,37,EU,2023-11-05,Bronze,1,False,124.34236339714047,0.5657804627096765
6831,Julie Hill,F,18,Other,2022-11-07,Bronze,14,False,58.20746212793827,0.7469929099104985
6832,Joshua Henderson,M,33,USA,2022-10-11,Bronze,14,False,97.1372972537421,0.15795610938682614
6833,Ashley Greene,F,37,EU,2022-09-27,Silver,15,False,100.16774148753512,0.4731199746783801
6834,Shannon Jackson,F,32,Other,2023-11-07,Platinum,1,False,298.2323291981944,0.722316914832505
6835,James Smith,F,36,Other,2023-10-08,Silver,2,False,137.3880621780251,0.33314263395811394
6836,Casey Smith,M,19,USA,2019-06-04,Bronze,55,True,112.04498731867113,0.5974280356769186
6837,Joy Reid,F,25,USA,2020-07-10,Bronze,42,True,109.32439643516167,0.4271249431989591
6838,Wendy Fisher,F,43,EU,2023-10-21,Bronze,2,False,94.28796254144203,0.513266271309194
6839,Sonya Ramirez,M,33,USA,2023-05-26,Bronze,7,False,80.76537919443376,0.3413939895336472
6840,Robert James,F,36,Other,2020-02-20,Platinum,47,True,304.6997950151802,0.8394365005373021
6841,Maria Cook,F,27,Other,2023-03-15,Bronze,9,False,126.10088335969024,0.32792603338001014
6842,Samantha Washington,F,33,USA,2022-05-23,Gold,19,False,160.78887956389713,0.48047319240191755
6843,Christopher Fitzgerald,F,18,USA,2023-03-15,Silver,9,False,104.90238875726394,0.46108840112593696
6844,Matthew Barrett,F,41,USA,2019-11-19,Silver,50,True,94.70458037958996,0.6611494974786537
6845,Matthew Brooks,F,51,Other,2023-11-10,Gold,1,False,138.6142831225185,0.5104568679258672
6846,Albert Davis,F,22,USA,2020-09-02,Bronze,40,True,99.854898927599,0.26350127161588077
6847,Tina Ellis,F,23,EU,2022-05-16,Bronze,19,False,71.89187471039915,0.40349590107640476
6848,Clayton Blankenship,F,37,EU,2020-09-20,Gold,39,False,185.001778913728,0.17567092604238804
6849,Jennifer Velasquez,M,47,EU,2023-02-05,Silver,11,False,163.84907890522337,0.5109215964587414
6850,Danielle Bennett,M,32,USA,2023-08-27,Bronze,4,False,57.42875225914776,0.7671541998329157
6851,April Hull,F,20,USA,2019-02-17,Bronze,59,False,119.73645195682884,0.4701113427078359
6852,James Anderson,M,30,Other,2022-04-03,Silver,21,False,192.82345153437484,0.5510021790155499
6853,Melissa Williams,F,22,Other,2023-07-08,Bronze,5,False,137.29172611106284,0.665328828775382
6854,Michael Coleman,F,26,Asia,2019-06-11,Gold,55,True,258.962242191242,0.3963899349945936
6855,Angela Patel,F,29,USA,2019-12-05,Bronze,49,False,148.25405037246355,0.6649609572052307
6856,Jacob David,Other,23,USA,2020-11-17,Silver,38,True,156.90161487298235,0.7868581602756654
6857,Tricia Russo,F,25,EU,2022-01-04,Silver,24,False,174.1801122449768,0.23380640249718998
6858,Denise Wiley,M,33,USA,2021-04-24,Silver,32,False,142.46467024781327,0.6705454800290284
6859,Bridget Bell,F,35,Other,2019-10-08,Bronze,51,True,113.25578073066106,0.277608541569493
6860,Jodi Jimenez,M,18,EU,2021-09-02,Gold,28,False,205.49918383795756,0.3837855910884703
6861,Destiny Joseph,M,36,USA,2020-02-16,Silver,47,False,100.1101407590447,0.6697123852663532
6862,Zachary Yu,M,29,Other,2019-07-09,Silver,54,False,104.87154046359785,0.548324541012824
6863,Andrew Powell,M,40,Other,2022-08-26,Bronze,16,False,136.17981573247994,0.43117947337418416
6864,Reginald Cordova,M,40,USA,2021-11-17,Bronze,25,True,103.10286949306115,0.8350518658030421
6865,Kevin Anderson,M,27,EU,2022-09-10,Bronze,15,False,128.40653897866673,0.45052753330232165
6866,Latasha Washington,F,39,USA,2021-11-24,Bronze,25,True,88.66445585209297,0.6644558239934444
6867,Stacy Stein,F,24,USA,2020-01-24,Silver,47,True,123.22614707196425,0.4541732235272804
6868,Anthony Scott,M,46,USA,2019-12-13,Bronze,49,True,98.28364478240611,0.5686732373103156
6869,Jasmine Martin,M,25,EU,2019-08-22,Silver,53,True,173.55546126241222,0.5738012513033646
6870,Manuel Smith,F,36,Other,2020-12-17,Bronze,37,True,127.84169721807436,0.5120506323721421
6871,Benjamin Chavez,F,31,EU,2023-12-12,Bronze,0,False,103.72450297772231,0.2872100838215925
6872,Lauren Thompson,F,22,USA,2021-12-09,Gold,25,True,226.14617061867455,0.5415593507600924
6873,Jamie Galloway,M,42,EU,2021-06-15,Gold,31,False,194.2539932143541,0.4130724642244953
6874,Theresa Sandoval,F,26,USA,2023-11-10,Gold,1,False,258.2329330637822,0.43132084744409505
6875,Thomas Morrison,F,18,Asia,2020-09-19,Gold,39,True,258.84115280539606,0.5890076682602438
6876,Kimberly Lewis,F,18,EU,2022-08-17,Silver,16,False,126.44255978437366,0.5786763336226138
6877,Morgan Grimes,M,24,USA,2022-12-07,Gold,13,False,215.32303008059654,0.3866263158699385
6878,Jose Mckinney,M,46,USA,2020-03-14,Silver,46,True,120.13270700407833,0.5326271132899758
6879,Cody Hendricks,M,45,Asia,2022-10-13,Platinum,14,False,348.97617555693836,0.5030520974040885
6880,Eric Wright,M,25,USA,2020-11-26,Bronze,37,False,92.11280143560646,0.37072908178681285
6881,Amber Meza,F,29,Asia,2021-02-21,Gold,34,True,168.108863846546,0.3799706875239057
6882,Stephanie Li,F,28,USA,2021-12-02,Silver,25,True,88.79970536861876,0.3823629752794695
6883,Curtis Rice,F,19,USA,2023-06-16,Bronze,6,False,121.66000976839833,0.49834991803274314
6884,Phillip Miller,F,23,EU,2020-11-17,Bronze,38,True,103.85619295192608,0.4543720908325054
6885,Jennifer Johnson DVM,F,42,Other,2022-10-06,Gold,15,False,210.04298250432532,0.5313953454820695
6886,Anthony Werner,M,38,Other,2020-10-01,Silver,39,True,174.95428220027637,0.36805255295407713
6887,Tara Thomas,F,35,USA,2019-12-06,Platinum,49,True,254.29007396516855,0.47403076703803937
6888,Nicole Jones,F,19,USA,2023-02-01,Bronze,11,False,81.63588920984355,0.48534647215437576
6889,Natalie Stanley,M,34,USA,2019-10-23,Bronze,51,True,110.98617692289918,0.5489461752518685
6890,Shelby Simon,M,18,EU,2023-10-23,Bronze,2,False,123.16231895440924,0.7204677130559971
6891,Claudia Wilson,F,41,EU,2023-11-10,Silver,1,False,165.96340539305766,0.6611441632957211
6892,Robert Simpson,F,35,Other,2023-10-20,Silver,2,False,198.0831770305719,0.48883327819417305
6893,Mark Stephens,M,19,Other,2019-10-23,Silver,51,True,166.93179422933443,0.2607819874680437
6894,Kevin Fernandez,F,49,USA,2023-03-24,Bronze,9,False,110.19707244355263,0.42305076544190384
6895,Sandra Reyes,F,18,EU,2020-02-08,Bronze,47,True,116.44449185672262,0.6381468800025809
6896,Richard Case,F,38,Asia,2020-09-28,Bronze,39,True,95.36133745672791,0.49171936326821364
6897,Terry Rivera,M,38,Asia,2019-11-28,Gold,49,True,150.3006075673494,0.31135526459065677
6898,Mariah Brown,M,20,USA,2021-12-16,Bronze,24,False,100.38020334958767,0.4691667080672636
6899,George Hall,F,32,USA,2021-11-12,Bronze,26,True,114.2769770870616,0.42938389918839653
6900,Kari Simmons,F,18,EU,2019-10-19,Bronze,51,True,82.81049251753748,0.6891212470187088
6901,Rebecca Dean,M,18,USA,2023-05-14,Gold,7,False,143.75741684348168,0.41263345047260425
6902,Taylor Morales,M,22,USA,2023-03-08,Bronze,9,False,85.48017455590335,0.5621359483004941
6903,Laura Davila,M,26,USA,2023-11-19,Bronze,1,False,126.70700585275618,0.6032403232092562
6904,Tammy Werner,M,39,EU,2019-05-27,Silver,56,False,164.86951019845372,0.314208866690566
6905,William Wood,F,33,USA,2023-11-15,Platinum,1,False,292.4410715082759,0.3883001045166635
6906,Sherry Miller,F,33,USA,2020-03-05,Silver,46,True,120.96914046794407,0.4359581981603288
6907,Danielle Mcconnell,M,22,USA,2023-07-17,Bronze,5,False,105.50601324679961,0.5206614938651698
6908,Jason Garcia,M,27,Asia,2019-11-28,Silver,49,False,155.55480567880159,0.41077082985580715
6909,Laura Spence,F,23,Asia,2023-11-23,Platinum,1,False,327.37534180402133,0.29365780414130227
6910,Phillip Herman,M,20,EU,2020-07-14,Silver,42,True,225.1248180400881,0.3489180761524584
6911,Patricia Atkinson,F,27,EU,2019-05-15,Bronze,56,True,109.87740634338911,0.6410134694971149
6912,David Ayers,F,33,Other,2021-07-26,Bronze,29,True,86.11851689700968,0.8108147638542642
6913,Bryan Martin II,F,27,USA,2019-07-08,Platinum,54,False,216.89528366343967,0.5458073207640484
6914,Cory Guerrero,M,29,USA,2022-11-04,Silver,14,False,133.21401143967032,0.6618072613044439
6915,Jared Smith,M,39,USA,2021-12-07,Silver,25,True,136.2927519573053,0.5530929977472209
6916,Jon Day Jr.,M,27,USA,2021-07-07,Bronze,30,True,116.5755721087591,0.6047608383530759
6917,Hannah Perez MD,M,19,USA,2019-01-22,Silver,60,False,131.45537548940845,0.6111054050831378
6918,Mary Church,M,38,Other,2022-05-05,Bronze,20,False,80.16257046626279,0.6016690791337265
6919,Gavin Howell,F,35,EU,2021-03-10,Bronze,34,True,110.76083477226592,0.5533135160928355
6920,Linda Jones,F,36,EU,2023-05-20,Gold,7,False,175.24362369512392,0.521375456413033
6921,John Clark,F,39,Other,2022-09-05,Bronze,16,False,111.53117082186321,0.43913981623733955
6922,Edward White,M,37,USA,2022-12-23,Bronze,12,False,83.0796360119484,0.5788313125999722
6923,Zachary Hill,F,33,USA,2019-09-24,Gold,52,True,181.1226062367201,0.5465578784545694
6924,Joshua Smith,F,56,EU,2019-11-04,Bronze,50,True,88.36086793668551,0.3639116501540129
6925,Jeffrey Wallace,M,20,EU,2019-12-21,Silver,49,True,162.3396639318508,0.6782921097449854
6926,Jennifer Anderson,F,27,USA,2022-05-11,Silver,20,False,145.682244901042,0.6487387625858525
6927,William Leblanc,M,42,EU,2020-03-06,Gold,46,True,151.132514150597,0.5289932419541444
6928,Melissa Ruiz,M,34,EU,2019-05-15,Gold,56,True,147.78628145051164,0.6766761078662198
6929,Richard Franklin,M,40,EU,2020-11-11,Silver,38,True,140.5215975086241,0.6091141652449584
6930,Lori Madden,F,34,EU,2021-11-25,Bronze,25,True,71.69120227437143,0.4339809108268081
6931,Sarah Proctor,F,46,USA,2023-09-26,Bronze,3,False,91.71575913288234,0.22772959081734262
6932,Michael Woodward,M,22,USA,2023-11-22,Gold,1,False,210.2553703354054,0.22265312326756337
6933,Joshua Reed,M,46,EU,2020-05-07,Bronze,44,False,76.35055963376307,0.6893501047338001
6934,James Bonilla,M,44,USA,2022-05-24,Silver,19,False,175.45256627833604,0.4957582555078255
6935,Robert Grant,M,20,Other,2023-12-19,Bronze,0,False,127.67183733556828,0.44444378038323185
6936,Aaron Reed,M,39,EU,2020-01-05,Bronze,48,False,121.66965608466315,0.40106738794139896
6937,Monica Morton,M,32,USA,2019-05-04,Bronze,56,True,113.3762694887166,0.5095450451167938
6938,Russell Green,M,26,Asia,2020-09-01,Bronze,40,False,108.43667890664187,0.6372018175568577
6939,Lisa Caldwell,F,18,EU,2021-11-16,Platinum,25,False,314.3928074774095,0.378151624739096
6940,Melvin Weeks,F,22,USA,2020-06-12,Gold,43,False,214.79732292900115,0.5141978531571658
6941,John Kennedy,F,40,Asia,2019-11-20,Silver,50,False,131.85065896427778,0.8987084589818617
6942,Adam Sanchez,M,41,Asia,2020-11-18,Silver,37,True,149.24738642838645,0.7722480868043621
6943,Alexandria Collins,M,30,EU,2019-11-20,Silver,50,True,154.45812594382033,0.1652216823076726
6944,Autumn Hill,M,41,USA,2019-11-02,Gold,50,True,225.6420162925631,0.22779682042146004
6945,Philip Munoz,M,42,EU,2021-10-13,Gold,27,True,136.39669867917948,0.7708893464302211
6946,Kimberly Thompson,M,34,Asia,2021-11-12,Bronze,26,False,104.22017006942447,0.634392945728285
6947,Allison Clark,F,25,USA,2023-07-04,Bronze,6,False,121.23903326520032,0.507714200580775
6948,Randy Wang,F,37,USA,2019-09-04,Silver,52,False,131.92461082280755,0.579269955401707
6949,Amanda Palmer,M,37,Asia,2019-12-13,Platinum,49,True,293.4326028501969,0.45254108743686744
6950,Kimberly Ross,M,39,USA,2019-11-27,Silver,49,False,94.09542116084337,0.40012660586337545
6951,Lori Steele,F,41,Asia,2023-10-03,Gold,3,False,202.6552066178069,0.6095554205286561
6952,Jeremy Fernandez,M,19,EU,2022-10-21,Gold,14,False,140.4535044432388,0.4854614528938225
6953,Frank Franklin,F,27,EU,2021-03-25,Silver,33,False,133.39931076531514,0.629679818238362
6954,Wesley Reyes,F,18,USA,2021-11-17,Gold,25,True,198.046240856561,0.41769715948555286
6955,Michelle Clark,F,40,Asia,2019-11-07,Bronze,50,True,87.8636397454024,0.6069287826736621
6956,David Le,M,30,USA,2023-10-26,Bronze,2,False,96.71958884874725,0.5467993512453577
6957,Anthony Lee,M,37,EU,2019-04-13,Silver,57,True,161.19895412593087,0.2998062666164646
6958,Mrs. Sarah Gordon,M,18,EU,2021-08-15,Bronze,28,True,99.23230040716429,0.7211454028978048
6959,Amy Mack,F,47,Asia,2023-06-14,Bronze,6,False,102.82495824733564,0.28882894972530304
6960,Andrew Cortez,F,21,Other,2020-06-16,Silver,43,True,93.9089989912103,0.699646332931863
6961,Karen Novak,F,40,EU,2021-11-17,Bronze,25,True,96.8469685325634,0.5682380216818947
6962,Amanda Shelton,F,34,USA,2020-11-26,Gold,37,False,111.18957912854894,0.5960994383784889
6963,Michael Davis,F,31,Other,2022-09-16,Platinum,15,False,276.2463381103892,0.42605857346919473
6964,Samantha Soto,F,30,EU,2020-11-28,Silver,37,True,205.23549473364943,0.4446610633976026
6965,Sharon Miller,F,26,USA,2023-10-16,Silver,2,False,178.09451331961355,0.5005764683943824
6966,Scott Thomas,F,45,USA,2020-11-28,Silver,37,True,107.17220315250512,0.30666556997041694
6967,Brett Rogers,F,33,Asia,2022-12-01,Bronze,13,False,89.13707797607022,0.586283367751207
6968,George Williams,M,20,USA,2021-08-14,Bronze,29,True,96.48064849889995,0.4462341290509886
6969,James Lopez,F,29,EU,2022-12-02,Silver,13,False,165.19462427418583,0.1820188061269591
6970,Kirk Powell,M,34,EU,2023-05-26,Silver,7,False,175.51791932923558,0.7831041355243964
6971,Jesse Sutton,M,41,USA,2020-12-22,Bronze,36,True,132.58790023551012,0.5397678008129977
6972,Bridget Edwards DDS,F,26,EU,2020-11-27,Gold,37,False,161.82154807329567,0.5488301099927486
6973,Adam Woods,F,27,USA,2023-04-09,Silver,8,False,156.53949292954786,0.3963475571219902
6974,Michael Phillips,F,33,EU,2019-07-19,Bronze,54,False,64.73619494011177,0.5498501049807905
6975,Tina Brown,M,41,EU,2023-11-05,Silver,1,False,162.29400424326218,0.6103615120206854
6976,Stephanie Barton,F,19,EU,2023-04-24,Bronze,8,False,109.85325722901298,0.28190409869785227
6977,Stephanie Miller,M,38,Asia,2022-11-10,Bronze,13,False,100.40098603585864,0.5905414720565852
6978,Donna Reese,F,28,Asia,2022-11-06,Gold,14,False,226.1429629695141,0.3410996896393598
6979,Laura Daniel,M,29,Asia,2023-06-03,Gold,7,False,165.55303200246453,0.307038551954137
6980,Jennifer Sparks,F,53,USA,2021-06-02,Bronze,31,True,73.60925832422163,0.36792586855256987
6981,Yolanda Anderson,F,31,USA,2020-10-19,Gold,38,True,161.97211113088417,0.815090331441198
6982,David Warner,M,40,EU,2023-06-06,Bronze,6,False,107.40059207241123,0.617504647536238
6983,Tammy Cox,F,40,Other,2019-03-21,Bronze,58,True,126.21052626769256,0.49735060292627176
6984,Brenda Cruz,F,21,Asia,2020-11-24,Bronze,37,True,82.82998194046372,0.7553512041448591
6985,Elizabeth Anderson,M,18,Asia,2021-05-10,Bronze,32,True,86.33183420101437,0.3616111215716101
6986,Mr. Jerry Robinson,M,41,USA,2023-11-18,Bronze,1,False,102.30530512464608,0.34599429752803434
6987,James Rivera,M,22,EU,2021-02-14,Gold,35,True,337.84850755815955,0.3625336899398169
6988,Jennifer Williams,M,18,EU,2020-01-28,Bronze,47,False,91.0469248312408,0.7816955844993616
6989,Jeffrey Smith,F,43,USA,2019-01-02,Bronze,60,True,119.28095635274157,0.6302941777299164
6990,Nicholas Eaton,F,22,USA,2020-06-04,Silver,43,False,144.64408705976868,0.377636576566771
6991,Mark Adams,M,25,Other,2020-01-15,Bronze,48,False,89.19333637551624,0.3962437784120828
6992,Joshua Martinez,M,52,USA,2023-03-25,Silver,9,False,110.11877037672917,0.5424730460210326
6993,Laurie Vargas,F,18,USA,2020-12-21,Bronze,36,True,93.9209664178959,0.3299565577762169
6994,Amy Yang DDS,M,20,USA,2023-12-23,Bronze,0,False,116.98542713765332,0.47328629284921203
6995,Chad Franklin,M,28,Other,2023-11-23,Silver,1,False,123.90450329137904,0.3510205371554926
6996,Michael Saunders,M,30,EU,2021-10-06,Bronze,27,True,101.92688874503031,0.48964366477100474
6997,Jacob Mcdonald,F,24,EU,2019-12-28,Bronze,48,False,82.92481045978965,0.6223346754070033
6998,Crystal Rodriguez,F,21,Other,2023-05-06,Bronze,8,False,91.64729311144228,0.7614404288596528
6999,Chelsea Long,F,48,USA,2022-04-09,Bronze,21,False,69.71131337988601,0.2652057695192469
7000,Mitchell Jordan,M,35,EU,2021-11-20,Silver,25,True,219.54722518763583,0.5899945209553384
7001,Walter Bailey,F,38,USA,2023-05-18,Bronze,7,False,106.12873012583123,0.6016706611077446
7002,Katherine Phillips,F,31,USA,2023-09-23,Silver,3,False,140.2068697514307,0.4652464795814614
7003,Robert Jarvis,F,35,Asia,2021-11-22,Silver,25,True,188.72286967088624,0.411111254720741
7004,Breanna Flores,M,42,Asia,2020-11-04,Bronze,38,True,98.19027867316508,0.4109389982677874
7005,Tonya Campbell,F,23,USA,2023-03-01,Gold,10,False,218.36497490699261,0.22204802971180942
7006,Gary Palmer,F,35,USA,2019-02-04,Platinum,59,True,393.7496097070019,0.6168422931295888
7007,Alan Hoffman,M,39,EU,2023-11-22,Silver,1,False,194.21142270594368,0.38534884145237225
7008,Linda Bailey,M,48,USA,2021-11-27,Bronze,25,True,77.12869776397135,0.2496906539835398
7009,Daniel Mercado,F,52,USA,2022-10-03,Bronze,15,False,100.25392557497166,0.5484259100368792
7010,Pamela Sanders,F,33,USA,2021-11-13,Bronze,25,False,125.54161984600819,0.5470208885186202
7011,Sean Harper,F,44,USA,2021-11-15,Bronze,25,True,78.37318770875662,0.6270459211576647
7012,Brittany Snyder,F,18,Asia,2019-10-01,Bronze,51,True,94.8442881260727,0.7726228499078631
7013,Ethan Russell Jr.,F,48,USA,2020-05-28,Silver,43,True,141.1719661094774,0.5060352311384562
7014,Jennifer Cochran,M,25,USA,2019-10-16,Bronze,51,False,110.02188943209565,0.45509916837876374
7015,Emily Henderson,M,30,EU,2019-12-02,Platinum,49,True,348.15128755633896,0.4413933769936632
7016,Edward Shields,F,37,Asia,2023-11-06,Bronze,1,False,123.00129078452986,0.4558539237227962
7017,Javier Dorsey,M,31,USA,2022-09-01,Silver,16,False,152.4796264266,0.3893351019413066
7018,Craig Marsh,M,34,USA,2021-05-22,Gold,31,True,158.36983638057546,0.43491220159119987
7019,Jonathan Johnson,F,48,USA,2019-12-17,Bronze,49,True,92.90800933547987,0.39178976284973027
7020,Cristian Smith,F,29,Asia,2019-11-17,Gold,50,True,157.689171843385,0.3441786806625139
7021,Michael Walters,M,22,EU,2020-08-22,Bronze,40,True,86.35772976629282,0.7605068298743722
7022,Jonathan Davis,M,51,Asia,2020-03-01,Platinum,46,True,342.53647082584433,0.7078398447569799
7023,Gregory Alexander,M,38,Other,2022-06-16,Platinum,18,False,213.89662390629894,0.22056765427807634
7024,Carl Scott,M,52,Asia,2021-08-28,Bronze,28,True,88.94420216871274,0.5476781503432698
7025,David Nguyen,F,41,EU,2019-11-09,Gold,50,True,235.63178252967455,0.49025722832226926
7026,Derek Mckinney,M,19,EU,2023-06-02,Bronze,7,False,113.6907904935552,0.5217391919214572
7027,Monique Diaz,F,39,USA,2020-11-25,Bronze,37,True,83.95350248930619,0.2823529066676175
7028,Robert Benson,F,23,Other,2019-03-21,Bronze,58,True,82.00336606493559,0.22289211458077435
7029,Mrs. Amy Sharp,F,33,USA,2023-11-05,Bronze,1,False,131.50855719999663,0.49172891343134706
7030,Timothy Miller,M,32,USA,2019-08-26,Silver,52,True,161.24367143588734,0.4445369847292668
7031,Kelly Johnston,F,18,EU,2022-04-08,Bronze,21,False,83.74218149319964,0.41758899834580376
7032,Vincent Zuniga,M,24,USA,2022-12-01,Silver,13,False,148.76748688301004,0.4689680060904396
7033,Jennifer Lewis,M,55,EU,2023-11-09,Bronze,1,False,121.72962294159544,0.5899572257711361
7034,Stephen Spencer,F,35,EU,2020-05-14,Platinum,44,True,246.3576236932012,0.6322020843194678
7035,Frank Lawson,M,31,EU,2022-04-17,Bronze,20,False,81.70269064992435,0.3528321423899796
7036,Michael Stevens,F,51,Asia,2020-01-05,Bronze,48,True,104.41225121883845,0.36687621033292184
7037,Adriana Parks,M,29,USA,2023-04-08,Silver,8,False,109.4319352618527,0.5225003678978515
7038,Cody Sanchez,M,32,EU,2023-11-17,Gold,1,False,173.06972675104473,0.6834416040608459
7039,Karen Wells,F,42,EU,2019-10-21,Silver,51,True,136.949279889012,0.46792929034398123
7040,Kimberly Sanchez,F,28,EU,2023-12-12,Bronze,0,False,46.86123236886785,0.5217334514803793
7041,Martin Elliott,F,25,Asia,2019-07-19,Bronze,54,False,101.66256944069562,0.2954702963479631
7042,Larry Reynolds,F,18,USA,2020-11-08,Bronze,38,True,112.25072317647795,0.17066724180909393
7043,Colton Roth,M,23,EU,2019-03-19,Silver,58,False,208.50730657508814,0.8469903838658563
7044,Lindsey Mendoza,F,23,USA,2020-10-12,Bronze,39,False,111.93439342558086,0.5415777283723406
7045,Brandi Cunningham,M,34,Other,2022-12-08,Bronze,12,False,79.47823811543674,0.3472765899570489
7046,Donna Williams,F,26,USA,2020-12-11,Silver,37,True,136.44439853593698,0.1786168594342451
7047,Tammy Morris,F,54,Asia,2021-11-11,Silver,26,False,205.83543258402585,0.7168662773404668
7048,Robin Donovan,F,22,USA,2019-11-15,Silver,50,True,163.61645557901764,0.3583740373135758
7049,Julia Williamson,F,47,USA,2022-12-02,Bronze,13,False,120.96263996476056,0.3582048589787004
7050,Chelsea Martin,M,35,EU,2020-08-26,Silver,40,True,132.7987052777758,0.3924889093610998
7051,David Fitzpatrick,F,41,Asia,2023-11-03,Bronze,1,False,95.67736845979721,0.52059718056466
7052,Nathan Dillon,M,40,EU,2019-02-01,Bronze,59,True,98.62041361050609,0.5957981738389392
7053,Amber Allen,M,18,Other,2020-12-01,Silver,37,False,177.6104088361565,0.45504409511410626
7054,Kenneth King,M,32,EU,2022-11-04,Silver,14,False,137.14586789434264,0.3427220181712435
7055,Ana Jensen MD,F,30,EU,2023-10-21,Silver,2,False,168.08125445946973,0.8446498448146127
7056,Kelli Carter,M,21,USA,2019-10-19,Bronze,51,False,99.98623133109255,0.4262707917307479
7057,Edward Keller,M,37,Asia,2022-03-18,Gold,21,False,151.4748648755019,0.5016069225329167
7058,Kelly Preston,F,50,USA,2023-04-01,Bronze,9,False,99.9424087595072,0.27488247661858356
7059,Michael Rivera,F,18,Asia,2021-12-19,Gold,24,False,244.16933919053787,0.5868812480440955
7060,Bradley Cameron,M,27,Other,2023-10-01,Bronze,3,False,100.12204015867798,0.6637383959696563
7061,Beth Price,M,20,Other,2019-07-26,Bronze,54,True,93.42715884197447,0.3709785967932748
7062,Jessica Graham,F,33,EU,2021-08-10,Bronze,29,True,128.47436457479438,0.22394943503059023
7063,Lisa Harris,F,29,EU,2020-09-22,Bronze,39,True,107.79781715521254,0.442732638961781
7064,Becky Smith,M,26,Asia,2021-05-13,Bronze,32,False,72.36753915438382,0.7844217467708106
7065,Rachel Rollins,F,39,USA,2021-11-27,Gold,25,True,188.4457790698541,0.40390734272568857
7066,Christopher Ayala,F,49,EU,2021-11-19,Bronze,25,False,105.35718533293496,0.8799149884916724
7067,Mario Maxwell,F,59,USA,2023-10-28,Silver,2,False,157.06003797287372,0.4158952243028079
7068,Katherine Mcdonald,F,25,EU,2021-06-20,Gold,30,True,220.43848701609664,0.22629679345354664
7069,Todd Perry,F,18,USA,2021-10-08,Silver,27,True,145.16010100745308,0.423502154952207
7070,Melissa Johnson,F,38,USA,2020-02-26,Bronze,46,True,95.76236477599849,0.2193589427108743
7071,Timothy Blair,M,49,USA,2021-11-05,Platinum,26,True,300.8448492613061,0.3921229102975461
7072,Robert Smith,F,41,EU,2023-09-11,Bronze,3,False,115.88966102409006,0.5573244311872173
7073,Amy Gray,F,49,EU,2022-11-21,Silver,13,False,129.46780494269842,0.43026476773110806
7074,Lucas Jackson,M,30,USA,2022-12-08,Silver,12,False,147.83818140197917,0.6651658004262047
7075,Elizabeth Mccoy,F,26,EU,2023-03-26,Bronze,9,False,104.95882679566753,0.4195967725073631
7076,Roger Bowman,M,34,USA,2023-12-26,Silver,0,False,133.8558064579118,0.2762446073858914
7077,Elizabeth Brown,M,29,EU,2021-12-28,Bronze,24,False,109.24790371379461,0.5221692817798672
7078,Debra Leonard,M,39,EU,2023-10-14,Bronze,2,False,106.97823536945381,0.4777435623501975
7079,Kara Blake,F,42,EU,2021-11-12,Bronze,26,True,58.62305424709117,0.49645951164225277
7080,Jessica Fisher,F,43,Asia,2019-01-11,Platinum,60,False,302.03465342777474,0.30898764197974493
7081,Timothy Wilkinson,M,38,USA,2020-12-13,Gold,37,False,256.69033502248607,0.5401664355812993
7082,Christopher Cameron,F,35,Asia,2020-09-10,Bronze,40,True,129.92897493414057,0.7083317635017723
7083,Jared Ballard,M,40,EU,2020-12-20,Bronze,36,True,113.649534790754,0.3028834643842506
7084,Heather Bradford,F,18,EU,2019-08-08,Bronze,53,True,125.4001967625642,0.21345121523923738
7085,Jennifer Moses,F,35,EU,2020-11-10,Silver,38,True,145.4102353456206,0.26837384217135585
7086,Jason Jones,F,33,USA,2021-08-21,Gold,28,False,222.78145747617035,0.4956943564201369
7087,Debra Larson,F,35,EU,2022-08-06,Platinum,17,False,309.82974327983123,0.2588474448051226
7088,Christine Mills,M,32,EU,2020-12-01,Silver,37,True,170.06087149739636,0.5489707345745386
7089,Kevin Carrillo,F,37,USA,2020-11-09,Silver,38,True,205.34476296776728,0.553492771254486
7090,Nicole Roberson,F,27,USA,2021-11-04,Bronze,26,True,120.04636897218317,0.5551096288478199
7091,Sarah George,M,44,USA,2021-10-01,Bronze,27,True,93.15037202592941,0.8883533554683561
7092,Kyle Mccarthy,F,37,Other,2020-08-23,Silver,40,True,197.41032118087628,0.22015489089353624
7093,Kevin Oliver,F,34,EU,2023-02-10,Silver,10,False,157.43884993915566,0.2438989173208096
7094,Erik Delacruz,M,26,USA,2019-07-20,Gold,54,True,226.07304582336377,0.691786351375076
7095,Rebecca Clark,F,41,USA,2022-03-21,Bronze,21,False,95.2784214478424,0.5798931423975987
7096,Patricia Kim,F,35,EU,2022-10-27,Bronze,14,False,114.74743423891738,0.6721559727150821
7097,Carlos Walker,F,25,Asia,2019-08-07,Bronze,53,False,107.9795414083426,0.19382913677677327
7098,Stephanie Garcia,M,32,USA,2020-02-23,Platinum,46,True,367.9015912736437,0.2960250341038855
7099,Nathan Willis,M,39,USA,2020-10-25,Silver,38,True,134.9289622539301,0.6468063269215589
7100,Kimberly Curtis,M,38,Asia,2020-01-25,Bronze,47,True,119.01254134658205,0.47493274595622237
7101,Susan Rivera,F,37,USA,2020-11-07,Gold,38,False,102.45142192658248,0.6971284845728435
7102,Timothy Perez,F,33,USA,2020-12-28,Bronze,36,True,87.6814513826819,0.4374629061176809
7103,Michael White,F,43,Other,2022-10-26,Bronze,14,False,73.09340624245603,0.4681969781259505
7104,Patrick Huerta,M,45,EU,2020-11-25,Bronze,37,False,106.74820401354192,0.8435552004908965
7105,Brenda Lee,M,40,USA,2021-08-05,Silver,29,False,178.8410094820925,0.34391217445540545
7106,Kiara Sexton,F,27,USA,2023-10-02,Silver,3,False,149.72451284672468,0.6111026587393651
7107,Elizabeth Serrano,F,22,USA,2020-04-09,Silver,45,True,190.67160184110907,0.2648894369727866
7108,Candice Sanders,F,27,USA,2021-09-06,Silver,28,False,126.76959941997978,0.370077809435542
7109,Jonathan Vasquez,F,52,Asia,2022-03-22,Bronze,21,False,71.97112535160043,0.6106070984884007
7110,Patricia Fox,F,35,EU,2021-10-09,Bronze,27,True,114.46290409835062,0.28779154235994575
7111,Betty Cole,F,54,Asia,2019-07-15,Gold,54,True,246.81725241910996,0.631470982684837
7112,Mariah Brown,F,31,Other,2019-06-13,Silver,55,False,153.163368861265,0.4668939764880251
7113,Valerie Roberts,M,30,EU,2021-11-15,Bronze,25,True,136.44395543285972,0.353699852197675
7114,Anthony Terry,F,32,USA,2020-12-01,Bronze,37,False,110.16773315187554,0.48393489395372474
7115,Mrs. Miranda Johnston,F,32,EU,2020-07-15,Bronze,42,True,107.95372741480294,0.4121212405989067
7116,Eric Adkins,M,25,Other,2020-09-18,Bronze,40,True,91.3935888369716,0.39327400343991076
7117,Kimberly Kane,M,21,Asia,2021-04-11,Bronze,33,True,73.93636845922771,0.4257842192426163
7118,Alexander Shelton,M,38,USA,2019-04-03,Bronze,57,True,94.66583122006237,0.2910946195305444
7119,Melissa Hanson,F,43,EU,2019-11-01,Gold,50,True,263.235916773457,0.2356240401193304
7120,Rebecca Lee,M,57,EU,2022-09-04,Bronze,16,False,103.81833348211225,0.1810017899494687
7121,Dana Smith,M,28,Other,2019-09-02,Gold,52,True,184.3510976103026,0.5755157576324221
7122,Tamara Moore,F,29,USA,2019-12-16,Silver,49,True,122.85009156007281,0.5648389843374453
7123,Bryan Franco,M,25,EU,2023-10-19,Bronze,2,False,110.77587812654549,0.3809516614840762
7124,Spencer Butler,F,44,Asia,2019-10-16,Silver,51,False,116.25002272220671,0.480571221205732
7125,Casey Garcia,M,41,EU,2021-11-12,Bronze,26,True,107.13933306940623,0.7077877540165921
7126,Steven Oconnor,F,24,EU,2020-09-08,Silver,40,True,136.16437382346768,0.406079716304903
7127,Jennifer Ramirez,M,23,USA,2021-12-27,Bronze,24,False,94.7867667855657,0.45992909009276145
7128,Dr. Travis Morris DDS,M,42,USA,2020-01-04,Bronze,48,True,112.84239877924685,0.790788567730975
7129,Johnny Garcia,M,36,USA,2020-07-16,Silver,42,True,121.50204013822595,0.5581932962174498
7130,Dawn Jordan,F,40,Other,2022-02-09,Bronze,23,False,100.13072167138039,0.6358158127280534
7131,Anthony Mills,F,24,USA,2019-05-22,Bronze,56,True,69.45598861851278,0.6065031119628583
7132,Richard Perry,M,18,EU,2022-10-15,Bronze,14,False,97.73886414323572,0.5758122881984493
7133,Brandi Vega,F,24,EU,2020-11-12,Bronze,38,True,109.93981306212834,0.39118378343401733
7134,Jason Gomez,M,39,USA,2023-01-17,Gold,11,False,231.6559375848738,0.3540035025953022
7135,Christian Snow,Other,54,EU,2023-10-22,Bronze,2,False,122.68515925723825,0.6011502944265694
7136,Debbie Carrillo,F,28,Asia,2022-11-23,Bronze,13,False,113.17145855133128,0.5785091227140643
7137,Kaitlyn Phillips,F,55,Asia,2022-05-28,Bronze,19,False,91.86421538240478,0.5348011303333584
7138,Ryan Harris,F,41,EU,2019-12-15,Bronze,49,True,63.79243392396476,0.5437742778149407
7139,Susan Bolton,F,19,EU,2022-10-04,Silver,15,False,179.71970725193975,0.38415642689617274
7140,Reginald Copeland,F,35,USA,2022-10-08,Bronze,15,False,89.50803004527916,0.3233321423581002
7141,Sharon Cross,F,41,Other,2021-07-28,Silver,29,True,106.60150257241754,0.39002785435306253
7142,Tyler Russell,F,18,USA,2022-09-26,Silver,15,False,206.1468772829695,0.4623846341490174
7143,Marcus Patrick,F,39,Asia,2022-11-03,Bronze,14,False,98.78894562932828,0.4107721232372307
7144,Thomas Hunt,F,44,USA,2021-11-07,Silver,26,True,164.6691752084948,0.7351863321495473
7145,Christopher Salinas,F,36,Other,2020-05-07,Silver,44,True,156.84347657098618,0.7213532818155097
7146,Anthony Carr,F,32,Asia,2020-11-15,Bronze,38,True,99.71172774096073,0.6278772226172624
7147,Amanda Franklin,F,31,Asia,2021-11-20,Bronze,25,True,92.2596024668257,0.6830910943370314
7148,Nicole Lewis,M,30,USA,2019-10-17,Bronze,51,False,88.3242158103581,0.3059067492774593
7149,Alexandria Carrillo,M,21,EU,2022-07-28,Bronze,17,False,144.50979018382176,0.6076744805926014
7150,Samantha Alvarez,M,26,EU,2019-06-10,Bronze,55,True,70.84809583221539,0.49466462665151006
7151,Dr. Roberto Johnston,F,28,Asia,2023-12-16,Silver,0,False,137.00873469329937,0.43089730816618793
7152,Dr. George Hernandez,M,34,USA,2019-11-16,Silver,50,True,123.29172300655219,0.45758988163621384
7153,Daniel Price,Other,27,Other,2022-02-26,Gold,22,False,220.7122973494058,0.4594589229718502
7154,Adam Stewart,F,24,Asia,2020-05-22,Silver,43,False,137.58064160767603,0.443139606422032
7155,Daniel Molina,F,40,USA,2022-12-15,Silver,12,False,135.03089657626256,0.40771043546590763
7156,Michael Evans,M,36,Asia,2022-02-26,Silver,22,False,169.25317774297417,0.29891050208621794
7157,Victoria Berry,F,27,EU,2022-11-28,Platinum,13,False,416.10731111945944,0.26417317737835366
7158,Mr. Daniel King Jr.,F,38,EU,2019-05-28,Bronze,55,False,83.39175852791956,0.560256196176197
7159,Ronald Juarez,F,28,USA,2020-08-12,Bronze,41,True,68.97332377744802,0.07859914654755074
7160,Matthew Reynolds,M,33,EU,2020-08-07,Bronze,41,True,101.25074014051742,0.7918103980820812
7161,Luis Nelson,F,42,Asia,2019-11-03,Bronze,50,True,116.75225144364178,0.40675051362239034
7162,Rhonda Williams,F,26,EU,2019-09-28,Bronze,51,False,95.69401725004053,0.23003180005862567
7163,Brandon Pruitt,F,21,EU,2019-04-21,Bronze,57,True,112.65777617250649,0.5783260701437485
7164,Pamela Cook,F,31,EU,2023-01-24,Bronze,11,False,89.0348873151172,0.47969831182118383
7165,Ryan Smith,F,19,Asia,2023-11-23,Platinum,1,False,443.5125338407271,0.3578336473773863
7166,Erik Williams,F,30,USA,2022-10-02,Platinum,15,False,336.8561686290759,0.41387498423060903
7167,Patrick Ortega,F,30,Asia,2023-07-04,Silver,6,False,135.46599772094754,0.48663637542857097
7168,Joseph Stevens,F,18,EU,2019-06-23,Bronze,55,False,84.95952269115566,0.6626280495791612
7169,Tina Wilson,F,38,USA,2019-11-27,Gold,49,False,210.81499096731127,0.10326441875177522
7170,Jose Coleman,M,31,USA,2019-11-25,Gold,49,True,226.9519562884625,0.5477712911984458
7171,Terry Mills,M,44,EU,2020-11-23,Gold,37,True,147.69393481711762,0.7468596851602893
7172,Aaron Boyd,M,35,Asia,2020-05-08,Silver,44,True,150.3336025100997,0.37778501714748114
7173,Sara Flores,M,40,USA,2023-12-10,Bronze,0,False,114.85730144215643,0.6122162346773353
7174,Shelly Horton,M,44,Asia,2021-12-12,Bronze,25,True,106.6750811391822,0.6007066506345716
7175,Destiny Duncan,M,31,USA,2021-11-12,Gold,26,True,224.9567541808393,0.7822016496711239
7176,Matthew Robinson,F,32,EU,2019-01-09,Bronze,60,True,129.81833911054395,0.5352094688452612
7177,Jessica Doyle,M,18,Other,2020-10-11,Bronze,39,True,37.812217086184106,0.6055277814303248
7178,Joshua Moran,M,45,Asia,2022-06-13,Bronze,18,False,104.36820771483947,0.6597935615430599
7179,Carol Fisher,F,31,USA,2023-11-01,Bronze,2,False,52.971939501027094,0.5925880190001025
7180,Dr. Daniel Sweeney,F,22,EU,2020-11-03,Gold,38,False,198.1974725556191,0.3660635645500936
7181,Michael Cruz,F,40,USA,2019-11-22,Bronze,50,False,125.98196308264582,0.3907087850800075
7182,Kevin Sandoval,F,18,EU,2019-08-24,Bronze,53,True,97.42813687289213,0.5400997395511005
7183,Melanie Watson,M,28,Asia,2021-11-11,Platinum,26,True,243.93410909732648,0.6301253894174437
7184,Ms. Stephanie Duran,M,42,Asia,2019-12-15,Bronze,49,True,116.51144548553754,0.5507210618703039
7185,Jonathan Phillips,M,28,USA,2019-04-07,Gold,57,True,205.59382150715254,0.3445630162665868
7186,James Cox,M,25,Other,2022-06-28,Bronze,18,False,103.78188682227491,0.46320006480253023
7187,Erik Dean,M,28,EU,2023-07-16,Silver,5,False,214.72259335158068,0.291939004044514
7188,Allison Fisher,Other,18,USA,2022-06-06,Bronze,19,False,69.85961660628318,0.5881901424744744
7189,Casey Hardy,M,40,EU,2021-11-20,Silver,25,False,130.90927155380388,0.7969168010395286
7190,John Cole,M,31,EU,2020-11-24,Bronze,37,False,107.52221894303419,0.579025091696744
7191,Lauren Hooper,M,30,EU,2021-08-10,Platinum,29,True,373.1401493072872,0.206676269691767
7192,Crystal Shelton,F,30,EU,2019-08-04,Bronze,53,True,80.79072239969526,0.5157588041885268
7193,Amanda Hess,M,33,EU,2023-10-06,Bronze,2,False,91.78273364250819,0.4978119047725726
7194,Jessica Holloway,M,39,USA,2019-06-12,Gold,55,True,197.2614517869712,0.42042595694582585
7195,Michelle Burton,M,32,Asia,2023-12-03,Bronze,0,False,96.95717514251723,0.19326990260025273
7196,Michael Arnold,M,19,EU,2023-10-28,Silver,2,False,170.92419122290843,0.5717840617007419
7197,Victoria Carpenter,M,38,USA,2023-11-12,Silver,1,False,148.49540872226038,0.642134371430964
7198,Andrea Moody,F,37,Asia,2020-03-23,Bronze,45,False,112.9917623012352,0.36740209371811283
7199,Erik Harris,M,35,Other,2021-06-16,Bronze,30,False,75.94225854767956,0.3659401321949224
7200,Virginia Johns,F,43,Other,2020-12-12,Gold,37,True,205.78607426800943,0.452381649019036
7201,Lori Williams,F,33,USA,2020-08-15,Bronze,41,True,100.69148009508666,0.7614116196646414
7202,Daniel Palmer,F,44,USA,2020-04-22,Bronze,44,True,116.87357314298691,0.4574843890715944
7203,Austin Snyder,M,47,EU,2022-08-23,Silver,16,False,225.59413195124313,0.38513012714265304
7204,Kevin Wood,M,38,USA,2022-12-21,Bronze,12,False,119.12578687870696,0.4400878544366729
7205,Dr. Lori Jackson,M,25,Other,2022-01-21,Silver,23,False,128.89372523793915,0.5868405353197994
7206,Christine Baker,F,31,USA,2020-02-18,Bronze,47,True,112.66531712782879,0.19653382329668428
7207,Jennifer Warren,F,45,USA,2019-04-16,Gold,57,True,197.9928732637522,0.46522626133893463
7208,Tina Jennings,M,18,EU,2022-04-06,Bronze,21,False,93.22599178788847,0.44782863452130833
7209,Chris Wheeler,F,29,USA,2022-11-17,Bronze,13,False,89.42251969083267,0.4837817023214126
7210,Catherine Walls,F,29,Asia,2020-03-23,Gold,45,False,176.72071484109748,0.3956510123676306
7211,Lindsey Chen,F,24,EU,2021-12-03,Bronze,25,False,77.11213067581778,0.3003695120532147
7212,Brandon Johns,M,41,USA,2019-12-18,Bronze,49,True,74.09076559027045,0.6398410789570645
7213,Brittney Bradley,F,36,USA,2023-12-11,Silver,0,False,169.65098555166352,0.2242466344366807
7214,Kelly Hughes,M,25,EU,2023-12-23,Silver,0,False,139.3115127704465,0.7347117333168347
7215,Pamela Dixon,F,39,USA,2019-03-25,Bronze,58,True,103.64131522781804,0.5521691265219537
7216,Robert Banks,M,31,EU,2020-11-17,Bronze,38,False,82.60391563648017,0.6021837150505572
7217,Thomas Hughes DDS,M,24,EU,2021-08-06,Silver,29,True,167.37180402731457,0.5094717342553959
7218,Amanda Wilson,F,25,Asia,2021-11-24,Bronze,25,True,85.9269780441468,0.6767454180270952
7219,Carlos Castillo,F,37,Other,2023-03-18,Gold,9,False,146.44487376145332,0.5804429709620046
7220,Justin Hughes,M,42,Other,2021-05-05,Bronze,32,False,131.36240157708048,0.6957151806330554
7221,Crystal Hill,M,28,Other,2023-09-16,Gold,3,False,208.30981005149917,0.6268990248181878
7222,Mary Atkinson,F,38,USA,2022-12-28,Bronze,12,False,93.75555720894538,0.6676781023526249
7223,Lisa Gibson,F,48,USA,2020-10-20,Bronze,38,True,96.15670180228459,0.392784716362847
7224,Miguel Williams,F,20,USA,2021-11-10,Bronze,26,True,92.81537023041538,0.4429011947361653
7225,Joe Mendez PhD,F,36,Asia,2020-11-28,Bronze,37,True,109.86476746890199,0.5024137268873742
7226,Sharon Barajas,M,41,Other,2022-11-16,Bronze,13,False,69.05145866726504,0.500519345256934
7227,Hector Griffin,F,32,Asia,2019-10-03,Bronze,51,False,63.8955985556532,0.5862931974431521
7228,Jessica Singh,F,45,USA,2019-07-10,Gold,54,False,204.50222668686624,0.38754592934308785
7229,Sara Barrett,F,54,Other,2019-07-24,Bronze,54,True,65.14939841259206,0.49906224349739653
7230,Ariel Murphy,M,36,EU,2023-11-18,Platinum,1,False,185.60402724981356,0.5940620330350804
7231,Melanie Saunders,F,30,USA,2023-01-16,Bronze,11,False,118.05890102818802,0.2126833093439891
7232,Taylor Howard,F,42,EU,2019-04-17,Silver,57,True,155.00354583803627,0.6585099641649557
7233,Kelly Williamson,F,41,USA,2022-03-17,Gold,21,False,207.21124109459333,0.8067494092493718
7234,Nancy Black,F,18,EU,2023-12-10,Gold,0,False,155.24681460153192,0.362695335234974
7235,Diana Williams,F,32,USA,2019-01-05,Bronze,60,False,127.80323774952848,0.7219500782793143
7236,Jordan Clark,F,29,EU,2020-01-25,Silver,47,False,180.17853265599624,0.5339905983045814
7237,Emily Parker,M,36,EU,2019-05-04,Bronze,56,True,72.81752310565656,0.3671733776474867
7238,Mr. Thomas Garcia,M,31,Asia,2019-06-15,Bronze,55,True,97.82488998265069,0.6241617879985171
7239,Darrell Wong,F,32,EU,2020-10-16,Silver,39,True,137.71179051408194,0.7909472871369351
7240,Anthony Morales,F,24,EU,2023-12-23,Bronze,0,False,99.1072093698963,0.4395352642108936
7241,Ashley Burton MD,M,40,Asia,2020-09-18,Bronze,40,True,121.75339084409467,0.34005466388636174
7242,Kimberly Jones,F,49,Other,2023-09-19,Bronze,3,False,92.38226716701006,0.16480773191843434
7243,Mark Johns,M,24,USA,2022-08-10,Bronze,16,False,119.67448248426159,0.47829489495738
7244,Jeremy Brown,M,19,EU,2023-06-11,Bronze,6,False,65.38875011879861,0.5244869964576291
7245,Crystal Beltran,F,33,USA,2021-12-09,Gold,25,True,175.39384046530068,0.7721384869851119
7246,Lori Howard,F,32,USA,2023-11-05,Bronze,1,False,91.96511169745133,0.7790752081359202
7247,Deborah Cherry,M,44,EU,2021-08-06,Silver,29,True,133.783067381932,0.4005324740308519
7248,Elaine Herman,F,20,Asia,2023-11-03,Silver,1,False,150.73087670318014,0.6211447277542508
7249,Sabrina Henderson DVM,F,27,USA,2020-11-13,Silver,38,True,154.7371855069577,0.32736273343827405
7250,Robin Jones,F,18,Asia,2023-06-06,Silver,6,False,156.9127779681512,0.5109404544292916
7251,Chad Flores,M,46,Asia,2019-04-11,Silver,57,False,176.5877615896655,0.48050617135657836
7252,Jonathan Stanley,F,35,Other,2023-11-16,Bronze,1,False,114.66913800151525,0.3685799323370647
7253,Heather Duffy,M,28,USA,2020-08-11,Bronze,41,True,69.95856087086814,0.48194939567332895
7254,Michael Moore,M,19,Other,2020-07-10,Gold,42,True,205.9967335526039,0.6264674318062015
7255,Maureen Bates,F,20,USA,2023-12-16,Platinum,0,False,263.27665588962844,0.6644584077032414
7256,Jordan Nixon,F,37,EU,2023-01-24,Silver,11,False,174.58849104915686,0.47825725928022117
7257,Christine Johnson,M,21,USA,2023-10-14,Bronze,2,False,125.91068260047831,0.48694089137378826
7258,Ann Hansen,F,34,USA,2022-11-16,Bronze,13,False,116.8324103111383,0.22409607616155813
7259,Mary Day,F,53,Asia,2021-11-26,Bronze,25,True,138.1206178125844,0.5410794327432482
7260,Cristina Thompson MD,F,29,EU,2023-11-17,Silver,1,False,172.59137455385877,0.46017656722999795
7261,Nancy Jones,F,23,USA,2023-03-26,Silver,9,False,179.96691445004194,0.48644313673572404
7262,Patrick Medina,M,36,USA,2021-01-24,Silver,35,True,126.17874497213245,0.4277895466089527
7263,Rebecca Johnson,F,20,EU,2019-02-08,Silver,59,True,149.25364491586515,0.35766463328434195
7264,Daniel Carter,M,50,USA,2022-08-23,Bronze,16,False,113.79839806009836,0.36899056343594216
7265,John Scott,F,47,Asia,2022-07-04,Silver,18,False,158.65670897502642,0.3984973155110519
7266,Bryan Paul,M,31,USA,2019-12-17,Bronze,49,False,81.72885098006194,0.30098652504332846
7267,Kimberly Santos,M,24,USA,2021-02-10,Silver,35,True,122.29464142781194,0.5437139880042375
7268,Katelyn Yang,F,28,USA,2021-09-02,Bronze,28,False,63.79057037754842,0.5840694979208898
7269,Lisa Coleman,M,30,EU,2020-12-12,Bronze,37,False,107.44117821456244,0.47933748147424277
7270,George Vaughan,M,36,USA,2021-10-26,Bronze,26,False,79.39130314567234,0.5265079459487196
7271,Angela Beck,F,43,USA,2022-03-19,Gold,21,False,226.8665596185123,0.4655748281582801
7272,Juan Brewer,F,22,Other,2020-12-21,Silver,36,True,171.72368728115475,0.6713477723777659
7273,Stephanie Garcia,F,43,EU,2023-03-19,Bronze,9,False,104.43646788265912,0.5081081618421196
7274,Elizabeth Hill,M,39,USA,2023-12-08,Silver,0,False,161.84769170229666,0.5416492489949153
7275,Michael Brown,M,27,EU,2023-10-06,Silver,2,False,180.5562621310522,0.6205380040151182
7276,Ruth Harris,M,22,Asia,2020-06-19,Silver,43,True,184.50171812021787,0.4964198492082504
7277,Mr. Alexander Davies,F,34,USA,2022-12-18,Bronze,12,False,55.38678482212197,0.7089679994412581
7278,Michelle Martinez,F,22,USA,2021-01-14,Bronze,36,True,114.10434018293023,0.4003010174128593
7279,Matthew Shea,M,43,Asia,2020-07-03,Bronze,42,True,109.74051792936055,0.758908097996274
7280,Patricia Johnson,M,21,EU,2022-11-18,Bronze,13,False,105.91833180498926,0.4704881945693912
7281,Vernon Walters,M,38,EU,2021-11-28,Silver,25,True,164.19111044756568,0.4021072209623983
7282,Nicole Andrews,M,32,USA,2019-04-19,Bronze,57,True,93.68994884638921,0.2646817314379263
7283,Janice Fuentes,M,27,USA,2022-12-25,Bronze,12,False,52.05540417069418,0.6307298389158422
7284,Steven Perry,F,31,EU,2019-02-15,Bronze,59,False,87.88803567687016,0.4451778501029197
7285,Bryce Francis,M,43,USA,2023-09-16,Bronze,3,False,63.43754502824899,0.5215358655886151
7286,Jennifer Cisneros MD,F,21,EU,2023-02-17,Platinum,10,False,200.89005163162398,0.539187297107545
7287,Nicole Herman MD,F,28,EU,2022-02-03,Gold,23,False,242.78385799359197,0.426847027473639
7288,Tammy Taylor,M,25,USA,2019-12-23,Bronze,49,False,89.10655669217122,0.661009835345247
7289,Bethany Frazier,F,32,Other,2020-09-18,Gold,40,True,210.75274476745184,0.5682317814591689
7290,Debra Chapman,F,26,Asia,2021-07-13,Bronze,30,True,100.0875552142964,0.37224832546456904
7291,Steven Clark,M,18,Asia,2023-07-12,Silver,5,False,190.1648966719062,0.298379264688175
7292,Jay Walker,F,22,USA,2023-02-19,Bronze,10,False,101.49419050802082,0.617186867372663
7293,Hunter Yang,M,49,USA,2023-12-22,Bronze,0,False,88.04904095467575,0.46383808458431985
7294,Sean Mendez,F,35,EU,2023-11-28,Gold,1,False,259.23602890587836,0.6046857730897551
7295,Mark Hill,F,35,USA,2022-10-02,Gold,15,False,180.04954655646767,0.4625560623811743
7296,Donald Johnson,F,30,Other,2022-07-01,Bronze,18,False,108.34473997498792,0.5318219987967029
7297,David Garrison,F,32,USA,2019-10-10,Gold,51,True,219.90817371017786,0.6208130701040803
7298,Eric Foster,F,28,EU,2020-11-18,Silver,37,False,112.74009561782782,0.2748181408895498
7299,Stephen Taylor,F,38,USA,2019-07-27,Bronze,53,True,118.40940518300431,0.7529148527529812
7300,Robin Rodriguez,F,34,EU,2020-12-12,Bronze,37,False,127.07917517697379,0.5563444428800296
7301,John Anderson,M,21,USA,2022-11-13,Bronze,13,False,77.32588839518218,0.19339575830734484
7302,Keith Casey,F,35,EU,2023-09-04,Silver,3,False,150.88631649975184,0.7022181765486817
7303,Tanner James,M,18,USA,2019-07-21,Platinum,54,True,380.3926695302122,0.648299931555899
7304,Frances Aguilar,M,37,Asia,2020-11-01,Silver,38,False,101.23919382463797,0.471514787120869
7305,Clayton Jennings,F,18,USA,2021-11-04,Silver,26,True,168.85695406025064,0.709364680465823
7306,Stanley Cain,M,32,Other,2020-05-21,Silver,44,True,112.52442417785667,0.4041829976973192
7307,Andrew Robinson,M,21,Asia,2019-11-20,Bronze,50,True,93.60994965180332,0.4804650257127071
7308,Rebecca Olsen,F,33,USA,2022-08-18,Bronze,16,False,95.77770798573177,0.8516671148710242
7309,William Paul,M,38,Asia,2023-11-17,Bronze,1,False,76.43730519982749,0.5781321325105127
7310,Arthur Bowen,M,48,USA,2021-05-20,Silver,31,True,122.67901199803048,0.6625850387041535
7311,Timothy Schmitt,F,18,Other,2019-07-14,Gold,54,False,197.09317360128043,0.6225273473786971
7312,Tammy Scott,F,42,EU,2022-10-02,Bronze,15,False,127.53578617886677,0.2921350530204888
7313,Karen White,F,34,USA,2020-05-14,Bronze,44,False,109.61960480441809,0.5448599851915247
7314,Crystal Smith,F,28,USA,2022-11-10,Silver,13,False,100.82529979102209,0.5310741688812406
7315,David Hall,F,40,USA,2022-11-25,Bronze,13,False,109.3141701498158,0.6778729360617064
7316,Isaiah Gray,F,30,Other,2023-02-20,Silver,10,False,151.23020674332548,0.7251385110892407
7317,Angela Parks,F,40,USA,2019-10-03,Bronze,51,True,87.33868086982969,0.6934667395027976
7318,Ronald Hernandez,F,23,EU,2022-06-15,Silver,18,False,136.88258100968773,0.42903838896155194
7319,Dean Harrington,F,26,EU,2020-12-07,Silver,37,True,164.9266267946137,0.2844375510252609
7320,Jose Lawrence,M,42,Other,2020-02-27,Bronze,46,False,68.56001065451596,0.5749585596050538
7321,Arthur Golden,M,47,USA,2023-12-15,Gold,0,False,174.12228585996857,0.4866984672117187
7322,Adrian Morris,M,32,EU,2022-04-19,Bronze,20,False,77.09094260100842,0.34223630376760117
7323,Jon Graham,F,18,EU,2020-09-26,Bronze,39,True,84.0167455223124,0.39556051453934077
7324,Cory Hale,M,31,Asia,2020-05-12,Bronze,44,True,106.58695958640733,0.4911524219961897
7325,Kathryn Brown,F,33,USA,2023-12-24,Gold,0,False,201.9505331934434,0.538725260051325
7326,Kimberly Hanna,F,30,USA,2022-01-21,Bronze,23,False,113.42377993098555,0.41659793889165997
7327,Daniel Miller,F,36,USA,2023-05-04,Bronze,8,False,54.92907059345072,0.49761520333472603
7328,Austin Perez,M,28,Asia,2022-08-01,Silver,17,False,141.90272568240346,0.48905982256046676
7329,Mr. Mark Landry,F,41,USA,2020-05-05,Bronze,44,True,97.86157184099409,0.5412269895785254
7330,Robert Jones,M,21,EU,2019-12-09,Bronze,49,False,67.23485920192691,0.35361707225691863
7331,Andrew Powers,F,45,USA,2020-05-08,Bronze,44,True,86.23238554059286,0.3952805144681507
7332,Erica Turner,F,48,Asia,2019-07-14,Gold,54,True,199.1484313090641,0.7022898252445953
7333,Jesse Brown,M,23,Other,2022-06-14,Platinum,18,False,319.2430825226846,0.4611407533709021
7334,Marissa Smith,F,23,EU,2022-01-04,Bronze,24,False,106.9467794173494,0.5714672666393484
7335,Samantha Douglas,M,37,USA,2021-11-25,Silver,25,True,90.8643369510682,0.31729810129746894
7336,Robert Jones,Other,21,USA,2022-09-07,Bronze,16,False,87.39517198523983,0.6781613880214381
7337,Cassidy Paul,M,28,USA,2022-04-02,Silver,21,False,104.11122904477183,0.6727376536310045
7338,Andrew Lopez,M,44,USA,2021-10-11,Bronze,27,False,99.88271283255301,0.5448341475293113
7339,Tyler Reynolds,M,40,EU,2019-11-07,Bronze,50,True,91.37945609935996,0.4079021517516482
7340,Matthew Dunlap,M,52,EU,2022-08-20,Silver,16,False,131.24065687413716,0.28455889906632714
7341,Alicia Nguyen,F,34,Other,2023-10-21,Bronze,2,False,163.34353237452478,0.8411487905141136
7342,Carol Yang,F,26,USA,2022-12-17,Bronze,12,False,78.96331808959886,0.43917945109955625
7343,Richard Johnson,F,33,EU,2022-08-27,Platinum,16,False,299.00906818423607,0.28494460925412635
7344,Andrew Edwards,M,31,EU,2020-12-15,Platinum,37,True,328.71477148720373,0.41049915793640485
7345,Parker Knight,M,31,EU,2022-08-04,Bronze,17,False,107.15782318814283,0.5598943882390416
7346,William Morales,F,32,USA,2022-10-02,Silver,15,False,167.35295352566393,0.31288700285178006
7347,Christine Singh,M,23,EU,2023-09-09,Silver,3,False,160.66058634613498,0.4114408010351204
7348,Chad Taylor,F,35,EU,2021-02-28,Bronze,34,True,93.39287884778466,0.28385858231074323
7349,William Hall,F,18,Asia,2021-04-12,Gold,33,True,200.44179218758094,0.7164829408549447
7350,Bianca Ortega,M,25,Other,2021-07-24,Silver,29,False,130.31967740555635,0.48756955838107674
7351,James Pena,F,31,USA,2020-12-19,Silver,36,True,127.73814556084653,0.28215026027151513
7352,Matthew Austin,F,18,USA,2022-11-23,Bronze,13,False,73.63511216197477,0.3649867898754764
7353,Bernard Chang,F,40,EU,2019-11-23,Bronze,50,True,115.7513101870009,0.40322444907759514
7354,Eric Walker,M,18,EU,2019-02-22,Bronze,59,True,122.07686717208682,0.5034556395296386
7355,Darren Thompson,M,39,USA,2023-05-19,Bronze,7,False,88.25608579644651,0.363267108296647
7356,James Dudley,M,20,Asia,2020-07-25,Bronze,41,False,98.45038004882602,0.4452286475230012
7357,Brooke Quinn,M,28,Other,2020-05-25,Bronze,43,True,131.9957949363094,0.4044017996612843
7358,Ronnie Jenkins,M,38,Other,2022-02-22,Bronze,22,False,122.43761045976441,0.28450568002914556
7359,Cameron Torres,F,54,USA,2019-10-03,Bronze,51,False,117.82121090601919,0.3627311904908082
7360,Elizabeth Brock,F,34,Asia,2020-07-20,Bronze,42,False,105.38665564685873,0.38425831123055154
7361,Jessica Smith,F,18,Asia,2023-04-05,Bronze,9,False,87.44304219712068,0.31710100375134936
7362,Jose Jordan,M,42,EU,2019-11-09,Bronze,50,False,89.6926867729675,0.2834774418474686
7363,Patrick Blair,F,30,EU,2020-01-19,Silver,48,True,157.05650953967898,0.4107237402394716
7364,Heather Kim,M,33,Asia,2022-07-09,Bronze,18,False,108.77059706255685,0.6296951603757559
7365,Michael Weber,F,38,EU,2022-05-21,Gold,19,False,161.24460847410788,0.477810957703291
7366,Dana Stanley,F,18,USA,2022-03-22,Silver,21,False,187.3838846834231,0.022543510151448898
7367,Lori Thompson,F,33,EU,2022-04-18,Silver,20,False,192.22563100528916,0.6515162164068594
7368,David Sullivan,Other,28,EU,2019-09-16,Gold,52,True,231.75666443853729,0.3960475470141075
7369,Felicia Thompson,F,45,USA,2019-09-02,Bronze,52,True,130.07078870063052,0.715692376552489
7370,Tyler Watson,M,40,Other,2020-12-28,Bronze,36,True,112.76504006021692,0.6210112170623081
7371,Ryan Adams,M,18,EU,2023-11-12,Bronze,1,False,105.48303768720503,0.4540015748510301
7372,Jeanette Moore,M,45,EU,2021-11-18,Bronze,25,True,101.02430895343446,0.4707441756234461
7373,Shelia Dixon,M,37,USA,2021-03-23,Bronze,33,True,93.66117615166557,0.3288656836809992
7374,Jennifer Evans,F,18,EU,2022-02-27,Gold,22,False,199.79205589356644,0.5977270978558143
7375,Richard Wood,M,33,USA,2020-07-11,Bronze,42,True,79.18279580136398,0.7424830436301373
7376,Samuel Wolfe,F,43,USA,2021-10-22,Platinum,26,False,294.9839211304638,0.390961635625348
7377,Shawn Waters,M,20,EU,2021-02-23,Silver,34,True,114.94956018224678,0.40955452675640497
7378,Tammy Long,M,46,EU,2021-11-03,Silver,26,False,125.97536980403697,0.7960377379919006
7379,Mary Morgan,F,18,EU,2021-10-20,Bronze,26,False,124.57103207661419,0.5129469168568753
7380,Melissa Lyons,M,25,USA,2021-11-27,Silver,25,True,185.46506298248016,0.271394996094736
7381,Philip Gilmore,F,23,EU,2020-08-22,Bronze,40,True,83.25534976903299,0.29542150004874723
7382,Stacy Adkins,F,46,USA,2021-08-03,Bronze,29,True,117.40208583392061,0.7556408511440857
7383,Dale Bartlett,M,28,Other,2021-09-15,Gold,27,True,176.46494759478762,0.5710547943214002
7384,Jasmine Bradshaw,F,21,EU,2020-11-12,Bronze,38,False,86.7226775204956,0.3424611094007915
7385,Brian Wells,M,37,EU,2019-10-01,Bronze,51,True,127.84611725964194,0.5505942816437126
7386,Jimmy Newman,F,39,USA,2019-10-22,Gold,51,True,156.2246050344363,0.3751768532425706
7387,Tiffany Mcgee,F,39,USA,2019-12-26,Bronze,48,True,64.25387483816934,0.21198778427525755
7388,Courtney Nelson,M,30,Other,2021-09-11,Silver,28,True,130.03484555053328,0.4481750310922902
7389,Donna Dunn,F,35,USA,2020-11-26,Silver,37,True,131.94193046432065,0.49869117482601466
7390,Jessica Barnett,M,26,EU,2019-04-02,Bronze,57,True,92.53807558189943,0.2649325751597081
7391,Richard Long,F,49,EU,2022-08-23,Gold,16,False,131.17145175580987,0.31146661935456793
7392,Elizabeth Ruiz,F,44,USA,2022-05-21,Gold,19,False,214.05064168057257,0.3497396552735035
7393,Lisa Goodwin,F,43,Asia,2020-07-14,Bronze,42,True,137.92842673928288,0.46934961203254655
7394,Rachel Jones,F,40,EU,2021-09-01,Bronze,28,True,106.03224950804115,0.5193013775748747
7395,Scott Nunez,M,38,USA,2019-04-25,Silver,57,True,143.36230632289033,0.2835684269820637
7396,Ashley Prince,Other,20,USA,2021-11-18,Silver,25,True,170.0447253260406,0.4126867652655845
7397,Christina Murray,M,39,USA,2019-08-18,Silver,53,True,152.24770926658528,0.4293960321032887
7398,Alexander Drake,F,34,Asia,2023-12-15,Bronze,0,False,101.14194825811578,0.2393583504929594
7399,James Ruiz,M,45,EU,2023-11-26,Bronze,1,False,98.35372090289323,0.5337208687133445
7400,Ronald Smith,Other,41,USA,2021-04-26,Gold,32,False,208.70246993287554,0.5895231547520798
7401,Joshua Henderson,F,38,USA,2022-11-04,Bronze,14,False,91.78398563236902,0.5467873375101167
7402,Mr. Michael Peters,F,18,EU,2021-01-02,Silver,36,True,101.15181607244543,0.3017510322506348
7403,Nicholas Berry,M,32,EU,2019-11-15,Gold,50,True,273.949867976375,0.5896925942211402
7404,William Werner,F,27,EU,2021-12-13,Bronze,24,False,110.59962129241504,0.4848116144931005
7405,Craig Tate,F,35,USA,2021-11-10,Silver,26,False,128.95303147012555,0.6473753510541397
7406,Jessica White,F,28,USA,2019-12-15,Bronze,49,False,107.02306145266638,0.571740052693724
7407,Sara Goodman,M,30,EU,2022-06-06,Platinum,19,False,232.20132882849566,0.5468194300250999
7408,Mackenzie Price DDS,M,37,Other,2023-04-21,Bronze,8,False,107.6085196083732,0.45769373017966347
7409,Jared Stark,M,28,USA,2019-12-10,Bronze,49,True,114.85050177693633,0.6434232246844387
7410,Brian Taylor,M,34,EU,2021-11-26,Silver,25,True,180.98823353818614,0.32848291618147957
7411,Shannon Chapman,M,18,EU,2020-12-03,Silver,37,True,167.06392480276298,0.3104169369845159
7412,Alexandra Foster,M,24,EU,2021-11-13,Bronze,25,True,96.20101344608128,0.9113025140084017
7413,Kathy Ortega,M,39,USA,2021-11-18,Bronze,25,True,120.48453113454553,0.2086176066571067
7414,Ashley May DDS,M,20,Asia,2020-12-06,Bronze,37,True,88.95979440440259,0.32130061993930903
7415,Edgar Stevens,M,45,EU,2021-04-14,Bronze,33,False,105.96503164127758,0.620557898527308
7416,Jocelyn Chambers,F,42,EU,2020-11-18,Silver,37,True,128.11478321377598,0.25593795930608976
7417,Stephen Walker,F,30,USA,2021-11-11,Bronze,26,False,104.5954510563993,0.6104699236780977
7418,Kyle Johnson,M,62,USA,2022-03-20,Silver,21,False,194.82448299201337,0.6840238696829243
7419,Ashley Bell,F,45,USA,2023-12-15,Gold,0,False,230.9141149812513,0.7019181450353744
7420,Alyssa Morales,F,23,Asia,2022-01-21,Gold,23,False,236.88237877923444,0.5100074991530914
7421,Latoya Nelson,F,40,USA,2019-09-13,Silver,52,True,183.41093462462362,0.32406016843413377
7422,Pam Miller,M,33,EU,2019-01-16,Bronze,60,False,98.59725476961515,0.36283903313232846
7423,Dillon Nelson,M,25,USA,2021-10-27,Bronze,26,True,82.53951140750426,0.6897665060073321
7424,Maxwell Whitaker,F,22,EU,2019-08-24,Platinum,53,True,188.78446273611476,0.22011503001237726
7425,Christine Jennings,M,42,EU,2019-10-12,Gold,51,False,156.6387406066118,0.6235020436109552
7426,Ashlee Williams,M,27,USA,2021-11-01,Bronze,26,False,102.34012666356938,0.2588058225167301
7427,Rebecca Baker,M,31,USA,2021-11-23,Gold,25,False,118.6840416025185,0.4857244086266303
7428,Tina Hancock,M,23,USA,2023-11-14,Gold,1,False,207.08178284399438,0.4065565977444363
7429,Daniel Jones III,Other,25,EU,2020-03-22,Gold,46,False,219.75615711345125,0.43353791462626295
7430,Ashley Smith,M,31,EU,2021-08-03,Silver,29,True,103.07456589853945,0.7012240357973816
7431,Matthew Garza,F,36,USA,2023-11-10,Gold,1,False,235.16934612688942,0.4191464425133953
7432,Patricia Williams,Other,18,EU,2022-11-26,Gold,13,False,183.1431168543777,0.6564218647008884
7433,Steven Martin,F,33,USA,2019-11-10,Bronze,50,False,67.29369539510418,0.39204365467101704
7434,Brittany Hoffman,M,25,USA,2020-05-01,Platinum,44,True,198.43046769973301,0.5393206572194327
7435,Sarah Frost,M,47,USA,2022-07-18,Bronze,17,False,98.88725720508431,0.4809065167095412
7436,Joshua Johnson,M,62,Asia,2021-12-17,Bronze,24,False,101.69626018226775,0.2940549436890856
7437,Sherri Guzman,M,29,USA,2022-12-19,Silver,12,False,149.55680948165778,0.2974512774131014
7438,Charles Blevins,F,18,USA,2023-04-01,Silver,9,False,181.1092788288566,0.4606029518175435
7439,Deanna Woodard,M,34,USA,2021-10-26,Gold,26,True,202.48305368116053,0.440945150562061
7440,Elizabeth Green,F,30,USA,2021-10-05,Bronze,27,True,88.391770079038,0.6014916778137208
7441,Anthony Flores,F,52,EU,2020-08-26,Bronze,40,True,93.59029620016103,0.22173162198883828
7442,Antonio Woods,F,49,USA,2023-09-06,Bronze,3,False,121.63057612725942,0.3756936475562956
7443,Mrs. Sara Hebert,F,41,USA,2019-11-01,Bronze,50,True,77.58853483512002,0.5645756305447315
7444,Thomas Reyes,M,27,EU,2022-12-17,Silver,12,False,154.77058133511977,0.4626251694783342
7445,Richard Garcia,M,39,USA,2020-12-12,Bronze,37,True,104.10120477575965,0.2817853431067815
7446,Angelica Simpson,M,35,Asia,2020-12-04,Bronze,37,True,120.45666285377919,0.5540126964688272
7447,Chad Thornton,M,35,EU,2021-11-04,Bronze,26,True,102.23382391160982,0.6273070098395199
7448,Emily Abbott,F,18,USA,2022-01-24,Silver,23,False,121.30277298863906,0.35033424994987217
7449,Chad Escobar,M,43,EU,2020-08-10,Bronze,41,True,103.84357700535963,0.6450226311309576
7450,April Arellano,M,34,USA,2021-10-23,Silver,26,True,171.57967479428345,0.4105693886781773
7451,Regina Davis,Other,31,EU,2021-11-23,Bronze,25,True,102.79530056434676,0.4465550655211732
7452,Casey Ferguson,M,26,EU,2023-12-25,Bronze,0,False,121.92780856471563,0.4200935113749877
7453,Elizabeth Taylor,F,25,USA,2021-09-08,Gold,28,False,147.7295016457782,0.6521161420834436
7454,Mr. Raymond Lawson,M,36,EU,2019-07-12,Bronze,54,False,96.84838865835235,0.47553591781910887
7455,Karen Hicks,M,18,Asia,2023-07-27,Silver,5,False,150.18015460360178,0.6159639744419378
7456,Edward Patterson DDS,F,40,Other,2023-10-27,Silver,2,False,173.17263764078672,0.42717268210710363
7457,Richard Miller,F,22,EU,2019-06-28,Silver,54,False,176.98473793929014,0.5538807890165616
7458,Kathryn Mendez,M,18,EU,2019-07-12,Silver,54,False,150.7269373993781,0.3368828944187635
7459,William Martinez,M,51,USA,2020-10-28,Silver,38,True,139.17391447258723,0.6501757826031191
7460,Donna Wright,M,24,USA,2020-11-03,Silver,38,True,155.64334240421044,0.45399959343630214
7461,Gregory Wiley,M,25,EU,2019-06-16,Bronze,55,True,77.18762344453407,0.6873779212408981
7462,David Mora,M,44,USA,2020-11-04,Bronze,38,True,90.21437770291467,0.4921504090952729
7463,Anthony Carlson,F,51,Other,2019-11-24,Gold,49,True,222.79908733184243,0.5143522712908477
7464,Matthew Price,M,18,USA,2019-10-05,Platinum,51,True,321.21468704086544,0.8429748264829637
7465,David Cooper,M,23,USA,2021-12-15,Bronze,24,False,86.75436852311753,0.6118094873262554
7466,Frank Todd,F,24,USA,2020-07-21,Bronze,41,False,84.36271128540122,0.5291757611398575
7467,Eric Jones Jr.,M,42,Asia,2023-11-24,Bronze,1,False,84.01160560881591,0.31712261600263664
7468,John Stokes,M,49,EU,2023-08-08,Silver,4,False,128.08414079472453,0.3867119057695866
7469,Julie Daniels,Other,22,EU,2020-11-22,Bronze,37,False,102.94554405295133,0.6178083191095742
7470,Desiree Fox,M,47,USA,2020-06-25,Silver,42,True,186.03545948228964,0.4501304343951311
7471,Jessica Munoz,F,25,Asia,2020-09-20,Gold,39,True,252.8832144440821,0.4689370137649956
7472,Vicki Harper,M,36,USA,2020-06-10,Platinum,43,False,244.68796085992145,0.33768108153609444
7473,Mrs. Ashley Mooney,M,20,Asia,2021-05-01,Bronze,32,True,106.59906674017057,0.5607547247842852
7474,Gina Hayes,M,31,EU,2019-08-10,Platinum,53,True,316.9036046557652,0.5156305323461378
7475,Sylvia Clark,M,31,USA,2020-07-18,Silver,42,False,156.35474372806505,0.6069327272870222
7476,Jonathan Tanner,M,29,EU,2020-11-17,Bronze,38,True,80.4638237458057,0.6856923965615799
7477,Cathy Little,M,36,EU,2019-11-04,Bronze,50,True,85.1562957794776,0.5673053894734054
7478,Christopher Powell,F,22,USA,2019-07-25,Silver,54,True,160.34649193738662,0.3240721371735218
7479,Heidi Richardson,F,24,Asia,2019-12-27,Platinum,48,True,276.9114665179254,0.27320144169822497
7480,Shane Alvarez,M,37,EU,2022-12-22,Bronze,12,False,101.810759120124,0.6096185496938014
7481,Angela Trevino,F,46,USA,2023-12-13,Bronze,0,False,79.72768048448063,0.5180177736897632
7482,Denise Combs,F,32,USA,2020-11-22,Bronze,37,False,90.20766749200185,0.7626892234535415
7483,Robert Hicks,F,38,EU,2021-08-06,Platinum,29,True,219.96360177236642,0.5037372873615341
7484,Jennifer White,M,40,EU,2021-07-01,Platinum,30,True,315.85831413471294,0.24089123327719875
7485,Michael Wallace,F,41,EU,2019-01-01,Bronze,60,False,93.03652483168328,0.3101246135889091
7486,Sherri Smith,M,23,EU,2021-10-03,Bronze,27,False,105.31457423272954,0.3874689128899347
7487,Robin Ortiz,M,25,EU,2023-10-05,Gold,2,False,185.33560824471203,0.7611979628858146
7488,Megan Mcneil,F,26,Other,2020-02-18,Silver,47,True,157.06990928734862,0.6753255420643236
7489,Ariel Taylor,F,52,EU,2021-11-27,Platinum,25,True,408.3091479208948,0.41958764752857225
7490,John Jackson,F,38,Asia,2023-11-12,Gold,1,False,179.0489225446044,0.4709456090724315
7491,Ashley Bell,F,37,USA,2023-11-01,Bronze,2,False,109.82892534467776,0.2956316515329178
7492,Candace Perez,M,36,USA,2022-11-09,Silver,13,False,130.22101572286033,0.2904548112148364
7493,Catherine Hawkins,F,19,USA,2022-11-27,Bronze,13,False,97.35906301687722,0.6678300483959807
7494,Joshua Ruiz,M,52,EU,2021-09-17,Gold,27,True,218.91694559925014,0.6411331818950032
7495,Kelly Howard,M,37,Asia,2023-11-13,Silver,1,False,158.49736767522305,0.4585952633550391
7496,Linda Johnson,F,40,USA,2019-11-14,Platinum,50,True,341.44928978319757,0.7764642740659605
7497,Andrew Potter,M,18,USA,2022-07-27,Platinum,17,False,357.3861607409161,0.5651555699004429
7498,Larry Wilson,F,40,Asia,2023-11-11,Bronze,1,False,113.29587666378976,0.5317646386041003
7499,Richard Bush,M,29,USA,2022-11-11,Bronze,13,False,118.40481081954572,0.5326370867974322
7500,Hannah Johnson,F,19,EU,2020-04-04,Bronze,45,True,104.2600786459266,0.34073792437826966
7501,Patricia Lee,M,23,EU,2023-01-09,Gold,11,False,170.8563564462561,0.641649599944964
7502,Terri Pennington,M,20,Asia,2023-07-26,Gold,5,False,232.02609435258634,0.642791145474288
7503,Marvin Vargas,F,20,USA,2020-08-18,Platinum,41,True,277.11616928389935,0.5360932334769529
7504,Adrienne Noble,M,33,USA,2022-04-26,Silver,20,False,170.8173221931974,0.33225181104968304
7505,Mark Boyle,F,29,EU,2020-11-19,Bronze,37,True,74.89925315787569,0.6633778345465163
7506,John Hooper,F,36,Other,2021-09-04,Bronze,28,True,92.88452593515643,0.22995252081057488
7507,Julie Allen,F,49,EU,2019-01-12,Bronze,60,True,86.1759975707565,0.38391845218262965
7508,Joshua York,F,31,USA,2022-10-18,Silver,14,False,161.7738780086529,0.5870402179278246
7509,Eric Howell,M,18,EU,2023-02-18,Gold,10,False,176.91581042833283,0.43875726391344594
7510,Michelle Rivera,F,30,Other,2021-06-28,Bronze,30,True,99.69537787132221,0.3515347767221796
7511,Louis Savage,M,44,Asia,2022-09-06,Gold,16,False,194.18674323022378,0.7076198270145528
7512,Philip Hodges,M,32,Other,2019-05-27,Bronze,56,True,120.53114658893803,0.6700129646902638
7513,Matthew Roberts,M,48,USA,2023-02-11,Bronze,10,False,109.41696457682738,0.6599678516944462
7514,Rebecca Roberts,F,37,USA,2020-11-26,Silver,37,False,158.69171844208603,0.549814390099466
7515,Betty Johnson,F,18,EU,2019-08-05,Bronze,53,False,100.40687542716489,0.5052243898811737
7516,Jordan Peters,F,34,Asia,2022-05-16,Gold,19,False,169.31644075359537,0.7606936765079326
7517,Alison Walker,F,35,USA,2023-05-11,Bronze,7,False,82.46596508916565,0.7152935311197675
7518,William Hansen,F,43,USA,2022-11-05,Bronze,14,False,105.5447396563807,0.4873590707214549
7519,Allison Cowan,F,51,Asia,2019-02-09,Gold,59,False,143.43721071831868,0.9066915781454881
7520,Kevin Wilson,M,42,USA,2023-02-23,Platinum,10,False,297.74233148560444,0.4812346502549585
7521,Daniel Guerrero,F,37,USA,2019-11-11,Silver,50,True,153.21927399471753,0.5578199875734279
7522,Michelle King,F,39,EU,2022-12-15,Bronze,12,False,71.7866661419313,0.7085718592225096
7523,Cynthia Le,M,31,EU,2023-09-25,Bronze,3,False,98.87628975080935,0.5557361473440476
7524,Alexis Olsen,F,18,Asia,2023-08-17,Bronze,4,False,100.12535620475782,0.46035435428066185
7525,Tina Melendez,M,33,USA,2023-12-18,Bronze,0,False,141.57397877605734,0.5572553111025013
7526,Leslie Torres,F,36,EU,2022-05-21,Gold,19,False,200.37680355605414,0.4992117982051435
7527,Kimberly Ramirez,F,20,EU,2021-05-26,Bronze,31,True,117.50384099537654,0.18041898153586272
7528,Nancy Flowers,F,46,EU,2022-12-14,Bronze,12,False,108.93060647866375,0.6505077159654937
7529,Jessica Walsh,F,43,EU,2020-10-07,Silver,39,True,157.73890729280043,0.40663906902365593
7530,Heather Hernandez,F,19,USA,2021-02-24,Gold,34,True,233.19938140857732,0.3274133008863471
7531,Kimberly Smith,F,46,USA,2022-11-23,Bronze,13,False,71.13440431723035,0.6807408312343168
7532,Anthony Rivera,M,29,USA,2020-11-16,Bronze,38,False,98.22763994028904,0.5567270762044193
7533,David Avila,M,25,USA,2019-06-09,Bronze,55,True,105.62694212409274,0.6019361718594999
7534,Steven Miller,F,43,EU,2020-08-27,Bronze,40,True,80.74977735430564,0.48105008408475297
7535,Jeremy Davis,F,32,Asia,2023-04-03,Bronze,9,False,99.0657425628456,0.5336431813604269
7536,Matthew Jones,F,51,Asia,2021-11-27,Silver,25,True,152.8218101228097,0.45489160988132793
7537,Kristen Taylor,M,24,Asia,2022-11-21,Bronze,13,False,96.62595784320382,0.3707941211074053
7538,Alex Ramirez,F,18,USA,2022-02-16,Bronze,22,False,82.24995461777888,0.6027998395549105
7539,James Austin,F,30,EU,2023-11-28,Bronze,1,False,84.92432825743519,0.5356896864774081
7540,Sarah Phillips,M,40,USA,2021-11-22,Platinum,25,False,280.76045274042275,0.7582270345498178
7541,Raymond Porter,F,23,USA,2021-01-26,Silver,35,True,161.53876886120872,0.1646518930293987
7542,Erica Walter,F,19,USA,2023-10-07,Gold,2,False,203.8037500179267,0.6768219902499903
7543,Douglas Lopez,F,35,EU,2021-10-28,Bronze,26,True,103.98531087068089,0.44181336112726516
7544,Stephanie Thompson,Other,18,Other,2023-06-07,Gold,6,False,190.7511174396403,0.4275510921329001
7545,Aaron Johnson,M,36,USA,2020-12-20,Bronze,36,True,83.19179009336652,0.587668630548906
7546,Michael Parker,F,29,USA,2023-10-01,Bronze,3,False,93.86292006584382,0.36676799252799336
7547,Gloria Dunlap,F,37,Asia,2022-12-08,Silver,12,False,125.01549884395179,0.43256331975936
7548,Brian Nichols,F,19,USA,2019-09-26,Silver,51,True,59.16218435244806,0.5891774364587123
7549,Douglas Frye,F,45,Asia,2020-11-01,Platinum,38,False,299.1872382050712,0.41973532665546565
7550,Janet Flowers,F,31,Asia,2022-04-12,Silver,20,False,142.19181412678248,0.3941411093956782
7551,Jamie Martin,M,40,Other,2020-01-17,Bronze,48,False,124.73071373553583,0.3938180799280726
7552,Jesse Allen,M,42,EU,2022-05-25,Bronze,19,False,113.78075824560172,0.5526308593657475
7553,Connie Thomas,M,21,EU,2021-08-26,Bronze,28,True,109.5233788779334,0.31930477509961197
7554,Megan Carter,F,41,EU,2023-09-10,Bronze,3,False,80.0098455835655,0.613350866073005
7555,Daniel Miller,F,18,EU,2022-11-28,Silver,13,False,180.58983482163023,0.8173367151649682
7556,Tammy Taylor,M,19,EU,2022-08-19,Silver,16,False,154.23679756308235,0.5005009544888477
7557,Angel Smith,M,52,USA,2021-11-09,Gold,26,True,185.71520645913236,0.5652871433223675
7558,Lisa Long,M,44,EU,2019-04-10,Silver,57,True,126.51415723286289,0.5397091830824057
7559,Melissa Greene,F,53,EU,2019-08-11,Silver,53,True,130.35166570332532,0.3599400190064709
7560,Brett Phillips,F,29,Asia,2023-03-10,Bronze,9,False,94.8688137589585,0.5474614307969248
7561,Charles Anderson,F,34,Asia,2021-12-28,Bronze,24,False,79.46571596934653,0.5333520534744044
7562,Jason Weaver,F,38,EU,2020-04-17,Gold,45,True,201.5330160876892,0.7657916735557211
7563,Susan Howard,F,32,USA,2022-08-07,Platinum,17,False,290.08733917394875,0.5371786999178176
7564,Christopher Sullivan,M,25,Asia,2023-02-05,Bronze,11,False,113.73196386147612,0.6862817782401532
7565,Karen Mooney,F,24,EU,2019-12-28,Gold,48,True,194.03124058212586,0.5643735051082069
7566,Daniel Martinez,F,35,Asia,2020-11-28,Silver,37,True,95.37146905373132,0.42364088263284916
7567,Andrew Lewis,F,22,Other,2021-09-20,Platinum,27,True,281.42799039270915,0.32222069425260114
7568,Laurie Porter,F,22,USA,2022-12-27,Bronze,12,False,77.41828125175749,0.5462220790050192
7569,Richard Nicholson,F,36,Asia,2022-11-12,Silver,13,False,132.10106817029953,0.6140442108414805
7570,Chris Butler,F,32,USA,2019-12-05,Bronze,49,False,81.12236715230391,0.48664586048856806
7571,Amber Ray,F,42,USA,2019-01-01,Silver,60,True,212.70380839227323,0.40504476134994777
7572,Christine Montgomery,Other,28,EU,2023-06-10,Bronze,6,False,93.20305922932452,0.7110407022854047
7573,John Munoz Jr.,F,27,USA,2022-08-07,Bronze,17,False,114.35167279333902,0.4337904887042692
7574,Catherine Perkins,M,37,Asia,2022-11-27,Silver,13,False,140.80888603340793,0.3272172593960915
7575,Brett Thomas,M,24,USA,2022-11-12,Bronze,13,False,95.46288006293332,0.4902501750448922
7576,Jamie Robbins,F,26,USA,2022-05-02,Silver,20,False,135.74332871252096,0.5116540866797356
7577,Johnathan Palmer,M,26,EU,2020-04-28,Silver,44,True,129.1182078223203,0.38968529086456977
7578,Wayne Parker,M,30,Asia,2021-09-09,Gold,28,True,173.00722507162388,0.48628186246328203
7579,Lauren Howell,M,50,Other,2020-05-05,Bronze,44,True,107.48943598020867,0.24572036484386056
7580,Crystal Mitchell,F,19,Asia,2021-12-05,Bronze,25,False,98.80254499830579,0.5635727750739545
7581,Monica Madden,F,45,EU,2020-12-14,Bronze,37,False,126.5828412194584,0.3425172614355517
7582,David Rivers,M,40,USA,2023-03-19,Bronze,9,False,95.59566353497033,0.4427189214142454
7583,Julie Moon,M,48,USA,2021-11-26,Silver,25,False,141.71218363194993,0.3984904806698594
7584,Angela Rivera,F,64,USA,2022-05-18,Bronze,19,False,100.81354206235667,0.710241157285222
7585,Nicholas Massey,M,47,EU,2021-11-08,Bronze,26,True,112.1170905592424,0.45449003233162377
7586,Richard Wilson,M,42,EU,2022-11-25,Bronze,13,False,102.32043824457855,0.3734907365011507
7587,Peter Gonzalez,F,19,EU,2023-01-03,Bronze,12,False,126.91451068636854,0.8135619224206722
7588,Susan Mora,F,21,Asia,2021-11-28,Platinum,25,True,454.6788482280399,0.7691943736693247
7589,Valerie Patterson,M,36,EU,2019-11-14,Platinum,50,False,349.15392096624,0.6254531851160032
7590,Jeffrey Brown,F,18,USA,2022-05-11,Silver,20,False,161.28003024280932,0.5843065177830176
7591,John Kemp,M,39,USA,2021-03-08,Bronze,34,True,59.98294555240523,0.3701825060181418
7592,Calvin Bowers,F,18,Asia,2020-11-22,Gold,37,True,255.39236589050475,0.6630767220682465
7593,Brandon Graves,M,44,Asia,2021-10-12,Gold,27,True,249.09147438467335,0.5547126385536013
7594,Joshua Russell,M,29,Asia,2022-12-11,Gold,12,False,261.3842223772552,0.4044754471892885
7595,Nathan Brown,F,34,USA,2019-09-09,Silver,52,True,173.88891258066667,0.5211248008742101
7596,Benjamin Wilson,F,25,Other,2019-05-26,Bronze,56,False,81.01508917151983,0.43035763159693396
7597,Joshua Ho,M,18,USA,2020-11-04,Bronze,38,True,80.69585793149504,0.2716428331015367
7598,Mark Woods,M,45,USA,2023-09-19,Gold,3,False,156.3815183717603,0.7048138263399779
7599,George Taylor,F,46,Other,2019-07-07,Gold,54,True,203.21477913099264,0.22794323743774014
7600,John Ryan,F,29,USA,2023-02-17,Bronze,10,False,85.97879544338608,0.8234990690425883
7601,Andrea Taylor,M,39,EU,2022-09-16,Bronze,15,False,117.18005248201493,0.4679225474673147
7602,Kellie Mitchell,F,29,USA,2021-02-19,Silver,34,True,132.84590095137497,0.5678118970720926
7603,Jennifer Buck,M,35,EU,2023-12-23,Gold,0,False,186.9678607075708,0.5801459815649371
7604,Dustin Hernandez,F,40,Other,2022-07-12,Silver,17,False,157.93032066088415,0.3515472717159346
7605,Alex Johnson,M,38,USA,2022-11-07,Silver,14,False,135.65677148453184,0.4684372338439828
7606,Jody Rogers,M,46,EU,2022-09-25,Bronze,15,False,81.83785978444973,0.48478602095691514
7607,Laura Medina,M,38,USA,2020-07-14,Bronze,42,True,63.74083477833952,0.4094637030235532
7608,Brittany Sanchez,M,33,EU,2020-11-26,Silver,37,False,177.9236232047014,0.6555916533721516
7609,Christine Green,M,25,USA,2023-07-25,Gold,5,False,163.15302390369348,0.31856540450617243
7610,Matthew Shaw,M,28,USA,2022-02-11,Bronze,22,False,92.33535324375566,0.5298070961213682
7611,Lonnie Martinez,M,41,USA,2023-12-11,Bronze,0,False,92.58006786632419,0.24347498687386826
7612,Vincent Reeves,M,18,USA,2019-08-07,Silver,53,True,88.1696509475262,0.5358896594087187
7613,Matthew Harris,F,44,Other,2023-11-11,Bronze,1,False,105.73740708177566,0.5254563761929107
7614,Jennifer Hudson,M,30,USA,2021-12-03,Silver,25,True,192.14986126931626,0.7861512284510298
7615,Gina Clark,F,24,USA,2022-01-15,Silver,23,False,178.78729460627343,0.4077742171291539
7616,Amanda Garcia,M,22,EU,2023-11-03,Silver,1,False,138.71641721299605,0.4745868489986641
7617,Seth Olsen,M,39,USA,2020-03-21,Gold,46,True,242.1827349644697,0.4640101498147913
7618,Carla Patterson,F,32,Asia,2021-11-09,Bronze,26,True,65.32265627040178,0.7522017848978434
7619,Jeffrey Glenn,F,48,Other,2023-11-17,Silver,1,False,174.965180650494,0.41362179367487006
7620,Shelby Wood,M,20,EU,2023-11-17,Bronze,1,False,85.37882518884271,0.5337924630854795
7621,Katherine Holder,M,27,Asia,2023-11-25,Gold,1,False,238.72388653135937,0.45599202970395225
7622,Gregory Rivers,F,32,EU,2020-05-12,Gold,44,False,201.4241491469686,0.47724699628030387
7623,Katherine Davenport,F,25,USA,2023-12-07,Bronze,0,False,75.91674407413996,0.5016786995782929
7624,Emily Potter,Other,33,EU,2019-02-11,Bronze,59,False,104.94299159497166,0.6647165355884601
7625,Vanessa Green,M,36,EU,2019-08-14,Bronze,53,False,100.01900746092355,0.7180730630614812
7626,Edward Simmons,M,37,EU,2019-02-20,Silver,59,True,157.14901477737368,0.2918150170877307
7627,Robert Lane,F,48,Asia,2023-12-01,Bronze,1,False,83.95973136100582,0.6171849518746234
7628,Sandra Smith,F,19,EU,2021-01-06,Silver,36,False,114.86543181679913,0.688227706212265
7629,Charles Smith,F,36,Other,2020-06-25,Silver,42,True,168.40853889006536,0.550997831975497
7630,Carl Bradley,F,26,Asia,2019-01-22,Silver,60,True,147.9861544369782,0.677618539542597
7631,Joseph Cook,F,37,EU,2019-08-21,Gold,53,False,222.90662180973507,0.31266329213356125
7632,Robert Brown,F,37,EU,2021-08-17,Bronze,28,True,111.09105100917763,0.5762058599080131
7633,Cameron West,M,23,USA,2019-07-25,Gold,54,False,228.318016485275,0.6872940862811807
7634,Johnathan Harper,F,23,Other,2020-03-09,Bronze,46,True,132.37011463775232,0.40548180005033446
7635,Francisco Johnson,M,38,EU,2021-08-01,Bronze,29,True,103.98506095847536,0.3067826897963028
7636,Richard Scott,M,33,USA,2022-09-12,Bronze,15,False,80.05630975995095,0.6712762866982791
7637,Sharon Jones,M,30,USA,2020-11-20,Silver,37,True,126.78939148024578,0.43658222875094066
7638,Elizabeth Melton,M,39,EU,2020-05-28,Bronze,43,False,94.19689593106077,0.413256249174216
7639,Stephanie Lopez,M,40,USA,2023-11-17,Silver,1,False,156.33802877901,0.21794301284704148
7640,Eileen Snyder,F,27,USA,2022-12-26,Bronze,12,False,127.57933632588905,0.42296949328121575
7641,Shannon Donovan,M,24,EU,2022-11-04,Gold,14,False,194.380825026022,0.39522177048985524
7642,Monica Smith,F,20,USA,2021-11-23,Silver,25,True,200.38258798079323,0.22959322663026077
7643,Valerie Sharp,M,33,EU,2019-12-08,Silver,49,False,203.0329519732554,0.41222821865021797
7644,Shawn Brooks,M,18,USA,2022-12-19,Gold,12,False,217.2219020982447,0.6777763716686529
7645,Doris Rios,F,33,USA,2021-10-19,Silver,26,False,168.89899404778413,0.5513249184640633
7646,Dalton Santos,F,45,EU,2022-06-26,Bronze,18,False,90.8131001475388,0.25443950413358707
7647,Anna Chavez,M,29,EU,2020-12-05,Bronze,37,True,133.61074922590214,0.5584990280202383
7648,Theresa Mercer,F,27,USA,2022-12-11,Silver,12,False,130.8840215693281,0.60900636606717
7649,David Wallace,M,52,USA,2019-02-06,Bronze,59,True,124.0393924256343,0.5155982690572714
7650,Brittney Brown,Other,48,EU,2021-12-13,Bronze,24,False,79.35087922803237,0.49471854444964763
7651,Michele Stewart,M,25,USA,2019-07-19,Bronze,54,True,112.80300437782797,0.3810508873086368
7652,Jennifer Ross,M,34,USA,2023-07-06,Silver,5,False,183.4313426881172,0.5627451323542708
7653,Alexandra Gonzalez,F,36,USA,2019-07-26,Bronze,54,False,118.1684096032067,0.5877642279002934
7654,Megan Allison,F,35,Asia,2019-07-28,Bronze,53,False,90.65995972454104,0.5420824712884464
7655,Rhonda Simmons,M,51,Asia,2021-10-23,Bronze,26,True,94.60828188132417,0.7618031800630405
7656,Austin Taylor,F,33,Asia,2020-11-13,Silver,38,True,196.14530682954842,0.4691821696806258
7657,Brittany Underwood,M,35,Asia,2022-09-06,Silver,16,False,134.82573164226096,0.3044871603313629
7658,Stephanie Cortez,F,39,EU,2022-08-16,Silver,16,False,135.85153909347474,0.7511411340663667
7659,Kathy Adams,M,44,EU,2021-11-22,Bronze,25,True,130.089783512944,0.21657195766712362
7660,David Oconnell,F,42,EU,2021-01-18,Gold,35,True,197.49348965085386,0.4401972859453373
7661,Christine Mullins,F,38,USA,2020-12-11,Bronze,37,True,98.89644959204128,0.36185218927116125
7662,Jerry Johnston,M,18,EU,2020-11-20,Silver,37,True,205.16246423076967,0.48470683524340735
7663,Richard Jackson,F,28,Asia,2023-11-17,Gold,1,False,174.18817382355195,0.4795693084173722
7664,Kimberly Sullivan,Other,41,EU,2022-08-10,Platinum,16,False,256.1148515799239,0.356555104937065
7665,Margaret Terry,F,35,USA,2022-12-16,Silver,12,False,155.37681024839594,0.6601120291091265
7666,Samuel Bowman,M,41,USA,2023-01-05,Gold,12,False,201.29642016905194,0.4797902534251759
7667,Thomas Macdonald,F,51,EU,2021-02-10,Silver,35,True,126.64853059166359,0.6828366475862838
7668,Linda Johnson,F,21,EU,2022-11-03,Bronze,14,False,116.12061335510607,0.3246399193185819
7669,Dr. Diana Espinoza,F,44,Asia,2019-11-19,Bronze,50,False,100.3056027797936,0.3380440178698231
7670,Sean Thomas,F,29,USA,2021-06-04,Silver,31,False,151.94744692832342,0.33403181566477724
7671,Pamela Davis,M,42,Asia,2021-11-12,Silver,26,False,149.87781786165777,0.5778478094601317
7672,Cindy Williams,F,32,EU,2020-09-25,Bronze,39,True,79.07890997309117,0.7621200541237576
7673,Stacy Smith,F,54,Asia,2023-11-27,Gold,1,False,167.3154427836318,0.45441940730186264
7674,Gary Myers,M,34,EU,2021-10-22,Bronze,26,False,68.35813117744875,0.15295744547741913
7675,Richard Schmidt,F,26,EU,2020-12-10,Bronze,37,True,122.77864033336358,0.5711834008172373
7676,Michelle Brown,F,37,EU,2019-12-11,Bronze,49,True,100.0341539249248,0.5997050555973172
7677,Claire Warren,F,36,Asia,2019-12-08,Platinum,49,False,359.6863792993908,0.3448894309303333
7678,Margaret Chandler,M,44,Other,2022-11-27,Gold,13,False,181.99067920678885,0.5848431479297536
7679,David Jones,F,37,USA,2023-07-12,Silver,5,False,184.4436232645661,0.6216194802950905
7680,Dillon Brown,M,57,USA,2023-11-14,Gold,1,False,135.32781823947082,0.1926116343753277
7681,Steven Morgan,F,31,Other,2020-09-21,Gold,39,True,238.88211610818115,0.667416182389403
7682,Sandra Lee,F,32,EU,2022-10-22,Gold,14,False,196.87954283375367,0.6768155612185116
7683,Ashley Robertson,F,26,EU,2023-07-03,Bronze,6,False,72.28968290314981,0.45376919426280976
7684,Eric Flores,M,33,EU,2022-10-27,Silver,14,False,65.32440275888202,0.5967713384917746
7685,Christina Weber,F,35,USA,2020-11-11,Bronze,38,False,110.03410589430105,0.7964656485398295
7686,Thomas Black,F,35,Asia,2022-12-27,Platinum,12,False,359.3809944109354,0.40138423464573614
7687,Douglas Rodriguez,M,33,Asia,2021-05-07,Platinum,32,True,303.7180530541966,0.6741065107719829
7688,Joanne Baker,F,26,USA,2021-11-28,Silver,25,False,168.09369412885923,0.5367742979460831
7689,Timothy Johnson,F,24,USA,2021-09-27,Bronze,27,True,108.9279690333126,0.3290323341417496
7690,Rachel Sandoval,F,29,Asia,2021-03-15,Bronze,34,True,101.11010938108728,0.22690533147266195
7691,Larry Benson,M,44,USA,2019-07-11,Bronze,54,True,119.18475042573303,0.6082809940203384
7692,Christina Miles,M,46,Asia,2019-02-25,Bronze,59,True,70.45037361182494,0.3040618530613477
7693,Brian Black,F,32,USA,2023-07-25,Silver,5,False,152.95358851945312,0.6451894379874301
7694,William Holmes,M,23,EU,2019-02-07,Bronze,59,False,113.65528271778466,0.1723189195515239
7695,Bradley Duncan,M,32,Other,2022-09-19,Platinum,15,False,273.2374229554582,0.522356731444978
7696,Janice Kelly,F,53,EU,2022-11-16,Bronze,13,False,105.11569958707261,0.4519342669915959
7697,Kelly Beck,M,42,EU,2019-03-21,Gold,58,True,152.9179982894385,0.7515379367142692
7698,Austin Kane,F,38,EU,2022-08-26,Silver,16,False,152.26701706475018,0.5338510549689442
7699,Sharon Cook,F,42,USA,2023-02-25,Bronze,10,False,85.58047854778997,0.5918988720919757
7700,Christine Lopez,F,48,USA,2020-11-27,Bronze,37,True,89.65652497268101,0.4353755178356623
7701,Joshua Chapman,F,21,Other,2019-03-25,Platinum,58,True,334.3051767278323,0.4732089927211804
7702,Jeremiah Hernandez,M,29,Asia,2021-11-19,Silver,25,False,97.15402044296701,0.6578526703192467
7703,Jacob Allen,M,27,EU,2022-05-13,Bronze,19,False,78.18405680021837,0.502448291661981
7704,Matthew Townsend,F,38,USA,2022-04-21,Bronze,20,False,114.49677983261643,0.36215275127150837
7705,Diane Hughes,M,34,USA,2020-10-17,Silver,39,True,145.29493171995063,0.6710547661778214
7706,Anna Whitehead,F,40,USA,2023-07-14,Bronze,5,False,85.30680849027125,0.7528811907045808
7707,Frances Williams,F,27,EU,2022-11-23,Bronze,13,False,109.00976760710167,0.7254241886980295
7708,Kimberly Adams,M,46,Asia,2021-11-02,Silver,26,False,116.77978109742733,0.693540921810973
7709,Joshua Jacobs,F,32,EU,2020-11-26,Silver,37,True,115.81172439400092,0.4575863727247096
7710,Robert Frank,M,39,Asia,2022-02-26,Bronze,22,False,95.84010807096084,0.35280013060534643
7711,Richard Peterson,M,44,USA,2021-05-22,Gold,31,True,194.46210907522834,0.3220359831245613
7712,Roger White,F,44,USA,2022-10-10,Silver,14,False,127.71835843970253,0.30391372397822625
7713,Jessica Castro,F,36,USA,2021-12-28,Gold,24,False,189.44707693904908,0.4859721451554601
7714,Dawn Jones,F,41,EU,2020-11-06,Bronze,38,True,126.6641961466157,0.7656959885090676
7715,Parker Brown,M,50,USA,2023-11-16,Bronze,1,False,99.27639285833976,0.2518959868566301
7716,Shaun Wood,M,38,Other,2019-04-07,Bronze,57,True,76.99782772347554,0.5025158926853256
7717,Brian Allen,M,25,USA,2019-11-19,Bronze,50,True,100.48701691247518,0.4519802294065623
7718,Julie Lee,M,38,Other,2023-01-24,Platinum,11,False,172.83849293790584,0.32365322363958865
7719,Kimberly Elliott,M,32,EU,2022-04-21,Platinum,20,False,396.72018356703467,0.46198923422112903
7720,Stephen Kirby,F,18,Other,2020-10-10,Silver,39,True,114.40161564458735,0.6934572705251835
7721,Pamela Walker,F,37,EU,2021-11-20,Silver,25,True,156.19218778939074,0.5340999388891928
7722,Sarah Clements,M,34,Other,2020-12-27,Silver,36,True,154.8650144437604,0.5940801220859776
7723,Julie Gillespie,M,44,USA,2023-12-15,Silver,0,False,126.57804521808391,0.6603492332923515
7724,Audrey Koch,F,25,Asia,2022-11-12,Bronze,13,False,125.98796763038396,0.5580044328543692
7725,Brenda Anderson,F,18,Other,2022-10-25,Silver,14,False,211.72856405641198,0.4447579740350075
7726,Marissa Dorsey,F,34,USA,2023-12-09,Silver,0,False,127.55721390195802,0.5150576602016088
7727,Richard Brown,M,36,USA,2020-02-18,Bronze,47,False,114.22454940654453,0.33900785015856255
7728,Bradley Jones,M,33,EU,2019-04-17,Bronze,57,True,80.24753448477749,0.5085822282409679
7729,Michelle Ramirez,F,33,Other,2020-09-19,Bronze,39,False,126.42751728135275,0.5182950151839743
7730,Michael Burns,F,22,EU,2022-12-10,Silver,12,False,187.9447031198447,0.6975716562936123
7731,Tracey Bailey,M,31,EU,2022-08-08,Bronze,17,False,120.18806066043301,0.451368290400421
7732,Sarah Holt,F,29,USA,2023-11-20,Silver,1,False,100.30653827479007,0.45135762275616637
7733,John Todd,M,43,USA,2020-06-05,Bronze,43,True,89.14858493840282,0.27265211921543153
7734,Rachel Berger,M,36,Asia,2019-12-13,Bronze,49,False,89.4296050504501,0.5972720709232838
7735,Megan Aguilar,F,30,USA,2020-11-21,Gold,37,True,176.16435004177828,0.27960824678074125
7736,James Mckinney,M,50,EU,2022-09-27,Silver,15,False,189.85627344028399,0.42532217539754524
7737,Raymond Powell,F,30,Other,2020-02-02,Bronze,47,True,63.777563500803566,0.3934680379473614
7738,Edward Lawson,M,38,USA,2022-12-01,Gold,13,False,215.58906435058756,0.6336034106163171
7739,Jamie Bond,M,31,EU,2022-09-08,Bronze,16,False,114.8838788341937,0.5731910074388322
7740,Richard Smith,M,49,USA,2021-10-10,Gold,27,False,171.90447476033708,0.6061605096461163
7741,Holly Martin,M,33,EU,2019-11-28,Silver,49,True,165.14663705379522,0.6418396043488694
7742,Diane Taylor,M,34,USA,2023-08-05,Bronze,4,False,108.8334851426347,0.4040792252611018
7743,Melanie Diaz,F,31,Asia,2019-12-18,Silver,49,True,141.8482531998343,0.3698451334779047
7744,Lori Krueger,F,34,USA,2020-01-23,Bronze,47,True,121.73576930756954,0.2474256729258174
7745,Ryan Riley,M,44,EU,2021-08-02,Bronze,29,False,89.13738819329845,0.5191349494754965
7746,Dana Hanson,M,41,EU,2022-11-22,Bronze,13,False,121.78417503844699,0.38262519802303685
7747,Alex Steele,Other,33,USA,2019-09-09,Bronze,52,True,102.63719614860752,0.5676811125741137
7748,David Williams,M,50,Asia,2022-05-16,Silver,19,False,140.65084120292397,0.6740599772634117
7749,Johnathan Davidson,M,41,USA,2022-08-20,Gold,16,False,191.04665845507455,0.6395251159043398
7750,Terry Murphy,M,28,EU,2021-11-21,Gold,25,True,144.4584032541281,0.5181300692392458
7751,Anne Jones,F,19,USA,2019-10-17,Bronze,51,False,92.75804108260378,0.5116962089526078
7752,Susan Barnes,M,28,EU,2021-07-16,Silver,29,False,116.33560288468324,0.4986153450226843
7753,Andrew Morales,F,37,USA,2022-11-01,Bronze,14,False,105.2951474711409,0.8187292246400149
7754,Michelle Caldwell,M,38,EU,2019-10-25,Silver,50,True,177.01570421390312,0.4126449609690595
7755,Susan Harper,M,46,USA,2022-10-05,Gold,15,False,218.27927142797898,0.5118812217630426
7756,Tamara Harris,M,22,Asia,2022-08-28,Bronze,16,False,85.73896281103698,0.4728507121355991
7757,Jordan Reeves,F,28,USA,2019-02-27,Platinum,58,True,284.0790627363581,0.3825290442207333
7758,Steven Greene,F,21,Asia,2023-11-19,Gold,1,False,211.06688852100572,0.443027863379618
7759,Kelly Kennedy,M,19,Asia,2021-08-18,Silver,28,False,159.8843423525269,0.504188318112966
7760,David Sanchez,M,26,USA,2020-09-26,Silver,39,True,199.1140632537091,0.32228447727818943
7761,Kathy Gutierrez,F,36,EU,2022-05-23,Silver,19,False,168.70029072134156,0.7472862850532621
7762,Sarah Shelton,F,40,USA,2021-05-20,Platinum,31,True,308.88224765309405,0.6089343703551863
7763,Christopher Mcdowell,M,23,USA,2021-11-03,Silver,26,True,153.12636679339153,0.6637942911364202
7764,Zachary Simpson,F,24,Asia,2019-10-18,Bronze,51,False,93.04039114613438,0.47580169106935666
7765,Matthew Henderson,M,18,EU,2019-03-11,Silver,58,True,150.00474191663193,0.45304221529020533
7766,Joseph Collins,M,35,EU,2019-01-11,Bronze,60,True,114.34150047536956,0.4679139573827999
7767,Deborah Small,M,25,USA,2021-05-11,Platinum,32,True,257.5922555771931,0.39554544317380846
7768,Virginia Jimenez,F,49,USA,2019-10-10,Gold,51,True,216.4147392532746,0.6949758054081826
7769,Aaron Cochran,M,37,USA,2020-11-10,Silver,38,True,146.73429168780368,0.7095063051695462
7770,Morgan Barrett,F,31,Asia,2021-03-04,Silver,34,True,201.5334924612487,0.5824523324848548
7771,James Williams,F,26,EU,2019-08-09,Gold,53,True,211.81091612001015,0.7547116497018612
7772,Paul Tyler,F,18,Asia,2022-02-10,Bronze,23,False,106.55430418749067,0.8594596725243548
7773,Kevin Hansen,M,19,USA,2021-01-13,Silver,36,True,124.31518609547973,0.7770202171831958
7774,Daniel Thomas,M,26,USA,2023-12-23,Bronze,0,False,129.28626823665405,0.42962666576428504
7775,Jennifer Pearson,F,26,USA,2023-11-01,Silver,2,False,165.20916895276804,0.13716329304355324
7776,Sherry Horton,F,23,USA,2021-11-16,Bronze,25,True,127.28507523562463,0.611420573398139
7777,David Roach,F,36,USA,2021-04-19,Silver,32,False,144.4796995351213,0.5640285921658021
7778,Susan James,M,38,Asia,2023-07-12,Bronze,5,False,99.96719372926161,0.5163407807965933
7779,Sandra Gonzalez,M,28,Asia,2022-09-05,Bronze,16,False,72.58852919131525,0.4652152658923235
7780,Terry Brown,F,52,EU,2022-11-23,Bronze,13,False,136.8961173067279,0.7026004012313488
7781,Anthony Hoover,M,18,EU,2022-09-05,Bronze,16,False,107.38793258712461,0.26803855342823535
7782,Andrea Ramos,F,33,USA,2020-10-25,Bronze,38,False,137.11424708921015,0.7297993554974382
7783,Aaron Shepard,M,30,Asia,2020-03-07,Silver,46,False,139.52318962107367,0.7600582066091646
7784,Kim Williams,M,27,USA,2022-10-12,Silver,14,False,164.15541258520506,0.5225265411738689
7785,Vickie Hall,M,26,Other,2023-12-14,Bronze,0,False,119.855320067653,0.5426333762455786
7786,Diana Rogers,M,32,EU,2020-10-01,Silver,39,False,159.8946209556803,0.3221379625461219
7787,Lindsay White,M,30,USA,2019-03-06,Silver,58,True,140.01676746161934,0.6506730443779968
7788,Lisa Hall,F,29,Other,2020-01-18,Bronze,48,False,90.50732105870134,0.6906885334317701
7789,Michelle Schultz,M,20,USA,2023-08-06,Bronze,4,False,93.05989631562115,0.6146485339711449
7790,Brandon Townsend,M,18,EU,2023-11-19,Silver,1,False,230.1120289007777,0.31407280390045167
7791,Joseph Day,F,30,EU,2021-03-12,Bronze,34,True,87.57007490236026,0.2585882081684158
7792,Rita Taylor,M,28,USA,2023-11-18,Bronze,1,False,60.27209513788896,0.46395342290283653
7793,Mark Meyer,M,31,EU,2022-12-03,Platinum,13,False,302.234221090062,0.511879880038323
7794,William Juarez,F,31,EU,2023-08-11,Silver,4,False,150.7395000518954,0.6522801323054761
7795,Jimmy Terry,F,27,Asia,2020-01-26,Bronze,47,True,93.7029777991117,0.463922984046364
7796,Jimmy Smith,M,30,USA,2020-11-04,Silver,38,True,131.37698980536203,0.6593925230552727
7797,Mitchell Jones,M,24,Other,2020-02-13,Gold,47,True,189.04520238209417,0.669376608821492
7798,Yolanda Johnson,F,48,USA,2023-11-01,Gold,2,False,147.21254356648515,0.5710349476791502
7799,Joshua Lewis,M,25,USA,2022-12-20,Bronze,12,False,135.57012912488528,0.6303557232488821
7800,Dana Atkins,F,29,USA,2022-09-06,Bronze,16,False,104.90024157479763,0.4375899496270522
7801,Timothy Jacobs,F,25,USA,2021-10-21,Silver,26,False,153.53641779314688,0.3287550183372744
7802,Donna Taylor,F,25,USA,2019-11-14,Bronze,50,False,121.02208271590584,0.41465956257121533
7803,Victoria Burgess,M,33,Other,2022-08-21,Gold,16,False,308.39636848805907,0.37509011633623324
7804,Jay Hall,M,31,USA,2020-07-09,Bronze,42,True,91.9643742549201,0.6815958308240498
7805,Dr. Heather Johnson PhD,F,28,USA,2021-12-09,Bronze,25,False,106.13395392759406,0.6293913076835554
7806,John Mendoza,M,30,USA,2022-11-25,Gold,13,False,232.07748857321272,0.1954331721262097
7807,Katrina Mendoza,M,25,Asia,2022-09-07,Bronze,16,False,113.82127297742343,0.5268249599563463
7808,Beth Schmidt,F,37,Asia,2019-02-15,Bronze,59,True,118.09555186490495,0.23213469398991615
7809,Claire Mcintosh,M,53,USA,2019-11-10,Silver,50,True,177.52854331971565,0.33741151526440805
7810,Joseph Ortega,M,24,USA,2019-08-09,Bronze,53,True,91.776137353519,0.6248036194031931
7811,Brandon Pena,F,36,USA,2022-06-28,Silver,18,False,185.85605016029587,0.24135514995026242
7812,Rachel Martin,M,33,USA,2022-06-24,Bronze,18,False,97.75886085967504,0.2953698245083738
7813,Carolyn Moore,M,39,USA,2020-01-24,Bronze,47,False,105.61441074807698,0.34638633091258886
7814,Jeffrey Robertson,M,39,EU,2023-11-15,Bronze,1,False,112.29574653746232,0.2622562610957558
7815,Alexandra Lyons,F,35,USA,2019-03-21,Silver,58,False,128.66519237095642,0.2869626201565784
7816,Mason Miller,M,32,EU,2020-09-09,Bronze,40,True,108.67453750810178,0.4915819892363709
7817,Robert Jackson,M,28,USA,2020-01-24,Bronze,47,True,112.40901052887777,0.24728490113779855
7818,Margaret Lowe,F,25,Other,2021-11-07,Gold,26,False,124.2745474188999,0.46264771309451425
7819,Tracy Smith,F,32,Other,2020-08-24,Gold,40,True,256.06614734894714,0.5013634128718563
7820,Kevin Stokes,M,20,EU,2019-08-25,Silver,53,True,125.43250986387176,0.612785320671111
7821,Ashley Morris,F,27,USA,2023-11-23,Bronze,1,False,105.46008545494675,0.6393993452651201
7822,Karen Hernandez,M,44,USA,2020-02-25,Silver,46,True,195.87026007811642,0.293567633103175
7823,Larry Crawford,F,33,EU,2022-06-08,Silver,19,False,169.6165820642544,0.3014311747764152
7824,Joshua Lopez,M,41,Asia,2022-03-02,Gold,22,False,241.61555563047352,0.2930644428272938
7825,Tina Patel,M,47,EU,2020-10-03,Gold,39,False,244.40614928123068,0.6186289515816706
7826,Thomas Sellers,F,31,Asia,2019-03-22,Gold,58,False,180.3142629641645,0.551837455992011
7827,Donna Mejia,M,35,Other,2023-08-22,Gold,4,False,158.52190077458638,0.4470210366588607
7828,Travis Hughes,M,29,USA,2023-11-23,Bronze,1,False,108.3040033563871,0.3211924924152113
7829,Mr. Kenneth Ashley,M,24,EU,2019-12-02,Silver,49,True,171.38149746568783,0.5232927603934192
7830,Tyler Roy,F,23,USA,2022-12-28,Gold,12,False,244.145426109198,0.7053242363994673
7831,Heather Davis,M,41,USA,2022-10-01,Gold,15,False,231.23286163238018,0.6955562633936179
7832,Angela Wilson,M,35,EU,2021-11-27,Gold,25,True,180.33217348566995,0.27901458643534593
7833,Kelly Williams,M,51,USA,2020-11-12,Silver,38,True,176.39136967325805,0.6606578651489665
7834,Heather Williams,M,42,Asia,2020-11-05,Silver,38,True,86.95186138471831,0.27704950643143317
7835,Catherine Nelson,M,25,USA,2022-11-27,Bronze,13,False,125.44501264404762,0.4396563744097394
7836,Catherine Gould,M,41,EU,2020-06-18,Silver,43,True,123.31955617913644,0.42199328475034464
7837,Stacy Bailey,M,29,EU,2019-07-25,Bronze,54,False,81.78715114467778,0.5399453542207002
7838,Anthony Hall,M,45,EU,2023-10-19,Platinum,2,False,449.29612471034636,0.349629670503798
7839,Charles Gonzalez,F,28,USA,2021-12-28,Gold,24,False,202.28306373219684,0.51543364757996
7840,Nicholas Hernandez,F,22,Asia,2019-09-02,Silver,52,True,142.33699424151703,0.3378632645749966
7841,Amy Hunter,F,25,EU,2019-09-28,Bronze,51,False,76.93634789711624,0.5257979881017012
7842,Amanda Hill,M,25,EU,2019-08-16,Bronze,53,True,108.85257191114103,0.30240645936410626
7843,Tracy Morales,F,24,USA,2020-01-28,Silver,47,True,173.7977304110362,0.44033943060020975
7844,Haley Cowan,M,27,EU,2023-10-23,Bronze,2,False,92.97643820957826,0.500552884942566
7845,Samuel Russell,Other,41,Asia,2021-11-06,Bronze,26,True,57.04305749294424,0.46247138718142816
7846,Bryan Castro,M,50,EU,2022-12-24,Gold,12,False,265.0647295429477,0.6267329255359743
7847,Stephen Smith,M,19,Asia,2019-10-25,Bronze,50,False,94.22044980602428,0.16116628790913667
7848,Margaret Smith,M,45,EU,2019-09-03,Bronze,52,True,93.77495250184286,0.5261937197224449
7849,Dennis Thompson,M,28,USA,2019-06-08,Silver,55,False,148.93925649493676,0.3754669936018112
7850,Michael Taylor,F,36,USA,2022-02-04,Gold,23,False,167.79454891965077,0.5886391552896911
7851,Laura Cox,F,18,USA,2020-11-18,Gold,37,False,250.953896116434,0.5045901277285832
7852,Ricky Reid,Other,38,EU,2020-11-20,Platinum,37,True,343.58712133473324,0.6631830691025584
7853,Melissa Nguyen DVM,F,18,Asia,2023-12-04,Silver,0,False,164.6346307528458,0.4650704162275195
7854,Renee Farmer,M,36,USA,2020-08-08,Bronze,41,False,146.22896148843392,0.6851347189151658
7855,Tracy Woodward,M,35,EU,2020-11-26,Gold,37,True,172.10418396241437,0.5234942802656494
7856,Jason Waters,Other,34,EU,2021-06-24,Bronze,30,True,125.53530351657062,0.3060090130208868
7857,Anthony James DVM,F,25,EU,2021-06-07,Bronze,31,False,55.52041423390024,0.3779899109362755
7858,Heidi Torres,F,38,USA,2020-12-20,Bronze,36,True,112.87523307429566,0.412006947074912
7859,Colleen Rivera,M,36,USA,2021-12-18,Gold,24,False,290.3334187120442,0.5171944328693
7860,James Patterson,F,30,USA,2023-05-01,Gold,8,False,158.0089770905206,0.6349660831045053
7861,Kimberly Carson,F,39,USA,2020-09-27,Bronze,39,True,132.87998258309187,0.5916144349880377
7862,Shane Gonzalez,M,32,USA,2021-10-18,Bronze,26,True,72.34551031392564,0.5996954139793774
7863,Debra Gonzalez,M,38,USA,2022-01-02,Gold,24,False,283.1266465310808,0.3880376883895151
7864,Patrick Perez,M,31,EU,2021-12-19,Bronze,24,False,90.78847100741899,0.63235105732539
7865,Heather Payne,F,35,USA,2021-03-10,Silver,34,True,127.78309298485448,0.515594801506223
7866,Christopher Butler,M,38,Other,2022-05-21,Bronze,19,False,89.28918179609855,0.6191955683772821
7867,Jeffrey Myers V,M,29,USA,2023-12-01,Bronze,1,False,100.63746104553454,0.27838234342288737
7868,Christian Valencia,M,20,USA,2022-11-21,Bronze,13,False,96.95948294486735,0.567869607590958
7869,Kaitlyn Warren,F,35,USA,2023-12-07,Bronze,0,False,98.95302432375995,0.4083768111401674
7870,Jordan Lynch,M,44,USA,2022-01-28,Silver,23,False,159.48403049394082,0.3102013741378467
7871,Raymond Santos,M,35,Asia,2023-07-14,Gold,5,False,209.58402751394675,0.5969773952656847
7872,Lisa Robinson,F,36,USA,2023-10-01,Bronze,3,False,100.12433582234603,0.4356477114271211
7873,Darlene Sanchez,F,32,Other,2019-03-04,Gold,58,False,182.30914644453333,0.5795560314668687
7874,Jessica Harper,M,40,Asia,2019-02-11,Silver,59,True,162.8509241298992,0.3532625864734907
7875,Joseph Kelly,F,31,EU,2021-11-02,Bronze,26,True,107.5160855439958,0.8047436666306862
7876,Rachel Flores,F,28,EU,2022-10-08,Silver,15,False,159.8647307277918,0.4821483455197692
7877,Zachary Johnson,M,44,EU,2023-04-18,Silver,8,False,149.94888876894896,0.4296173261676075
7878,Derrick Ford,M,27,USA,2019-03-17,Bronze,58,True,86.14226142593326,0.6484978631073348
7879,Alejandra Ellis,F,41,EU,2021-11-14,Bronze,25,False,101.47897215903606,0.4871407247186146
7880,Thomas Chang,M,44,USA,2021-07-18,Platinum,29,False,283.34522941953514,0.9748580417897674
7881,Latoya Terry,M,38,USA,2021-12-10,Silver,25,True,88.01304106505275,0.6747593996545227
7882,Thomas Burns,F,20,EU,2019-11-20,Bronze,50,False,119.98607722945154,0.4289892111658378
7883,William Edwards,M,33,EU,2020-10-21,Bronze,38,True,105.19664312083145,0.5111408337546064
7884,Tammy Estrada,F,30,Asia,2021-11-18,Bronze,25,True,99.594970954105,0.5099426804285707
7885,Abigail Hart,M,28,USA,2020-04-20,Bronze,45,True,110.49537107508031,0.341707282408525
7886,Javier Rogers,F,34,Asia,2020-12-23,Bronze,36,True,84.90244120347816,0.6925324218151472
7887,Ashley Johnson MD,M,40,USA,2020-09-05,Bronze,40,True,127.18844197678948,0.43556426837567874
7888,Abigail Riddle,F,28,USA,2021-10-08,Bronze,27,False,124.13424603938913,0.46290358029731926
7889,Cody Hart,F,31,USA,2023-12-10,Silver,0,False,115.13638486442724,0.5327947252869996
7890,Greg Dyer,F,30,EU,2020-01-25,Bronze,47,False,87.3523895272916,0.36265115525859115
7891,John Baker,M,44,USA,2019-10-01,Bronze,51,True,113.50192908308932,0.5317006697886858
7892,Megan Hall,F,30,EU,2019-10-17,Bronze,51,False,104.93404322567156,0.4245698727944359
7893,John Garrison,F,20,Asia,2020-04-19,Bronze,45,True,99.64730648187394,0.42851722480112264
7894,Chelsea Salinas,F,18,EU,2020-02-24,Bronze,46,True,108.79410766923601,0.47567883043154435
7895,Ashlee Thomas,M,36,EU,2020-09-17,Silver,40,False,93.84450221097693,0.38975715832708074
7896,Laura Hill,F,25,Asia,2019-11-10,Bronze,50,False,81.56414964354809,0.26529382407548985
7897,Jennifer Lopez,M,39,Asia,2022-07-18,Bronze,17,False,87.96067626805689,0.5260706494739923
7898,Dennis Arnold,F,19,EU,2023-11-01,Gold,2,False,230.51418754956114,0.15656670500435954
7899,Jamie White,F,27,USA,2022-06-17,Silver,18,False,85.38322564979703,0.16197736506075816
7900,Ashley Williams,M,19,Asia,2019-10-28,Bronze,50,True,103.62186183838615,0.506709061247258
7901,Danny Lee,M,37,EU,2019-04-13,Bronze,57,True,92.46603788296636,0.47271946297165257
7902,Hayley Carter,M,39,USA,2021-01-25,Platinum,35,False,339.0728844395284,0.5388984783183186
7903,Debbie Sherman,F,36,USA,2022-09-28,Platinum,15,False,348.4875527914128,0.5996553745961948
7904,Rebecca Colon,M,22,Asia,2020-11-10,Bronze,38,True,133.96240508704014,0.2034102470110235
7905,Lauren Nguyen,M,25,USA,2020-11-01,Bronze,38,True,76.52557740944152,0.40779506094486373
7906,Max Leblanc,F,35,Other,2019-05-20,Bronze,56,True,83.57019433993872,0.43284930562678414
7907,Hunter Campos,M,18,USA,2021-06-07,Bronze,31,False,100.97483352226182,0.5468417530020799
7908,Jesse Johnson,M,30,Asia,2022-11-28,Bronze,13,False,128.20173102768527,0.5342361796384276
7909,Brandy Lopez,F,48,USA,2021-08-21,Silver,28,True,163.11718002206467,0.43924427135688915
7910,Jennifer Gonzalez,M,31,EU,2023-05-26,Bronze,7,False,102.10938666282944,0.5066233641830472
7911,James Cuevas,M,18,Asia,2021-12-13,Bronze,24,False,124.48842143585424,0.45877071805990965
7912,Brandon Stewart,M,26,EU,2023-09-21,Silver,3,False,138.08025385037388,0.36309524315437236
7913,Victor Ball,F,26,EU,2022-05-07,Gold,20,False,246.78141087701522,0.5080894173182248
7914,Nicole Juarez,F,54,USA,2020-11-06,Bronze,38,False,134.70114027692068,0.17836764484140538
7915,Brian Mullins,M,49,USA,2023-11-22,Silver,1,False,145.40747473971282,0.5367942098375816
7916,David Wilson,M,40,USA,2020-11-13,Bronze,38,True,69.00841707424502,0.7118528945789333
7917,Mary Myers,M,29,EU,2021-10-08,Bronze,27,True,102.9130143429433,0.44796088282469654
7918,Marc Brown,F,45,USA,2021-10-16,Gold,26,True,265.77122721880596,0.8093007218308551
7919,Angela Collier,M,21,USA,2022-11-26,Bronze,13,False,109.87121453085648,0.5904569660258889
7920,Richard Young,F,43,EU,2020-11-09,Silver,38,False,108.72358917674256,0.7187603234133605
7921,Gabriella Jones,M,42,EU,2022-10-13,Bronze,14,False,125.4053875648759,0.5578697022137348
7922,Teresa Collins,F,31,Asia,2023-11-27,Bronze,1,False,115.90793169790022,0.5827358592043538
7923,Gary Gilbert,F,44,USA,2021-04-02,Silver,33,True,179.98840453506756,0.5214850504563071
7924,Brenda Nicholson,F,28,USA,2021-01-12,Bronze,36,True,122.65884543868295,0.2648307126643909
7925,Michele Barnes,M,20,Other,2021-05-12,Bronze,32,True,89.14925991609135,0.20519951404016146
7926,Robert Meza,F,42,USA,2021-04-26,Silver,32,False,181.7566574682108,0.4638046230236573
7927,Cindy Harrington,M,32,Asia,2021-11-15,Bronze,25,True,87.08926892582085,0.4095944645715923
7928,Kiara Hawkins,M,39,Asia,2023-12-20,Bronze,0,False,76.36728761729479,0.414410006384315
7929,Elizabeth Cooper,M,51,Asia,2023-04-10,Silver,8,False,125.13270424079994,0.31036907607747444
7930,Mary Santos,F,25,USA,2022-12-25,Bronze,12,False,113.85562677052202,0.6662839990903711
7931,Jacob Cabrera,F,31,Asia,2019-09-14,Silver,52,True,137.72555729092264,0.345322269648325
7932,Jacob Trevino,F,48,Asia,2021-12-26,Gold,24,False,259.0232231870383,0.3356206433077148
7933,Christopher Bowen,F,39,EU,2021-11-17,Bronze,25,True,122.28927322509949,0.5057554545117339
7934,David Ruiz,M,26,USA,2019-12-10,Bronze,49,False,113.47910457077347,0.6625149976777571
7935,Jessica Owens,F,23,USA,2022-11-24,Silver,13,False,191.4016657990744,0.6272480429479476
7936,Amy Higgins,F,27,USA,2023-03-11,Bronze,9,False,76.49889517563503,0.402559241950553
7937,Alexander Mitchell,F,25,EU,2021-02-17,Silver,34,False,178.69620255823529,0.46814310991236285
7938,Steven Boyd,M,35,EU,2022-10-11,Bronze,14,False,111.48428900063922,0.7460455608248421
7939,Maria Wright,F,33,USA,2019-02-15,Bronze,59,True,74.53158056343759,0.6659101912626517
7940,Jacqueline Herman,F,35,EU,2023-05-04,Bronze,8,False,85.59830901661775,0.6315002682321464
7941,Andrew Delgado,F,24,USA,2023-04-25,Silver,8,False,145.2378484676356,0.5577886871544375
7942,William Webb,M,32,EU,2022-08-04,Bronze,17,False,96.25264173269007,0.5150251672585267
7943,Marvin Flores,F,18,Other,2020-07-21,Gold,41,True,198.35620988031863,0.8012859081764874
7944,Michael Wilson,F,34,USA,2020-11-15,Silver,38,True,131.41747585976012,0.6692861296007258
7945,Julie Martinez,M,44,USA,2020-04-14,Bronze,45,False,129.58278102778667,0.5183152288116752
7946,Toni Lamb,M,18,USA,2019-11-09,Bronze,50,True,75.31218403220183,0.6084848366297668
7947,Cindy Martin,M,37,EU,2020-09-16,Bronze,40,True,75.90025324157875,0.4626112406788502
7948,Jeffery Jennings,F,26,Asia,2022-11-24,Silver,13,False,121.72467985352675,0.25934291868961845
7949,Anthony Gordon,M,41,Other,2023-05-01,Gold,8,False,174.58403875229982,0.3466405313339044
7950,Luke Moore,M,34,USA,2022-11-03,Bronze,14,False,85.73178482813638,0.43089128076329813
7951,Danielle Bradley,F,37,Other,2022-06-04,Bronze,19,False,133.59401548205238,0.42118101082298504
7952,Frank Robinson,F,33,USA,2021-02-19,Bronze,34,True,86.82909952872588,0.3915375313600599
7953,Richard Wilson,M,46,EU,2019-12-09,Bronze,49,True,97.5684769404975,0.39835661441889075
7954,Chad Palmer,M,36,USA,2023-05-22,Silver,7,False,112.13142134565156,0.6959159600007879
7955,Aaron Schneider,F,25,Asia,2021-11-19,Bronze,25,True,90.61610415857595,0.7748974864460609
7956,Kurt Montgomery,F,33,EU,2019-09-08,Bronze,52,True,112.02741169994978,0.6968535976443607
7957,Jacqueline Gonzalez,M,29,EU,2023-10-25,Silver,2,False,170.41430965698117,0.17639107678590693
7958,Evan Smith,F,34,Asia,2021-11-26,Bronze,25,True,119.68322890306312,0.6616859431853268
7959,Abigail Parsons MD,M,28,USA,2020-10-04,Bronze,39,True,80.04722865074405,0.6104758323985519
7960,Dana Snyder,F,26,USA,2022-11-13,Bronze,13,False,86.53249622252437,0.49441579066077274
7961,Stacy Garner,M,34,Asia,2020-11-21,Silver,37,False,174.5286869241216,0.4254536212197119
7962,Gregory Brown,M,33,USA,2023-01-19,Bronze,11,False,99.51649580459916,0.4542627826945925
7963,Kathryn Chavez,M,43,USA,2021-11-14,Bronze,25,True,98.79087582648678,0.6484980336502765
7964,David Maxwell,M,28,EU,2021-10-05,Bronze,27,True,111.80238127804856,0.5578524485412201
7965,Larry Higgins,F,18,EU,2021-10-18,Bronze,26,True,119.9329059145775,0.682934461806246
7966,Jason Norris,F,29,USA,2022-01-18,Bronze,23,False,86.0274175363943,0.6222013876109864
7967,Elizabeth Jones,F,18,USA,2021-09-27,Bronze,27,False,97.92596430279868,0.7160779780161397
7968,Brianna Mccormick,M,37,USA,2019-12-21,Bronze,49,True,97.60276486227899,0.5950947945686537
7969,Anne Jones,M,18,EU,2019-07-15,Bronze,54,True,80.6250080980138,0.32941595327002626
7970,Joshua Anderson,M,23,Asia,2019-09-23,Bronze,52,True,105.99366359420685,0.2599890978318609
7971,Anthony Christensen,M,29,Other,2020-09-17,Silver,40,True,133.8266155221375,0.5969061882337063
7972,David Brooks,F,48,EU,2023-11-03,Silver,1,False,149.84404145190612,0.5900875379240924
7973,Eric Hernandez,M,22,USA,2020-03-01,Bronze,46,True,112.98949996690042,0.40742800598123047
7974,Joseph Payne,F,33,Other,2020-02-24,Bronze,46,True,105.37173468554467,0.5370956617629562
7975,David Johnson,F,38,EU,2022-11-18,Bronze,13,False,82.25969077310026,0.4318348878780212
7976,Christina Simon,M,47,USA,2020-01-22,Bronze,48,True,104.07522310299512,0.42602496034421145
7977,Megan Mills,F,40,Other,2022-05-27,Bronze,19,False,102.77512407598476,0.2850112703883692
7978,Mandy Walker,M,43,Asia,2019-09-16,Bronze,52,False,88.77541970261944,0.5067166538071788
7979,Cynthia Cunningham,M,41,Asia,2019-12-06,Bronze,49,False,82.73699769943765,0.4224684606598343
7980,Angelica Mays,F,20,Asia,2020-11-09,Gold,38,True,206.1593402932378,0.5567552107501043
7981,David James,M,36,USA,2020-04-22,Bronze,44,False,72.05597783926555,0.23700330293608524
7982,Paul Watkins,M,41,USA,2019-12-10,Gold,49,False,157.2818835138674,0.5902825811988122
7983,John Olson,F,23,EU,2021-09-22,Gold,27,True,148.66674171930242,0.4227095215082
7984,Alexander Anderson,M,27,USA,2019-04-27,Gold,57,True,151.5204637840841,0.3400082319269727
7985,Mitchell Deleon,F,24,EU,2021-09-17,Gold,27,True,180.84500759275545,0.4340134743986417
7986,Susan Bryant,M,40,Asia,2019-04-07,Bronze,57,False,121.24025978644445,0.2602688587333759
7987,Derrick Diaz,M,32,Asia,2023-07-14,Bronze,5,False,112.36669115722424,0.4563615287387554
7988,Rebecca Lambert,F,29,EU,2022-11-14,Bronze,13,False,122.46316780819461,0.5184790265231946
7989,Erica White,F,20,Asia,2022-11-12,Bronze,13,False,87.78418943610367,0.5109011935525524
7990,Joseph Miller,M,32,Asia,2023-10-06,Bronze,2,False,59.77959236647993,0.5689940283456333
7991,Richard Molina,M,27,EU,2021-05-14,Gold,32,False,176.10568298240995,0.41484983467282804
7992,Rebecca Torres,F,35,USA,2020-06-08,Bronze,43,True,122.55294976072484,0.6169056236986434
7993,Jack Jacobs,M,21,USA,2020-12-17,Bronze,37,True,92.12873133817571,0.5399252748137231
7994,James Morgan,F,34,USA,2022-07-08,Silver,18,False,149.34524342806336,0.6223900564651801
7995,Lindsay Chavez,F,28,USA,2020-11-08,Bronze,38,True,95.7068267793006,0.7488655907397577
7996,Mr. Jeremy Cohen Jr.,F,20,USA,2021-10-17,Bronze,26,False,113.94785491516228,0.2673153438631458
7997,Kathryn Perry,F,19,USA,2020-01-11,Bronze,48,False,116.60762441814323,0.44260586243369615
7998,Jeffery Richards,F,21,EU,2019-12-07,Gold,49,True,138.03504251152714,0.3855726270112866
7999,Chad Morales,F,30,Other,2023-05-23,Silver,7,False,77.09401910157203,0.8207363388236708
8000,Tammy Alexander,F,34,USA,2022-11-07,Silver,14,False,169.64596138944023,0.5895939573932613
8001,Alexander Cox,F,35,Asia,2020-11-12,Bronze,38,True,95.7467582435807,0.5430744144313544
8002,Brett Stephens,M,36,EU,2021-01-16,Gold,36,True,226.2209262345433,0.679396734303432
8003,Karen Mitchell,M,25,USA,2020-07-13,Bronze,42,False,94.3893632815386,0.5018639079376289
8004,Carol Taylor DDS,F,43,Other,2023-02-15,Silver,10,False,165.62486093703492,0.569999910700314
8005,Pam Roberts,F,28,EU,2019-11-19,Platinum,50,True,291.8828934172301,0.43159240564130696
8006,Benjamin Phillips,M,37,USA,2022-09-03,Silver,16,False,128.41402923007772,0.2953305667702544
8007,James Snyder,M,31,Asia,2022-12-11,Silver,12,False,138.102266860028,0.634619543082947
8008,Daniel Phillips,F,36,USA,2021-12-24,Bronze,24,False,96.63079051548728,0.35602712068951864
8009,Andrea Bryant,F,30,EU,2019-08-08,Bronze,53,True,112.2247591157519,0.6122896669036475
8010,Melinda Thompson,M,36,USA,2020-10-08,Gold,39,True,193.13520920068257,0.6625451606476429
8011,Jade Phillips,F,32,Asia,2020-10-12,Bronze,39,False,78.56219100858392,0.1633327343594284
8012,Kyle Mooney,Other,41,EU,2021-06-03,Gold,31,True,266.58806488420555,0.65672276624875
8013,Christine Leblanc,F,24,EU,2019-03-20,Silver,58,True,159.3406828366008,0.5381859583150395
8014,Alexander Wright,F,18,USA,2021-05-28,Bronze,31,True,127.22024833251409,0.35453242411965813
8015,Joshua Cunningham,M,23,EU,2023-11-02,Silver,2,False,117.2247734949336,0.23903445528881712
8016,Stephanie Mcintosh,F,43,Asia,2023-11-27,Bronze,1,False,94.92804492014112,0.4893761643863497
8017,Juan Chan,F,31,EU,2020-11-03,Bronze,38,True,103.81741651488407,0.47321135812177345
8018,Allen Weaver,F,33,EU,2023-11-16,Bronze,1,False,113.15859537044493,0.6638060385553981
8019,Mr. Martin Morales,M,22,EU,2021-07-21,Bronze,29,False,62.25104488777475,0.5097113387353762
8020,Ryan Cannon,M,33,Asia,2022-04-19,Gold,20,False,125.69079739446725,0.33684608857599274
8021,Catherine Crane,M,22,EU,2023-10-20,Bronze,2,False,86.77289885361026,0.26693983186847137
8022,Michelle Gould,M,24,Asia,2021-12-07,Silver,25,True,166.4047113823214,0.5219659504362189
8023,Mathew Olson,F,28,Asia,2022-11-19,Bronze,13,False,86.54319888198195,0.5006360516928245
8024,Gary Walker,F,37,EU,2022-11-01,Silver,14,False,146.191126434227,0.6980623709062834
8025,Terry Williams,F,38,USA,2023-11-13,Silver,1,False,151.5555567475734,0.42622282896817565
8026,Melissa Riley,F,38,EU,2019-09-14,Bronze,52,False,83.43345891254982,0.5628017740393161
8027,Jesse Anderson,M,18,Asia,2023-04-01,Gold,9,False,258.5681340457511,0.4800839438553282
8028,John Stone,F,32,USA,2023-06-04,Gold,7,False,168.19740469485544,0.09465127338136692
8029,Joshua Griffin,F,31,EU,2019-10-17,Silver,51,False,88.0465039525828,0.6074069583673753
8030,Virginia Morales,F,18,Asia,2023-07-06,Gold,5,False,160.7060135418542,0.4360853062123755
8031,Ronald Cook,F,33,USA,2021-11-20,Silver,25,False,124.99319455856428,0.5988678893532917
8032,Louis Tyler,F,30,EU,2019-08-21,Gold,53,True,206.94596820174925,0.5253864630982917
8033,Mary Wall,F,38,USA,2021-03-06,Bronze,34,True,104.50060659995881,0.35168428582463596
8034,Dustin Mendez,M,33,USA,2022-11-02,Bronze,14,False,111.73578525481166,0.47386537236914655
8035,Amy Martin,F,27,Asia,2019-11-17,Platinum,50,True,412.7664572776605,0.495295054777615
8036,Ashley Martinez,F,42,USA,2022-05-26,Bronze,19,False,100.56742962368364,0.5276021019402662
8037,Scott Gibbs,M,18,USA,2020-12-16,Bronze,37,True,116.89008614012774,0.5768490810271162
8038,Heather Rojas DDS,F,32,Asia,2020-08-12,Bronze,41,False,91.0998010406866,0.5045772283267304
8039,Ashley Shepard,F,18,USA,2021-11-12,Bronze,26,True,105.79113808422926,0.7619316057035261
8040,Jessica Vasquez,F,23,Other,2022-11-18,Bronze,13,False,93.027510941008,0.6260807716436179
8041,Melinda Rosario,F,38,Other,2022-04-16,Silver,20,False,145.52076067375003,0.6493977020146493
8042,Jennifer Sanchez,F,20,USA,2019-03-06,Platinum,58,False,309.98097251371644,0.6237382773932202
8043,Christina Davis DDS,M,18,USA,2020-12-13,Bronze,37,True,119.6779619475214,0.511463097310907
8044,Mrs. Heather Meyers,M,56,Asia,2021-11-26,Silver,25,True,148.3849697650768,0.6097778458398898
8045,Nicole Garcia,F,19,EU,2021-04-25,Bronze,32,True,98.8680967569909,0.6873215597531898
8046,Lisa Robinson,F,49,USA,2019-11-16,Bronze,50,True,106.26996968983016,0.518903202124424
8047,Katie Davis,F,31,Asia,2019-12-24,Silver,48,True,176.3577431546778,0.6576132832496429
8048,Christine Farrell,M,27,USA,2021-11-10,Gold,26,False,143.6782257063195,0.3046645442834086
8049,Mariah Eaton,M,38,Asia,2019-11-11,Bronze,50,True,104.87822153112774,0.6648516693508488
8050,Joseph Gould,F,46,USA,2022-04-01,Bronze,21,False,73.37818503878465,0.38435843804471437
8051,Ashley Clark,M,21,USA,2021-04-21,Bronze,32,False,126.18421408973317,0.30434011634697367
8052,Kathryn Simmons,F,27,USA,2023-10-07,Gold,2,False,213.5498513259298,0.45813537503782636
8053,Colin Vega Jr.,F,41,Other,2020-12-24,Bronze,36,True,124.53172116285229,0.5311068248752112
8054,Robert Vazquez,F,35,EU,2020-06-23,Bronze,42,True,66.70327164136307,0.5502118448118305
8055,Bryan Monroe,M,44,Asia,2023-12-17,Gold,0,False,193.24478717388172,0.6935734208064386
8056,Louis Rose,F,38,USA,2023-12-12,Silver,0,False,176.11070833867169,0.4164175507128829
8057,Andrew Abbott,F,51,USA,2022-11-20,Gold,13,False,256.16546638378634,0.7466012856834765
8058,Lance Brown,M,34,USA,2021-11-20,Gold,25,True,214.01777266566802,0.7469207276441787
8059,Christopher Howard,M,35,EU,2019-10-15,Bronze,51,True,91.4474333099845,0.5338439432304132
8060,Jose Cook,M,36,EU,2020-11-09,Silver,38,True,141.90227373577176,0.3758733246782938
8061,Michael Mckee,M,31,EU,2023-08-28,Bronze,4,False,79.157133211801,0.8736208179800602
8062,Cynthia Harper,F,41,USA,2021-10-22,Platinum,26,True,387.7668029521342,0.7587307776192644
8063,Olivia Martinez,F,35,Other,2019-05-06,Bronze,56,True,113.0260048164121,0.5285687274509437
8064,Mr. Nicholas Munoz,Other,40,USA,2020-11-05,Silver,38,True,144.62131251257046,0.29566656565968086
8065,Thomas Waters,F,42,Other,2021-09-05,Bronze,28,True,110.87872338938494,0.5930761651108731
8066,Ashley Stokes,F,37,USA,2020-11-09,Bronze,38,False,97.79093862559442,0.41151247174196953
8067,Kyle Singh,M,38,EU,2022-12-02,Bronze,13,False,93.97312505042996,0.6311007230060326
8068,Spencer Jones,F,22,USA,2020-11-10,Silver,38,False,127.33753560403498,0.534425398030626
8069,Vicki Fry,F,27,EU,2022-02-05,Bronze,23,False,85.24162994827282,0.2605942329968918
8070,Johnny Fisher,F,41,EU,2022-10-17,Bronze,14,False,107.61365093869377,0.32300561258666804
8071,Timothy Fuentes,F,47,EU,2022-11-21,Bronze,13,False,120.95075014109638,0.3856734464339326
8072,Michelle Sullivan MD,F,18,EU,2019-06-04,Bronze,55,True,93.27193897571053,0.7461348227604557
8073,Jennifer Duncan,F,27,Asia,2019-07-04,Silver,54,True,126.2148769872667,0.4025099608103271
8074,David Summers,F,33,EU,2022-10-13,Bronze,14,False,119.04911817379694,0.15893720484302792
8075,Kristen Flores,M,24,Asia,2021-11-20,Bronze,25,False,101.5807696923979,0.46976132405201976
8076,James Parsons,F,24,USA,2022-12-19,Silver,12,False,83.03195599664562,0.4607969723532257
8077,Alexa Ingram,F,37,EU,2021-11-06,Silver,26,True,128.8419964042712,0.738471650398765
8078,James Stanley,M,48,EU,2020-03-19,Silver,46,True,164.05701215633064,0.7271847275356569
8079,Tyler Williams,M,18,USA,2019-07-22,Platinum,54,True,252.61600107348838,0.3036856541713606
8080,Melissa Torres,F,31,EU,2021-03-16,Bronze,34,True,101.02376273279508,0.5590128254065909
8081,Lauren Marshall,M,37,USA,2021-11-06,Gold,26,True,150.23026170275267,0.618762498884248
8082,Suzanne Johnson,M,40,USA,2021-06-11,Silver,31,True,137.65659929779372,0.4818271965000742
8083,Miss Sharon Park,F,36,USA,2023-03-10,Silver,9,False,117.392874592183,0.5264117910909701
8084,Mark Mcclain,F,50,USA,2019-02-18,Silver,59,True,113.0497561039045,0.6658404052834237
8085,Tracy Frost,F,33,EU,2023-03-09,Bronze,9,False,84.82716369555104,0.5439109685314268
8086,Jordan Jones,M,46,EU,2020-05-10,Bronze,44,True,117.45267528058497,0.6005720978687328
8087,Victor Ruiz,M,26,Other,2021-07-15,Silver,30,True,162.50816548017755,0.7110335263382759
8088,Jodi Mendoza,M,33,Asia,2019-12-24,Bronze,48,True,141.03646014236952,0.43301446214662426
8089,John Perez,M,20,USA,2019-01-14,Silver,60,True,132.06713498522282,0.6194187327373862
8090,Adam Gillespie,M,42,Asia,2019-01-16,Silver,60,False,180.57565254943904,0.43333688618331734
8091,Matthew Lucas,F,31,Asia,2021-12-07,Bronze,25,True,137.1641767421405,0.6610301511078293
8092,Theresa Davis,F,36,EU,2022-11-25,Bronze,13,False,122.35918525374764,0.4067909545749775
8093,Sherry Franco,M,29,EU,2022-03-08,Bronze,22,False,122.7141183609951,0.5651775276460069
8094,Robert Jenkins,M,38,Other,2022-03-25,Bronze,21,False,102.4160051548604,0.46581095403443024
8095,Cathy Young,F,36,EU,2023-02-08,Bronze,10,False,104.62985832118919,0.588054336646888
8096,Steven Davis,F,23,Other,2021-01-13,Bronze,36,True,81.57798365860418,0.37328243493446844
8097,Mariah Collins,M,23,USA,2020-05-19,Bronze,44,True,46.55891462871512,0.4583664121853106
8098,Edward Stanton,F,32,USA,2023-11-10,Bronze,1,False,104.0877369964877,0.4921044815986463
8099,Debra Caldwell,M,39,EU,2019-05-01,Bronze,56,True,80.80959584730158,0.33882322717914415
8100,Brooke Ramirez,M,51,EU,2022-08-27,Platinum,16,False,274.4949801521706,0.4088569420207877
8101,Nicole Smith,M,36,Asia,2019-12-22,Platinum,49,True,250.435375787657,0.2540561239988155
8102,Jessica Bell,F,43,Other,2023-08-28,Bronze,4,False,106.48143946648595,0.5565755363680522
8103,Ann Barnett,M,18,USA,2022-02-16,Bronze,22,False,96.00787799047501,0.6191308565888667
8104,Mary Whitney,M,53,USA,2021-02-03,Bronze,35,False,125.14774249787376,0.29129125594826694
8105,Donald Salazar,M,39,Asia,2022-08-03,Bronze,17,False,85.5362282629042,0.32433074265541106
8106,Ashley Simpson,F,32,EU,2022-10-06,Silver,15,False,155.41723875054592,0.35617826877044784
8107,Joshua Mann,M,31,USA,2022-11-26,Bronze,13,False,96.17792977331898,0.30899567952199414
8108,Julie Flores,M,21,EU,2023-02-12,Bronze,10,False,94.11555278745364,0.5599033407601056
8109,Brandi Roberson,M,24,Asia,2022-07-25,Gold,17,False,196.91977361242797,0.3962264212697917
8110,Melinda Hanson DDS,M,52,Asia,2023-06-05,Gold,7,False,260.8198661359757,0.5375296960747531
8111,Janice Jones,F,23,EU,2019-11-16,Platinum,50,True,350.5852343578002,0.3878724264800666
8112,Penny Johnson,M,22,USA,2021-08-17,Bronze,28,False,90.87387959463861,0.44894223420622525
8113,James Jensen,M,25,Other,2022-06-10,Gold,19,False,175.56978157056375,0.6557738420858468
8114,Kenneth Branch,F,21,EU,2023-09-07,Silver,3,False,126.52962222351323,0.3266754626106147
8115,Tyler Allen,M,33,EU,2022-10-25,Silver,14,False,153.4694010698053,0.41572193256311574
8116,James Aguilar,M,43,USA,2022-07-10,Gold,18,False,139.35308998534987,0.562649528635784
8117,Jessica Thompson,M,26,Asia,2022-05-02,Gold,20,False,191.37901225719904,0.45222212199682466
8118,Gregory Hall,F,19,USA,2020-02-15,Silver,47,True,161.4620092099373,0.5282982281889426
8119,Keith Davis,F,35,USA,2021-04-25,Bronze,32,False,85.49092275246994,0.5002604533428134
8120,Rodney Patton,F,32,EU,2021-04-21,Bronze,32,True,100.81301228400652,0.27398998394956164
8121,Michael Houston,F,43,USA,2023-12-17,Silver,0,False,157.96200536702366,0.709862417234613
8122,Rachel Torres,F,28,EU,2019-12-04,Gold,49,False,129.5121908855161,0.4850995347328987
8123,Mark Hernandez,F,30,USA,2019-05-08,Silver,56,False,156.19285361492496,0.7392160532449658
8124,Jeff Thompson,F,31,EU,2019-03-19,Bronze,58,False,90.82272745042283,0.550711727789656
8125,Debra Lee,M,33,USA,2022-06-21,Bronze,18,False,136.9496024075584,0.6974991547189695
8126,Megan Ryan,M,29,USA,2023-11-02,Bronze,2,False,103.96221716375396,0.6533414489456209
8127,David Clark,F,27,USA,2022-12-21,Gold,12,False,163.24381717812616,0.6843322889816046
8128,Todd Rojas,Other,18,Other,2020-12-16,Bronze,37,True,63.65898170915112,0.46658218965542353
8129,Steven King,M,27,Asia,2023-11-14,Silver,1,False,148.5130543441177,0.7680679064292876
8130,Jeffrey Stokes,F,40,USA,2023-01-12,Gold,11,False,252.24301906261942,0.42920049455869275
8131,Casey Wright,F,41,Asia,2023-10-09,Bronze,2,False,87.89870310674787,0.5544032576434235
8132,Janet Oliver,M,28,EU,2020-11-12,Gold,38,True,212.58423975823138,0.6294696846729806
8133,Gary Smith,M,45,Other,2023-10-03,Gold,3,False,229.6109239921445,0.9758370219748707
8134,Gerald Wall,F,32,USA,2020-11-23,Bronze,37,True,113.75698272298413,0.6640897900927838
8135,Hannah Dickson,M,19,EU,2019-11-13,Bronze,50,True,99.91905730742211,0.4210878012793732
8136,Madeline Boyle,F,18,USA,2023-11-06,Silver,1,False,130.25250163784509,0.540403581175155
8137,Virginia Lynch,F,45,USA,2022-12-02,Bronze,13,False,94.80656530945457,0.298053870287441
8138,Tammy Bridges,F,29,Other,2021-03-07,Silver,34,True,117.9054389940049,0.7204882583808225
8139,Danielle Simmons,M,20,EU,2020-06-26,Silver,42,True,121.71743240510395,0.030982817427628873
8140,Shelly Henderson,F,18,USA,2019-03-20,Bronze,58,True,119.79450961483916,0.4741275695827148
8141,Frank Davis,M,29,USA,2019-09-14,Bronze,52,False,106.70253538775486,0.8293548897363108
8142,Jennifer Williams,M,37,Asia,2021-07-06,Bronze,30,False,105.75255573898404,0.6139674510105463
8143,Robert Mills,F,26,EU,2023-11-23,Bronze,1,False,85.65357727051862,0.573466854748271
8144,Philip Yates,M,22,USA,2022-02-09,Silver,23,False,185.91878492062042,0.32122881816375765
8145,Chad Romero,M,27,Other,2021-11-07,Silver,26,True,143.02689741037526,0.6996259159974305
8146,Timothy Odom,M,45,USA,2023-12-19,Bronze,0,False,102.62449887893386,0.3628372292528704
8147,Lisa Morales,F,19,USA,2023-02-25,Silver,10,False,184.94582347708672,0.3640788650254039
8148,Victor Jordan,M,26,Other,2020-12-16,Bronze,37,True,85.54619777522714,0.6993630247912286
8149,Lisa Scott,F,45,USA,2022-04-13,Gold,20,False,174.5870030702422,0.3578520518520497
8150,Michael Ellis,F,37,USA,2022-11-06,Bronze,14,False,120.67171887012765,0.2804786326586526
8151,Maria Brennan,F,34,EU,2020-11-04,Bronze,38,False,116.27831949405324,0.35539271958213015
8152,Jessica Williams,F,26,Asia,2023-05-12,Silver,7,False,160.30979857041575,0.5283765524281049
8153,Lisa Odonnell,M,33,USA,2023-01-26,Silver,11,False,84.66770297571819,0.4246294646525594
8154,Victor Lewis,M,27,Other,2022-09-21,Bronze,15,False,125.58238375357874,0.7725051289978323
8155,Rebecca Tapia,M,24,Asia,2022-01-10,Bronze,24,False,87.80021800538881,0.505129432008811
8156,Joan Rogers,M,22,USA,2022-01-16,Bronze,23,False,88.40166666295809,0.3139725725813885
8157,Mr. Jeffrey Nguyen,F,40,Asia,2022-10-01,Bronze,15,False,95.99773907556207,0.21980041339720652
8158,Angela Luna,M,32,USA,2023-09-12,Bronze,3,False,76.0426938917033,0.6350711964356025
8159,Alejandro Davis,M,36,EU,2022-02-20,Silver,22,False,186.55396167800887,0.5450373271528717
8160,Eduardo Hart DDS,F,34,Asia,2023-05-19,Gold,7,False,206.88865634714617,0.5912566785978709
8161,Duane Clark,F,37,Other,2020-08-22,Silver,40,True,170.9814271809177,0.43595956973242916
8162,Lisa Bowman,F,30,USA,2019-11-25,Bronze,49,True,84.50813591860712,0.5231298752691343
8163,Jose Smith,F,28,EU,2020-08-19,Gold,41,False,239.46469380027995,0.6785968323579825
8164,Tammy Nguyen,F,24,EU,2020-08-28,Bronze,40,False,128.47373381462114,0.5008297208026827
8165,Maria Harrington,F,18,USA,2021-10-21,Bronze,26,True,74.50953485555205,0.3279057448158832
8166,Michael Gibbs,M,21,USA,2020-12-18,Silver,36,False,116.25017532874962,0.608416625428114
8167,Greg Williams,Other,29,USA,2021-07-09,Bronze,30,False,83.8958541305944,0.4476570847760468
8168,Nicole Baker,F,18,EU,2021-08-24,Bronze,28,True,118.49498258991198,0.6449294355452477
8169,Justin Jones,M,19,EU,2021-06-26,Bronze,30,False,103.61996372164965,0.5038207640847969
8170,Kimberly Jackson,M,43,USA,2020-11-04,Bronze,38,False,98.67492864458377,0.6292724912662341
8171,Jeremy Turner,F,35,Asia,2019-07-11,Bronze,54,True,107.34531555604849,0.5760531566083286
8172,Carlos Brown,F,28,Asia,2021-11-24,Silver,25,True,207.96428838344877,0.6947028142762874
8173,Shannon Ryan,M,55,EU,2022-03-16,Bronze,21,False,65.08532445567022,0.6443112918523639
8174,Yvonne Patterson,M,18,USA,2022-06-26,Bronze,18,False,93.80130945296156,0.304278749573419
8175,James Rivas,F,42,EU,2023-05-20,Bronze,7,False,38.47232562759335,0.218955209428627
8176,Rachel Soto,F,31,USA,2022-11-02,Gold,14,False,220.26477303392494,0.4884569092543249
8177,Danielle Lucas,M,40,USA,2022-02-09,Bronze,23,False,121.74020425323266,0.5902733221572622
8178,Olivia Russell,M,34,Asia,2021-05-18,Bronze,31,True,93.86674190225023,0.3911989284140732
8179,Amber Cruz,F,18,USA,2020-10-17,Silver,39,True,169.5834155287535,0.5668487457313282
8180,Gregory Smith,M,33,USA,2022-02-17,Bronze,22,False,69.28101061212712,0.5605285868710049
8181,Alison Miller,F,36,USA,2020-01-14,Bronze,48,True,109.5731024567724,0.489052140774549
8182,Jessica Lane,M,18,USA,2019-11-13,Silver,50,True,223.64020771663732,0.40480366853431493
8183,Angela Drake,M,52,USA,2022-11-19,Bronze,13,False,92.36060957653265,0.347093757085172
8184,April Carter,M,36,Other,2019-02-26,Bronze,59,False,108.34953760180875,0.871876081885824
8185,Shannon Hernandez,M,39,USA,2019-11-23,Bronze,50,True,88.20150310672027,0.18189125397672246
8186,Michelle Stevens,M,21,USA,2023-12-06,Bronze,0,False,103.51976289852139,0.3141735963554292
8187,Olivia Williams,M,39,USA,2020-12-12,Platinum,37,True,366.46541916974076,0.8900690992413369
8188,Garrett Thomas,F,43,Other,2020-01-13,Bronze,48,True,111.98485923676027,0.3450471008256901
8189,Nicole Lewis,M,35,EU,2023-11-03,Bronze,1,False,97.9531623358318,0.4156038871882676
8190,Douglas Fuller,F,32,USA,2021-11-16,Gold,25,True,195.24365772119722,0.6020111153053707
8191,Jordan Harper,M,24,Asia,2023-12-21,Bronze,0,False,75.96744919820888,0.5721605491090914
8192,Michelle Hall,F,30,USA,2023-12-10,Bronze,0,False,120.36293961455738,0.5664593348282786
8193,Megan Hernandez,M,27,USA,2023-02-22,Silver,10,False,172.47418278205225,0.7243099819728785
8194,Jeremiah Fisher,M,38,USA,2019-01-10,Silver,60,True,112.33686816405292,0.35629280462204205
8195,Ryan Barrera,F,24,USA,2020-10-18,Silver,39,True,155.27656330067933,0.5262436391371303
8196,Daniel Martinez,F,38,USA,2021-06-03,Bronze,31,True,81.46269830033133,0.4919454682330636
8197,Douglas Howard,F,24,EU,2022-09-13,Gold,15,False,181.77813964557672,0.3681456114015094
8198,Jeffrey Leonard,F,30,USA,2022-02-16,Bronze,22,False,116.23221387107978,0.5155627426004459
8199,Jasmine Hahn,F,39,EU,2022-12-04,Bronze,13,False,119.79263797725193,0.5840511420155163
8200,Erik Williams,M,25,USA,2021-11-24,Bronze,25,True,114.22277846060663,0.587732777763355
8201,Susan Melendez,F,39,USA,2022-10-11,Silver,14,False,141.88123808341834,0.6604154156579871
8202,Robin Baker,F,38,EU,2021-09-17,Silver,27,True,163.81671041612475,0.4939981679141031
8203,Raymond Brooks III,Other,30,Other,2022-11-25,Silver,13,False,126.82234104197215,0.3488948230523765
8204,David Mitchell,F,44,USA,2022-12-01,Silver,13,False,172.5833065054491,0.2923882311321896
8205,Felicia Matthews,M,33,EU,2021-08-12,Bronze,29,True,99.63468155787525,0.43078833048156334
8206,Jill Stevens,M,44,USA,2020-07-03,Bronze,42,True,90.50355271083953,0.2971006298394279
8207,Roger Johnson,F,50,USA,2021-11-19,Silver,25,True,128.13591804486163,0.3933940909161756
8208,Cynthia Price,F,30,USA,2021-11-09,Bronze,26,True,113.5687956771039,0.32272736974645205
8209,John Johnson,F,39,USA,2023-10-19,Bronze,2,False,97.2622720571567,0.4017776772180238
8210,Alison Delacruz,F,26,USA,2019-06-19,Gold,55,True,180.41631225263035,0.7675168642439316
8211,Henry Parker,M,22,USA,2019-08-18,Silver,53,False,135.19742226459908,0.4814982514604459
8212,Curtis Davis,M,31,Asia,2020-09-20,Bronze,39,True,75.13329533787291,0.7358429351816238
8213,John Clark,M,19,USA,2020-01-11,Silver,48,False,154.9957640434927,0.5626511934796656
8214,Amy Chapman,F,23,EU,2020-11-24,Silver,37,False,158.61978636548488,0.40663629047346583
8215,Maria Williams,F,38,USA,2019-10-22,Bronze,51,True,70.3664615823497,0.48150566189814514
8216,Nancy Hogan,M,27,EU,2020-11-01,Bronze,38,False,78.47898544994297,0.2523977068375997
8217,Howard Hunter,F,40,EU,2020-04-21,Bronze,45,True,67.03692087899714,0.4503350559055693
8218,Dylan Baker,M,35,USA,2021-10-12,Bronze,27,True,124.0923082436201,0.30337463135224174
8219,William Mcbride,M,51,USA,2021-12-11,Bronze,25,True,112.3667193717685,0.5897828521536608
8220,Jenny Sanchez,F,38,Asia,2019-05-10,Gold,56,True,244.15976422768682,0.4347663058743445
8221,Suzanne Hancock,M,44,Asia,2021-07-11,Bronze,30,False,132.4053948808758,0.45445817475886724
8222,Jason Riggs,F,37,USA,2020-08-08,Gold,41,True,217.5697272295382,0.4373098077646441
8223,Suzanne Lambert,F,36,USA,2021-08-17,Bronze,28,True,98.79837040992994,0.6347590763593457
8224,Tyler Green,F,44,Asia,2023-11-06,Bronze,1,False,103.90431160043744,0.36652463889914966
8225,Zachary Doyle,M,39,USA,2021-08-27,Gold,28,False,174.21076897201442,0.3566238639614482
8226,Noah Briggs,M,35,EU,2019-11-07,Bronze,50,False,83.92843905100112,0.5513895189474499
8227,Nicole Ward,F,35,USA,2020-10-05,Gold,39,False,183.1804851513834,0.6629492032118337
8228,Blake Norris,F,38,USA,2020-03-04,Bronze,46,True,95.03738664924818,0.54969180228348
8229,Latoya Fitzgerald,F,26,EU,2019-12-07,Gold,49,False,133.59231361092333,0.8280279687036987
8230,Wendy Miller,M,25,EU,2021-05-16,Bronze,32,False,75.27151665994859,0.3598618045387476
8231,Stephen Shaw,M,47,USA,2020-10-25,Bronze,38,False,74.59384210265256,0.17501637788471147
8232,Jo Hickman,F,51,EU,2020-02-04,Silver,47,True,110.63350305532325,0.5730845491334068
8233,Billy Cross,F,23,Asia,2023-12-03,Silver,0,False,169.11946875080886,0.47700702304384973
8234,Jeffery Davis,M,26,EU,2019-12-14,Bronze,49,True,93.3121847168081,0.5707345648347877
8235,Maria Dixon,M,44,USA,2021-07-26,Platinum,29,False,288.4341846166096,0.6284563156280322
8236,Diana Murray,F,38,EU,2021-03-04,Silver,34,True,161.48365257426565,0.27119703179420246
8237,Jennifer Curtis,M,39,Asia,2020-11-21,Bronze,37,True,116.45667025438132,0.4569947259934111
8238,Janet Mcclure,M,41,Asia,2022-05-09,Bronze,20,False,109.11296755621672,0.5879090845746111
8239,Alexis Watson,M,30,EU,2023-11-11,Bronze,1,False,132.75440125782447,0.5383230730132005
8240,Jared Spence,M,36,USA,2023-12-01,Bronze,1,False,100.79150562501229,0.47359934404801557
8241,Alice May,F,35,Asia,2023-11-09,Bronze,1,False,103.94566175191251,0.6107375866932877
8242,Nathan Miles,M,24,EU,2020-11-25,Silver,37,True,131.84252118020208,0.6494971210355961
8243,April White,M,36,USA,2019-05-08,Silver,56,False,93.17322131708353,0.1923228474139947
8244,Kathleen Odonnell,M,45,EU,2019-12-15,Bronze,49,False,101.5798053637159,0.7363673435765612
8245,Emily Massey,M,29,USA,2023-05-26,Bronze,7,False,117.27768640361343,0.3165807544502062
8246,Lisa Henderson,F,34,EU,2022-05-24,Platinum,19,False,255.4628222721162,0.5893164017016571
8247,Andrea Brown,M,35,USA,2022-12-08,Bronze,12,False,89.78409138233467,0.45040990506408474
8248,Shawn Patel,F,30,EU,2021-10-20,Bronze,26,False,119.20730944434516,0.6882397252157175
8249,Eric Parker,M,39,Other,2022-02-07,Silver,23,False,148.53038484108183,0.6081597477717439
8250,Cindy Garza,M,26,Asia,2023-02-14,Silver,10,False,122.29968521048322,0.5883992440237134
8251,Jesse Yang,M,46,Other,2021-08-18,Platinum,28,False,242.52367468703693,0.5332983992718345
8252,Dean Evans,M,39,Other,2023-10-03,Platinum,3,False,339.37818148970143,0.41940231087889107
8253,Carl Lopez,F,23,USA,2019-09-15,Gold,52,True,194.7530911148313,0.35148679891010276
8254,Diane Smith,M,49,EU,2023-08-24,Bronze,4,False,97.09324073648705,0.2925431026979103
8255,Shelly Jackson,F,34,EU,2021-12-20,Bronze,24,False,72.40571232597748,0.4061463864430606
8256,Rachel Castillo,M,25,Asia,2023-08-26,Silver,4,False,164.31022812252286,0.6368197354254032
8257,Hunter Miller,M,44,USA,2020-05-27,Bronze,43,False,120.64954962362525,0.34971147782290923
8258,Melanie Fischer,M,37,Other,2021-05-06,Bronze,32,True,92.75172941355042,0.6813528109672689
8259,Eric Camacho,F,18,EU,2022-08-28,Bronze,16,False,108.18651102401759,0.34612879029946675
8260,Eric Harris DVM,M,27,Asia,2019-11-15,Bronze,50,True,91.86241103995526,0.4753417029294164
8261,Angela Craig,M,35,USA,2022-12-14,Bronze,12,False,111.8772548206191,0.5676647446447178
8262,Henry Brooks,M,18,USA,2023-10-11,Bronze,2,False,109.87695543284428,0.653981117834848
8263,Tony Barnes,M,33,Asia,2022-09-08,Bronze,16,False,92.31382022214018,0.4450108476968192
8264,Robert Bailey,F,34,USA,2021-11-08,Gold,26,True,114.909867499101,0.5721872912648153
8265,Taylor Parsons,F,21,Asia,2020-12-05,Silver,37,True,126.01631243203934,0.5318857481015516
8266,Christopher Wilson,F,35,USA,2022-11-16,Gold,13,False,213.78458387279318,0.46253317075229045
8267,Erin Mcdowell,F,33,EU,2023-03-27,Bronze,9,False,117.67954757490548,0.34419694731162853
8268,Amy Ray,F,21,USA,2022-12-07,Bronze,13,False,87.90528224672254,0.566006707470639
8269,Stephen Leon,M,42,EU,2022-10-01,Bronze,15,False,126.89060006352467,0.5041794594470743
8270,Christopher Bolton,F,41,EU,2021-04-05,Silver,33,True,194.813551039799,0.4520684564816034
8271,Erin Aguirre,M,30,USA,2023-05-03,Gold,8,False,227.93348940759492,0.5172163486647198
8272,Valerie Rodriguez,M,31,USA,2023-03-13,Bronze,9,False,77.28024607920504,0.5856733616719303
8273,Peter Thompson,F,40,USA,2020-12-20,Gold,36,True,228.45439027648425,0.24801887104477405
8274,Terri Davis,F,30,EU,2021-02-17,Silver,34,False,133.847941596521,0.41806171490671973
8275,Joseph Blevins,F,18,EU,2021-11-01,Bronze,26,False,88.13522091163311,0.3538722490335512
8276,Steven Cannon,F,37,Asia,2019-07-19,Silver,54,True,163.58921862030166,0.36522134737498435
8277,Wendy Horne,M,24,EU,2020-02-04,Silver,47,True,162.85674363137292,0.381664495771011
8278,David Cruz,M,29,EU,2020-08-13,Bronze,41,False,109.12076016969094,0.6647617450314551
8279,Michael Hendrix,M,47,USA,2023-01-19,Bronze,11,False,113.13879632779661,0.5499862955006625
8280,Thomas Garcia,F,31,USA,2023-11-18,Silver,1,False,148.29190510906682,0.33500502069847293
8281,Jacqueline Ford,F,33,USA,2020-10-11,Silver,39,True,106.53452451407321,0.5278736807053538
8282,Vanessa Boone,M,38,Other,2021-06-23,Bronze,30,False,141.6541156459292,0.5642330650124233
8283,Nancy Garcia,M,38,Asia,2019-11-26,Gold,49,True,184.3631983781186,0.44619540947478376
8284,Ernest Kennedy,M,23,USA,2023-10-09,Bronze,2,False,85.74387064790106,0.30690136454998745
8285,Brandon Miller,F,32,EU,2019-02-27,Bronze,58,True,75.70294512457176,0.33670850630372584
8286,Anita Wright,F,33,Asia,2020-08-03,Bronze,41,True,103.03373401377661,0.26207569713465584
8287,Martin Cox,M,35,EU,2021-07-16,Gold,29,False,201.42797929121048,0.8209906373508618
8288,Tiffany Flores,F,35,USA,2019-11-25,Silver,49,True,146.3904218328011,0.24070007007539607
8289,Anthony Parker,F,58,USA,2022-11-24,Silver,13,False,194.95142972672022,0.31186879760884273
8290,Jeremy Miller,M,21,EU,2020-11-21,Platinum,37,True,339.51449496367525,0.49647702481386724
8291,Stephanie Jensen,F,42,Other,2021-07-27,Silver,29,True,119.46940481632794,0.22589101209676254
8292,Jennifer Austin,M,44,EU,2020-03-28,Bronze,45,True,141.47765256006642,0.3261721188788904
8293,Randy Flores,M,37,USA,2020-11-22,Silver,37,False,104.54236888068183,0.5172394140286862
8294,Ryan Reynolds,M,26,USA,2019-05-17,Silver,56,True,146.52754484540367,0.5304801503209372
8295,Elizabeth Travis,F,49,Asia,2019-01-13,Bronze,60,True,85.39556855605893,0.5614577666102197
8296,Richard Harmon,F,18,Asia,2022-05-06,Bronze,20,False,107.40958697087152,0.6073170676200373
8297,Kevin Thomas,M,26,EU,2023-11-25,Silver,1,False,169.08412363666972,0.49395070107997474
8298,Shannon Harper,F,44,EU,2022-11-07,Bronze,14,False,91.74195942319778,0.3966693839015636
8299,Anthony Parker,M,29,USA,2021-12-09,Bronze,25,True,121.00909383690616,0.5686095558494282
8300,Luke Gross,F,48,Asia,2021-11-21,Silver,25,True,155.97205242258076,0.7085755076113887
8301,Jason Garcia,F,18,Asia,2020-09-05,Gold,40,True,258.44015543749276,0.5926460697811353
8302,Janet Davidson,M,21,USA,2019-05-05,Bronze,56,True,118.58152041754343,0.3704360680329094
8303,Anna Brown,M,27,Asia,2020-11-22,Bronze,37,True,90.57498858765236,0.5921246055287555
8304,Sara Park,F,37,USA,2023-08-15,Silver,4,False,181.65518412361524,0.5838812010331436
8305,Brandi Beck,M,30,USA,2020-11-04,Silver,38,False,130.64266935566098,0.31443620431492925
8306,Patrick Sullivan,F,28,USA,2021-12-10,Platinum,25,False,337.5902655162319,0.4650428423475973
8307,Roger Buckley,F,47,USA,2021-07-09,Silver,30,False,165.79475541034094,0.5849929174794717
8308,Bradley Cochran,F,48,USA,2022-07-07,Silver,18,False,134.48886014704078,0.6741743526905071
8309,Mark Jackson,M,28,EU,2020-12-15,Platinum,37,True,180.3400367891573,0.4030141677820543
8310,Sara Carroll,M,18,EU,2019-08-19,Bronze,53,True,129.55422345908673,0.28140919565863265
8311,Charles Rice,M,18,EU,2023-11-10,Bronze,1,False,108.3767688493189,0.5762896914252515
8312,Kathleen Marsh,F,35,USA,2023-08-07,Silver,4,False,150.61657569134871,0.46277762243872916
8313,Nichole Smith,M,39,USA,2019-11-27,Bronze,49,True,100.37473256395675,0.5359498189242011
8314,Brenda Marsh,M,33,EU,2023-04-03,Bronze,9,False,119.49552968108259,0.5285415333096722
8315,Taylor Schultz,F,32,USA,2019-11-03,Bronze,50,True,143.70553343762805,0.5222776522455979
8316,Peter Arnold MD,F,24,USA,2019-12-20,Silver,49,True,177.08245325028395,0.4379631949667511
8317,Brooke Johnson,M,39,Asia,2022-11-28,Gold,13,False,214.7022933463085,0.6359872505957219
8318,Mary Durham,Other,49,Asia,2020-07-18,Bronze,42,True,105.71932036887766,0.3726700537078289
8319,Gerald Snyder,F,18,Asia,2021-11-24,Silver,25,True,160.92087525282506,0.5397952768233703
8320,Robert Hawkins,M,32,EU,2021-11-13,Bronze,25,True,79.9242794241786,0.5585261234673455
8321,Brianna Bailey,M,23,USA,2020-04-12,Silver,45,True,167.55096899564364,0.47067017855396154
8322,Cody Love,F,18,EU,2023-06-17,Silver,6,False,110.68237503653819,0.6189873541590876
8323,Michael Hunt,F,21,USA,2019-11-26,Gold,49,True,217.67514324891812,0.43022921979753764
8324,Maria Mccarthy,M,36,EU,2021-12-17,Bronze,24,False,90.56764539821638,0.8445224206628333
8325,Mark Black,M,37,USA,2022-06-11,Bronze,18,False,117.31476173554545,0.535489802182554
8326,James Roberts,M,47,Asia,2023-03-17,Bronze,9,False,107.6135468170278,0.6857468204814102
8327,Rick Decker,F,33,USA,2022-12-20,Silver,12,False,139.47596689403437,0.6332077953568507
8328,Jason Howard,M,18,Other,2021-11-17,Gold,25,True,159.5787261695918,0.7135313882876334
8329,John Hayes,M,30,Asia,2020-11-19,Gold,37,True,259.04771350254816,0.5132121923048432
8330,Melissa Lawson,F,19,EU,2020-11-07,Bronze,38,True,98.27272515237816,0.6690703094333392
8331,Mitchell Johnson,F,20,Asia,2022-12-19,Gold,12,False,269.59308980923396,0.718399620396162
8332,Madison Stanton,F,38,EU,2023-04-28,Bronze,8,False,75.37836029029444,0.543199660832546
8333,Erin Myers,M,34,Asia,2021-08-02,Bronze,29,True,94.94131557876288,0.39521518503215886
8334,Christina Davis,M,38,EU,2019-11-10,Gold,50,False,109.9726246908282,0.774463902727442
8335,Mark Gomez,M,29,Asia,2020-02-06,Bronze,47,True,115.12488086031625,0.5028516388395737
8336,Connie Hansen,F,40,EU,2022-12-16,Bronze,12,False,116.76361329669251,0.5117871981112077
8337,Tammy Ramos,F,28,Other,2021-07-08,Bronze,30,False,87.89799133439328,0.5405508706878622
8338,Hannah Terry,M,44,EU,2023-02-04,Bronze,11,False,86.9126104925593,0.38251595951568684
8339,Lisa Gallegos,M,36,EU,2019-04-28,Bronze,56,True,92.23139864315924,0.55102022167207
8340,James Haley,F,30,Asia,2019-04-20,Gold,57,True,190.40469191847646,0.5522340496050938
8341,Carl Pennington,F,35,Asia,2020-02-11,Bronze,47,True,88.81002112510689,0.49848658904687215
8342,Allison Davis,M,32,EU,2019-11-18,Bronze,50,True,121.61836354887967,0.4900119804864269
8343,Nicholas Lee,F,48,USA,2021-12-21,Bronze,24,False,90.62299752893743,0.46667109411838603
8344,Thomas Olson,F,35,EU,2020-03-15,Silver,46,True,93.11040078766183,0.44298222097624657
8345,Mary West,F,32,Other,2020-02-26,Silver,46,True,142.3541954111169,0.6089876678325379
8346,Nicole Gilbert,F,30,Asia,2020-09-16,Gold,40,False,179.50340633507648,0.5435519882144326
8347,Alan Murphy,F,41,Asia,2021-07-08,Platinum,30,False,221.53160579125478,0.6396817221582424
8348,Monica Vincent,F,40,USA,2022-03-17,Bronze,21,False,103.78199606320325,0.4217782915014796
8349,Rebecca Hubbard,F,30,EU,2019-12-02,Platinum,49,True,184.4369089579039,0.669169848638445
8350,Kristin Sampson,M,21,EU,2019-01-17,Bronze,60,False,107.61750191301101,0.6337158788830268
8351,Elizabeth Lawrence,M,23,Asia,2022-06-15,Bronze,18,False,99.33891602807422,0.46356280359583674
8352,Debbie Lamb,F,31,USA,2020-11-20,Silver,37,True,133.09953307064154,0.4000588442507149
8353,Tina Hall,F,46,Asia,2023-10-07,Bronze,2,False,77.08167624333532,0.5892077025357841
8354,Justin Chapman,F,30,EU,2021-07-11,Bronze,30,True,70.73254002140045,0.2620991727488964
8355,Tina Ortiz,M,27,USA,2020-12-19,Gold,36,True,235.2680978048699,0.4377447805945231
8356,Anthony Elliott,F,18,USA,2020-11-24,Silver,37,False,141.01575530228519,0.5413231575081084
8357,Beth Cross,M,48,USA,2020-06-06,Bronze,43,False,66.42579734109948,0.477527091086257
8358,Robert Scott MD,F,38,EU,2019-11-18,Silver,50,False,149.64638712685584,0.33931961425599844
8359,Robin Rice,M,40,USA,2019-03-09,Gold,58,False,189.07245791125564,0.5135586684539875
8360,Sandra Rivera,M,42,USA,2023-09-25,Gold,3,False,256.5189305863622,0.35017950015038257
8361,Brittany Macdonald,M,31,Asia,2021-11-16,Silver,25,True,137.6415306676908,0.5391128468169247
8362,Matthew Bates,F,33,USA,2020-12-13,Silver,37,True,179.382060174558,0.441285521179662
8363,Shelia Moore,M,47,USA,2019-08-23,Silver,53,True,143.43673751264632,0.4792319846731166
8364,Michelle Santana,M,34,EU,2022-03-26,Silver,21,False,114.55116672188129,0.37668988846840135
8365,Ashley Robinson,M,38,EU,2019-10-08,Silver,51,True,164.14637476243678,0.6160665344737474
8366,Daniel Kim,M,41,Asia,2020-12-26,Silver,36,True,186.52837151970806,0.47809110566026375
8367,Grace Nichols,F,39,EU,2020-11-17,Bronze,38,False,118.13778431915954,0.38929924962213236
8368,Tom Henderson,M,31,Asia,2019-11-14,Platinum,50,True,318.83773031518797,0.4818897075791218
8369,Margaret Shaw,M,32,EU,2022-07-22,Bronze,17,False,119.94573247038542,0.7602229376715655
8370,Jennifer Nguyen,F,40,USA,2022-11-09,Bronze,13,False,103.4065045685296,0.5502207888458152
8371,Karen Adams,F,40,USA,2020-12-06,Silver,37,True,152.4576821993919,0.6613803453407693
8372,Gabriel Andrews,F,44,EU,2019-08-16,Bronze,53,True,70.54778891272105,0.25824980514833
8373,Bobby Howard,F,38,USA,2021-05-03,Silver,32,False,156.36930552250283,0.47039515162946
8374,Timothy Morris,F,38,Asia,2021-10-02,Bronze,27,True,130.15905746853392,0.35001179672036353
8375,Richard Rivera,M,28,EU,2020-08-08,Silver,41,True,100.9194731210646,0.4220972025079909
8376,Tammy Graves,Other,27,USA,2022-09-27,Gold,15,False,147.51314228235276,0.38501749638120497
8377,Joshua Ellis III,F,40,USA,2021-02-04,Silver,35,True,140.18751008591906,0.6934087275944766
8378,Amy Fields,F,27,USA,2019-07-12,Bronze,54,True,72.88554768157883,0.6075394392312802
8379,Janice Clay,F,32,EU,2023-11-01,Platinum,2,False,341.0568127541139,0.3866916610286826
8380,Jessica Morris,F,46,EU,2023-08-24,Bronze,4,False,65.44915186263276,0.43029974968589657
8381,Paul Wilson,M,45,EU,2022-12-17,Bronze,12,False,113.61192845553562,0.5544289924728896
8382,Katherine Scott,M,36,USA,2023-11-18,Bronze,1,False,120.08683093877639,0.6335918959598991
8383,Louis Kelly,F,30,EU,2019-08-17,Platinum,53,True,339.4141483824823,0.6561489681275413
8384,Randall Osborne,F,31,Asia,2020-05-24,Bronze,43,False,100.40870123600259,0.5952679067072684
8385,Stephen Carr,M,41,USA,2020-11-16,Silver,38,True,166.0281305682874,0.7721190026505576
8386,Kyle Young,F,32,EU,2019-07-03,Bronze,54,True,76.89397654426918,0.5640157928570662
8387,Susan Williams,F,27,Other,2020-01-09,Bronze,48,False,105.19423745435391,0.43326509010566944
8388,Heather Gordon,M,45,USA,2019-03-27,Gold,58,True,175.26421961230048,0.37778114653524186
8389,Russell Foster,F,34,EU,2019-01-12,Silver,60,True,176.72315160905913,0.3380700316066152
8390,Andrew Blake,F,27,USA,2023-05-07,Silver,7,False,171.3068733267053,0.3185367213734547
8391,John Fowler,M,37,EU,2023-10-06,Bronze,2,False,83.79232276999879,0.6011972873060732
8392,Douglas Martinez,F,42,USA,2022-11-11,Silver,13,False,160.5497621782643,0.7386239265806328
8393,Joshua Mcgee,M,22,Other,2023-05-06,Gold,8,False,215.7246350623443,0.5157111721060053
8394,Matthew Jackson,M,30,Asia,2020-11-26,Bronze,37,False,90.51852899042825,0.7742094303154543
8395,Juan Bradley,M,30,Asia,2023-03-17,Silver,9,False,150.67366283591392,0.5041284028900612
8396,Dawn Pena,F,37,Asia,2019-11-24,Platinum,49,True,330.692395039297,0.5910344307930062
8397,Bradley Schultz,M,39,EU,2023-01-10,Gold,11,False,181.7316834328168,0.2626549307505045
8398,Amanda Smith,M,27,EU,2020-10-27,Bronze,38,True,82.28284474746846,0.6218348322569092
8399,Thomas Spencer,F,18,Asia,2022-10-03,Silver,15,False,156.8353008343272,0.40443086390670274
8400,Scott Harrell,M,43,Other,2021-11-19,Silver,25,True,194.50170255799077,0.6245901107900009
8401,David Norton,F,21,EU,2019-02-03,Bronze,59,True,96.94846244118362,0.6924666131200419
8402,Jennifer Burgess,F,35,Other,2020-10-27,Silver,38,True,139.4347040858857,0.5457208459622805
8403,Gregory Green,Other,31,EU,2020-10-25,Platinum,38,False,252.44341226835178,0.5649867329407487
8404,Alan Sanchez,F,34,EU,2021-10-21,Gold,26,True,246.00300328058924,0.5177754587161089
8405,James Gilbert,M,49,EU,2022-09-02,Gold,16,False,235.0075782118652,0.595940717349019
8406,Scott Velazquez,M,63,USA,2019-11-20,Bronze,50,True,97.0756153360479,0.7809653287776164
8407,Jennifer Graves,F,18,USA,2022-10-23,Platinum,14,False,252.75737725457276,0.5017241495369574
8408,Anthony Cook II,F,42,USA,2021-12-28,Silver,24,False,126.10092731529167,0.5247252876609959
8409,Sarah Evans,M,31,EU,2019-12-26,Bronze,48,True,82.89141935120429,0.23322893186613058
8410,Ashley Vazquez,F,43,USA,2023-11-01,Silver,2,False,135.20201755644013,0.5633095231049708
8411,Samantha Bailey,M,42,EU,2022-12-18,Gold,12,False,177.56923975080568,0.3828321944053209
8412,Mark Vega,F,47,Other,2023-05-08,Bronze,7,False,85.23827042630789,0.47032492718366076
8413,Holly Williams,F,35,USA,2019-11-24,Gold,49,True,244.60508818271236,0.5716072554798948
8414,Dr. Tiffany Booker,Other,24,EU,2021-09-19,Gold,27,False,263.41058390161527,0.25759503989559257
8415,Sarah Banks,F,42,USA,2023-04-05,Bronze,9,False,78.21356913567124,0.5698423105724317
8416,Kristin Valencia,F,34,USA,2023-10-24,Gold,2,False,177.14597973012033,0.5376710486935552
8417,Jordan Baxter,M,30,Asia,2020-08-10,Gold,41,True,162.08374745949484,0.6054802936543296
8418,Ann Moore,F,28,EU,2019-08-09,Bronze,53,False,106.36969454508043,0.40422535076670374
8419,David Dunlap,F,43,Asia,2021-07-27,Bronze,29,False,93.20403278726013,0.6668853827090104
8420,John Hunt,F,49,USA,2020-03-18,Bronze,46,True,79.38753573785343,0.545734639490615
8421,James Griffin,F,21,EU,2022-11-26,Bronze,13,False,133.05224009027225,0.39344222647769045
8422,Sandra Guerra,M,39,USA,2021-11-24,Silver,25,True,164.63103448756613,0.2945834141904786
8423,Angela Harrington,F,29,USA,2020-10-19,Bronze,38,False,80.41105517791563,0.41878172213423015
8424,Laura Garcia,F,18,USA,2022-07-25,Platinum,17,False,390.40237431514873,0.6306106284058506
8425,Joy Brooks,M,34,USA,2021-11-05,Platinum,26,True,231.188868604576,0.5668267708121304
8426,Kenneth Watts,M,24,USA,2020-04-21,Bronze,45,True,112.28903071817182,0.17814813932325402
8427,Ricky Munoz,F,18,USA,2021-09-11,Silver,28,False,222.53523865622822,0.4500485411629854
8428,Daniel Garcia,M,25,Other,2023-11-20,Silver,1,False,146.06421398782226,0.5188050241541958
8429,Lisa Thompson,M,22,USA,2020-08-24,Silver,40,False,141.3513455997069,0.786418726337021
8430,Olivia Holmes,M,26,USA,2023-11-01,Bronze,2,False,103.35193046837702,0.6931704206266642
8431,Mary Alvarez,F,19,USA,2020-11-12,Bronze,38,True,144.50980192359395,0.4732155366751518
8432,Jeffrey Gray,F,29,EU,2023-07-06,Bronze,5,False,129.52446536340082,0.527173990228714
8433,Steven Olson,M,25,USA,2019-06-23,Bronze,55,True,91.13224499370108,0.29560145493102136
8434,Eric Salazar,F,36,Asia,2023-07-24,Gold,5,False,212.18131462367816,0.10599173900730402
8435,Michelle Fowler,F,38,Other,2019-08-20,Bronze,53,True,118.45824398215196,0.4404607585442786
8436,William Reynolds,M,35,USA,2021-05-12,Bronze,32,True,91.4203003490754,0.6504698998551971
8437,Johnathan Rogers,M,30,EU,2022-04-25,Silver,20,False,116.05221332061083,0.5271538858764662
8438,Justin Sampson,F,30,USA,2022-02-12,Bronze,22,False,121.68696996112772,0.3876454315373164
8439,Sandra Baker,M,24,EU,2022-10-03,Bronze,15,False,110.1952216571843,0.6368667776286179
8440,Stephanie Tucker,F,24,EU,2019-11-24,Silver,49,True,159.56594410170743,0.7690058571960325
8441,Melissa Evans,M,40,USA,2022-12-26,Silver,12,False,183.20598734728998,0.27664828095941874
8442,Daniel Wheeler,M,18,USA,2022-11-15,Bronze,13,False,77.09431746318717,0.49211497035194224
8443,Zachary Beck,F,32,EU,2023-08-11,Bronze,4,False,95.36576980612186,0.42008240349256804
8444,Travis Schneider,M,29,EU,2022-09-10,Bronze,15,False,152.76375081327654,0.5066542992232406
8445,Scott Miranda,F,38,USA,2019-11-21,Silver,50,True,167.02950260674854,0.431580551419168
8446,Deborah Alvarado,M,18,EU,2023-11-28,Silver,1,False,168.8404016974801,0.9187747233984473
8447,Mary Benson,M,33,EU,2019-10-21,Bronze,51,True,102.11684850383261,0.4820870473040514
8448,Mr. Tommy Mcdonald,M,36,Asia,2020-12-23,Bronze,36,True,63.17745133074649,0.5450319872523792
8449,Jennifer Garcia,M,18,USA,2022-11-21,Silver,13,False,125.46013223991812,0.5251497417864542
8450,Matthew Simon,M,22,Asia,2019-11-23,Gold,50,True,236.53815222693203,0.31203042519036417
8451,Brandon Ferguson PhD,M,32,EU,2019-11-16,Gold,50,True,178.32693019561083,0.5305283491307102
8452,Daniel Ortega,F,38,USA,2023-09-25,Bronze,3,False,96.60137096861155,0.2791966262881489
8453,Scott Herrera,F,34,EU,2020-06-12,Silver,43,False,158.74183404479737,0.7704829718718147
8454,Hannah Smith,M,38,EU,2020-11-16,Silver,38,True,120.69318600059529,0.6354891982793122
8455,Nicole Floyd,F,22,Other,2022-05-05,Gold,20,False,148.70220304334856,0.4134798568237706
8456,Katelyn Harper,M,18,USA,2021-06-18,Gold,30,True,199.49713049602758,0.4749638938845372
8457,Heidi Mason,M,33,EU,2021-08-10,Bronze,29,False,92.58434608089803,0.6539329691091817
8458,Jennifer Moore,F,20,USA,2023-11-06,Bronze,1,False,104.55614792195705,0.5409210122806037
8459,Kiara Stout,M,24,Other,2022-04-25,Bronze,20,False,71.3638488953347,0.25226800341182576
8460,Autumn Lee,F,42,USA,2023-10-14,Bronze,2,False,89.30567649514042,0.5252411913092562
8461,Daniel Fitzgerald,M,34,Other,2022-12-14,Platinum,12,False,341.33591558161834,0.6628147907708808
8462,Margaret Wallace,F,27,Other,2020-05-09,Bronze,44,True,158.91611545766514,0.14993348688476038
8463,John King,F,26,USA,2021-04-28,Bronze,32,True,102.38622776896347,0.5206962973245688
8464,Yolanda Wallace,M,39,Asia,2019-03-16,Gold,58,True,226.833693936953,0.37465967123182775
8465,Dawn Werner,M,35,Other,2021-02-13,Bronze,35,True,109.75170231481658,0.6901208763125537
8466,Katherine Pacheco,F,20,USA,2022-12-14,Bronze,12,False,105.86917381828637,0.43205989350662244
8467,Danielle Carter,F,18,EU,2021-12-21,Bronze,24,False,113.6405726554777,0.41665131748906215
8468,Michelle Armstrong,M,51,EU,2019-11-11,Silver,50,True,121.23432246232291,0.6241574408551526
8469,Kelly Robinson DVM,M,20,USA,2020-06-02,Bronze,43,False,92.85667740022535,0.3653711882062684
8470,Randall Johnson,M,38,USA,2020-10-22,Bronze,38,True,104.9979322835448,0.5125785034757385
8471,Connor Summers,F,48,USA,2022-11-28,Bronze,13,False,80.67254869819487,0.5421685265756455
8472,Blake Bailey,F,34,USA,2021-11-20,Silver,25,True,162.9998429367262,0.4709027449932526
8473,Mary Williams,M,26,EU,2022-07-20,Bronze,17,False,61.671214081129634,0.3044278036104143
8474,Paul Bentley,M,18,USA,2021-07-19,Gold,29,True,232.48705836628295,0.36925736727486813
8475,Richard Nelson,F,18,Asia,2023-11-12,Bronze,1,False,96.99180022699265,0.4804041631418016
8476,Joshua Haynes,F,36,Asia,2022-11-17,Bronze,13,False,113.8822164963942,0.21588574206556377
8477,Joseph Edwards,F,47,USA,2021-10-09,Silver,27,False,179.90737440279108,0.5128203149561403
8478,Steven Moore,M,29,EU,2023-08-22,Bronze,4,False,128.19413979868193,0.46050719267547463
8479,Holly Cochran,F,27,EU,2022-11-26,Bronze,13,False,105.37368662688476,0.5858384763752488
8480,Joshua Moody,F,39,Other,2020-01-11,Silver,48,True,98.00274791415097,0.5974321987209669
8481,Jill Rhodes,M,26,USA,2023-10-12,Bronze,2,False,64.77322815668882,0.3316279377960337
8482,Craig Patterson,Other,35,USA,2022-12-03,Silver,13,False,112.05967958631913,0.42209335242080515
8483,Mrs. Megan Kelly DDS,F,33,Other,2019-01-17,Bronze,60,True,114.404877198997,0.36083056920488105
8484,John Gibson,F,28,Other,2020-03-06,Gold,46,False,143.65451743990315,0.4210382010818378
8485,Joshua Nelson,F,32,Asia,2023-11-04,Platinum,1,False,285.94738735572923,0.4622053659113491
8486,Daniel Owen,M,50,Asia,2021-11-13,Bronze,25,True,91.55607036339775,0.6679566351623583
8487,Nicole Salazar,M,39,USA,2019-12-17,Silver,49,False,160.82575787936943,0.41060942944041784
8488,Colton Munoz,M,43,EU,2021-08-10,Bronze,29,True,114.30485464909061,0.6329905414762482
8489,Emily Vasquez,F,23,USA,2019-10-20,Gold,51,False,203.79670048944175,0.5390405353766684
8490,Lucas Reynolds,M,43,USA,2022-09-18,Bronze,15,False,116.03511947501528,0.7078840573900362
8491,Tammy Edwards,F,39,Asia,2022-02-14,Silver,22,False,116.98081965460759,0.44699114474950075
8492,Monica Gutierrez,M,18,USA,2021-03-16,Silver,34,True,180.62405899246818,0.3779821062086823
8493,Stacey Sampson,F,38,EU,2021-09-19,Bronze,27,False,102.62874547956226,0.5216025747699864
8494,Victor Gonzalez,F,27,Other,2021-07-26,Bronze,29,True,115.19243507599919,0.2589258613045265
8495,Valerie Contreras,F,18,USA,2023-09-15,Bronze,3,False,89.65622415594956,0.5236467945809655
8496,Suzanne Nunez,F,34,Other,2020-02-26,Gold,46,True,117.9692140023663,0.5848627748219449
8497,Jackson Fuller,Other,38,Other,2021-11-23,Bronze,25,True,113.31218553606367,0.6647672155223774
8498,Kristina Hernandez,M,34,EU,2022-09-23,Silver,15,False,145.69715793033077,0.5609127776537095
8499,Kayla Mccann,M,31,USA,2022-03-21,Bronze,21,False,124.0366710176908,0.47856704963141533
8500,Travis Caldwell,M,29,USA,2021-10-26,Bronze,26,False,108.43721411763967,0.7911591446390052
8501,Nicholas Pacheco,F,57,EU,2021-06-13,Silver,31,False,238.55741410567498,0.49859853698731355
8502,Michelle Marsh,M,21,USA,2022-12-02,Gold,13,False,250.83539735402212,0.34121120293751417
8503,Jonathon Gallagher,F,41,USA,2023-07-09,Silver,5,False,142.5436332043486,0.49483501898893895
8504,Todd Garcia,M,33,Other,2019-10-13,Silver,51,False,102.45360264631532,0.2983612463072229
8505,Megan Krueger,F,24,USA,2022-10-25,Silver,14,False,123.85788319265961,0.31492645903278615
8506,Carol Baker,F,32,Asia,2019-12-25,Silver,48,True,121.87203104663459,0.5362471235187234
8507,Erica Moore,F,19,USA,2021-03-22,Bronze,33,True,89.57958766135229,0.3011187023724723
8508,Thomas Richards,F,27,EU,2020-09-12,Gold,40,True,194.9866450295601,0.4075044101076633
8509,Kimberly Shaffer,M,32,Other,2021-07-01,Silver,30,True,159.53302328885005,0.324711414997485
8510,Gary Montgomery,M,18,USA,2021-12-28,Silver,24,False,191.2240281894181,0.5210435056072183
8511,William Blake,F,38,USA,2021-12-13,Silver,24,False,123.87599247554621,0.3932252430179401
8512,Dennis Soto,M,23,EU,2022-09-22,Bronze,15,False,72.22982028908092,0.5798168376200139
8513,Jaime Lewis,F,18,Asia,2022-11-27,Bronze,13,False,116.61986593225477,0.5677006202576169
8514,Robert Ramirez,F,22,EU,2020-11-08,Bronze,38,False,126.64543721773688,0.304346707791485
8515,Ashley Davis,F,54,USA,2019-11-04,Silver,50,True,135.28600696863012,0.638128467984969
8516,Kim Horn,M,18,USA,2019-12-22,Bronze,49,True,120.82254125335697,0.4742653237138697
8517,Grace Lewis,F,37,Other,2019-03-11,Bronze,58,True,115.40531722529889,0.3163253664938429
8518,Chelsea Burch,M,25,Other,2021-10-24,Gold,26,False,131.6648134943137,0.555937165777771
8519,Brianna Harris,M,29,EU,2020-11-06,Silver,38,True,130.9005491951062,0.7641032060603639
8520,Maria Garcia,M,39,Asia,2021-01-13,Bronze,36,False,90.46489683494805,0.4705371126342708
8521,Jill Bean,M,38,EU,2020-07-20,Silver,42,True,209.65809552672755,0.25277645677565364
8522,Eric Garcia,M,26,EU,2023-08-23,Bronze,4,False,110.17212212052725,0.6384241384405904
8523,Diana Crawford,M,19,USA,2022-11-05,Silver,14,False,134.89799655380637,0.7363127793681941
8524,James Taylor,F,39,EU,2021-07-27,Silver,29,True,129.08572409691735,0.33796528075616017
8525,Benjamin Stanley,M,38,EU,2023-07-13,Bronze,5,False,68.60154491250955,0.3806434542030656
8526,David Adams,F,30,USA,2019-08-27,Bronze,52,True,121.32270597171208,0.5053187537620253
8527,Brent Lopez,M,37,EU,2023-12-17,Bronze,0,False,107.91251050742973,0.20990166301885266
8528,Daniel Price,M,28,Asia,2022-09-19,Bronze,15,False,112.38892467575651,0.8122526117585428
8529,Jordan Johns,F,24,EU,2022-03-19,Bronze,21,False,74.28845757714845,0.49238056683541975
8530,Eddie Velez,F,33,EU,2022-01-01,Platinum,24,False,344.14775281201923,0.5061898768988029
8531,Kenneth Esparza,M,38,Other,2023-06-04,Bronze,7,False,95.23850443988145,0.553607753689714
8532,Karen Rodriguez,M,36,USA,2019-11-02,Gold,50,True,170.91487930094235,0.4612553578677665
8533,Patricia Bennett,M,38,EU,2021-04-12,Silver,33,True,165.39300238509588,0.4226955512424328
8534,Jacqueline Webb,M,25,Asia,2019-08-26,Silver,52,True,113.99733047398678,0.35878308146144766
8535,Melissa Jones,F,48,EU,2020-03-01,Bronze,46,False,103.58076509286818,0.3232666828753613
8536,Tyler Porter,F,29,USA,2020-11-12,Bronze,38,True,94.69098675103669,0.5609741581878317
8537,Joshua Singleton,M,31,USA,2021-12-13,Silver,24,False,182.17576040043775,0.7028932315333274
8538,Anthony Evans,F,19,Asia,2022-02-06,Gold,23,False,235.67565752419404,0.6424933199498741
8539,Robin Walker,M,31,EU,2021-06-07,Bronze,31,False,101.81732214034608,0.4566328813124879
8540,Ronald Martin,F,38,Asia,2023-11-20,Silver,1,False,158.4277497734985,0.4711126973758135
8541,Martha Flynn,F,40,EU,2022-09-05,Bronze,16,False,111.97209772037988,0.7427426908683643
8542,Jeffrey Evans,F,48,EU,2021-07-09,Bronze,30,True,99.81798871969926,0.38019402578113903
8543,Angela Johnson,F,38,Asia,2021-11-13,Silver,25,False,125.46901523180156,0.24972517604020433
8544,Melinda Hall,F,35,EU,2023-06-14,Silver,6,False,135.5126278884872,0.5377221013108098
8545,Jasmine Buck,M,28,USA,2023-07-08,Bronze,5,False,75.58846563248792,0.6278763866553637
8546,Laura Sanford,F,26,EU,2019-11-16,Bronze,50,True,118.50816866660644,0.1267970580362474
8547,Nicole Brewer,M,42,Asia,2020-08-14,Bronze,41,True,107.95806548656647,0.559740751805791
8548,Carlos Olsen,M,42,USA,2021-11-18,Platinum,25,True,274.6154454926475,0.33074913315540677
8549,Dr. Linda Fleming MD,F,22,USA,2019-03-10,Bronze,58,True,85.50277725495955,0.2872197278487766
8550,Scott Hansen,M,40,USA,2022-08-19,Bronze,16,False,104.72643730992868,0.4566235475259327
8551,James Gardner,F,39,Other,2022-04-16,Bronze,20,False,71.74038235981487,0.3267755388874122
8552,Julie Smith,F,21,USA,2020-11-09,Bronze,38,False,78.62645754731517,0.23449873863489462
8553,Bruce Rivera,F,38,EU,2022-08-21,Silver,16,False,149.41240481840836,0.51623741788502
8554,Kyle Walsh,F,22,EU,2020-08-01,Bronze,41,True,148.82206845086995,0.4933524211145157
8555,Charles Baxter,M,18,EU,2022-08-09,Silver,17,False,163.5718228037341,0.24230291020613193
8556,Jennifer Smith,Other,31,EU,2022-02-24,Bronze,22,False,103.70598395489286,0.2889551309370266
8557,Jay Moss,M,35,USA,2021-03-26,Silver,33,False,114.87654685608794,0.5697482612698686
8558,Krista Hicks,F,31,EU,2023-02-14,Bronze,10,False,81.33933271280199,0.5792747212881538
8559,Donald Smith,F,61,Asia,2021-02-07,Gold,35,True,254.25248869447387,0.10307871120489548
8560,Tanya Hall,F,36,Asia,2019-02-23,Bronze,59,True,90.76215512435328,0.310468854210968
8561,Isabel Hall,F,34,USA,2023-11-24,Silver,1,False,152.11962949369274,0.4876047139395531
8562,Elizabeth Fleming,F,37,Asia,2021-03-11,Silver,34,False,167.75427975902824,0.5634707183747671
8563,Angela Russell,M,28,EU,2023-06-20,Silver,6,False,137.3986118811801,0.5616217667666468
8564,Stephen Nguyen,M,42,Asia,2023-11-07,Bronze,1,False,89.84609339415927,0.5904451984408162
8565,Eric Hull,M,36,EU,2023-03-24,Platinum,9,False,196.51320962226202,0.3919418296666792
8566,Daniel Vaughn,F,36,EU,2022-12-27,Bronze,12,False,75.68387122678885,0.5266831245934948
8567,Alexander Martin,F,26,Other,2023-09-10,Gold,3,False,223.47284092628084,0.4409208903187911
8568,Anthony Morton,F,18,Asia,2022-11-19,Bronze,13,False,91.22922380499848,0.41592920895721663
8569,Thomas Sanchez,F,27,EU,2023-06-02,Bronze,7,False,113.36994209677422,0.2732671528643032
8570,Gary Palmer,F,35,USA,2022-12-02,Bronze,13,False,68.30421618589853,0.5446025094331517
8571,Michelle Knight,M,28,USA,2023-11-23,Bronze,1,False,116.22651637969605,0.2526164333290821
8572,Daniel Morton,M,35,USA,2019-09-25,Bronze,51,False,99.20690501639622,0.32442337787463227
8573,Jordan Vasquez,M,30,USA,2021-09-16,Bronze,27,False,70.5867349731803,0.6029728060290006
8574,Scott Lyons Jr.,F,37,USA,2023-02-12,Platinum,10,False,367.7514390272581,0.4751110139828516
8575,Jonathan Solomon,M,23,Asia,2019-11-08,Silver,50,True,107.80019461951842,0.6577284579822111
8576,Elizabeth Anderson,F,34,USA,2021-02-26,Bronze,34,False,121.54602554959168,0.4495271205350959
8577,Melissa Smith,F,26,EU,2020-05-10,Bronze,44,True,99.35370043039384,0.4166756754095533
8578,James Fernandez,M,18,USA,2023-04-23,Silver,8,False,123.19001812932979,0.6720472463460023
8579,Mark Peters,M,31,USA,2020-02-15,Bronze,47,True,136.96808804566348,0.4399667882305924
8580,David Cruz,M,48,USA,2021-11-16,Gold,25,False,216.20918469203045,0.5421874046331376
8581,Peter Chavez,M,18,USA,2021-12-25,Silver,24,False,186.4419767151379,0.47564961150055884
8582,Judith Glenn,F,34,Asia,2023-11-04,Silver,1,False,162.97776384089474,0.5180313077587084
8583,Antonio Hughes,M,40,Asia,2019-12-26,Silver,48,False,143.50668321167754,0.4667893165771706
8584,Frederick Finley,F,56,USA,2023-11-23,Silver,1,False,123.87771136625123,0.6316910324124888
8585,Tara Lloyd,F,28,EU,2019-11-05,Bronze,50,True,96.37600867941937,0.5102142446218393
8586,Mark Wilkinson,M,26,EU,2023-11-17,Bronze,1,False,103.26839802051757,0.4501708249536218
8587,Margaret Kennedy,F,21,Asia,2019-02-10,Bronze,59,True,116.33230587272575,0.5381060198833223
8588,Darren Thompson,F,44,Asia,2022-02-04,Silver,23,False,138.20576556444644,0.26780470816309315
8589,Jennifer Poole,F,24,EU,2019-02-01,Bronze,59,True,110.2708869799519,0.651900774695547
8590,Felicia Fischer,M,29,EU,2019-08-01,Silver,53,True,200.35484460600742,0.2740226173554302
8591,Dr. Zachary Peterson DDS,M,18,Asia,2021-12-07,Bronze,25,True,103.1641565480071,0.4004381541938553
8592,Douglas Ferguson,M,41,USA,2020-12-03,Bronze,37,False,60.81866898477558,0.4321212289963091
8593,Eric Marks,M,44,EU,2023-11-16,Bronze,1,False,100.97008378994174,0.5373961298189387
8594,Robert Anthony,F,41,Other,2021-09-25,Silver,27,True,147.15909827087765,0.7430382484108436
8595,Wanda Hughes,F,18,Asia,2020-11-27,Gold,37,True,194.94610119787515,0.6546884947380496
8596,Sarah Martin,F,39,EU,2021-10-16,Silver,26,True,102.12996262367832,0.27916072228650146
8597,Kristopher Allison,M,18,EU,2021-06-15,Gold,31,True,211.0587023259215,0.36712182213878064
8598,Heather Riley,M,33,USA,2023-11-23,Platinum,1,False,268.08661407466514,0.29007534103003574
8599,Rebekah Gutierrez,F,35,EU,2022-07-11,Silver,17,False,146.83406727915835,0.30500978191848904
8600,Brian Webb,M,36,EU,2021-05-22,Bronze,31,True,118.96007563452928,0.41148488867801347
8601,Kaitlyn Parker MD,M,38,EU,2023-11-18,Bronze,1,False,83.76948911798303,0.696460541531865
8602,Patrick Barnes,F,32,Asia,2019-11-21,Bronze,50,True,97.95211514085474,0.4631499637514442
8603,Jorge Tyler,M,18,Asia,2020-11-24,Platinum,37,True,287.86430117063435,0.4826230401510494
8604,James Ray,F,38,USA,2023-11-20,Bronze,1,False,96.6845527565926,0.5343328145738828
8605,George Harding,M,33,EU,2022-08-08,Bronze,17,False,91.125178462776,0.35907099761153294
8606,Olivia Carpenter,F,23,EU,2023-02-25,Gold,10,False,184.40266420443444,0.48938068409159374
8607,Deanna Jennings,F,18,EU,2023-10-24,Bronze,2,False,133.50124687553847,0.537019742277271
8608,Hannah Butler,M,48,USA,2019-05-06,Silver,56,True,137.31382637668025,0.868868435924284
8609,Jamie Lawrence,F,45,EU,2020-11-18,Silver,37,False,158.12157568865138,0.6385890863111275
8610,Tammy Finley,F,40,Asia,2020-07-08,Gold,42,True,204.19834137428492,0.7468971424929642
8611,Jennifer Robinson,F,26,EU,2022-11-20,Gold,13,False,202.91398821361312,0.5043442114491237
8612,Jason Kelley,M,18,Other,2020-08-17,Gold,41,False,219.2094827406844,0.5792680699976638
8613,Randall Ramos,F,40,Other,2019-09-05,Silver,52,False,131.01122678982858,0.5392335201377866
8614,Jesus Carlson,M,36,USA,2022-12-03,Bronze,13,False,128.0283367866744,0.2317079106142973
8615,Peter Harris,F,29,USA,2019-11-19,Silver,50,False,122.39837112941024,0.13064197729443333
8616,Samantha Thomas,F,44,Other,2019-10-07,Gold,51,True,193.41869979402952,0.3312783279675585
8617,John White,F,41,Other,2023-03-12,Bronze,9,False,76.26875102083704,0.6865213412978823
8618,Olivia Wallace,F,34,USA,2023-02-01,Bronze,11,False,117.94079410867295,0.44073678290300883
8619,Angela Potts,M,33,USA,2023-05-03,Bronze,8,False,81.57635274863935,0.6167709381792493
8620,Virginia Martinez,M,33,USA,2021-05-10,Silver,32,True,172.67099792060472,0.6956966296306825
8621,Jennifer Lopez,F,39,Other,2019-12-06,Bronze,49,True,105.29796107085795,0.3075193264108994
8622,Jennifer Rasmussen,F,24,USA,2020-04-16,Silver,45,True,155.2856657223408,0.7213849479273916
8623,Carol Harris,M,37,EU,2022-10-14,Bronze,14,False,122.32482293801141,0.32563513935319044
8624,Michael Parsons,M,23,Asia,2021-06-08,Bronze,31,False,87.90979257385709,0.4690437202571505
8625,Charles Jensen,F,46,USA,2023-11-06,Bronze,1,False,129.33989198187814,0.3380328705183509
8626,Darlene Gray,F,38,EU,2021-05-11,Silver,32,True,138.48075562059037,0.5355578603660685
8627,Robin Preston,M,26,USA,2021-07-04,Bronze,30,True,108.63419304992675,0.47572155026886165
8628,Tiffany Gray,M,33,Asia,2019-02-08,Bronze,59,True,96.13246696121833,0.6195548913081481
8629,Mrs. Cristina Stark,F,24,USA,2019-11-26,Gold,49,True,224.6895341406191,0.6499517790999012
8630,Gregg Anderson,F,48,EU,2020-12-05,Gold,37,True,159.89147811518473,0.7370282071185861
8631,Joshua Myers,F,49,EU,2022-04-10,Gold,21,False,204.28458306453425,0.61276503458641
8632,Linda Davis,M,39,USA,2022-01-22,Silver,23,False,150.54657691241442,0.6222237303027519
8633,Dana Baldwin,F,48,USA,2023-09-12,Gold,3,False,217.44266967064692,0.43277225176343703
8634,Richard Hensley,F,34,EU,2020-11-17,Silver,38,False,162.1641877750016,0.473304344930765
8635,Joseph Clayton,M,40,USA,2022-12-20,Platinum,12,False,248.36576529214182,0.5470945521030833
8636,Joseph Chan,F,45,Asia,2021-01-11,Bronze,36,True,126.12440199002273,0.31387727666601956
8637,Brian Nixon,F,32,Asia,2021-11-20,Bronze,25,True,98.84922123695364,0.6684920362129798
8638,Pamela Meyer,M,33,EU,2022-08-28,Bronze,16,False,114.60997363400664,0.4799308712498869
8639,Christopher Bell,F,42,EU,2021-04-12,Gold,33,True,149.56472076191395,0.5291488325884152
8640,Charles Pham,F,39,EU,2021-04-21,Silver,32,True,137.56005048916498,0.2722643196900829
8641,William Ortiz,F,25,Asia,2023-12-12,Bronze,0,False,121.57220029101936,0.44544446244315744
8642,Tracy Diaz PhD,F,18,EU,2021-11-17,Silver,25,False,199.0604806279353,0.6294020871706585
8643,Scott Bean,M,31,USA,2022-06-20,Gold,18,False,216.97319189749248,0.5629246505250245
8644,Marcia Griffin,M,18,USA,2019-12-27,Gold,48,True,196.47653413295552,0.6244329794461819
8645,Michael Williams,F,23,EU,2021-03-23,Silver,33,True,118.13214029723339,0.44939906419665576
8646,Tiffany Jackson,F,24,EU,2022-07-22,Silver,17,False,173.91865197963668,0.5193424858220783
8647,Benjamin Castillo,M,27,EU,2021-11-26,Bronze,25,True,106.13048950007641,0.48443571044995687
8648,Anna Novak,F,41,USA,2020-12-05,Bronze,37,True,52.93486610312131,0.5996746774072828
8649,Kristin Brandt,M,43,Asia,2023-09-27,Gold,3,False,130.68841368616208,0.539124476546176
8650,Tiffany Rowe,F,38,USA,2019-11-17,Silver,50,False,160.50798329435295,0.4425731227024164
8651,Kimberly Kennedy,M,39,USA,2021-12-24,Silver,24,False,125.03428170313958,0.11597887168028542
8652,Karen Gillespie,M,39,EU,2022-01-28,Bronze,23,False,79.20859263435602,0.5255808821353538
8653,Christina Salinas,F,18,USA,2019-06-05,Bronze,55,True,97.91901690608294,0.2482993362834216
8654,Robert Shaffer,F,33,EU,2021-03-13,Bronze,34,True,106.8640700755003,0.6033689297406083
8655,Rebecca Thompson,F,18,USA,2020-11-14,Silver,38,True,192.9131150159755,0.6247922198177631
8656,Kara Estrada,F,38,EU,2022-10-08,Silver,15,False,125.4774887948691,0.1573256798242076
8657,Eric Simmons,F,18,EU,2023-02-14,Gold,10,False,217.43234802069904,0.5449290235345768
8658,Philip Weaver,F,31,USA,2021-08-27,Silver,28,True,119.20174082386609,0.5412360677429819
8659,Kaitlin Smith,F,38,USA,2022-10-06,Bronze,15,False,90.09692854970486,0.5564148934570085
8660,Andrew Rose,F,21,Asia,2021-11-07,Bronze,26,True,103.77784857632176,0.31515583042381534
8661,Michael Hernandez,M,42,EU,2023-11-26,Gold,1,False,194.09409200847105,0.5715287803912515
8662,Michael Cross,F,38,EU,2020-02-10,Bronze,47,True,72.67666559380012,0.3111268550508902
8663,April Cummings,M,36,USA,2023-10-17,Silver,2,False,165.4036684373656,0.6035250156399126
8664,Edward Valentine Jr.,F,39,EU,2023-04-06,Silver,9,False,172.2371795936252,0.5650769821929391
8665,Jonathan Taylor,M,29,EU,2023-11-03,Bronze,1,False,147.18555903804008,0.45050693439206935
8666,Andrea Oneill,F,34,EU,2019-11-19,Bronze,50,True,104.43827477936242,0.5637194205306916
8667,Jason Baxter,F,33,Asia,2022-11-19,Bronze,13,False,103.47472758879383,0.35795446305350453
8668,Patrick Chan,Other,32,USA,2021-02-22,Bronze,34,False,106.06523267162643,0.4162077259129104
8669,Jared Becker,F,26,USA,2020-10-24,Silver,38,True,109.07511865096924,0.6746002883838349
8670,Donald Bryan,F,20,Asia,2021-11-28,Silver,25,False,111.13056794595136,0.6686931369976241
8671,Nathan Brown,M,29,Other,2019-04-03,Platinum,57,True,295.04339533756456,0.3353681835126462
8672,Pamela Carter,Other,29,USA,2020-11-03,Gold,38,True,108.1194016348523,0.4071334154999167
8673,Teresa Lopez,M,25,EU,2019-11-05,Bronze,50,True,77.38561032766826,0.41668094280997986
8674,Walter Romero,F,41,USA,2021-08-06,Silver,29,True,135.0727700161214,0.5093089742384852
8675,Steven Barker II,M,21,USA,2020-11-06,Silver,38,True,180.2643539436484,0.4798853738838051
8676,Maria Simmons,F,31,USA,2021-12-23,Bronze,24,False,105.18704343169065,0.6937709382709324
8677,Sharon Rogers,F,44,USA,2022-11-23,Platinum,13,False,208.92437253249,0.7300869580402977
8678,Brittany Taylor,F,42,Asia,2019-11-13,Silver,50,True,148.79179191249227,0.7704889341778853
8679,Mr. Matthew Peterson,F,45,EU,2022-10-27,Gold,14,False,223.33763408623452,0.8239149341818621
8680,Lisa Stevens,F,27,USA,2022-11-19,Platinum,13,False,342.8505575514785,0.26303573700554334
8681,Andrew Rodriguez,M,40,USA,2021-12-05,Silver,25,True,181.3652919431977,0.47165542216218537
8682,Lee Boone,F,22,Asia,2021-11-01,Bronze,26,True,123.96105427631326,0.3959228496062446
8683,Mr. Luis Bell,F,30,USA,2023-03-17,Silver,9,False,167.09710156038233,0.3653274960247805
8684,Amber Allison,M,31,EU,2023-02-02,Silver,11,False,164.61281362946096,0.7113151214771137
8685,Nathaniel Gomez,M,27,USA,2020-11-12,Silver,38,True,156.9766362767826,0.5631137302261617
8686,Michael Montes,M,29,EU,2021-06-28,Bronze,30,False,116.84761303324734,0.2616290187245317
8687,Aaron Adams,F,28,USA,2019-12-18,Bronze,49,False,84.2430904091526,0.8890253554741097
8688,Christina Woods,M,23,USA,2021-04-07,Gold,33,True,191.82329540242233,0.2276878778625978
8689,Christopher Blankenship,M,41,USA,2021-12-05,Platinum,25,True,258.0371673593279,0.44691634958244303
8690,Vincent Welch,M,31,USA,2022-11-19,Bronze,13,False,108.67095868388208,0.5131723173402284
8691,Frank Martinez,F,35,EU,2022-11-16,Gold,13,False,189.6461136536008,0.3302820895018651
8692,Daniel Munoz,F,34,EU,2023-05-23,Bronze,7,False,120.26877913162505,0.5825194462588643
8693,Douglas Martin,F,33,USA,2020-12-12,Gold,37,False,202.08946899927517,0.40735639851614414
8694,Richard Cook,F,33,USA,2020-11-19,Bronze,37,True,121.27040504221263,0.623450990169055
8695,Elizabeth Villarreal,M,29,EU,2021-02-19,Platinum,34,True,173.329136155041,0.5598434724552227
8696,Tracey Melendez MD,M,47,EU,2019-12-20,Silver,49,True,128.40528220492732,0.12436422342410075
8697,Samantha Aguilar,F,40,Other,2022-04-21,Bronze,20,False,118.76338368092799,0.2674557486059257
8698,Carlos Burke,M,33,EU,2019-05-15,Bronze,56,False,100.40647499312144,0.6273100008292243
8699,Kimberly Steele,M,28,EU,2022-11-24,Bronze,13,False,121.11749962487549,0.5606149273001424
8700,Matthew Farley,F,31,EU,2021-10-09,Silver,27,True,157.5270747821,0.3460987916568691
8701,Suzanne Luna,M,37,Other,2020-06-21,Gold,42,False,162.64584913898318,0.39960715548729897
8702,Thomas Hamilton,F,47,Asia,2021-12-08,Silver,25,True,203.803285072769,0.4868172325661292
8703,Karen Macias,M,19,USA,2022-06-19,Gold,18,False,173.46207059129677,0.19623207566799233
8704,Corey Torres,F,39,USA,2020-01-27,Silver,47,False,127.63078159209877,0.8407301788985384
8705,Grace Torres,M,44,USA,2019-12-07,Platinum,49,True,349.18135399067,0.3529409282951495
8706,Kelly Martin,M,18,EU,2019-07-19,Silver,54,False,122.65798090733982,0.5046183790953405
8707,Jamie Woods,M,31,Asia,2023-04-28,Bronze,8,False,74.13582583725677,0.7506039319191484
8708,Jared Dawson,F,22,EU,2019-12-12,Silver,49,False,126.97023938863914,0.4723847407936849
8709,Steven Delacruz,F,37,USA,2023-10-26,Bronze,2,False,116.40329580839236,0.5483029230317084
8710,Sandy Austin,M,29,Asia,2020-03-03,Platinum,46,True,428.374419770905,0.35645505045506476
8711,Pamela Perez,F,31,Asia,2021-11-04,Bronze,26,True,100.09771299766504,0.41775457629099777
8712,Maria Davidson,F,28,USA,2021-12-02,Bronze,25,True,85.51703044455267,0.36122308769596534
8713,John Lin,F,40,EU,2020-11-07,Bronze,38,True,124.69210341295933,0.6919537204277786
8714,Lori Le,F,35,EU,2020-04-22,Silver,44,True,131.54144686461512,0.3999032396155159
8715,Alexandra Jones,M,35,Asia,2022-02-27,Bronze,22,False,91.11720638329533,0.388530207207604
8716,Karen Woods,F,34,Asia,2019-08-03,Platinum,53,True,324.9951661623188,0.3708034946226576
8717,Shawn Sullivan,F,38,EU,2019-08-01,Bronze,53,False,122.82201629015269,0.5573715310945441
8718,Tracy Whitaker,M,30,EU,2019-08-12,Bronze,53,True,101.41039506636707,0.58722245754205
8719,Dennis Moore,M,50,Asia,2023-11-26,Bronze,1,False,92.90568184803982,0.20033226757416767
8720,Jason Greene,F,20,EU,2019-01-19,Bronze,60,True,146.42570666293904,0.5101740809751009
8721,Philip Robbins,F,18,USA,2022-11-20,Bronze,13,False,86.58616082871521,0.5452216484203316
8722,Ronald Villegas,F,18,Asia,2021-12-26,Bronze,24,False,88.80533624529475,0.7107652557003059
8723,Meghan Hernandez,Other,18,USA,2021-08-17,Bronze,28,False,92.23360253973111,0.3164353701662747
8724,Tony Wilson,F,39,USA,2023-10-24,Bronze,2,False,111.02278717523512,0.33181612727388454
8725,Robert Foster,M,38,Asia,2022-11-18,Bronze,13,False,90.65766725568983,0.5962302773268602
8726,Deanna Choi,M,45,Asia,2020-06-03,Silver,43,True,174.51769656345925,0.4908347784643344
8727,Kenneth French,M,22,EU,2021-11-13,Bronze,25,False,98.96400211019493,0.7068118328863126
8728,Madison Boyd,M,40,USA,2022-04-05,Bronze,21,False,93.61880282074604,0.6651950989841748
8729,Leroy Walker,M,33,USA,2020-02-25,Bronze,46,True,88.76013768927267,0.5418987733019716
8730,Lisa Mercer,F,34,USA,2023-11-22,Silver,1,False,149.24603928629753,0.4900569350878478
8731,Robert Martin,F,39,USA,2019-04-19,Bronze,57,True,108.94237739054249,0.4763854508692929
8732,Marcia Flowers,F,25,Asia,2022-11-19,Silver,13,False,148.94601226192623,0.49550235063588227
8733,Maria Morris,F,58,USA,2021-12-08,Platinum,25,False,313.95114081314733,0.5091218241890185
8734,Jason Steele,F,46,EU,2023-01-20,Bronze,11,False,84.49677418765539,0.7132058528648124
8735,Rebecca Miller,F,27,USA,2022-11-16,Bronze,13,False,85.68030704248017,0.19444454808714307
8736,Scott Smith,F,22,Other,2023-03-05,Bronze,10,False,99.9047152790009,0.4370816592797158
8737,Jeffrey Durham,M,32,USA,2020-11-04,Bronze,38,False,102.39159623408115,0.5307184767381543
8738,Julie Chan,M,34,USA,2022-06-27,Bronze,18,False,100.95558052259052,0.40957665235393487
8739,Adam Cortez,F,43,USA,2019-11-25,Bronze,49,True,88.19367942851937,0.4570856507045165
8740,Justin Andrews,M,21,EU,2020-02-16,Gold,47,True,202.91515342370298,0.4338233761488134
8741,Makayla Reynolds,F,35,EU,2019-10-24,Bronze,51,True,100.50827940735547,0.6954949068693342
8742,Jennifer Hancock,M,18,EU,2023-11-14,Bronze,1,False,97.57680410207125,0.4365304983842255
8743,Elizabeth Hayes,F,37,EU,2019-02-13,Silver,59,True,130.4339842836152,0.39187123000711094
8744,Ryan Thornton MD,Other,31,USA,2020-11-23,Bronze,37,True,110.38502704986433,0.6170780813504536
8745,Amy Morse,M,52,EU,2020-09-20,Bronze,39,True,99.76319601399943,0.4197712638516896
8746,David Morales,F,18,EU,2020-07-25,Silver,41,True,127.49241426076591,0.4747522129014977
8747,Charles Thornton Jr.,M,46,USA,2023-02-27,Bronze,10,False,97.50033828468764,0.33398879110349877
8748,Trevor Shepherd,M,18,USA,2021-11-08,Gold,26,True,176.6897620580602,0.439131431793949
8749,Kenneth Howell,M,19,USA,2023-06-24,Bronze,6,False,100.06312344865798,0.4947710187429808
8750,David Andrews,F,18,USA,2020-07-26,Silver,41,False,192.8478760441954,0.3102643719660879
8751,Destiny Nash,M,35,EU,2023-11-18,Silver,1,False,154.43612462458523,0.48498393670755846
8752,Megan Grimes,F,21,USA,2022-12-05,Bronze,13,False,104.0295060680108,0.576987491875675
8753,Melissa Thompson,M,19,USA,2022-07-06,Bronze,18,False,128.48648024195924,0.2012666291094124
8754,Michael Cook,M,35,USA,2021-11-06,Bronze,26,True,105.4214368430007,0.4021588409499368
8755,Ronald Mckenzie,F,37,Other,2023-03-25,Gold,9,False,217.34929566265293,0.8831004139093797
8756,Daniel Smith,M,33,Asia,2023-05-20,Silver,7,False,154.32991026070604,0.4693157511517466
8757,Mr. David Villanueva,M,31,USA,2022-12-23,Bronze,12,False,92.3052916128467,0.6708152191013447
8758,Amber Odom,M,51,USA,2020-06-25,Silver,42,True,163.44263875733645,0.49586105648088447
8759,Brian White,F,34,USA,2019-11-21,Silver,50,True,201.0649577560295,0.45050526412525865
8760,John King,F,41,EU,2020-09-27,Platinum,39,True,220.7493442814455,0.6400032462733867
8761,Kimberly Lee,M,34,USA,2021-03-22,Bronze,33,True,90.8558893527308,0.6795638719789534
8762,Brooke Allen,M,22,EU,2019-12-17,Gold,49,False,165.88007849884877,0.3661506066152771
8763,Frederick Jones,M,38,EU,2020-07-23,Bronze,41,True,85.17466000005487,0.3353492175488817
8764,David Anderson,M,26,Asia,2023-11-16,Gold,1,False,248.93747641462576,0.2947531237071968
8765,Allen Erickson,F,32,USA,2023-11-05,Bronze,1,False,96.83531408232767,0.36826571729060636
8766,Herbert Ferguson,F,36,Asia,2022-08-20,Bronze,16,False,114.45933635414133,0.6704372474543804
8767,Dr. Tyler Adams DVM,F,18,Asia,2023-05-03,Gold,8,False,173.31874218860455,0.5046789094321708
8768,Christian Woodard,M,18,USA,2023-02-01,Gold,11,False,174.20614040722197,0.677599501659672
8769,Megan Shah,F,42,USA,2021-12-05,Bronze,25,True,79.64623998436838,0.34498419249077317
8770,Benjamin Wheeler,F,26,USA,2019-11-03,Silver,50,True,193.3512821535056,0.34955410246186575
8771,Robert Foley,F,26,USA,2020-11-24,Bronze,37,True,115.50219437834767,0.4411353867593434
8772,David Owen,F,34,USA,2020-09-28,Bronze,39,False,78.98980328021956,0.5445293449043905
8773,John Black,F,29,EU,2021-05-16,Bronze,32,True,122.8453620959878,0.47902032303846237
8774,Sarah Short,F,37,EU,2019-12-16,Bronze,49,True,94.80999937526605,0.6046875888036332
8775,Stacey Berger,M,32,Other,2023-04-04,Silver,9,False,163.59653887565378,0.5621557563884414
8776,Patrick Daniel,F,34,USA,2021-10-03,Bronze,27,False,100.94023277099701,0.5731311643491461
8777,Tyler Huynh,M,25,Other,2023-01-12,Bronze,11,False,71.26756352346926,0.6027324539321333
8778,Lisa Baxter,F,34,USA,2020-12-17,Gold,37,True,166.89026880197412,0.6644469754720896
8779,Michael Garrison,F,44,Asia,2021-11-12,Bronze,26,True,127.07888221080941,0.1309578835696274
8780,Jon Martinez,F,27,USA,2021-07-10,Silver,30,False,178.17899373086038,0.49814708698545723
8781,Jessica Hall,M,42,USA,2021-07-02,Gold,30,False,159.1336333018839,0.6264066642955316
8782,Lynn Anderson,M,32,Asia,2020-12-10,Bronze,37,True,104.15968445773242,0.8785830525205605
8783,David Larsen,M,40,USA,2020-12-02,Bronze,37,True,95.70705424996403,0.48498027585490683
8784,Patrick Anderson,F,34,EU,2022-08-17,Silver,16,False,184.2586234440047,0.17035934088436466
8785,Megan Salas,F,32,EU,2020-10-24,Silver,38,True,143.8536981735478,0.7138021035273842
8786,Stephanie Moran,F,36,EU,2020-11-05,Silver,38,True,126.95505064886166,0.3173723851156166
8787,Carlos Sawyer,M,45,EU,2023-11-02,Silver,2,False,172.1126569309564,0.569092953516621
8788,Jeffrey Jones,F,35,Asia,2020-12-24,Gold,36,False,247.5641817051841,0.5806853849610162
8789,Christian Edwards,Other,37,USA,2019-11-14,Bronze,50,False,107.87082574313037,0.5189231140208734
8790,Janice Stokes,M,29,EU,2023-10-10,Silver,2,False,167.16306941445757,0.179962056854652
8791,Jennifer Griffin,F,48,Asia,2022-08-15,Bronze,16,False,76.096487936568,0.44552806997252214
8792,Elizabeth Jennings,F,39,USA,2019-02-05,Bronze,59,False,74.44164540099032,0.26457082797998016
8793,Jenny Durham,F,33,USA,2022-02-26,Bronze,22,False,73.00004708865171,0.5680599312214165
8794,Natasha Watkins,F,31,Asia,2021-03-14,Bronze,34,False,121.0158699469187,0.36723046233403533
8795,Blake Mitchell,M,42,EU,2021-02-21,Gold,34,True,184.5106913864567,0.1813793994081095
8796,Morgan Atkinson,F,26,EU,2021-09-18,Bronze,27,False,116.52600390259555,0.606743144245451
8797,Lindsay Washington,F,18,USA,2020-08-24,Bronze,40,False,87.99489932463695,0.3098960862165975
8798,Kathryn Garcia,F,33,EU,2020-01-13,Bronze,48,False,99.70913238785919,0.5201967656560574
8799,Amanda Lloyd,F,44,USA,2023-01-13,Bronze,11,False,83.88630170178607,0.3894609353374351
8800,Mary Cruz,F,48,EU,2019-09-03,Silver,52,True,140.17290468986067,0.6301858805505226
8801,Joseph Russell,F,31,Asia,2019-11-04,Silver,50,False,98.71258847982517,0.6239297402113981
8802,Michelle Gross,F,33,USA,2021-01-05,Gold,36,True,187.29412837032308,0.5356909457199126
8803,Robert Gomez,M,38,EU,2021-11-10,Silver,26,True,137.82165669277654,0.48388482346303724
8804,Kyle Kaiser,M,30,Other,2020-09-25,Silver,39,True,99.15275962964537,0.4338842796501156
8805,Mary Reyes,M,38,EU,2022-09-02,Bronze,16,False,108.49578189070498,0.31925648312224897
8806,Olivia Herrera MD,F,32,Asia,2019-04-24,Silver,57,False,167.22848742685895,0.4117764022703294
8807,Joseph Smith,Other,43,EU,2019-01-21,Bronze,60,True,86.75919791253578,0.5717585558106166
8808,Michelle Moore,M,40,Asia,2022-05-27,Platinum,19,False,227.6858105359114,0.7931902514386409
8809,Mark Spencer,M,41,USA,2019-09-09,Platinum,52,True,403.82407282082147,0.5856384651226422
8810,Terri Roberts,F,30,USA,2019-11-09,Gold,50,False,210.24650594422874,0.6072516238406257
8811,Corey Clark,F,52,USA,2020-06-10,Bronze,43,False,52.39963397130534,0.4838275806747388
8812,Albert Black,F,37,EU,2019-11-12,Bronze,50,True,91.43345849222789,0.5789400845449759
8813,Michelle Johnson,M,35,Asia,2021-12-15,Gold,24,False,173.93621114452827,0.1778221298512147
8814,Amber Ross,M,25,USA,2021-06-03,Silver,31,True,128.23662191063852,0.39171684172669063
8815,Stephen Wolf,F,32,EU,2023-09-28,Silver,3,False,182.7655845587817,0.6055502291184196
8816,Virginia Watson,M,34,Asia,2020-08-09,Bronze,41,False,105.05908714530412,0.6082398879983957
8817,Hannah Campbell,M,25,EU,2020-01-07,Gold,48,True,225.4123261405013,0.41849775505615633
8818,Jennifer Snow,M,30,USA,2021-08-25,Silver,28,True,145.862816231998,0.3037444170356025
8819,John Elliott,M,31,EU,2020-08-23,Bronze,40,True,117.06703038584557,0.489350542583518
8820,Jamie Robertson,M,33,USA,2020-11-16,Gold,38,False,185.06786416044682,0.43483222011494305
8821,Jaime Oneill,F,18,USA,2023-12-24,Bronze,0,False,104.6569243944981,0.6410922009835809
8822,John Garcia,M,31,Other,2022-10-04,Silver,15,False,164.61908204377767,0.6054957447332124
8823,Hector Williams,M,29,USA,2019-12-14,Bronze,49,True,87.54143961329953,0.7323523634923683
8824,Rebecca Nicholson,F,32,USA,2023-11-05,Silver,1,False,87.1019640416994,0.6665683887944587
8825,Eric Howe,F,43,Asia,2022-11-16,Bronze,13,False,66.13592878773953,0.4588843701070681
8826,Anthony Garrett,F,53,USA,2019-01-28,Bronze,59,True,146.23809999409167,0.5522965535863174
8827,Kevin Thomas,F,39,EU,2021-11-22,Silver,25,True,169.53371570066943,0.8051618488683194
8828,Brandy Moreno,F,20,USA,2022-12-20,Bronze,12,False,113.96376189821248,0.439945954024335
8829,Jessica Chang,F,29,USA,2019-06-14,Gold,55,True,256.8591158734321,0.5262391939614284
8830,Randy Warner,F,38,USA,2023-11-13,Bronze,1,False,77.50182876962921,0.4993431434164599
8831,Mr. Michael Garcia,F,37,USA,2019-11-24,Gold,49,True,171.02782633098136,0.5024905059981398
8832,Justin Rodriguez DDS,F,42,EU,2020-10-14,Bronze,39,True,77.90415208000698,0.36888466322173163
8833,Ashley Campbell,M,32,Asia,2019-12-05,Silver,49,False,220.69759239921416,0.6962655533656785
8834,Mr. Samuel Thomas,F,29,EU,2021-09-19,Bronze,27,True,80.04325910236528,0.3624226490304756
8835,Brenda Brooks,F,50,Other,2023-05-17,Bronze,7,False,125.08495076077962,0.7787088038555436
8836,Gabrielle Johnson,F,33,USA,2022-12-01,Silver,13,False,130.2328254212059,0.7458066407097894
8837,Glenn Lawrence,M,22,EU,2019-12-24,Bronze,48,True,101.7059884802559,0.5376341923274606
8838,Wyatt Cortez,M,47,EU,2023-05-19,Platinum,7,False,376.2188778833919,0.50084582183894
8839,Laurie Pierce,F,18,Other,2021-06-11,Bronze,31,True,105.71985670542415,0.3834534788237213
8840,Ryan Morales,M,18,USA,2022-11-10,Gold,13,False,194.73399975978435,0.5106422735759621
8841,Joseph Mendoza,F,40,EU,2019-11-04,Silver,50,True,218.05141893910348,0.6620157561416785
8842,Brent Lewis,F,42,Asia,2021-06-23,Silver,30,True,94.98270021605737,0.3973651918590019
8843,Ricky Campbell,F,37,USA,2020-10-17,Bronze,39,True,81.11841891507632,0.7201822902124723
8844,Patricia Brown,F,19,Asia,2023-11-22,Bronze,1,False,93.80779774985692,0.653758663898595
8845,Bobby Walker,F,32,USA,2023-09-17,Bronze,3,False,120.88554865011052,0.48408401064518863
8846,Eric Giles,F,30,Asia,2019-11-16,Silver,50,True,134.89113928594665,0.6194147603083316
8847,Mrs. Valerie Ramirez,F,27,Other,2021-04-19,Silver,32,True,179.0314905975421,0.3631110571014099
8848,Keith Nixon,F,47,EU,2022-12-20,Silver,12,False,98.32721437928066,0.484547759946829
8849,William Gutierrez,Other,22,EU,2022-08-27,Gold,16,False,245.9313490011039,0.8325445195494579
8850,Jose Crawford,F,36,USA,2022-04-14,Bronze,20,False,117.87132249296914,0.6791109602563582
8851,Brett Obrien,F,44,Other,2022-01-23,Bronze,23,False,78.50504224589754,0.5747446620856639
8852,Charles Moore,M,36,EU,2019-11-16,Bronze,50,True,99.3101091636066,0.5103428566196632
8853,Lynn Brown,M,45,USA,2019-11-02,Gold,50,True,189.22365938574282,0.4888677765387451
8854,David Anderson,M,38,EU,2023-03-08,Bronze,9,False,109.00328020230249,0.49568654073383733
8855,Donna Watson,M,37,EU,2021-09-06,Silver,28,True,184.83524506170698,0.38394076645863967
8856,Jocelyn Charles,F,36,USA,2020-11-10,Bronze,38,True,86.33928523760882,0.5978103074471822
8857,Cathy Miller,M,39,USA,2019-04-02,Bronze,57,True,107.38943980447316,0.6566599647658912
8858,Justin Williams,F,29,USA,2022-07-19,Silver,17,False,157.36893040269956,0.4621795742634014
8859,Thomas Rosales,M,19,EU,2020-05-04,Bronze,44,True,102.49953953122333,0.5701099625040297
8860,Scott Khan,M,42,EU,2023-11-06,Bronze,1,False,129.1068075752722,0.3908524802774218
8861,Benjamin Powell,M,44,EU,2022-11-13,Silver,13,False,154.81628853291735,0.48998921483118674
8862,Joshua Wilson,F,35,Asia,2021-04-01,Bronze,33,True,75.70009166055769,0.37306683546011266
8863,Kent Freeman,M,27,Asia,2020-11-05,Bronze,38,True,114.75678972384978,0.4659556472942786
8864,Patricia Tucker,M,18,EU,2023-08-24,Silver,4,False,198.02876444241895,0.5179099359552131
8865,Lauren James,F,33,USA,2019-11-28,Silver,49,False,154.1999466542884,0.5906655973223757
8866,Bradley Taylor,M,19,EU,2021-09-07,Bronze,28,True,127.04105764311336,0.4081064459708173
8867,Frank Arnold,M,18,EU,2022-09-14,Silver,15,False,137.4200278441299,0.5714249675413672
8868,Shannon Turner,F,32,EU,2020-11-27,Silver,37,True,162.42816088265445,0.35654894647404656
8869,Charles Lloyd,M,25,EU,2023-10-19,Bronze,2,False,68.74557462902953,0.547568606367231
8870,Justin King,M,36,USA,2020-05-11,Silver,44,False,131.70537188968018,0.8316518214871211
8871,Jenna Ramsey,M,31,Other,2021-12-18,Silver,24,False,155.05988436117946,0.4442918056980959
8872,Joel Murray,M,26,USA,2019-12-18,Bronze,49,True,113.3945684987629,0.2999373864014021
8873,Andrew Hahn,F,18,EU,2019-04-26,Silver,57,True,163.09898785548822,0.6344999187719726
8874,Shelby Gentry,M,24,USA,2021-11-21,Silver,25,True,188.40963539574676,0.542904794335449
8875,Christian Shelton,F,24,Other,2022-11-24,Gold,13,False,138.8407586403442,0.5687561289381066
8876,Robin Mora,F,20,USA,2020-11-06,Silver,38,False,194.09239297008094,0.6907814309174061
8877,Lindsey Wright,M,29,USA,2022-09-06,Bronze,16,False,85.72614432352668,0.3933897283524398
8878,Abigail Miller,Other,21,USA,2023-02-07,Bronze,10,False,75.42775963856835,0.39781955491000065
8879,Timothy French,M,31,USA,2022-09-17,Gold,15,False,241.47992309735054,0.5816863176346889
8880,Laura Garner,M,35,USA,2021-11-19,Gold,25,True,155.50199426448592,0.6559418986436971
8881,Robin Brock,M,24,EU,2019-02-27,Bronze,58,True,128.27181561444482,0.5355912515484366
8882,Morgan Boone,M,37,EU,2021-10-05,Bronze,27,False,56.357991483929084,0.48928524993382017
8883,Matthew Greene,F,19,USA,2021-08-07,Silver,29,True,127.32919506935531,0.5484189433117335
8884,Molly Ortiz,M,21,USA,2020-11-06,Silver,38,True,176.3122546911942,0.610032173595824
8885,Paula Roberts,F,31,Asia,2021-11-17,Bronze,25,True,113.4465901301643,0.28280092200709783
8886,Connie Miller,F,39,EU,2023-09-25,Silver,3,False,70.9748917954971,0.3514814981167532
8887,Perry Black,M,41,Asia,2020-06-19,Bronze,43,False,86.72495751205199,0.4866814197384325
8888,Scott Bond,F,49,EU,2020-02-12,Bronze,47,True,65.6847644419792,0.6035126588091758
8889,Emily Rush,F,29,USA,2022-06-07,Bronze,19,False,102.77012365248075,0.8257298062939589
8890,Brady Padilla,M,31,USA,2021-07-12,Silver,30,False,151.53501994188358,0.4829946814419157
8891,Mark Wallace,M,22,USA,2022-11-17,Gold,13,False,190.09211002232317,0.53678751295752
8892,April Collins,M,20,Asia,2022-08-15,Bronze,16,False,97.86574673832384,0.4002457977822451
8893,Isaac Smith,F,35,Other,2020-04-16,Bronze,45,True,77.96948726672125,0.5985697023764158
8894,Rebecca Roman,F,25,EU,2022-12-01,Gold,13,False,170.6394979647182,0.33530808401909973
8895,Jody Phillips,M,45,USA,2022-11-11,Bronze,13,False,121.33387037643848,0.4982883264508012
8896,Judy Lewis,F,18,USA,2020-07-01,Silver,42,True,135.3093732747364,0.3574901605319125
8897,Brian Pacheco,F,37,USA,2020-07-13,Silver,42,True,132.85491125102868,0.18314578890600242
8898,Thomas Nelson,F,22,EU,2019-11-28,Bronze,49,True,122.79596467638447,0.9040683746991265
8899,Travis Hernandez,M,24,USA,2021-11-20,Bronze,25,True,76.42200376736199,0.6202862007361061
8900,William Greene,M,38,Other,2019-10-17,Gold,51,False,259.1860144980016,0.6213275971918804
8901,Jordan Adams,M,26,USA,2020-02-16,Silver,47,True,196.9431838036519,0.6363387584590869
8902,Scott Pineda,F,27,Other,2023-10-17,Bronze,2,False,79.68940459874304,0.7137597122403154
8903,Luke Carpenter,F,24,Asia,2022-03-25,Gold,21,False,236.82627443180638,0.5243582721316997
8904,Kelly Smith,M,50,Asia,2022-11-14,Bronze,13,False,56.75982940136119,0.6302279792168667
8905,Danielle Rodriguez,M,26,EU,2020-09-24,Bronze,39,False,102.03474022814922,0.4249232226651992
8906,Paul Duarte,M,33,EU,2022-10-05,Silver,15,False,119.7429612693733,0.47416687708199773
8907,Cody Mccoy,F,30,EU,2019-09-13,Silver,52,True,165.1590229459541,0.269744158392268
8908,Andrea Bass,F,35,EU,2022-02-18,Bronze,22,False,106.2971917844462,0.5302896761767573
8909,Christopher Blake,F,26,EU,2023-12-07,Bronze,0,False,94.46640502207157,0.42050069145995883
8910,David Jones,M,30,Other,2021-09-28,Silver,27,True,117.20887647864484,0.4800326178724779
8911,Amber Burns,M,36,Asia,2019-01-17,Silver,60,True,177.5188992233215,0.6243690140646891
8912,Dana Jennings,F,24,Asia,2021-12-11,Gold,25,False,198.74777547642626,0.5453094897927526
8913,Alexander Ferguson,Other,43,Asia,2021-11-25,Bronze,25,True,85.85171343333879,0.6545081567477782
8914,Gary Russell,F,44,USA,2023-10-17,Silver,2,False,134.6012165433852,0.41138325831430306
8915,Frank Foster,F,39,USA,2023-08-19,Bronze,4,False,98.08836893147118,0.5572789936534069
8916,Dylan Brown,F,33,EU,2023-11-06,Gold,1,False,196.02841603620848,0.40407337774242
8917,Trevor Ross,M,18,EU,2023-05-20,Bronze,7,False,106.19803250683128,0.47359315726210044
8918,Sherri Gray,F,37,Asia,2019-11-18,Silver,50,True,178.6750969704308,0.4540238974634993
8919,Lauren Stone,F,29,EU,2023-08-21,Gold,4,False,241.89982525610222,0.3479313530321518
8920,David Jones,Other,30,EU,2019-11-10,Gold,50,True,190.94313508596855,0.4380763261054242
8921,Matthew Sullivan,M,18,EU,2022-11-01,Silver,14,False,162.75100710105082,0.5866213824511309
8922,William Morse,M,37,USA,2021-06-01,Silver,31,True,143.9808921055887,0.3626156227689328
8923,John Molina,F,18,EU,2022-12-15,Gold,12,False,248.53916277098483,0.40040868616659886
8924,Travis Hubbard,M,34,Asia,2022-10-27,Gold,14,False,194.70385836232936,0.686551888673183
8925,John Andrews,M,42,USA,2020-05-06,Silver,44,True,153.62904170284412,0.7126815317090932
8926,Craig Harris,M,28,EU,2022-11-27,Silver,13,False,149.22631373284253,0.624808759531348
8927,Amanda Rose MD,F,45,EU,2022-11-25,Bronze,13,False,109.2212623498927,0.7562020716893421
8928,Jessica Berry,F,25,USA,2020-12-26,Bronze,36,False,112.62968461530049,0.7046982638074213
8929,Sandra Haney,M,39,USA,2022-02-07,Bronze,23,False,127.7011986741634,0.4867311255265278
8930,Alexander Weeks,F,19,Other,2020-12-10,Bronze,37,True,124.22865845290566,0.7983731016701134
8931,Edward Duffy,M,43,USA,2019-10-04,Silver,51,False,151.29719247428812,0.7339287291166305
8932,Felicia Vargas,F,41,USA,2021-11-14,Bronze,25,False,99.13882886583548,0.4891319525754966
8933,Darren Hall,F,37,USA,2023-11-08,Bronze,1,False,95.49989241767835,0.5376841322282464
8934,Elizabeth Cunningham,F,29,EU,2022-08-01,Bronze,17,False,120.16380825906093,0.4007244271389859
8935,Michael Peterson,M,18,EU,2019-07-21,Bronze,54,True,104.90634001766632,0.4856407493299369
8936,Crystal Duke,F,29,EU,2021-10-02,Bronze,27,True,149.2339301954412,0.26684167542502973
8937,Michael Cardenas,F,44,USA,2019-08-27,Gold,52,True,197.45793999757694,0.41202573376364876
8938,Heather Meadows,F,34,Asia,2020-08-19,Silver,41,True,195.6448237315035,0.6190811052133645
8939,Nicole Collins,M,18,USA,2019-11-10,Bronze,50,True,130.60379450213483,0.34635705055972166
8940,Laurie White,M,21,USA,2022-06-04,Bronze,19,False,130.07086799342687,0.4530204427204907
8941,Veronica Lewis,F,45,EU,2022-10-17,Silver,14,False,140.11248300057622,0.5837808668127356
8942,Brian Singh,M,37,USA,2023-12-16,Silver,0,False,147.47068881591335,0.4565647803129233
8943,Ronald Young,M,20,Asia,2023-11-05,Bronze,1,False,96.75813950920835,0.6727242015051803
8944,Cindy Bradley MD,F,18,Other,2022-12-10,Bronze,12,False,129.47157086885287,0.679546293273629
8945,Thomas Nelson,M,26,USA,2019-01-22,Bronze,60,True,90.99641199321832,0.407309063754537
8946,Nathan Hickman Jr.,Other,18,Asia,2022-11-11,Bronze,13,False,88.43339794769084,0.43445867491434637
8947,Kristin Bailey,M,31,Asia,2019-12-01,Bronze,49,True,113.87619224981049,0.5067399779928363
8948,Shannon Booker,F,57,Other,2022-02-13,Silver,22,False,110.16729088672149,0.4002433014600444
8949,Marc Glenn,F,18,USA,2021-03-20,Gold,33,True,230.7268635265459,0.7450542721932434
8950,Jasmine Chavez,F,31,EU,2019-01-02,Bronze,60,False,77.17564465058102,0.4381409853167306
8951,Michael Ritter,F,46,USA,2020-04-01,Silver,45,True,137.64950566002275,0.6366287860780964
8952,Denise Gonzalez,M,40,Asia,2020-02-14,Platinum,47,True,369.32541044351024,0.2754098152459774
8953,Phillip Lowery,F,31,USA,2023-04-21,Silver,8,False,133.32724073925863,0.384067329630062
8954,Timothy Jordan,F,31,EU,2021-09-12,Silver,28,True,159.1962889836704,0.3371962897013333
8955,Justin Garcia,M,21,USA,2020-11-11,Gold,38,True,248.34706200661736,0.31336869617414675
8956,Samantha Ford,F,30,USA,2022-12-01,Bronze,13,False,77.2244330575492,0.42254633975383354
8957,Stanley Martinez,M,35,EU,2020-11-14,Bronze,38,False,103.46215244006066,0.5551228839245967
8958,Alexander Terry,F,44,Asia,2022-01-08,Platinum,24,False,338.8109648824914,0.7300162690370334
8959,Lisa Michael,M,26,EU,2021-09-18,Bronze,27,True,71.60259985471762,0.46966887592892076
8960,Dennis Turner,F,31,Asia,2023-11-05,Silver,1,False,118.86890388943961,0.5122804546930662
8961,Kevin Benson,F,23,USA,2020-06-03,Gold,43,False,264.63169464502187,0.5508913670522079
8962,Brian Phillips,M,35,EU,2023-08-22,Bronze,4,False,77.07862332620601,0.39073201315295963
8963,Maria Ward,F,40,EU,2021-11-06,Silver,26,True,139.5128335344134,0.49642731228494985
8964,Shane Greene,M,39,USA,2019-01-24,Silver,60,False,89.52491798733656,0.8131491206858292
8965,Matthew Alvarez,M,21,EU,2021-09-27,Bronze,27,True,84.28363079971797,0.5582240035077343
8966,Annette Weaver,M,34,EU,2021-11-21,Bronze,25,True,115.52333703210992,0.8131097794383844
8967,Troy Aguilar,M,26,EU,2021-11-05,Silver,26,True,178.7570568518697,0.5036000280121306
8968,Frank Munoz,M,43,Asia,2019-03-21,Bronze,58,True,115.8755087416085,0.40695946221387086
8969,Amy Johnson,F,31,EU,2019-11-25,Bronze,49,False,99.30303210420679,0.6565265940638626
8970,Jean Brown,M,18,USA,2021-02-02,Bronze,35,True,78.49877182066217,0.6895783037190404
8971,Bobby Mullen,F,30,USA,2019-12-03,Silver,49,True,162.40500216875844,0.4255223281142586
8972,Mary Brady,M,37,EU,2022-05-04,Gold,20,False,182.33770792724974,0.5546732040758273
8973,Gabriel Jones,F,35,USA,2021-03-23,Silver,33,True,101.75394218621916,0.4904639174585002
8974,Kevin Lee,F,27,USA,2020-02-26,Bronze,46,True,100.57778195185293,0.2928921074292928
8975,David Wise,M,27,EU,2022-07-28,Platinum,17,False,376.203834897291,0.3015512633313341
8976,Kayla Taylor,F,23,EU,2021-07-01,Bronze,30,False,122.20663613516328,0.46920695636934884
8977,David Williams,F,29,USA,2020-10-16,Bronze,39,True,123.55029675086311,0.6725011860105146
8978,Kayla Rios,F,24,Asia,2020-11-19,Bronze,37,True,106.05577229519959,0.627547280382428
8979,Scott Wade,M,42,EU,2023-09-26,Bronze,3,False,81.4074724225207,0.36255680914815996
8980,Kenneth Williams,M,23,USA,2023-12-23,Bronze,0,False,111.74226025285826,0.3316291042758951
8981,Tiffany Gentry,F,34,Asia,2020-04-08,Bronze,45,True,103.0219612926611,0.3689461973547802
8982,Sarah Woods,F,33,EU,2021-05-02,Bronze,32,False,94.85783528590972,0.35635352265376297
8983,Timothy Jones,M,42,EU,2021-11-27,Silver,25,True,170.00301480515395,0.36773592284191836
8984,Dennis Martinez,M,43,EU,2021-07-03,Bronze,30,True,109.1366273244966,0.19615891050109674
8985,Terry Owens,F,39,USA,2021-04-14,Silver,33,True,131.40757258788375,0.1335943232177743
8986,Lori Gutierrez,F,36,EU,2020-11-07,Silver,38,True,130.01056686596536,0.11602456812861167
8987,Heidi Stewart,F,22,USA,2019-05-13,Bronze,56,True,76.9450874290387,0.26742238728148204
8988,Larry Martinez,M,22,Other,2019-05-07,Gold,56,True,210.26566693727915,0.6749640062429663
8989,William Payne,M,24,Asia,2021-12-16,Bronze,24,False,118.14346403984923,1.0
8990,Alisha Lewis,M,40,EU,2023-02-03,Bronze,11,False,88.17293597075536,0.8029987486031496
8991,Nicholas Sanders,M,33,USA,2020-01-26,Bronze,47,True,78.67855967006928,0.5373234448817176
8992,John Brown,M,41,USA,2019-07-05,Silver,54,False,165.10188801392707,0.3836284658832203
8993,Vanessa Walker,F,43,USA,2020-11-23,Silver,37,True,197.36540077628058,0.43531370339759334
8994,Colton Green,F,25,EU,2023-11-03,Silver,1,False,209.70552655408238,0.5210713052769546
8995,Mark Lawson,F,33,USA,2020-11-24,Bronze,37,True,130.30724713905437,0.8100604859745018
8996,Collin Gentry,M,32,EU,2023-08-28,Bronze,4,False,99.01264547338513,0.35125748641688254
8997,Andrea Abbott,M,29,USA,2023-12-15,Silver,0,False,122.97827354121365,0.5004430933745979
8998,Adrian Sanchez,M,27,Other,2022-01-20,Gold,23,False,224.30773118089962,0.514603962606429
8999,Kenneth Jones,M,44,USA,2023-11-11,Silver,1,False,147.88135395801265,0.4867651567311992
9000,Crystal White,F,33,Other,2022-07-23,Bronze,17,False,96.01626603242653,0.19868736758140704
9001,Richard Ferguson,M,33,Other,2023-04-18,Bronze,8,False,138.01174114840222,0.45863575455501515
9002,Madison Morales,M,24,EU,2023-05-05,Bronze,8,False,127.70894903822277,0.2971444450320816
9003,Brian James,M,39,Asia,2020-07-22,Silver,41,True,169.10635277888372,0.8431956745915659
9004,Julia Green,M,22,EU,2022-04-13,Bronze,20,False,98.07085836881446,0.58564723200568
9005,Latoya Singleton,F,37,EU,2019-03-01,Bronze,58,True,100.15139490134032,0.6674672691400323
9006,Cody Lopez,M,37,USA,2019-07-27,Silver,53,False,103.67738762780442,0.36726152286865765
9007,Pamela Scott,F,28,USA,2020-03-14,Bronze,46,True,120.92057359060388,0.4326214702031551
9008,Diana Ali,F,36,EU,2019-09-09,Silver,52,True,188.9183193778328,0.8063042041097901
9009,Nicole Patterson,M,34,EU,2019-01-09,Silver,60,True,127.0653741248372,0.6536106666988712
9010,Kimberly Hunter,M,32,EU,2023-08-04,Bronze,5,False,87.43964294423844,0.5632341148924267
9011,Stacey Jones,F,33,USA,2021-12-21,Gold,24,False,239.0060840046575,0.7015497784282447
9012,Courtney Williams,F,33,USA,2021-07-25,Silver,29,False,140.26806723208125,0.7941772612732609
9013,Larry Stone,M,34,USA,2019-03-26,Bronze,58,True,122.71248794766194,0.7276294274758623
9014,Jonathan Miller,M,33,USA,2020-06-27,Gold,42,False,168.72240237199702,0.657427357695967
9015,Michael Wheeler,M,21,USA,2020-11-02,Silver,38,True,140.64477224388844,0.6718722817601452
9016,Melissa Wise,M,31,USA,2022-06-16,Silver,18,False,165.5580762716449,0.45058039913437276
9017,Melissa Jackson,M,35,USA,2020-08-05,Silver,41,True,140.28939892779167,0.5293515042369461
9018,Mr. Leonard Jackson,M,33,Asia,2020-11-20,Bronze,37,False,92.36981481534822,0.6020998752629798
9019,Brent Hernandez,M,42,USA,2023-05-18,Bronze,7,False,91.92004656583222,0.5477341358770105
9020,Deborah Price,M,39,EU,2023-09-02,Silver,4,False,170.84959638573372,0.5754551759222938
9021,Christopher Gutierrez,M,24,USA,2019-02-14,Bronze,59,False,119.25808399312817,0.47882471506230057
9022,Tracy Foster,F,31,Asia,2020-04-15,Gold,45,True,219.7100632808855,0.09041138142653121
9023,Charles Nguyen,F,29,EU,2021-05-25,Bronze,31,True,86.04887134567016,0.601488545006301
9024,Joseph Smith,F,32,USA,2020-09-10,Silver,40,True,191.03648116773743,0.5162106653556752
9025,Haley Harvey,M,32,EU,2020-11-28,Bronze,37,False,105.10684666566729,0.5190496810385865
9026,Katherine Hammond,F,39,USA,2019-07-16,Silver,54,True,181.5159875606061,0.8301588933531336
9027,Tracy Hogan,M,34,EU,2021-08-08,Silver,29,False,111.29715789344164,0.5535018812848692
9028,Ronald Davila,F,45,USA,2019-06-26,Silver,55,False,185.02545904020283,0.37926156741332395
9029,Emily Reed,M,35,Other,2020-07-26,Bronze,41,True,92.55372472207301,0.6031882798743348
9030,Maria Thomas,M,24,EU,2021-05-24,Bronze,31,True,91.15152140205409,0.5128341686136321
9031,Debra Miller,F,28,USA,2020-12-24,Gold,36,False,216.20929887138834,0.6674067038026222
9032,Michael Huerta,F,39,Asia,2019-06-21,Gold,55,False,117.97805518761405,0.4104915133875701
9033,Joy Robinson,F,18,USA,2019-12-14,Bronze,49,True,106.99861366659042,0.3777544167522279
9034,Brittany Kelly,M,19,Asia,2023-12-20,Bronze,0,False,94.46547768685019,0.4190031730074293
9035,Julie Jordan,M,33,EU,2021-11-10,Bronze,26,False,128.28176670201444,0.24062708774256109
9036,Jacob Peters,M,42,Asia,2023-12-13,Gold,0,False,210.85002153778308,0.4343506612730933
9037,Caitlyn Clark,F,46,USA,2021-11-19,Bronze,25,True,80.13576087226129,0.7384494194350503
9038,Kimberly Ward,F,30,Asia,2022-03-02,Bronze,22,False,83.97678684844448,0.39098142641267936
9039,Amanda Gould,F,43,Asia,2021-12-26,Bronze,24,False,50.81141227414125,0.296465947713332
9040,Laura Martin,M,33,USA,2020-04-05,Silver,45,True,222.86478355300943,0.420795499222617
9041,Mark Taylor,F,18,USA,2021-10-14,Gold,26,True,99.8305805237919,0.5330452582139193
9042,Tyrone Roberson,M,32,USA,2023-08-24,Bronze,4,False,89.18708836804095,0.38809627911387723
9043,Brian Barron,M,26,Other,2019-09-21,Bronze,52,False,114.82546073365134,0.5107517324819306
9044,Kelly Harris,F,42,USA,2019-10-23,Silver,51,True,194.02578114096065,0.5377035097152474
9045,Jeremy Moran,F,32,EU,2021-11-21,Bronze,25,False,136.0843304884546,0.5002590288860832
9046,Dr. Donna Bailey,M,20,USA,2022-06-26,Bronze,18,False,98.00781013464719,0.4865953879721944
9047,John Smith,M,18,USA,2019-11-25,Gold,49,True,220.09169949988913,0.7645513040749625
9048,Sarah Pierce,M,32,EU,2019-07-24,Gold,54,False,187.78080357649802,0.5264963912985323
9049,John Gallegos,M,18,Other,2019-02-08,Platinum,59,True,206.64063959929754,0.3813653932203148
9050,Michael Moore,M,27,EU,2022-04-01,Bronze,21,False,79.09208658977843,0.613192415756624
9051,Jessica Barron,M,35,Asia,2023-04-05,Bronze,9,False,65.66837175092445,0.49099835223127736
9052,Erika Moore,M,22,EU,2021-03-25,Silver,33,False,159.48232213703125,0.5107167533967227
9053,Erin Rivera,F,42,USA,2022-11-11,Bronze,13,False,93.15512407557247,0.6520136445521717
9054,Alicia Krueger,F,44,USA,2021-04-08,Bronze,33,False,96.2500599089243,0.7012194808230168
9055,Amanda Wilson,M,22,EU,2020-09-17,Bronze,40,True,113.44378039504045,0.32912044536964913
9056,Joshua Scott,Other,30,Other,2021-10-25,Platinum,26,True,314.8472375109533,0.7597983880328067
9057,Jeffrey Thompson,F,42,Asia,2019-05-10,Silver,56,True,169.8704310398506,0.4902827557795524
9058,Alexandria Barnes,M,32,USA,2022-09-14,Bronze,15,False,136.23073916481144,0.4913218733563667
9059,Brandy Allen MD,M,19,USA,2022-10-01,Bronze,15,False,84.11699728123794,0.348507642263085
9060,Kendra Smith,F,31,USA,2023-11-05,Gold,1,False,125.06157163702754,0.6120054440415367
9061,Mckenzie Vega,F,24,Other,2020-03-15,Gold,46,True,176.7870402274527,0.2867414758915384
9062,Margaret Gonzalez,F,44,Asia,2023-11-10,Silver,1,False,143.7993522516455,0.5807596692298452
9063,Robert Andrews,F,39,Asia,2023-11-15,Bronze,1,False,108.71217999620723,0.7476992304133507
9064,Dr. Brenda Frye,M,29,USA,2020-08-01,Bronze,41,True,114.48191744415718,0.45280326430348194
9065,Larry Pitts,M,34,EU,2019-09-24,Silver,52,True,118.06185765133027,0.6622740185345721
9066,Connie Henderson,M,19,EU,2022-11-11,Gold,13,False,151.49721205822433,0.5122914944802474
9067,Jessica Cruz,M,25,USA,2021-09-18,Bronze,27,True,127.29004053463599,0.2911743290845875
9068,Monica Torres,M,48,EU,2020-07-06,Silver,42,True,159.56009770743555,0.5179607004562309
9069,Scott King,M,33,USA,2023-11-02,Bronze,2,False,107.06627888944816,0.4722018914953748
9070,David Hahn,M,42,USA,2021-12-02,Bronze,25,True,105.28665789160374,0.6344685109902266
9071,Jeffrey Baker,M,35,Asia,2020-05-17,Bronze,44,True,102.95782009265832,0.4454988895268177
9072,Andre Payne,M,46,Asia,2020-12-22,Gold,36,True,191.01656386569363,0.57483607738848
9073,Nicholas Tran,M,18,EU,2019-09-05,Bronze,52,False,85.81963429064116,0.3416466980408799
9074,Nicholas Davis,M,31,EU,2019-08-20,Bronze,53,True,89.21034956661578,0.5644196296827527
9075,Charles Dougherty,M,49,USA,2022-12-14,Bronze,12,False,143.3224982622939,0.5035655382069529
9076,Carolyn Smith,F,42,Asia,2022-12-12,Gold,12,False,272.17669811136483,0.48087366238167834
9077,Brendan Howard,F,46,Asia,2021-06-04,Silver,31,True,177.81418436354994,0.5046629030338899
9078,Albert Bishop,M,32,Asia,2022-07-09,Bronze,18,False,98.65599791618111,0.45614314292145436
9079,Lisa Good,M,27,Asia,2020-12-27,Bronze,36,False,111.30501921192369,0.5212385980196731
9080,Nicholas Mejia,F,22,USA,2020-10-18,Silver,39,False,107.27130370162186,0.4704476882482422
9081,Russell Erickson,F,22,USA,2020-06-10,Bronze,43,True,119.92979911343248,0.3539988843434644
9082,Michael Horton,F,41,EU,2020-12-07,Bronze,37,True,95.19414318865745,0.3055667430739154
9083,Ricky Tran,M,38,USA,2019-05-05,Silver,56,False,150.4606344697827,0.4258533009485437
9084,Jonathan Kelley,F,32,Asia,2020-11-15,Bronze,38,False,101.96003207238013,0.45243174690542903
9085,Miss Makayla Young,F,38,USA,2020-09-26,Platinum,39,False,289.2558258189,0.04930218042789353
9086,Natalie Blevins,F,34,USA,2020-09-13,Bronze,40,True,116.07407437870151,0.5028974193966665
9087,Elizabeth Carney,M,42,USA,2023-03-14,Bronze,9,False,131.8960362101908,0.830449069531605
9088,Gerald Berg,F,42,Other,2021-03-25,Bronze,33,True,117.13951671354084,0.6034941022114586
9089,Jackson Ingram,F,22,USA,2021-03-04,Silver,34,True,151.97768554293532,0.4742859928165111
9090,Thomas Parsons,F,35,EU,2020-08-06,Bronze,41,True,78.67948057622081,0.37770442237711366
9091,Emma Jennings,M,18,EU,2020-12-15,Silver,37,True,151.18660917675894,0.2452975263613224
9092,Julie Padilla,F,34,USA,2021-12-13,Bronze,24,False,98.4552720608412,0.6332889671883961
9093,Cassandra Williams,M,39,EU,2022-08-13,Bronze,16,False,116.48955118998532,0.5638121274982785
9094,Jeremy Schmidt,M,19,Asia,2023-01-18,Gold,11,False,174.21758631331966,0.31475418164132285
9095,David Scott,F,28,EU,2023-09-17,Gold,3,False,164.4771772689075,0.644491735521261
9096,Rebekah Ferguson,M,33,Asia,2022-05-28,Silver,19,False,158.95184484354894,0.6259369237471127
9097,Adriana Malone,F,35,USA,2020-04-01,Gold,45,True,236.815028704966,0.3993015917892962
9098,Russell Reynolds,F,30,USA,2021-06-04,Bronze,31,True,103.05839542703308,0.4562128434311994
9099,Sarah Collins,M,21,Other,2023-11-11,Bronze,1,False,119.3269293542876,0.5374756603714426
9100,Cassandra Frey,F,32,USA,2022-01-25,Bronze,23,False,74.48175510209695,0.5829256802433584
9101,Tyler Murphy,F,18,EU,2022-08-19,Platinum,16,False,328.41119792661385,0.33579303316387427
9102,Elizabeth Simon,M,30,Asia,2019-05-28,Silver,55,True,111.54359588852392,0.5850405982312452
9103,Catherine Nguyen,F,28,USA,2022-05-13,Bronze,19,False,153.34629986232363,0.5088803872487924
9104,Kristy Ramos,M,31,Asia,2019-05-16,Bronze,56,True,126.81533796866171,0.6666268575931033
9105,Kyle Haas,M,27,USA,2019-10-19,Bronze,51,True,107.6999789631239,0.6144007618497226
9106,Michael Glover,M,18,USA,2023-11-15,Bronze,1,False,67.921549091887,0.5086767868099002
9107,Rebecca Walker DDS,M,29,USA,2020-11-28,Bronze,37,True,72.49842174411384,0.6375203584788919
9108,Julie Mata,M,42,Asia,2020-12-12,Bronze,37,True,137.90849630140974,0.27357790858302666
9109,David Wang,Other,45,USA,2022-12-23,Bronze,12,False,76.8476570115854,0.44386762501887145
9110,Anita Price,F,57,Asia,2021-08-08,Bronze,29,True,110.0027834730491,0.3540820603504875
9111,Veronica Sweeney,F,49,Other,2021-01-27,Silver,35,True,204.69998530624065,0.416688521071244
9112,Laura Buck,M,21,EU,2019-09-22,Silver,52,True,153.17783911016957,0.41486056068501703
9113,Peter Humphrey,F,28,EU,2022-10-01,Bronze,15,False,76.10027480386464,0.3105836424428171
9114,Tracey White,M,32,EU,2022-10-22,Silver,14,False,96.74060671074594,0.6429170622380286
9115,Christina Fletcher,M,32,USA,2020-12-08,Bronze,37,True,107.65675047868915,0.6126349810431397
9116,Jamie Smith,M,33,EU,2021-06-05,Bronze,31,False,77.92077367936479,0.4089560417062438
9117,Denise Reynolds,M,57,EU,2023-10-24,Gold,2,False,200.09147957585176,0.1527217912756938
9118,Beverly Romero,M,22,Other,2022-10-28,Bronze,14,False,78.69319540161233,0.424230774463468
9119,Kelli Williamson,F,25,Other,2022-06-01,Bronze,19,False,87.97114671581693,0.4927073992499292
9120,Michael Mccall,F,49,Asia,2020-07-12,Gold,42,True,177.22375180136734,0.7035409443953722
9121,Steven Yang,M,26,Asia,2023-01-04,Bronze,12,False,94.7753520281567,0.41541331252684155
9122,Monica Armstrong,M,36,EU,2023-10-15,Bronze,2,False,85.19202795793515,0.6467530181478158
9123,Karen Henson,M,43,EU,2023-12-28,Gold,0,False,211.39125730507982,0.42427749119392366
9124,Beth Garcia,F,37,Asia,2023-11-09,Bronze,1,False,119.94637818898673,0.5853072085475266
9125,Erin Long,F,34,USA,2021-05-10,Silver,32,True,139.1933430030458,0.6211415746466451
9126,Richard Sweeney,F,42,Other,2019-09-21,Bronze,52,True,105.21710814341117,0.5867715281042062
9127,Michael Goodman,F,24,EU,2023-08-13,Bronze,4,False,81.29527614642618,0.3564308579771138
9128,Megan Khan,M,28,EU,2019-10-10,Silver,51,True,102.97558348260475,0.44546628163025626
9129,Jacob Day,Other,38,Asia,2019-11-28,Bronze,49,True,108.03370131745316,0.5880781066924097
9130,Shannon Hunt,M,18,Other,2020-11-10,Silver,38,True,176.3890119673091,0.26299916840927934
9131,Ashley Mejia,M,47,USA,2023-07-14,Gold,5,False,123.45534956005078,0.6184488978168639
9132,David Johnston,F,36,Asia,2021-01-19,Bronze,35,False,98.17354147433866,0.31810132025533006
9133,David Joseph,M,34,EU,2020-07-19,Gold,42,True,217.2894435689628,0.29722537718700914
9134,Alexa Smith,F,18,USA,2020-04-25,Bronze,44,True,105.78690519412261,0.4200953476324281
9135,Kevin Gilbert,M,20,Asia,2019-11-01,Bronze,50,True,88.19812457725847,0.3972405723885776
9136,Dr. Terri Valdez,F,29,EU,2022-06-27,Platinum,18,False,302.85467804491424,0.5272733308803341
9137,Donald Ford,M,41,EU,2021-01-22,Bronze,35,False,118.52767978521679,0.5400809943500683
9138,Mary Kane,M,18,USA,2023-10-22,Bronze,2,False,82.80332508795057,0.5105470940069281
9139,Brian Mccarty,F,40,EU,2023-11-26,Silver,1,False,196.64592414043017,0.3525482014296133
9140,Kevin Clayton,F,29,EU,2021-09-24,Bronze,27,False,72.24160844797049,0.681336268906053
9141,Brandy Bowman,F,30,EU,2023-08-08,Bronze,4,False,117.95552011314271,0.5096857818870361
9142,Dominique Hall,F,35,USA,2022-04-17,Silver,20,False,151.6198764515971,0.6395861919886111
9143,Sandra Holder,F,35,Other,2022-07-23,Gold,17,False,179.40905172870623,0.15596705650718629
9144,James Zuniga,F,25,EU,2023-11-10,Bronze,1,False,63.163688390721866,0.5802682730070213
9145,Danielle Riley,M,39,Asia,2020-11-01,Bronze,38,True,123.80386924189438,0.41405044418962794
9146,Christine Carr,M,18,EU,2023-11-08,Bronze,1,False,81.3182687780101,0.6138686925682525
9147,Mark Page,M,28,USA,2023-11-05,Bronze,1,False,99.40039691425048,0.7679282681457731
9148,Amy Burnett,F,34,EU,2021-09-02,Gold,28,True,218.8412643315358,0.3247713996980438
9149,Laura Patterson,M,29,EU,2022-09-19,Gold,15,False,295.1695435905466,0.6287380617587206
9150,Emily Romero,F,18,EU,2020-11-27,Silver,37,False,139.3297198467639,0.41017489059501605
9151,Michael Rivera,F,40,EU,2021-11-25,Silver,25,True,151.53159395917257,0.21928526156495992
9152,Rebecca Jones,F,20,EU,2021-07-02,Gold,30,True,216.5627338075754,0.6390605673343228
9153,Eric Colon,M,32,USA,2020-01-20,Bronze,48,True,102.32837720520033,0.7729123848057746
9154,Megan Burns DVM,M,34,EU,2020-07-23,Bronze,41,True,84.7746303357308,0.8166692865072003
9155,Zachary Pearson,F,33,USA,2021-10-24,Bronze,26,True,129.70627095548818,0.5450901445607634
9156,Michael Owens,M,44,USA,2023-10-11,Gold,2,False,181.5625620153366,0.2833426028077122
9157,Anna Morse,M,32,Other,2020-01-03,Bronze,48,False,109.36251640767405,0.4688958484977098
9158,Cheryl Sandoval,M,37,EU,2019-10-26,Silver,50,True,143.49329362542787,0.4836164812820135
9159,April Romero,M,32,EU,2020-11-26,Bronze,37,False,87.88307291592564,0.6644375878897414
9160,Kevin Hernandez,M,39,EU,2021-10-09,Silver,27,True,181.44728487957912,0.49633100119031903
9161,Michael Morris,F,46,Other,2019-02-08,Gold,59,True,210.51784750220153,0.1886415341631616
9162,Tanner Ortiz,M,34,EU,2021-04-06,Bronze,33,True,56.31289291937294,0.5945728222357789
9163,Gina Finley,F,40,Asia,2022-02-14,Silver,22,False,158.93250241708105,0.5107814504139652
9164,Ralph Luna,M,47,USA,2022-06-28,Bronze,18,False,87.45821127748961,0.6355864356160023
9165,Phillip Hayden,F,46,Other,2023-07-08,Silver,5,False,102.33490436480403,0.537261829203703
9166,Melinda Long,F,29,Asia,2020-08-15,Bronze,41,True,119.13085774046104,0.6033438261952198
9167,Jimmy Edwards,M,43,Asia,2021-10-27,Bronze,26,False,84.72889685669901,0.5022107306813209
9168,Erin Wilson,M,35,USA,2019-07-26,Bronze,54,True,105.24725074261636,0.5425410613639807
9169,Brittney Wheeler,M,44,USA,2020-01-24,Bronze,47,True,118.39641079245962,0.36177587220317214
9170,Charles Anderson,F,38,USA,2023-09-03,Gold,4,False,190.30134562845748,0.5531305545036795
9171,John Carter,F,35,USA,2021-12-23,Platinum,24,False,315.0724475955435,0.4722319875042378
9172,Erin Johnson,F,37,Asia,2021-02-08,Bronze,35,True,86.3840110585499,0.5734904378240029
9173,Howard Richardson,M,35,USA,2022-11-28,Bronze,13,False,122.07846379527601,0.32264179648314617
9174,Victoria Williams,M,35,USA,2023-04-22,Silver,8,False,144.54761426970126,0.7098754290759093
9175,Mrs. Jennifer Ruiz,M,31,USA,2021-10-16,Bronze,26,False,110.74950448982946,0.537252111037733
9176,Jason Parker,M,30,USA,2022-08-06,Bronze,17,False,130.10789420017994,0.6189690268285387
9177,Rebecca Elliott,F,50,USA,2022-07-07,Bronze,18,False,62.97022157484961,0.5007128203977675
9178,Rebecca Rodriguez,M,37,Asia,2019-12-13,Gold,49,False,172.5925905520411,0.5904854838483531
9179,Juan Wright,F,27,EU,2023-12-20,Silver,0,False,144.81660250711803,0.1632230292220374
9180,Anna Reid,F,30,USA,2023-08-26,Gold,4,False,205.10458236038272,0.4838678717073288
9181,Nicholas Floyd,F,43,EU,2021-10-26,Bronze,26,True,112.30773872774598,0.3810696968313413
9182,Erika Kim,M,25,EU,2019-10-09,Silver,51,True,186.6243406585018,0.4460090463520718
9183,Terrance Jackson,F,18,USA,2020-02-19,Silver,47,True,127.63770081105504,0.6516009279557561
9184,William Banks,Other,18,EU,2021-01-07,Bronze,36,True,95.96581703438974,0.2600534340642284
9185,Mackenzie Diaz,F,18,Asia,2022-11-16,Gold,13,False,244.87131667401647,0.6109581833128754
9186,Jason Neal,F,20,Asia,2020-08-25,Platinum,40,True,320.28105898375856,0.5691991860458546
9187,Aaron Scott,F,21,Asia,2020-06-24,Gold,42,True,131.975337160386,0.6920694075544024
9188,Robert Peterson,F,46,USA,2021-12-07,Silver,25,False,96.49973552091097,0.18895122474359732
9189,Cameron Russell,M,32,Other,2019-06-15,Silver,55,True,135.32946826990494,0.5884248767368995
9190,Jessica Porter,F,29,Asia,2023-06-05,Silver,7,False,166.56013761200865,0.5379064487448875
9191,Mr. Robert Collins,F,18,Other,2019-04-02,Gold,57,False,221.33341780075807,0.4920255939430974
9192,Crystal Taylor,Other,31,USA,2021-11-02,Bronze,26,True,82.13682576890146,0.71661419857878
9193,William Ray,F,18,Other,2023-02-20,Bronze,10,False,113.27166739125887,0.18379427699684697
9194,Deborah Colon,M,29,Asia,2020-11-05,Silver,38,True,157.55793959378735,0.5187726673590685
9195,Joseph Benson,F,53,Asia,2022-01-12,Gold,23,False,156.74678773104787,0.6533629396970138
9196,Jennifer Bennett,F,39,USA,2019-12-04,Bronze,49,True,87.9713063168998,0.2561882566842704
9197,Sally Thomas,M,30,Asia,2023-03-27,Silver,9,False,91.66174111195346,0.5891706388510123
9198,Stacy Hart,M,39,Other,2019-07-18,Bronze,54,False,76.18124037514082,0.5488096818678686
9199,Michael Hernandez,F,27,EU,2023-11-20,Gold,1,False,124.64984224755968,0.18051893403763947
9200,Jade Rogers,M,24,EU,2022-11-11,Silver,13,False,103.59739459956691,0.6645310887174222
9201,Brian Mejia,M,50,Other,2021-08-21,Silver,28,True,200.37952952833768,0.3662288269561411
9202,Mason Moon,M,21,EU,2021-11-20,Silver,25,False,137.99787193513833,0.7367702044954351
9203,Nathan Blanchard,F,29,EU,2023-10-06,Gold,2,False,129.0422460529868,0.5861111979730207
9204,Carrie Brown,M,36,EU,2023-06-13,Gold,6,False,216.74945756046554,0.5449646938820352
9205,Christine Parker,M,23,Other,2021-04-26,Gold,32,True,211.59582861029176,0.6519075783319344
9206,Jeffrey Alvarez,F,39,USA,2020-12-23,Bronze,36,True,103.8582450586444,0.634147066416786
9207,Brian White,F,29,EU,2020-01-05,Bronze,48,True,82.53573749576513,0.20613819663562238
9208,Matthew Jennings,Other,39,EU,2020-09-25,Gold,39,True,224.90916212078739,0.24425569584559997
9209,Sabrina Chapman,M,38,Asia,2022-11-04,Gold,14,False,156.0878496856306,0.478486035482767
9210,Sara Yang,F,30,EU,2023-11-27,Bronze,1,False,115.87294453396798,0.3388602409190169
9211,Thomas Logan,M,50,Other,2019-12-10,Bronze,49,True,117.69213431864165,0.7489468268493079
9212,Ashley Horn,F,26,Other,2019-06-02,Bronze,55,True,98.71516267141818,0.3513848252554673
9213,John Moore,F,46,USA,2023-03-27,Bronze,9,False,70.71363270280244,0.5138093935463102
9214,Amanda Brown,M,44,EU,2021-11-26,Silver,25,True,174.07487103726498,0.587459698667747
9215,Stacey Dixon,F,50,USA,2023-11-08,Bronze,1,False,88.3287438541592,0.8666301212538723
9216,Jill Ramirez,M,34,USA,2020-12-20,Bronze,36,False,105.48718744456019,0.6723983519113981
9217,Anthony Mitchell,F,25,EU,2020-09-20,Gold,39,False,227.63088202322015,0.4008238907151782
9218,Katherine Weaver,M,53,Other,2019-03-03,Bronze,58,True,83.80683564024517,0.5787106592900236
9219,Rachel Macdonald,F,29,Asia,2023-06-28,Silver,6,False,214.37097126680052,0.604749290788762
9220,Amy Lee,M,24,USA,2019-12-09,Bronze,49,True,99.12245223449248,0.5932937802811397
9221,Matthew Rivas,M,31,USA,2021-11-20,Silver,25,True,129.8777559258682,0.35292329887344215
9222,Allison Miller,Other,23,EU,2022-01-02,Bronze,24,False,119.9886370955156,0.8047699070517569
9223,Jennifer Ray MD,F,38,EU,2022-06-27,Bronze,18,False,130.997145161737,0.31638044055107223
9224,Jason Barnes,F,26,USA,2021-01-17,Bronze,35,True,58.665093288774685,0.6020311858661237
9225,Erica Yang,M,30,Asia,2020-06-28,Gold,42,True,144.75447879513308,0.36766676901814344
9226,Jason Kirk,M,42,Other,2020-05-01,Silver,44,True,126.73190598972822,0.5586135661736341
9227,Michael Smith,F,39,EU,2020-08-24,Bronze,40,True,142.26866843997396,0.47061266071003066
9228,Ronald Baker,F,33,Asia,2019-02-17,Gold,59,True,180.83528276059917,0.30462332859773567
9229,Mark Rangel,M,34,USA,2019-01-05,Bronze,60,False,130.41691861606705,0.1287737675713257
9230,Mrs. Julia Chavez DDS,F,33,Asia,2022-06-13,Gold,18,False,208.80442535960032,0.6328464086981413
9231,Johnny Escobar,M,28,EU,2020-12-08,Bronze,37,False,70.9939430732017,0.4160998335000558
9232,Jeremy Cochran,M,32,USA,2020-11-07,Bronze,38,True,117.61248495795749,0.5208724671021424
9233,Denise Stewart,M,37,Other,2021-11-23,Bronze,25,False,106.33898457728823,0.7700296311741186
9234,Reginald Brown,F,31,EU,2022-09-14,Silver,15,False,124.13206450744222,0.5935672152191285
9235,Charles Mendez,F,37,Asia,2019-12-08,Bronze,49,True,86.7848559294313,0.06528569896485048
9236,Jordan Morse,M,24,USA,2022-12-11,Bronze,12,False,79.00793953096843,0.3162935437536506
9237,Brittney Boyd,F,26,USA,2020-12-03,Bronze,37,True,87.50523809351895,0.22381295758523911
9238,Brandy Hogan,M,25,USA,2020-04-05,Gold,45,True,226.33820798438003,0.37494791584261555
9239,James Ball,F,27,EU,2019-05-18,Gold,56,True,163.8521797689337,0.4593601299127174
9240,Nicole Scott,F,45,EU,2019-12-05,Silver,49,True,152.53161375462338,0.8832293703537364
9241,Aaron Gonzalez,F,40,USA,2022-08-13,Silver,16,False,159.4155534141314,0.6509763784049353
9242,Matthew David Jr.,M,22,EU,2023-11-05,Silver,1,False,148.36380515986153,0.5534640282957056
9243,Mitchell Daniels,F,37,EU,2020-11-02,Bronze,38,True,67.68670149666562,0.5665763111799766
9244,Dakota Vaughn,F,29,Asia,2020-11-26,Gold,37,False,229.95503239085883,0.5712634231896639
9245,Jennifer Torres,Other,26,EU,2023-01-13,Bronze,11,False,76.69165090950071,0.2371520027592175
9246,Sergio Massey,Other,18,Other,2022-12-28,Silver,12,False,132.74822113569053,0.2885927986218121
9247,Brianna Aguilar,F,42,EU,2021-08-06,Silver,29,True,136.1956538171594,0.5682976721760169
9248,Bryce Thompson,M,19,EU,2021-01-17,Silver,35,False,149.04447305268042,0.500742396449956
9249,Deborah Hawkins,F,32,USA,2020-12-08,Gold,37,True,203.8492517967209,0.5453372683469951
9250,William Chambers,F,23,USA,2021-10-27,Bronze,26,False,113.71708867162532,0.7407935801728047
9251,Ryan Conner,F,40,USA,2022-12-17,Silver,12,False,140.64613071745038,0.3961979125220387
9252,Larry Rowland,M,29,EU,2021-09-19,Silver,27,True,113.49662869181121,0.4445628002665352
9253,Deborah Smith,M,31,USA,2019-07-15,Bronze,54,True,121.74140264433854,0.5370182589175572
9254,Timothy Wilson,M,31,USA,2022-08-01,Bronze,17,False,91.97942449250266,0.24468408536529884
9255,Jose Ramsey,M,36,Asia,2023-05-18,Gold,7,False,192.602420065714,0.27904126016734765
9256,Shane Garcia,M,33,USA,2020-12-07,Bronze,37,True,79.98399126732336,0.7044624577384256
9257,John Banks,F,32,USA,2022-06-07,Bronze,19,False,82.68733199730652,0.4558714614483299
9258,Amy Wilcox,M,27,USA,2021-06-16,Bronze,30,False,128.84875290281667,0.42645732215934795
9259,Darrell Coleman,M,18,Asia,2022-11-11,Silver,13,False,108.74755582343603,0.5361872633803388
9260,Jacqueline Ramos,M,21,USA,2023-03-05,Gold,10,False,150.9101034742443,0.24958234975486893
9261,Michael Wong,M,40,EU,2022-05-21,Bronze,19,False,90.75469506314033,0.45398256594657205
9262,Bradley Brown,Other,29,EU,2023-08-14,Silver,4,False,159.54447932103784,0.41381070127708053
9263,Anna House,M,26,EU,2023-04-23,Bronze,8,False,80.65132591160855,0.5551099731539663
9264,April Rhodes,M,18,EU,2022-06-26,Bronze,18,False,68.43705836135914,0.18343078470115276
9265,Brian Peters,F,18,Asia,2020-11-27,Gold,37,False,151.1790616952827,0.37982482032197246
9266,Nicholas Smith,F,25,USA,2020-06-28,Bronze,42,True,91.68319861626354,0.4309198579359453
9267,Gregory Roberts,M,41,USA,2021-11-10,Bronze,26,True,79.98730526546203,0.42727501641291077
9268,Michael Conrad,F,27,USA,2022-10-05,Silver,15,False,216.69982154353755,0.6577366865217602
9269,Michael Thompson,F,37,USA,2022-11-24,Bronze,13,False,139.6440235291997,0.3819186377772013
9270,William Jackson,F,26,USA,2019-11-19,Silver,50,True,184.96773405510132,0.9613491133226806
9271,Julie Conway,F,39,USA,2020-04-18,Gold,45,True,215.05723235906746,0.6120415045791271
9272,Kara Wong,Other,29,EU,2023-12-26,Bronze,0,False,107.56735805270452,0.4270187022637352
9273,Martha Dalton,M,20,EU,2019-11-04,Bronze,50,False,126.4417108509741,0.5906770045293063
9274,David Greene,M,30,USA,2022-10-23,Bronze,14,False,102.61512332488866,0.6089830989992739
9275,Sean Huerta,M,51,Asia,2019-11-09,Bronze,50,True,83.53022007981109,0.453453983098769
9276,Dawn Wolf,M,50,USA,2020-11-19,Bronze,37,True,142.4642729443763,0.6727668310777747
9277,James Gregory,F,37,USA,2022-10-11,Gold,14,False,223.00911398326053,0.35364033043427723
9278,Natalie Caldwell,F,31,EU,2020-09-03,Silver,40,False,193.59146618670988,0.5879442371511306
9279,Douglas Sullivan,M,36,USA,2019-11-11,Bronze,50,True,136.24258187576424,0.48426356949361893
9280,Richard Clark,M,36,USA,2021-02-07,Gold,35,False,129.11049331531888,0.5434263789970247
9281,Todd Buchanan,M,32,EU,2023-10-17,Bronze,2,False,82.72055049682155,0.5343145914295105
9282,Anna Villanueva,F,37,Other,2023-08-23,Silver,4,False,143.90022869784406,0.5027134223775368
9283,Jimmy Norman,F,35,Asia,2021-10-18,Bronze,26,True,110.01880200539163,0.7964850906351885
9284,Crystal Wallace,F,29,USA,2021-08-26,Bronze,28,False,118.33077139366387,0.4122421332737218
9285,Paul Figueroa,F,21,Asia,2021-06-15,Silver,31,False,148.10471051175944,0.3815539101101173
9286,Melissa West,F,28,Asia,2020-11-17,Bronze,38,True,125.85598916645056,0.486727661933073
9287,Natasha Lester,F,40,EU,2022-04-26,Silver,20,False,168.28236694207342,0.6954851931317366
9288,Abigail Moreno,M,32,Asia,2021-11-25,Bronze,25,True,111.9421129076145,0.5057233486688081
9289,Randall Stokes,F,36,EU,2020-10-17,Bronze,39,True,94.46426713042695,0.4892732450269199
9290,Kyle Williams,F,30,USA,2019-05-24,Silver,56,False,159.47319463374654,0.41664808272093934
9291,Edward Cummings,F,22,EU,2019-12-10,Gold,49,True,212.35622459994104,0.427031932161659
9292,Angela Nelson,Other,30,EU,2021-11-15,Bronze,25,False,119.25590192698408,0.6604432950513256
9293,Kaylee Lewis,F,22,EU,2019-01-23,Bronze,60,False,73.65495328744557,0.49065523857925797
9294,Gail Morales,F,22,EU,2021-08-16,Silver,28,True,171.06441368174984,0.5381911695115363
9295,Andrew Kelly,F,45,Other,2019-04-15,Silver,57,True,100.6083262434023,0.3952934114413052
9296,Gary Cunningham,M,28,Other,2019-03-26,Silver,58,True,124.40052029453639,0.6165299306464755
9297,Jessica White,F,25,Asia,2022-01-09,Silver,24,False,168.23053199579593,0.6834732776039911
9298,David Thomas,F,49,Asia,2022-12-28,Platinum,12,False,249.71088276769194,0.3608625460004343
9299,Kevin Davis,M,41,Other,2019-08-21,Bronze,53,True,100.5455649838207,0.3646593493904673
9300,Michael Brown,F,29,USA,2022-04-19,Silver,20,False,122.36210871140149,0.37333973698600487
9301,Jacqueline Steele,F,37,USA,2021-05-01,Silver,32,True,167.9783676387326,0.655351620014055
9302,Joseph Jenkins,F,30,EU,2023-11-02,Silver,2,False,151.4215894723366,0.35585343894561894
9303,Jorge Spencer,Other,26,Asia,2021-04-06,Bronze,33,True,99.50513241552238,0.44838981194886196
9304,Erica Walker MD,M,37,EU,2022-11-24,Silver,13,False,182.99145262926953,0.35232896699407035
9305,Ronald Jenkins,F,29,Asia,2020-03-09,Silver,46,True,162.50509723642097,0.7537631219417686
9306,Christine Cardenas,F,33,USA,2019-12-24,Silver,48,True,164.81199455325213,0.4202510157334006
9307,Michael Curtis,M,43,USA,2022-12-18,Bronze,12,False,122.17764566126264,0.7494857695609916
9308,Sarah Smith,M,42,Asia,2022-11-01,Silver,14,False,186.35267519415586,0.4960204692919481
9309,Stacey Hernandez,F,27,USA,2022-08-10,Gold,16,False,161.99409537874476,0.425976946033782
9310,Deborah Reed,F,37,USA,2021-10-04,Gold,27,True,229.47831795508557,0.6198324515323553
9311,Kathleen Randolph,F,21,USA,2019-09-14,Silver,52,False,163.00240536372962,0.4941103017318581
9312,Samuel Phillips,F,37,USA,2023-12-21,Silver,0,False,189.35894018486712,0.7115126325240783
9313,Samantha Holmes,M,34,Asia,2022-01-26,Bronze,23,False,74.26312384100989,0.4675213768620675
9314,Kari Conner,M,36,USA,2020-08-06,Bronze,41,True,86.18753763537686,0.43223982250365367
9315,Michelle Thomas,M,30,EU,2019-12-20,Bronze,49,True,96.05796892682898,0.431638816865886
9316,Peter Campbell,F,53,USA,2023-08-05,Gold,4,False,256.10840779873604,0.6864194895869024
9317,Dawn Daniel,M,23,Asia,2020-08-15,Bronze,41,False,94.26192904430548,0.5376276725952168
9318,Eric Smith,Other,42,USA,2023-11-24,Silver,1,False,148.75541573103914,0.38937811271146294
9319,David Bryant,Other,22,EU,2023-12-10,Gold,0,False,172.6386289693384,0.28467328645218437
9320,Nathan Ellison,Other,38,Asia,2019-06-03,Gold,55,False,231.36382961728182,0.5316872911484486
9321,Victoria Hobbs,M,38,USA,2021-12-17,Silver,24,False,170.2912463482667,0.3592770275030597
9322,Jeffrey Ellis,F,33,Asia,2020-06-09,Silver,43,False,133.68702330066432,0.23480047030551954
9323,Mr. Robert Cooper Jr.,M,28,EU,2022-11-09,Silver,13,False,118.65360971325542,0.6633068229953563
9324,Catherine Griffin,M,34,EU,2023-06-15,Bronze,6,False,115.44307704559218,0.3151350297436598
9325,Jessica Calhoun,M,35,USA,2020-02-18,Bronze,47,True,110.17569605258853,0.23195066597298963
9326,Lisa Lawrence,F,50,Other,2019-12-03,Bronze,49,False,86.7263154533374,0.4793767811120331
9327,Julia Ruiz,M,24,Asia,2020-09-08,Bronze,40,True,113.88490615531136,0.4550369076772754
9328,Gary Scott,F,27,USA,2022-08-03,Gold,17,False,225.57462794941142,0.36900546611609847
9329,Edward Jones,M,35,USA,2022-09-19,Bronze,15,False,124.59963620536917,0.5328451828527762
9330,Brian Bishop,M,30,Asia,2019-11-22,Silver,50,False,175.40561008156956,0.4555050577782478
9331,Miranda Perkins DDS,M,31,EU,2020-06-13,Bronze,43,False,93.22205382967026,0.8298768697683157
9332,Zachary Stark,F,43,Asia,2021-05-22,Platinum,31,False,254.2884070341667,0.4710716222330315
9333,Tonya Graham,F,18,EU,2021-09-16,Bronze,27,True,140.304096363286,0.3091186140758001
9334,Faith Ritter,F,27,Asia,2023-01-07,Bronze,11,False,89.72274976169024,0.5450302806787647
9335,Lauren King DVM,F,18,USA,2023-11-26,Bronze,1,False,63.310831317813594,0.5574588744742827
9336,Alyssa Hernandez,F,21,USA,2020-11-20,Gold,37,True,151.677721597409,0.4497481915062546
9337,William Mitchell,F,57,EU,2023-11-05,Bronze,1,False,59.45313552708204,0.25049014148364424
9338,Larry Henderson,F,38,Other,2022-12-26,Gold,12,False,248.85157607049922,0.7319903838180547
9339,Hannah Wilson,F,42,USA,2019-11-19,Silver,50,True,204.6444793116259,0.31063190698557586
9340,Veronica Ortiz,M,32,EU,2023-10-02,Bronze,3,False,104.99714857073707,0.6325407033921632
9341,Brandy Anderson,F,40,EU,2021-02-03,Bronze,35,False,67.92612044435637,0.6849235624333587
9342,Shawna Brown,F,18,EU,2022-06-28,Silver,18,False,186.0512221326165,0.45350459190814096
9343,Julie Sandoval,F,43,Asia,2021-05-03,Bronze,32,True,109.31518853112,0.6319289907437312
9344,David Johnson,F,24,Asia,2023-11-02,Gold,2,False,249.23984240604202,0.6450618665552629
9345,David Gray,M,27,USA,2023-07-16,Bronze,5,False,111.79996599595594,0.33917359305378647
9346,Carlos Reid,F,38,Other,2022-09-17,Silver,15,False,108.45718426644066,0.7206569064263206
9347,David Lewis,M,36,Asia,2021-11-27,Silver,25,True,169.8438815540315,0.5493980256499019
9348,Michael Stokes,F,33,Asia,2019-04-16,Silver,57,True,103.34998978573671,0.17531726255829422
9349,Michelle Kerr,F,19,EU,2019-08-16,Bronze,53,True,84.56466570913724,0.5297234699993596
9350,Jason Wong,Other,33,Asia,2022-11-19,Gold,13,False,241.3240829382777,0.416157721721174
9351,Jesus Sawyer,M,42,USA,2023-06-17,Silver,6,False,179.5169643693808,0.5668845885632685
9352,Scott Marsh,M,27,USA,2022-10-24,Silver,14,False,121.68404195842386,0.4039845469837669
9353,Mario Clark,M,46,Asia,2021-05-05,Silver,32,True,115.80868080449522,0.40491842433513336
9354,Katherine Boone,M,24,USA,2019-02-12,Silver,59,True,150.79231300557848,0.3446381200948858
9355,Katherine Chang,F,33,USA,2023-08-22,Gold,4,False,280.12796188355094,0.5337276083200465
9356,James Jones,F,48,Asia,2021-11-12,Gold,26,False,222.43430074743492,0.5780313645990351
9357,Elizabeth Dean,F,26,Asia,2019-05-26,Bronze,56,True,147.05430310738777,0.49958162258855654
9358,Kayla Bennett,F,43,USA,2019-11-07,Bronze,50,False,96.70885736479615,0.4558941442305074
9359,Gabriel Whitaker,M,52,Asia,2020-11-07,Platinum,38,True,352.9970188064772,0.514495265896718
9360,Timothy Martin,M,34,EU,2023-09-04,Bronze,3,False,93.68091391627696,0.6585402773721591
9361,Melanie Thompson,M,27,EU,2022-12-06,Platinum,13,False,251.99291187625806,0.34399497100007825
9362,Todd Melendez,F,25,Asia,2020-12-16,Silver,37,True,121.45373770318137,0.29952277541075123
9363,Kimberly Reynolds,F,46,EU,2019-10-08,Bronze,51,True,107.07048517857172,0.3198918125549012
9364,Timothy Flowers,F,45,USA,2023-10-06,Bronze,2,False,125.8956934182484,0.25413821162325
9365,Jeanette Nielsen,M,47,USA,2023-06-23,Bronze,6,False,93.46730113053654,0.3479303024773221
9366,Paige Thompson,M,32,EU,2020-12-19,Gold,36,False,256.85399362476693,0.6711788816269515
9367,Brooke Schwartz,F,43,EU,2021-11-25,Bronze,25,True,136.61572959247943,0.24507650326943653
9368,Donna Stephenson,M,32,Asia,2021-11-10,Bronze,26,True,117.35366002111428,0.462320372288498
9369,Andrew Miller,F,24,Asia,2022-03-16,Gold,21,False,213.07267246373786,0.5999823457267301
9370,Michael Olsen,M,44,EU,2023-11-02,Bronze,2,False,86.59141301064346,0.5017699901294381
9371,Sharon Stevens,M,49,Asia,2020-05-14,Silver,44,False,189.08489686903508,0.6308731981993746
9372,Nicole Jackson,F,22,USA,2019-04-11,Silver,57,True,115.7736759915781,0.4129760004576773
9373,Tabitha Clark,M,22,USA,2021-11-24,Bronze,25,False,112.1453917312673,0.42608035749444484
9374,James Kim,F,33,Asia,2020-12-24,Bronze,36,True,74.21830857399048,0.44153413983431644
9375,Richard Noble,F,42,USA,2022-03-28,Bronze,21,False,78.85199357010353,0.582995414435868
9376,Kimberly Taylor,F,21,USA,2022-04-02,Bronze,21,False,98.77262538711088,0.9095332259465232
9377,Michaela Strickland,F,35,EU,2023-05-25,Bronze,7,False,114.07970094045682,0.4988692591991585
9378,Charles Ford,F,27,EU,2022-12-03,Silver,13,False,180.14434032936813,0.4645250543837133
9379,Allen Sanchez,M,40,Asia,2022-11-26,Silver,13,False,150.1209633061618,0.35553130515609144
9380,Xavier Webb,F,25,USA,2021-11-22,Silver,25,True,137.47391510956535,0.7610379687036454
9381,Sandra Kim,F,40,USA,2021-10-11,Bronze,27,True,84.19824371650103,0.44197841693030676
9382,Patrick Russell,M,31,USA,2022-10-04,Bronze,15,False,114.00037079787047,0.4073157565898078
9383,Crystal Walker,F,23,EU,2023-06-14,Bronze,6,False,113.22867010823009,0.46850808910643515
9384,Hannah Berg,F,33,USA,2021-03-05,Bronze,34,True,103.55025599153004,0.7733841143311974
9385,Tina Padilla,F,18,EU,2021-11-03,Gold,26,True,212.066554638685,0.41580880991027097
9386,Mr. Jeffery Lee,F,27,Asia,2022-09-28,Bronze,15,False,132.03268005039735,0.4962254749302257
9387,Shannon York,M,36,Other,2023-07-26,Bronze,5,False,120.33293092075675,0.12258113016723149
9388,Matthew Wang,F,18,USA,2022-11-08,Silver,13,False,107.54166582583703,0.6470427837489641
9389,Gary Morgan,M,18,EU,2019-12-10,Silver,49,True,176.62709498668596,0.4570581924358794
9390,Kevin Robinson,M,18,EU,2019-12-12,Platinum,49,False,382.8764630967274,0.6368062008788496
9391,Patty Walker,F,46,Other,2023-05-26,Bronze,7,False,83.60792665234474,0.5950836168141871
9392,Samantha Jackson,F,32,Other,2019-01-08,Bronze,60,False,118.9662036125331,0.5238280431708462
9393,Tim West,M,27,USA,2023-04-23,Bronze,8,False,160.11488851971205,0.4325182897054965
9394,Emily Martin,F,42,Asia,2019-11-07,Bronze,50,True,109.64761354712385,0.5095028964763355
9395,Phillip Maddox,Other,28,USA,2020-01-02,Silver,48,False,142.92892890583897,0.2989203819628926
9396,George Odonnell,F,35,USA,2021-02-26,Gold,34,True,195.9685906357039,0.5337162629694329
9397,Molly Graves,F,33,USA,2022-06-12,Silver,18,False,153.93530407781105,0.5829840283391348
9398,Kent Cole,F,28,EU,2023-01-22,Bronze,11,False,68.4564134399957,0.512293052636911
9399,Judith Johnson,M,35,EU,2019-11-20,Bronze,50,False,67.53135911088557,0.5054137193983526
9400,Jason Maddox,M,40,USA,2020-11-11,Gold,38,True,210.81842055383726,0.4090848665164669
9401,Tiffany Ward,F,31,EU,2019-11-09,Bronze,50,False,99.02484519737202,0.47591923874277625
9402,Marcia Lin,F,28,USA,2020-03-05,Gold,46,True,226.52144017356716,0.33546328046064733
9403,Matthew Hall,F,29,EU,2022-11-06,Silver,14,False,141.52550548254837,0.4181668309688411
9404,Richard Russo,F,18,USA,2021-11-07,Platinum,26,True,304.95423300651726,0.8097216662751108
9405,Adam Maynard,F,35,USA,2021-02-14,Gold,35,True,238.02364888555172,0.5133087001289952
9406,Michael Hurst,M,20,EU,2020-09-18,Bronze,40,False,54.4809791480266,0.5728116990711525
9407,Jessica Reese,M,39,USA,2019-11-15,Silver,50,False,122.50889269984403,0.49605988366775144
9408,Michael Hanson,M,32,EU,2021-08-01,Bronze,29,False,89.52952515578902,0.5098411693776871
9409,Michael Campbell,F,34,USA,2019-12-16,Bronze,49,True,96.82744999281766,0.5201611790339773
9410,Heather Marshall,M,40,EU,2023-09-15,Bronze,3,False,71.65529378019417,0.46385459295994386
9411,Alyssa Hopkins,F,23,USA,2019-03-22,Bronze,58,True,81.82840062028242,0.5889947428835163
9412,Christopher Byrd,M,36,EU,2023-09-09,Bronze,3,False,113.98504804542915,0.3926337287966236
9413,Erik Pittman,F,35,Asia,2023-11-07,Bronze,1,False,109.29911429490508,0.27751597023965546
9414,Diana Moore,M,31,USA,2021-12-12,Silver,25,True,66.22174517003197,0.529508900308293
9415,John Johnson,F,23,EU,2023-08-28,Platinum,4,False,286.4869777225059,0.6677445575068388
9416,Erica Brown,M,38,USA,2019-12-09,Silver,49,True,145.73228658678173,0.402612486816928
9417,Nathan Perez,M,40,EU,2022-07-12,Bronze,17,False,81.7380019270957,0.617651960795187
9418,Laura Johnson,F,34,USA,2019-09-11,Bronze,52,True,97.15956764074282,0.6008684813365792
9419,Nathan Wagner,M,22,EU,2020-11-03,Bronze,38,True,107.85254835976309,0.7340332096760279
9420,Peter Thomas,F,27,EU,2020-11-13,Silver,38,True,171.4510480388772,0.7795529329725668
9421,Henry Dunn,F,32,Other,2019-04-05,Gold,57,True,204.0492602150269,0.5870234231502538
9422,Steven Kelley,F,39,EU,2020-05-22,Bronze,43,True,112.93703342014223,0.4820277894835828
9423,Mrs. Megan Potts MD,F,18,EU,2022-06-22,Silver,18,False,150.3274055151266,0.25754221282633494
9424,Jim Monroe,M,27,EU,2020-06-21,Silver,42,False,81.45695185593067,0.6464790406172577
9425,Jamie Smith,F,28,Other,2021-06-18,Bronze,30,True,97.32367948505109,0.6697063094911685
9426,Joanna Martin,M,32,Asia,2022-11-11,Bronze,13,False,75.42096011229435,0.4613781788187566
9427,Andrea Flores,M,19,USA,2021-09-26,Silver,27,False,153.40322530230688,0.5528044686597074
9428,Lee Keller,M,30,Asia,2021-12-03,Silver,25,False,143.40002477919614,0.34600470139535555
9429,Michael Perkins,M,29,EU,2022-12-22,Bronze,12,False,95.41145448613635,0.4102610406478623
9430,Heather Simpson,F,22,Asia,2021-12-09,Bronze,25,True,83.24375356117028,0.30174512296233447
9431,Lisa Wood,F,31,Asia,2020-01-26,Silver,47,False,138.03411104303734,0.5403528695115315
9432,Steven Nguyen,M,27,USA,2019-12-08,Bronze,49,True,106.13990422535308,0.44005583923096164
9433,Melissa Hughes,M,37,Asia,2022-02-24,Gold,22,False,163.46332540902466,0.6874518851147859
9434,Lynn Ramos,M,24,USA,2019-09-08,Bronze,52,True,87.57543682974377,0.5352117511124431
9435,Jacob Wu,M,33,USA,2022-06-13,Bronze,18,False,64.94794271426406,0.5529641503192351
9436,Stephanie Hansen,F,24,USA,2022-03-11,Bronze,22,False,105.5826841102137,0.5017142024148903
9437,Teresa Norris,M,27,Asia,2021-04-06,Gold,33,True,148.9547494645409,0.7369653935038842
9438,Samuel Prince,M,35,USA,2019-07-13,Silver,54,True,150.83531015762455,0.7178471245212599
9439,Timothy Dunlap,F,35,USA,2020-01-28,Gold,47,True,228.2535719475231,0.47425626751257016
9440,Patricia Brewer,F,28,Asia,2019-02-11,Bronze,59,True,125.42583318916445,0.5447664849460678
9441,Patricia Jones,F,30,USA,2022-11-14,Gold,13,False,187.1409003574036,0.7122176716390171
9442,Anne Jones,F,18,USA,2020-11-14,Gold,38,False,224.98877043679732,0.32360512176967837
9443,Cathy Evans,M,47,USA,2021-02-19,Bronze,34,False,99.85205316213411,0.5452968158867167
9444,Katherine Page,M,39,USA,2020-09-05,Platinum,40,True,187.65578690359385,0.44749258732108976
9445,Anthony Harris,M,39,EU,2020-10-15,Gold,39,False,140.5470399335073,0.7208865441911096
9446,Mary Wells,M,18,USA,2019-02-13,Platinum,59,True,350.83637067897735,0.5795930559508701
9447,Marcus Baker,F,27,Other,2022-08-24,Gold,16,False,246.30089774723888,0.23933286668763903
9448,Jose Hampton,F,29,Asia,2022-04-16,Silver,20,False,86.43131543357967,0.4376412523165484
9449,Trevor Lopez,M,18,USA,2022-05-19,Gold,19,False,213.3491697877023,0.7105558637873493
9450,Melinda Allen,M,41,USA,2023-08-17,Bronze,4,False,105.37966591817286,0.6338000844056706
9451,Anna Jackson,M,47,EU,2021-01-28,Silver,35,False,125.92362926855539,0.3436282042714449
9452,Sherry Mitchell PhD,F,53,EU,2019-11-16,Bronze,50,True,84.15629949423102,0.35318844724130627
9453,Curtis Mejia,M,22,USA,2022-06-14,Silver,18,False,118.30602352702718,0.5117172502114209
9454,Mathew Bauer,M,34,USA,2020-01-17,Silver,48,True,92.3665322783223,0.49184287189547987
9455,David Thompson,F,46,Asia,2023-09-07,Silver,3,False,118.382296474412,0.46149287334714606
9456,Samantha Santana,M,30,USA,2021-11-06,Gold,26,False,227.85352752279533,0.439511018601352
9457,Ronald Martin,M,27,USA,2022-08-05,Bronze,17,False,92.98889803333141,0.4118213831926981
9458,Evan Carroll,M,18,Asia,2023-05-24,Silver,7,False,172.01771609348026,0.8383223693688077
9459,Diane Roth,M,44,EU,2021-09-24,Bronze,27,True,59.974584740927774,0.44513384030447445
9460,Dawn Taylor,M,32,USA,2020-10-27,Bronze,38,True,108.79244556879914,0.4011343516747475
9461,Cynthia Moore,M,25,EU,2023-11-01,Silver,2,False,173.32589985558317,0.5758931015090423
9462,Adam Spencer,F,35,USA,2019-11-16,Silver,50,False,71.60112362623771,0.48480026190597536
9463,Tina Harrington,F,34,Asia,2021-11-23,Bronze,25,False,89.4617025364337,0.36176863746857757
9464,Eric Richmond,F,34,EU,2023-01-14,Bronze,11,False,106.8784908863331,0.4624898920555187
9465,Deborah Shaw,F,30,Asia,2023-01-27,Bronze,11,False,126.06092774043107,0.4909840192175844
9466,Barry Lewis,M,49,Other,2021-04-02,Silver,33,True,108.63094200320775,0.5645447471694114
9467,Loretta Holt,F,31,Other,2023-07-04,Silver,6,False,191.61702949037812,0.5469571159275535
9468,Jessica Perry,M,49,Other,2023-10-01,Bronze,3,False,108.77301309802115,0.3476785331379055
9469,David Weiss,M,38,EU,2021-11-02,Silver,26,True,119.91758023895505,0.5913048842688928
9470,Bruce Johnson,M,36,USA,2020-11-26,Bronze,37,True,119.85511576833353,0.6338175640682069
9471,Brandon Dominguez,M,31,EU,2019-09-09,Silver,52,True,219.08382551758353,0.33862108561481985
9472,Bradley Walker,F,42,EU,2021-03-28,Bronze,33,False,93.29091601195964,0.3834943599390706
9473,Kevin Torres,M,34,Asia,2022-02-01,Platinum,23,False,274.91907203974523,0.47366879646188337
9474,Luke Sampson,M,23,USA,2023-11-23,Bronze,1,False,80.95952490523406,0.5329331322926311
9475,Joshua Rice,M,23,Other,2019-05-20,Silver,56,True,205.1491222012848,0.5386403908436415
9476,James Jenkins,M,37,Asia,2019-11-23,Silver,50,True,128.11447670313234,0.4935918455017549
9477,Brooke Wilson,M,23,Other,2021-10-16,Bronze,26,True,80.62272086767929,0.28527451385845026
9478,Megan Melton,M,32,Asia,2022-11-14,Bronze,13,False,87.51741668257216,0.6518097924433994
9479,Christian Lambert,M,43,USA,2022-12-23,Bronze,12,False,87.75291124348348,0.35125329743725175
9480,James Hoffman,F,36,USA,2020-12-27,Gold,36,True,176.86456801477985,0.7025868694848504
9481,Christine Ramos,M,25,USA,2022-12-13,Bronze,12,False,84.22300652834775,0.6751268240741074
9482,Philip Ibarra,M,47,USA,2021-07-26,Silver,29,False,128.52053532506503,0.33297209087186297
9483,Katherine Frey,F,38,EU,2019-12-19,Silver,49,True,154.29755185449153,0.5528710201448543
9484,Michelle Dominguez,Other,43,Asia,2019-11-15,Bronze,50,False,126.99473647245497,0.7041595135071659
9485,John Smith,M,18,Asia,2022-12-18,Bronze,12,False,80.1607513328026,0.5883270240385522
9486,Melissa Winters,M,36,EU,2023-02-03,Gold,11,False,147.887695824762,0.2453420317353448
9487,Brian Hunter,F,41,USA,2020-01-15,Bronze,48,False,106.52638593997295,0.4943791817914729
9488,Donna Morris,M,50,USA,2022-09-15,Bronze,15,False,110.65905846027319,0.6250645319748568
9489,Ashley Bowen,F,18,USA,2021-11-05,Silver,26,True,196.22837559678737,0.7521429290458528
9490,Allison Clay,M,45,USA,2020-08-13,Bronze,41,True,128.17641637980526,0.47966394303323595
9491,Troy Baker,F,49,EU,2022-11-24,Bronze,13,False,68.29647719699355,0.250062696585146
9492,Alexis Snyder,Other,18,USA,2020-05-27,Bronze,43,True,60.047369577738124,0.8282198772348619
9493,Joseph Carrillo,F,37,USA,2023-01-25,Platinum,11,False,333.9272416114293,0.48163146998777323
9494,Ronald Crawford,M,39,USA,2021-11-20,Bronze,25,False,110.7713348902081,0.7166740037780288
9495,Michael Howard,M,29,EU,2022-10-16,Platinum,14,False,388.9106417379536,0.4612836171476276
9496,Judy Perez,M,28,EU,2019-08-22,Bronze,53,True,107.85163358931146,0.5824674574312403
9497,Nicole Clark,F,39,EU,2021-11-20,Bronze,25,True,88.74332639124776,0.39717775723725923
9498,Russell Bates,F,26,EU,2023-11-15,Gold,1,False,241.57724026360506,0.40008889813214005
9499,Kathy Jones,M,30,Other,2023-04-14,Bronze,8,False,79.1092581598068,0.7714421317936162
9500,Sarah Garner,F,41,USA,2019-11-09,Bronze,50,True,140.13746414123767,0.6409581431321285
9501,Emily Oneal,M,50,EU,2021-07-21,Bronze,29,False,105.44764234365184,0.49581022134518005
9502,Vanessa Maddox,M,38,Asia,2022-11-18,Platinum,13,False,255.76020014488404,0.6401780965174367
9503,Olivia Berry,F,34,EU,2019-04-17,Bronze,57,False,82.2697740694073,0.3983180488812196
9504,Raymond Brown,M,27,Other,2022-05-05,Silver,20,False,155.85469067863156,0.5002335544324489
9505,Joel Smith,M,22,USA,2020-11-15,Silver,38,False,147.606058599564,0.5153358328868725
9506,Diana Sloan,M,44,EU,2022-05-24,Bronze,19,False,97.2641379468071,0.3862330306541421
9507,Tracy Sanders,F,31,USA,2020-06-11,Bronze,43,True,73.79552457585736,0.36658375582822633
9508,Shannon Taylor,F,44,EU,2022-07-27,Gold,17,False,193.5286879309633,0.21671390183177303
9509,Colleen Murray,F,29,USA,2020-07-22,Silver,41,True,174.80243708281708,0.3548686624267719
9510,Brian Maldonado,F,26,USA,2021-12-27,Silver,24,False,127.35478641017296,0.7741840433622602
9511,Alexa Johnson,F,37,EU,2023-11-12,Bronze,1,False,105.12453138266827,0.23344789441133268
9512,Thomas Hill Jr.,M,32,EU,2021-11-07,Bronze,26,True,122.37785109170215,0.4948094244669778
9513,David Robinson,Other,20,USA,2019-12-25,Silver,48,False,168.90315706454882,0.522890802106157
9514,Andre Goodwin,F,51,EU,2021-09-20,Silver,27,True,113.69978496503106,0.4625350215484327
9515,Joseph Henry,F,26,EU,2021-11-21,Silver,25,True,159.6403156119327,0.6311541754269049
9516,Michael Steele,F,42,USA,2023-11-09,Bronze,1,False,129.29824870520997,0.45874229432256297
9517,Lisa Curtis,F,41,EU,2021-09-03,Platinum,28,True,329.8352257897973,0.643022474162306
9518,George Oconnor,M,20,Asia,2019-04-17,Bronze,57,True,123.60438569247947,0.5823683697237274
9519,Katherine Thomas,M,22,EU,2021-08-24,Bronze,28,True,119.60279411839625,0.29700785906913163
9520,Erika Weaver,F,29,USA,2021-04-09,Gold,33,True,154.4684307616302,0.6742326769795783
9521,Melissa Pierce,F,24,USA,2021-06-11,Silver,31,False,203.40682485420118,0.45293318177741204
9522,Donald Stewart,F,50,EU,2021-06-14,Bronze,31,False,125.07549353655392,0.23133239124169735
9523,Christine Hammond,M,30,Other,2023-01-26,Silver,11,False,141.50852365338244,0.5706944095447891
9524,Tina Harrington,M,41,EU,2023-09-27,Bronze,3,False,125.91689684197632,0.45694305789154055
9525,Tamara Stone,F,38,USA,2019-11-28,Bronze,49,False,97.44433475378824,0.7443013056963077
9526,Paul Patterson,F,35,EU,2019-11-10,Silver,50,True,147.32035570778336,0.6643404992152525
9527,Susan Kelley,F,33,Asia,2019-11-04,Bronze,50,True,82.12306585512171,0.364659926981123
9528,James Hart DDS,M,45,USA,2021-08-16,Bronze,28,True,79.30429435992738,0.642348025459769
9529,David Smith,F,24,Other,2022-03-16,Bronze,21,False,102.98557435261988,0.3955955963694111
9530,David Scott,F,50,Other,2021-06-12,Bronze,31,True,94.93439902820393,0.25143989093334473
9531,Eric Fisher,F,20,USA,2022-10-06,Bronze,15,False,70.25638490533743,0.4078130689171656
9532,Kelly Rojas,M,40,Other,2019-11-07,Gold,50,False,214.006219885455,0.3006336171277213
9533,Deborah Long,M,18,USA,2021-12-23,Silver,24,False,165.3156648735632,0.4979522469901534
9534,Brandon Johnson II,F,29,Asia,2019-03-08,Bronze,58,False,105.98052863356412,0.7895808301672076
9535,Gregory Jackson,M,33,EU,2023-09-06,Silver,3,False,158.7082263920161,0.5118061507212988
9536,James Martinez,F,28,EU,2019-01-07,Gold,60,False,216.31229786516198,0.5692111224037026
9537,Eric Hunt,M,31,EU,2021-11-09,Silver,26,True,154.99582161679402,0.3495269907302214
9538,Ricardo King,F,19,Asia,2023-07-16,Bronze,5,False,106.98359362136866,0.4189482495042243
9539,Jeffrey Stephens,M,23,USA,2023-02-22,Bronze,10,False,110.11300667000756,0.5817888096282714
9540,Michelle Warner,M,37,EU,2022-07-13,Gold,17,False,176.58419761194574,0.4897127530366894
9541,Angel Ryan,F,33,USA,2020-06-15,Bronze,43,True,74.6788192259657,0.3918888215633354
9542,Eric Lowery,F,26,USA,2023-11-18,Bronze,1,False,106.38504191751763,0.6504203263137669
9543,Sherry Jones,M,46,USA,2020-03-04,Silver,46,True,154.54330673190353,0.5210717599103846
9544,Carol Goodman,M,20,EU,2019-10-05,Bronze,51,True,109.06059755146269,0.8082591228870308
9545,Gary Morgan,Other,29,USA,2019-11-08,Platinum,50,True,368.29473798798097,0.5988962035546919
9546,Jamie Bell,M,27,USA,2023-11-04,Gold,1,False,198.6189773065262,0.3298026515662701
9547,Patrick Mason,F,39,USA,2022-12-17,Silver,12,False,146.00726618768869,0.5173483161937606
9548,Jonathon Scott,M,33,USA,2019-01-17,Gold,60,True,218.73313813700375,0.31940602324855627
9549,Peggy Singleton,F,31,EU,2020-08-02,Bronze,41,True,79.5901402053796,0.8007465893606526
9550,Jesse Hinton,F,18,Other,2023-11-24,Silver,1,False,151.25555511272256,0.35166705912188756
9551,Christina Wiley,F,41,USA,2023-06-16,Silver,6,False,146.93199637458181,0.6671235875127491
9552,Lynn Edwards,M,30,Other,2022-06-19,Bronze,18,False,117.53022225215955,0.6431428040959584
9553,Sarah Gomez MD,F,34,Asia,2023-11-22,Gold,1,False,181.65868302099642,0.39762285470792175
9554,Adam Riddle,M,25,EU,2021-11-07,Gold,26,True,203.6362558898264,0.549260861129059
9555,Anna Moses,F,23,EU,2020-09-11,Platinum,40,False,290.6640035580289,0.5383733868394811
9556,Brenda Crawford,F,47,Asia,2021-08-01,Silver,29,True,75.37730294309458,0.6249088331910982
9557,Daniel Mills,F,18,USA,2021-12-21,Bronze,24,False,89.43968416969643,0.5265471076710095
9558,Kaitlyn Adams,M,22,EU,2020-06-18,Bronze,43,True,99.83094214558623,0.3997878470289899
9559,Brett Vincent,F,47,EU,2023-07-07,Bronze,5,False,82.17079286276959,0.5841162108170609
9560,Jill Brennan,M,39,EU,2023-12-28,Bronze,0,False,97.55460796347928,0.5846270339280308
9561,Robert Hall,M,29,Asia,2021-02-28,Bronze,34,True,126.77744080327113,0.36033452037046587
9562,Richard Brown,M,45,USA,2020-11-13,Silver,38,True,178.89760799985316,0.1541921790573641
9563,Sara Mccoy,M,37,EU,2019-11-03,Silver,50,False,94.01953424363866,0.5887329057938592
9564,Richard Lee,M,35,EU,2020-12-09,Bronze,37,True,115.191815438226,0.5560013599667003
9565,Mike Berry,M,35,USA,2021-02-17,Silver,34,False,166.85249905593815,0.5647702980565446
9566,Thomas Ward,F,37,USA,2020-12-02,Bronze,37,True,98.13473133192029,0.6978520700667166
9567,Andrea Jenkins,M,38,EU,2020-01-15,Silver,48,True,79.65694546316912,0.6314144786033906
9568,Debbie Snow,F,54,Asia,2019-07-09,Platinum,54,True,346.9610685532697,0.6940049109014748
9569,Alicia Hill,M,31,EU,2022-02-07,Silver,23,False,137.12286597313846,0.6174565586702754
9570,Darlene Nelson,F,31,Asia,2022-01-19,Bronze,23,False,104.21684081606593,0.521592631338354
9571,Tonya Hess,M,20,EU,2019-12-11,Bronze,49,False,80.64303114186835,0.3155614686401155
9572,Michael Thompson,F,32,USA,2020-11-24,Silver,37,True,127.73228017037985,0.7311789756308451
9573,Mr. Micheal Ray,F,51,USA,2021-10-21,Silver,26,True,178.0867437867355,0.4685640935588003
9574,Becky Shepherd,M,42,USA,2019-03-18,Platinum,58,True,397.3609269768572,0.40911707555053
9575,Heather Mitchell,F,27,USA,2022-10-26,Bronze,14,False,91.45972858378305,0.5955591011465542
9576,Jessica Murphy,M,33,USA,2022-07-17,Bronze,17,False,130.25714050394538,0.22465192863840144
9577,Bradley Harmon,F,20,Asia,2019-06-22,Bronze,55,True,91.42219493972968,0.38914766656885824
9578,Sarah Wolfe,M,23,Asia,2020-11-04,Silver,38,True,136.77288944689593,0.4056139910830465
9579,Jeffrey Wells,M,34,USA,2023-11-02,Silver,2,False,107.4654635820668,0.40133013727572037
9580,Adam Smith,M,28,USA,2021-09-17,Bronze,27,True,109.94643976254024,0.7902815954657243
9581,Timothy Small,F,22,USA,2023-10-23,Bronze,2,False,96.09195483183035,0.4876505070131658
9582,Michelle Jones,F,37,EU,2021-11-20,Silver,25,True,145.82929657088994,0.4041671934775839
9583,Christine Torres DDS,F,32,USA,2023-03-01,Platinum,10,False,277.22345585771006,0.4927518009022691
9584,Melissa Flores,F,18,USA,2023-11-13,Bronze,1,False,80.16544112657384,0.6280556484307247
9585,Erik Wilson,M,18,Other,2021-03-10,Bronze,34,True,112.5130790574894,0.21406476963541887
9586,Daniel Perez,F,27,Asia,2021-11-17,Bronze,25,True,98.77304735748085,0.517162738119774
9587,Donald Oconnor,F,18,USA,2022-04-23,Bronze,20,False,116.16014240801402,0.4320571614133446
9588,Michelle Mcdaniel,F,18,EU,2020-09-21,Silver,39,True,121.67542580263886,0.5404339636594895
9589,Amber Davis,F,44,USA,2020-03-17,Bronze,46,True,104.7813479397677,0.3281232704806615
9590,Justin Bautista,F,32,Asia,2022-11-11,Silver,13,False,214.11182624038133,0.4730300150677214
9591,Michael Campbell,F,30,EU,2023-07-09,Gold,5,False,171.55063490430427,0.4795097337582752
9592,Joan Crane,M,31,USA,2021-06-03,Bronze,31,True,90.30847634231249,0.3094147966151678
9593,Cynthia Gates,M,21,Asia,2019-12-10,Gold,49,True,180.1458793331441,0.7796500173605114
9594,Paula Case,M,37,USA,2023-09-17,Gold,3,False,158.29759303021225,0.5622347050380784
9595,Douglas Hale,M,31,USA,2020-11-16,Bronze,38,False,133.1529791430965,0.6381903805330715
9596,Carrie Thornton,M,25,USA,2021-11-16,Bronze,25,True,53.92804305194569,0.4469004881975484
9597,Stacy Sanchez,Other,26,EU,2022-07-15,Gold,17,False,151.0934500515379,0.5322090133043217
9598,Patricia Cobb,M,20,USA,2023-03-13,Silver,9,False,164.04146934232554,0.3197297694715495
9599,Stephanie Harris,F,28,USA,2019-11-02,Bronze,50,True,85.39472120080994,0.4039818323173907
9600,Christopher Nichols,F,30,USA,2023-11-26,Bronze,1,False,99.39033132678286,0.36517099069706577
9601,Ian Sullivan,M,28,USA,2022-04-06,Silver,21,False,149.1363029978215,0.5444779110912527
9602,Wyatt Martinez II,M,33,Asia,2019-05-03,Bronze,56,True,109.9412197944877,0.7560451324431385
9603,Jennifer Nguyen,F,32,USA,2023-11-26,Silver,1,False,152.45637414579983,0.6355181073621381
9604,Jesus Dawson,F,35,USA,2022-12-24,Silver,12,False,138.3387700340234,0.771761650204212
9605,Bradley Holmes,Other,42,EU,2023-11-01,Gold,2,False,205.17712886950463,0.6190679186837895
9606,Nicholas Rollins,M,38,Asia,2021-11-17,Silver,25,True,144.64552064955757,0.5630324925872712
9607,Sharon Choi,F,42,Asia,2023-12-24,Silver,0,False,200.83478622938026,0.36163346845190925
9608,Megan Boyd,M,24,EU,2022-06-27,Silver,18,False,132.7310355478655,0.5484972088823238
9609,Angel Griffith,F,27,USA,2020-01-01,Bronze,48,True,111.10743005351097,0.4288770578239734
9610,Nicholas Martinez,F,39,Asia,2022-07-11,Silver,17,False,177.40753528264702,0.6248084660431427
9611,Barbara Turner MD,M,39,EU,2023-12-04,Silver,0,False,110.3559835025697,0.29612363968248645
9612,Micheal Miller,M,26,USA,2021-12-11,Gold,25,False,155.48674519251995,0.48378233363957374
9613,Kevin Wagner,M,39,Other,2020-06-13,Silver,43,True,207.9225582403986,0.5026173260863397
9614,Kenneth Cox,M,23,USA,2022-06-22,Silver,18,False,129.68852685791552,0.7679795424579539
9615,Nicholas Turner,F,37,Other,2020-05-17,Bronze,44,True,100.2430709543308,0.3465309330804103
9616,Christy Dennis,M,32,Asia,2021-02-20,Gold,34,True,193.04721974471963,0.6752232696877192
9617,Kelli Payne,F,19,EU,2019-11-21,Bronze,50,False,99.23528561652536,0.6235117836313795
9618,Gabrielle Page,M,28,Other,2020-02-13,Platinum,47,True,277.6627424677271,0.4616322457985884
9619,Zachary Caldwell,F,54,Asia,2022-11-17,Bronze,13,False,102.42120944263634,0.5614496609742015
9620,Kristin Roberson,F,35,USA,2021-01-02,Bronze,36,False,83.7441036583474,0.46253077832325723
9621,Judy Brown,F,56,EU,2022-05-02,Gold,20,False,191.04823190657865,0.5021904243057276
9622,Stacy Chen,F,18,USA,2021-01-22,Silver,35,False,90.86381299943612,0.6129506118806697
9623,Christopher Velazquez,M,40,USA,2022-05-18,Silver,19,False,146.50948144393405,0.8816951367270367
9624,Paul Acosta,F,18,Asia,2021-01-06,Bronze,36,True,106.69718030022173,0.6446252404856097
9625,Amanda Novak,M,32,USA,2023-11-25,Gold,1,False,238.37101039524788,0.5371291991000612
9626,Jennifer Armstrong,M,39,USA,2022-10-02,Silver,15,False,184.42871138320493,0.7135547187955166
9627,Lisa Wade,M,41,EU,2021-05-23,Bronze,31,False,92.45410263513008,0.2869240237857722
9628,Alejandro Weaver,F,25,Asia,2019-04-11,Gold,57,True,233.62414485277532,0.43931533420559976
9629,Nathan Harris,F,43,USA,2021-06-17,Silver,30,True,115.46622998875287,0.5100808501089988
9630,Sandra Lucas MD,F,27,USA,2019-11-09,Bronze,50,True,89.65296578137499,0.3442165892112933
9631,Eric Chang,M,31,USA,2020-03-20,Silver,46,False,198.6247596056003,0.4188445585737071
9632,Brandi Rodriguez,M,28,EU,2021-03-05,Silver,34,True,155.47258059426846,0.25160617425647963
9633,Sandra Lopez,F,21,USA,2020-10-20,Gold,38,True,209.31576296166654,0.3081875420911778
9634,Kaitlyn Collier PhD,F,48,EU,2020-11-15,Bronze,38,True,96.43233936146001,0.4632492051783733
9635,Alisha Williams,M,33,USA,2023-05-26,Silver,7,False,206.06308172723837,0.35890882270123853
9636,Joseph Brown,F,43,USA,2021-03-25,Silver,33,False,165.92496371004677,0.5631192887621352
9637,Nicole Butler,M,43,Other,2023-07-17,Bronze,5,False,129.69974419526096,0.540163042634102
9638,Pamela Walton,M,23,USA,2023-11-10,Bronze,1,False,88.16525605092822,0.5535613857658274
9639,Courtney Johnson,M,45,EU,2020-10-06,Silver,39,True,120.83284844916163,0.42433561535986064
9640,Rebecca Mccarthy,M,38,USA,2022-08-13,Silver,16,False,127.04404307654325,0.6623546986595846
9641,Stacy Robertson,M,22,EU,2020-01-28,Silver,47,True,168.87179785731385,0.5751145282567874
9642,Devon Moore,F,37,EU,2020-07-21,Gold,41,False,265.89669054720025,0.533678878999704
9643,Jessica Sharp,F,22,USA,2019-12-16,Silver,49,True,172.49838228993167,0.5349215034843846
9644,Sharon Peck,M,49,USA,2022-05-24,Silver,19,False,176.3179679504247,0.4688703085574637
9645,Jason Brown,F,41,USA,2020-11-02,Bronze,38,False,103.45768823473165,0.6977812196457911
9646,Dustin Boyer,F,32,EU,2022-12-28,Bronze,12,False,74.53844280729326,0.6712495788864747
9647,Jennifer Alexander,M,45,Asia,2019-10-20,Silver,51,True,210.69832173765252,0.4452016869246172
9648,James Rhodes,F,18,EU,2022-08-05,Silver,17,False,169.92991607772595,0.5247391730322585
9649,Kyle Moore,F,25,EU,2021-03-24,Silver,33,False,165.7016195537528,0.4405144211964035
9650,Zachary Nelson,M,30,USA,2019-12-17,Silver,49,True,176.2137441509156,0.8698327191318272
9651,Gregory Villarreal,M,55,USA,2022-04-07,Silver,21,False,98.58198986595562,0.4617167467556734
9652,Cheryl Cook,M,22,USA,2023-10-24,Bronze,2,False,89.97753503510164,0.6792935086100925
9653,Chase Lopez,F,18,USA,2022-04-17,Silver,20,False,168.65762653793976,0.9018900300310997
9654,Jennifer Frey,M,18,USA,2019-07-05,Bronze,54,False,97.10205102156868,0.547541674290376
9655,Daniel Bruce,F,42,EU,2023-11-06,Silver,1,False,147.70419413883582,0.23871478564655496
9656,Tristan Scott,F,27,EU,2022-10-10,Silver,14,False,188.4428649494524,0.7265344955504929
9657,Timothy Farley,M,31,Other,2022-02-05,Silver,23,False,153.51826612979121,0.42323858568969996
9658,Adam Lozano,F,40,USA,2019-11-14,Bronze,50,True,147.56163888814635,0.3969479016706296
9659,Yvonne Murray,F,31,EU,2023-04-25,Bronze,8,False,99.18407258697518,0.7668911055050676
9660,Deanna Hodges,M,35,Asia,2023-12-20,Bronze,0,False,116.09874561252718,0.30476044749209164
9661,Crystal Miller,F,38,EU,2022-05-14,Silver,19,False,164.5211800090771,0.7151976014968185
9662,Bridget Hernandez,M,28,USA,2021-11-02,Bronze,26,True,88.51439826392661,0.4664301871432116
9663,Patrick Richardson,M,31,USA,2019-04-09,Bronze,57,True,79.3791298733598,0.2220529420902832
9664,Michael Gonzalez,M,35,USA,2019-10-18,Platinum,51,False,302.2252793834764,0.6326058661031569
9665,Laura Lucero,F,41,USA,2020-12-18,Bronze,36,True,138.41004122264255,0.16225087282808426
9666,Robert Pittman,F,25,Asia,2023-06-28,Bronze,6,False,92.12762456647705,0.4931210652692035
9667,Jennifer Glass,M,18,USA,2023-02-22,Silver,10,False,165.56685172299456,0.2548302833993639
9668,Timothy Lee,M,39,USA,2020-10-09,Silver,39,True,142.28551912092195,0.45078999228740724
9669,David Haney Jr.,M,42,Asia,2022-04-05,Silver,21,False,156.64680965060995,0.6045497740605393
9670,Heather Ross,F,35,Asia,2022-11-26,Silver,13,False,184.26036924747424,0.5633916634013889
9671,Patricia Hall,F,35,EU,2019-10-18,Bronze,51,True,102.29949269861045,0.5311985798005063
9672,Richard Bond,F,27,EU,2022-07-12,Bronze,17,False,87.69320343772253,0.6513872932397095
9673,Michael Lopez,F,38,USA,2021-11-06,Bronze,26,False,132.12087127660834,0.499994216748963
9674,Christine Johnson,F,41,USA,2021-05-17,Bronze,31,False,87.90171072118568,0.4675473050473507
9675,Michelle Summers,M,33,USA,2021-12-14,Silver,24,False,170.3019368103761,0.5427970421874506
9676,Michelle Brown,M,57,EU,2020-07-10,Bronze,42,False,70.18681874825359,0.4007629416770223
9677,Lauren Thomas,F,18,Other,2021-10-26,Silver,26,True,188.5415607301876,0.629422794076759
9678,Timothy Johnson,F,34,USA,2020-12-19,Silver,36,True,228.13964720146606,0.5105964910795828
9679,Alexandra Gonzalez,M,21,EU,2019-12-03,Bronze,49,True,99.45959125971709,0.6073669061745248
9680,Philip Vega,F,41,USA,2019-11-10,Bronze,50,True,79.4785710676247,0.473402600168396
9681,Kimberly Cochran,F,18,EU,2021-09-14,Bronze,27,True,115.3500111281612,0.5748472750948982
9682,Douglas Ross,M,19,USA,2020-11-15,Bronze,38,False,101.81699906991612,0.5997582611702877
9683,Angela Ward,F,26,USA,2021-08-16,Silver,28,True,214.24419214786522,0.19708777446179893
9684,Mr. Thomas Adams,F,35,Asia,2022-07-06,Gold,18,False,176.0315337293924,0.2808332011602348
9685,Brian Mills,M,27,EU,2020-07-14,Silver,42,True,109.8914248439273,0.416256226655635
9686,Lori Mullins,F,27,EU,2020-04-04,Silver,45,False,159.11339500043596,0.4803229030975655
9687,Ashley Herring,M,31,USA,2020-11-13,Bronze,38,True,111.66646481778676,0.6913020067336884
9688,Janice Smith,M,30,USA,2020-11-27,Silver,37,True,126.93072032732206,0.568091076102891
9689,Lori Phillips,F,47,USA,2022-12-27,Silver,12,False,178.81471919037267,0.5784945906463682
9690,Heather Turner,M,39,Asia,2021-11-08,Bronze,26,False,101.11873004073195,0.7312576580881693
9691,Brianna Richardson,M,29,Other,2019-08-23,Gold,53,False,189.1670996071389,0.706410954483235
9692,Kimberly Walker,M,53,EU,2023-05-09,Bronze,7,False,110.89447303860227,0.3487238842462558
9693,Brooke Roberts,M,37,USA,2023-11-21,Silver,1,False,141.37194395206342,0.6849480947252025
9694,Micheal Soto,M,23,Asia,2020-07-11,Silver,42,False,127.94983968897569,0.5157257327710661
9695,Matthew Ewing,F,35,EU,2020-11-05,Gold,38,False,135.4446159135287,0.422710576570549
9696,Kelly Cox,M,38,EU,2019-12-05,Gold,49,True,175.31084760962176,0.4559799343817495
9697,Nicholas Anderson,F,26,USA,2023-05-25,Gold,7,False,299.783912602687,0.406175426748958
9698,Cindy Lang MD,F,22,Asia,2020-03-18,Silver,46,True,151.07765927121784,0.5211757848132784
9699,Lisa Lawson,M,33,EU,2022-07-16,Silver,17,False,119.48634496148907,0.48755625959007276
9700,Megan Holmes,F,29,Asia,2023-09-23,Bronze,3,False,125.33643515874888,0.685398048295855
9701,Daniel Steele,F,47,Asia,2022-06-26,Bronze,18,False,99.0602370019903,0.7899509965228118
9702,Christopher Wheeler,M,40,USA,2019-12-19,Gold,49,True,211.68092143737206,0.43922321350364835
9703,Kevin Craig,M,26,Asia,2019-11-24,Bronze,49,False,105.48654853232729,0.3056361947060862
9704,Rebecca Chan,F,37,Asia,2023-12-09,Bronze,0,False,129.70614034947755,0.6001754622978684
9705,Monica Anderson,F,45,USA,2021-08-11,Bronze,29,True,73.42651717123864,0.6412676881861213
9706,Jeffrey Mcdowell,M,19,USA,2023-06-11,Bronze,6,False,129.18740499052797,0.5570718777741336
9707,Kelly Little,M,22,USA,2022-08-14,Bronze,16,False,114.90371366921042,0.2691921006371334
9708,Jennifer Ellis,M,32,EU,2021-09-10,Bronze,28,True,101.54618212494523,0.38116040169005194
9709,Kathleen Ruiz DVM,M,33,USA,2022-11-09,Bronze,13,False,82.92128243999181,0.5220820797315101
9710,Laura Patel,F,32,EU,2022-11-05,Bronze,14,False,95.0629676910061,0.40759440040566114
9711,Justin Howard,M,29,USA,2022-09-26,Bronze,15,False,100.84717133394584,0.3503420977825975
9712,Stephanie Smith,M,29,Asia,2020-06-27,Gold,42,True,272.3516014415568,0.8216643693664412
9713,Cathy Thomas,M,36,USA,2021-07-11,Silver,30,True,193.05123122259496,0.3500411260403469
9714,Christopher Garcia,M,44,USA,2020-11-28,Silver,37,True,138.36877204327624,0.6809812069631531
9715,Peter Allen,M,28,EU,2020-10-09,Silver,39,True,210.2808699838642,0.5619033858444886
9716,Elizabeth Armstrong,M,57,EU,2022-09-13,Bronze,15,False,119.01889402194544,0.5912428631254371
9717,Mrs. Lindsey Gilbert,M,52,USA,2019-04-19,Gold,57,True,218.85322268404252,0.6706828877105544
9718,Donna Harris,F,46,USA,2023-12-08,Gold,0,False,188.75032174454054,0.39666681029716616
9719,Erica Manning,F,39,USA,2019-11-23,Bronze,50,True,88.45506224003223,0.4550323993975786
9720,Jeffrey Bates,M,53,Asia,2022-03-04,Bronze,22,False,110.8526340601204,0.5708909335312982
9721,Benjamin Brown,F,30,Asia,2023-07-12,Silver,5,False,161.51325360711616,0.22261327007021564
9722,Andre Hernandez PhD,M,24,EU,2023-09-25,Bronze,3,False,92.18887266920844,0.7474449303293164
9723,Charles Roman,F,27,Asia,2022-09-07,Gold,16,False,244.559108186184,0.5173954076901154
9724,Damon Powers,M,22,Asia,2020-08-24,Silver,40,True,154.90280174123168,0.3587086573856435
9725,Patrick Jackson,M,34,USA,2023-11-27,Bronze,1,False,108.36061159410669,0.6640717121460619
9726,Mary Murray,F,35,Other,2023-09-08,Bronze,3,False,121.45514666809817,0.5137421686700686
9727,Samantha Jackson,M,35,Asia,2023-09-19,Silver,3,False,174.797924803521,0.3917781076796728
9728,Dominique Wagner,M,32,USA,2023-05-23,Bronze,7,False,67.60505019261413,0.641874452677633
9729,Daniel Petty,F,34,USA,2021-02-08,Gold,35,False,230.4777550624043,0.15117427871215933
9730,James Robles,F,50,USA,2020-09-19,Bronze,39,True,100.55973417636048,0.5629342991792076
9731,Amanda Smith,F,39,USA,2021-04-25,Platinum,32,True,273.17280094121736,0.6965410323033367
9732,Jessica Cortez,M,42,Asia,2021-05-26,Bronze,31,True,101.0423596052682,0.3750555664166646
9733,Nicole Clark,F,34,EU,2022-09-04,Silver,16,False,140.81541645612197,0.3077295829831926
9734,Brittany Collins,M,18,Asia,2020-12-10,Bronze,37,True,102.53520369533808,0.5634780567038746
9735,Jillian Mack,M,18,Asia,2019-11-15,Bronze,50,True,99.5847005749958,0.3984857547714825
9736,Lori Gonzalez,F,53,EU,2020-06-23,Silver,42,True,170.62972896002114,0.8372131566255939
9737,Hunter Cox,F,27,EU,2019-08-08,Bronze,53,True,69.36299614022495,0.4204855141099413
9738,Anna Frey,F,26,USA,2023-08-15,Bronze,4,False,103.67584167267978,0.47084091610188544
9739,Rachel Jensen,F,35,USA,2019-03-16,Bronze,58,True,99.42737367799197,0.5782142431798996
9740,Craig Davis,M,38,EU,2019-04-24,Bronze,57,True,145.03151514996392,0.2272513281355431
9741,Thomas Wise,M,39,USA,2019-03-21,Silver,58,True,91.2846470569961,0.5089541817145478
9742,Holly Herring,M,50,USA,2023-10-07,Silver,2,False,177.661426211782,0.6679168109635549
9743,Dustin Potter,F,48,Asia,2023-11-08,Bronze,1,False,108.66741931554101,0.4878317175673374
9744,Michelle Barnes,M,24,EU,2021-10-13,Bronze,27,False,115.32652518535058,0.32781144795218253
9745,Sara Scott,F,42,USA,2019-12-13,Bronze,49,True,91.05377789219708,0.4348715334345751
9746,Daniel Horne II,F,29,EU,2020-03-27,Gold,45,True,212.7744286768285,0.21277675801171886
9747,Joshua Brown,F,31,Asia,2022-12-02,Gold,13,False,205.81694193538823,0.45636528008339605
9748,Stephanie Dawson,F,22,USA,2021-09-26,Silver,27,True,256.08144223480684,0.6665158593284952
9749,Tony Johnson,F,18,USA,2019-05-20,Gold,56,False,187.6294287596039,0.40634782691254395
9750,Jeffrey Hull,F,32,Other,2021-10-15,Gold,26,True,168.59712940204219,0.6048764858216643
9751,Corey Daniels,F,23,USA,2019-07-06,Bronze,54,True,140.02114537188072,0.27765449964287675
9752,Natalie Ramos,M,42,USA,2019-11-25,Bronze,49,True,106.87787947207298,0.7819086311779105
9753,Tammy Fernandez,M,30,EU,2021-04-18,Bronze,32,True,110.2798719492047,0.6696977141046914
9754,Jeremy Sanchez,F,36,Asia,2019-07-07,Bronze,54,True,122.53888204599923,0.42617434233831264
9755,Andrew Weiss,Other,46,USA,2019-09-02,Silver,52,True,152.30314652579557,0.30154201496705796
9756,Lisa Gordon,M,18,USA,2022-12-26,Silver,12,False,137.42653869242795,0.42377929930379066
9757,Paul Brown,M,25,USA,2020-10-02,Silver,39,True,153.9734495638542,0.542296796491676
9758,Jorge Duncan,F,34,Other,2023-07-01,Bronze,6,False,83.18317071822162,0.6629013564765258
9759,Megan Ramirez,F,36,USA,2022-07-25,Silver,17,False,106.42751209312337,0.1834629664581658
9760,Tiffany Martin,M,44,EU,2023-05-22,Bronze,7,False,83.1399552920949,0.6808235356631085
9761,Elizabeth Golden,F,41,Other,2023-05-14,Bronze,7,False,52.763339911237495,0.5385299376578773
9762,Joseph Larson,F,33,USA,2020-01-02,Platinum,48,True,278.138949651126,0.32548618892505377
9763,Brian Wilkins,F,36,Other,2022-03-10,Bronze,22,False,90.00191734481335,0.11763681682079968
9764,Jasmine Carson,M,36,Other,2019-05-04,Bronze,56,True,112.07305511812115,0.5206212246315538
9765,Amy Boyd,M,18,Asia,2020-10-04,Silver,39,True,153.87310813975418,0.5329835765716856
9766,Gary Collins,M,31,USA,2019-02-28,Gold,58,True,194.43263178936292,0.4075526131526703
9767,Jane Smith,M,35,EU,2019-10-23,Bronze,51,False,123.55146350784574,0.636813272734997
9768,Robert Lewis,M,37,Asia,2019-10-07,Silver,51,True,137.4858856603184,0.8050883173822816
9769,Jeremy Stevens,F,23,Other,2019-12-20,Gold,49,False,155.60791744369521,0.44007835896508235
9770,Lauren Sandoval,M,20,USA,2022-06-05,Bronze,19,False,49.448979377430945,0.38800147292072057
9771,Jessica Lopez,F,30,Asia,2023-11-27,Bronze,1,False,100.49435908383761,0.7575220902154512
9772,George Mercer,F,52,USA,2023-12-12,Silver,0,False,148.40904783336836,0.4668962988181916
9773,Kenneth Becker,M,24,USA,2022-11-12,Bronze,13,False,125.38162258949072,0.5988966571458268
9774,Veronica Arnold,Other,44,EU,2023-08-25,Bronze,4,False,82.64813301421071,0.40891275352730744
9775,Jonathan Howe,F,48,Asia,2020-09-06,Gold,40,True,230.00158997243085,0.6710454971356967
9776,Justin Fowler,F,33,EU,2019-11-18,Silver,50,False,75.50946988995453,0.31332630928856964
9777,Ronald Martinez,M,26,EU,2019-06-02,Bronze,55,True,74.01680430877181,0.5217614185509222
9778,Connie Robinson,F,38,Other,2019-03-19,Bronze,58,True,107.67091528792913,0.5443928150305911
9779,Joshua Espinoza,M,34,USA,2021-04-27,Silver,32,True,170.68011198707356,0.47261617491104546
9780,April Briggs,F,24,EU,2020-08-16,Bronze,41,False,66.81186232770956,0.4045487952408045
9781,Emily Smith,M,26,USA,2021-02-23,Silver,34,False,126.16185898635914,0.7689417931045894
9782,Carol Morgan,F,37,USA,2022-07-02,Silver,18,False,151.35222784105716,0.621329506725763
9783,Cheryl Stone,M,42,EU,2021-08-17,Bronze,28,True,98.09729746660616,0.37022868986158564
9784,Shawn Johnson,M,29,Other,2023-06-20,Platinum,6,False,332.8529471935435,0.21742252728994055
9785,Edward Gomez,F,32,EU,2023-03-26,Gold,9,False,236.53613591835133,0.7217775841514369
9786,Victor Davis,F,39,Asia,2020-10-07,Bronze,39,True,74.43483556609337,0.3610858033797514
9787,Anthony Adkins,M,31,USA,2021-12-21,Bronze,24,False,108.8794650379336,0.5092704088438261
9788,Ann Phillips,M,30,USA,2021-07-07,Bronze,30,True,85.60763523326682,0.5137798095253887
9789,Laura Lopez,F,25,EU,2019-05-23,Bronze,56,True,106.71104568842136,0.5428853610874885
9790,Richard Brooks,F,25,USA,2020-06-12,Bronze,43,True,90.66444359608698,0.24674325257351432
9791,Gabriella Johnston,M,59,USA,2019-12-23,Bronze,49,True,121.53462168976947,0.4476342745793618
9792,Nancy Watkins,F,31,EU,2020-09-11,Bronze,40,True,111.73555565967769,0.49763557508986334
9793,Laura Patel,F,46,USA,2020-03-17,Bronze,46,False,80.2229094034092,0.4916753302634684
9794,Jeffrey Keller,M,49,USA,2021-11-11,Bronze,26,True,66.42712427792196,0.607222824340396
9795,Adam Smith,F,31,EU,2019-04-08,Bronze,57,True,123.78828943896991,0.5247447518445745
9796,Travis Harper,F,36,EU,2022-02-06,Bronze,23,False,85.88074586952123,0.5667860251125125
9797,Christopher Houston,F,34,Other,2019-10-06,Bronze,51,True,87.96401212337057,0.41019579839572096
9798,Kristin Baldwin,M,18,EU,2022-05-15,Gold,19,False,229.680098237834,0.756063050110899
9799,Taylor Diaz,F,18,EU,2023-12-26,Bronze,0,False,79.53477571736641,0.4565989357075389
9800,Thomas Garcia MD,M,33,Other,2020-04-20,Gold,45,True,207.96526366531685,0.5493909419632566
9801,Kevin Clark,F,28,Asia,2019-10-12,Bronze,51,True,100.36902849123678,0.5171373047002709
9802,Phillip Ramirez,M,51,USA,2020-11-09,Silver,38,False,147.55178186091686,0.5676522944358459
9803,Vernon Williams,M,30,USA,2019-10-13,Bronze,51,True,123.90646423069848,0.6800731204175064
9804,Shannon Stokes,F,52,EU,2023-08-15,Gold,4,False,218.64265447094033,0.3738692099640143
9805,Anthony Braun,M,28,EU,2019-09-15,Bronze,52,True,119.58170564789,0.6238493804166962
9806,Shane Jones,F,52,Asia,2023-09-26,Platinum,3,False,285.0121042150172,0.6105826828975849
9807,Kathleen Boyd,F,38,Asia,2020-01-13,Bronze,48,False,85.51837063349102,0.5260039779773745
9808,Christopher Cole,M,38,EU,2021-11-09,Bronze,26,True,120.77774406494885,0.534016317112951
9809,Jasmine Rodriguez,F,27,Other,2022-09-11,Bronze,15,False,88.58719134242543,0.32665928258689525
9810,Stephanie Jarvis,F,38,EU,2020-08-22,Silver,40,True,153.70875823206984,0.4490510211723544
9811,Rachel Yang,M,49,USA,2021-09-11,Platinum,28,True,325.4120081179389,0.21391370282815125
9812,Marie Rangel,Other,31,Asia,2020-01-09,Bronze,48,True,84.60756494859733,0.4540786476445774
9813,Leslie Greer DVM,F,29,USA,2020-12-17,Silver,37,True,127.00556462216097,0.4905103616420768
9814,John Davis,M,30,Asia,2019-12-23,Silver,49,True,141.85210204815976,0.29017476977809536
9815,Julian Williams,F,49,Other,2023-02-25,Silver,10,False,172.32114045057077,0.5448664077773029
9816,Kimberly Nolan,M,41,EU,2023-12-21,Silver,0,False,160.38242954814936,0.6810751763716717
9817,Bonnie Barnett,F,47,EU,2019-10-06,Bronze,51,False,72.9333277945464,0.5323164966951847
9818,Crystal Frazier,F,36,EU,2019-04-22,Bronze,57,True,139.0555769909896,0.49917770076373535
9819,Tammy Gonzalez,M,33,USA,2020-11-05,Silver,38,False,161.4007461055193,0.42118849961112276
9820,Howard Golden,F,37,USA,2023-11-26,Bronze,1,False,91.52678248152041,0.555736628973266
9821,Kathleen Le,F,43,EU,2020-08-25,Gold,40,True,193.89773176525173,0.34756276062538094
9822,Jeffrey Hernandez,M,30,Asia,2021-03-21,Gold,33,True,190.3142783459703,0.13823426175817072
9823,Duane Bates,F,46,EU,2021-11-03,Gold,26,True,185.11409501800784,0.7369381877333289
9824,Kristen Watts,F,36,USA,2019-09-06,Bronze,52,False,123.31499388815824,0.6441081239517914
9825,Whitney Ochoa,M,18,EU,2023-10-22,Bronze,2,False,147.52869338228078,0.3351160177875583
9826,Sierra Padilla,F,41,Asia,2021-06-17,Bronze,30,True,89.74399794914325,0.2830853375673994
9827,Laura Sullivan,M,20,EU,2023-04-11,Platinum,8,False,272.5444793456112,0.5159573396362549
9828,Tracy Howard,M,41,EU,2023-08-04,Bronze,5,False,98.19671674843967,0.5096620789306668
9829,Brandon Thomas,F,42,Asia,2022-12-26,Bronze,12,False,72.46902268966693,0.6224294066067965
9830,Daniel Henderson,F,36,EU,2021-04-12,Bronze,33,True,110.55889226830877,0.4497517603193557
9831,Jennifer Hill,F,38,EU,2021-09-10,Bronze,28,True,103.73643819507112,0.6732430175026243
9832,Michael Hawkins,M,43,Asia,2020-06-17,Bronze,43,False,102.99099478139837,0.46750295276853615
9833,David Hogan,F,28,USA,2020-12-06,Bronze,37,False,62.94026701194718,0.6819510169418741
9834,Andrew Weaver,F,40,Other,2023-02-18,Bronze,10,False,54.761122328617404,0.4727834264291937
9835,Levi Meadows,M,44,USA,2019-07-21,Platinum,54,True,277.9428961311731,0.3703669588564423
9836,Robert Arnold,M,50,USA,2020-07-19,Silver,42,True,169.84623888039357,0.4438344387238607
9837,Jeffery Nguyen,F,21,Asia,2020-09-22,Silver,39,True,96.65809699447847,0.5981360058135794
9838,Shaun Johnson,M,37,USA,2023-03-25,Bronze,9,False,117.90626890580774,0.5530755100378302
9839,Kevin Cain,M,23,Asia,2021-04-15,Gold,33,False,187.8663130422273,0.5078792303194312
9840,Sandra Buck,F,22,Asia,2020-11-12,Gold,38,True,166.84371898901415,0.3434297695542117
9841,Ronald Schwartz,Other,36,Asia,2019-01-19,Platinum,60,True,304.99564069222754,0.491000426182301
9842,Gilbert Reynolds,F,33,Other,2023-10-25,Bronze,2,False,74.04743056208363,0.4020676711938493
9843,Melinda Little,F,44,USA,2021-09-05,Gold,28,True,98.46777646073232,0.3981796291926691
9844,Hannah Valdez,F,29,Asia,2022-07-18,Bronze,17,False,124.12615473238436,0.6492958824949223
9845,Mr. William Miller,F,31,USA,2019-05-26,Bronze,56,False,99.02583877677075,0.3850470111745242
9846,Luke Smith,M,35,EU,2021-06-12,Bronze,31,False,85.57184626215899,0.3765277248044788
9847,Jordan Villarreal,M,24,Asia,2023-04-26,Silver,8,False,132.66264046657935,0.54711175588741
9848,Susan White,M,25,USA,2022-12-26,Silver,12,False,126.75056480014155,0.3625695150853628
9849,Megan Burton,M,44,EU,2019-09-15,Bronze,52,True,92.9437461956643,0.41686806796755593
9850,Jared Myers,M,27,EU,2020-09-10,Silver,40,True,146.6275776090334,0.7888323647437561
9851,Kyle Reed,M,44,EU,2020-07-28,Bronze,41,False,113.75125096637838,0.4749045629311851
9852,James Gates,M,39,Other,2019-11-25,Bronze,49,True,86.08519910803922,0.6013764789263999
9853,Charles Baird,M,18,USA,2020-12-19,Bronze,36,False,78.85212609281234,0.8772881057529622
9854,John Carter,F,38,EU,2023-01-09,Silver,11,False,133.91846168423726,0.5299241706731991
9855,Stefanie Flores,M,38,Asia,2019-11-06,Bronze,50,True,149.27965589029745,0.578710457440858
9856,Brandy Casey,F,37,EU,2019-05-14,Bronze,56,True,103.1353831735202,0.5468862720706044
9857,Beverly Roman,M,31,USA,2020-07-01,Platinum,42,False,323.9806656978129,0.4512028804097906
9858,Angela Blake,F,23,EU,2019-04-01,Gold,57,False,189.81001072397328,0.518884355934802
9859,Randy Fernandez,F,46,USA,2022-01-11,Bronze,24,False,134.6660990825863,0.4731967623288581
9860,Randy Parker,F,31,USA,2019-08-03,Silver,53,True,175.79104712426056,0.3633641590835892
9861,Debra Pugh,F,24,Asia,2020-11-21,Bronze,37,True,79.18627669561445,0.6249644592191166
9862,Linda Welch,F,37,EU,2020-12-22,Silver,36,True,154.72859056046082,0.22858656776659758
9863,Jennifer Santos,M,25,Other,2020-10-05,Bronze,39,True,92.2611312540663,0.5011474619309086
9864,Jacob Moore,Other,23,Asia,2020-12-08,Bronze,37,True,108.22337701558386,0.4581084674995941
9865,Mr. Michael Williams Jr.,F,29,EU,2023-02-22,Bronze,10,False,119.9307842240903,0.3445738066557677
9866,Timothy Crane,F,26,USA,2020-11-18,Bronze,37,False,75.53874117912622,0.5934257147860657
9867,Mitchell Hernandez,M,23,EU,2022-04-05,Bronze,21,False,107.17981576567009,0.34673930064925584
9868,Christopher Harris,F,41,USA,2019-11-12,Gold,50,False,167.71045524466535,0.43882562634733074
9869,Ronald Myers,F,31,Other,2021-09-23,Platinum,27,False,384.9845337495169,0.6091643951733715
9870,Joseph Mcgee,F,45,USA,2021-11-18,Gold,25,False,238.65831904721293,0.21120802077140538
9871,Lisa Greene,F,24,USA,2023-10-21,Platinum,2,False,180.6065390860051,0.6616260804088032
9872,Jodi Rodriguez,M,18,EU,2021-12-12,Bronze,25,True,77.46543235966824,0.494538429496862
9873,Amy Mejia,M,34,USA,2020-11-21,Silver,37,True,109.6880907472111,0.45363509675247926
9874,Ian Dennis,M,51,USA,2021-08-08,Bronze,29,True,98.7687866832415,0.29309580791736567
9875,Curtis Miller,M,38,EU,2022-11-09,Gold,13,False,212.05751272506674,0.5135641636399805
9876,Kayla Watson,M,65,USA,2020-09-15,Gold,40,True,231.6579675638418,0.503723959943045
9877,Gary Yu,M,36,USA,2021-02-03,Bronze,35,False,95.08584951130273,0.5819786398475189
9878,Donna Hernandez,M,35,USA,2020-10-15,Bronze,39,True,94.35188046947793,0.4295662560356257
9879,Nicholas Dawson,F,18,Asia,2023-12-28,Bronze,0,False,105.68583678472392,0.35369757783193995
9880,Bradley Thomas,M,37,EU,2022-11-04,Bronze,14,False,163.00703011949292,0.5470595578240104
9881,Denise Scott,F,34,EU,2019-10-28,Platinum,50,True,209.11132163040372,0.41336117833832947
9882,Molly Mcguire,F,28,EU,2020-08-16,Gold,41,False,124.83091679693325,0.57567274829147
9883,Michael Lindsey,F,31,USA,2022-01-25,Bronze,23,False,89.27723048669687,0.3453274323661121
9884,Andre Berger,M,32,Other,2023-10-25,Bronze,2,False,85.62613998040145,0.6191041161809889
9885,Karla Walker,F,31,USA,2023-11-19,Bronze,1,False,85.24271007501518,0.7235038390068097
9886,Rebecca Gonzalez,F,53,EU,2022-11-18,Platinum,13,False,299.2601078877094,0.47501851408469786
9887,Julie Davenport,Other,29,Asia,2021-11-27,Gold,25,True,153.18902377245618,0.702318679274324
9888,Kimberly Norris,F,34,Asia,2022-11-16,Silver,13,False,132.1422754617909,0.6130228383565959
9889,Peter Davis,F,28,USA,2021-11-12,Silver,26,False,141.16465189490842,0.550477406431706
9890,Timothy Thomas,F,40,USA,2021-09-12,Silver,28,False,141.86604510265406,0.4979813126859487
9891,Johnathan Bentley,M,34,Asia,2022-09-23,Bronze,15,False,97.17606507716478,0.4183607158854749
9892,Stephanie Holmes,M,30,USA,2023-12-04,Gold,0,False,194.01532314293974,0.6796644237034274
9893,Marissa Choi,F,18,Asia,2019-08-15,Silver,53,True,125.77649864759206,0.6493855932578352
9894,Latasha Hernandez,M,35,Asia,2019-11-19,Bronze,50,True,94.89987916362072,0.3431993822510153
9895,William Cooper,M,29,Asia,2022-11-18,Bronze,13,False,99.89919645738327,0.517257494900537
9896,Raymond Fischer,F,32,USA,2020-11-26,Silver,37,True,178.80920673566507,0.37791384156882646
9897,Daniel Cook,M,21,Asia,2022-01-11,Bronze,24,False,70.3833988380886,0.5712621440515939
9898,Jocelyn Campbell,F,47,EU,2019-03-28,Silver,58,True,150.73431941113003,0.6123631024118585
9899,Hannah Anderson,F,41,Asia,2022-06-24,Gold,18,False,206.59088885433673,0.2654784349798503
9900,Michael Shaw,M,47,USA,2023-12-23,Silver,0,False,155.53104999647832,0.4874740104385169
9901,Briana Curry,M,44,USA,2019-12-15,Silver,49,False,156.93922606047943,0.5636664679713689
9902,Samantha Hernandez MD,M,38,USA,2019-01-16,Silver,60,False,110.60675966278619,0.5137036306069929
9903,Bethany Morris,M,21,USA,2019-07-11,Bronze,54,False,103.2154593481016,0.7675403847002242
9904,Austin Owens,M,51,EU,2023-11-11,Bronze,1,False,102.11599975791624,0.2640560560544317
9905,Kristin Lopez,M,23,Other,2019-10-21,Bronze,51,False,110.95725007538621,0.7032796754788109
9906,Angel Wright,M,30,USA,2020-11-13,Gold,38,True,193.3451080908031,0.36747343843973934
9907,David Fitzgerald,M,40,Asia,2019-07-07,Gold,54,True,178.41413173573608,0.17851408088315063
9908,Victor Moore,F,40,USA,2022-12-15,Bronze,12,False,120.02435546861744,0.5480343846227151
9909,Mrs. Kaitlyn James,F,38,USA,2020-11-17,Gold,38,False,151.27921950229927,0.4811705679284293
9910,Andrew Anderson,F,28,USA,2021-07-25,Silver,29,False,108.78097133223986,0.5138245836696214
9911,Kathleen Flores,F,26,USA,2019-07-24,Platinum,54,True,225.56558584521503,0.5782216946362242
9912,Kathryn Miller,M,58,Other,2021-11-27,Bronze,25,True,106.92525815506325,0.5824454191203446
9913,Amy Kennedy,F,32,USA,2021-07-13,Silver,30,True,128.3155743892794,0.4203795403698182
9914,Michael Underwood,M,31,EU,2023-11-04,Silver,1,False,146.6646191893693,0.6217674106041798
9915,Jean Ward,M,25,EU,2022-09-01,Bronze,16,False,127.70993937269625,0.19749972093015783
9916,Jacob Brady,F,35,Other,2022-08-12,Bronze,16,False,76.45296116448571,0.4858190964378466
9917,Carl Douglas,M,34,USA,2021-10-04,Bronze,27,False,65.96980378517091,0.6694003083027481
9918,Ryan Joseph,M,32,USA,2023-03-01,Bronze,10,False,116.595374105921,0.5428540166809164
9919,Dawn Blevins,F,36,USA,2020-11-06,Bronze,38,True,83.31180620477052,0.5074976009088644
9920,Mark Martinez,F,50,EU,2019-02-24,Silver,59,True,114.84895137698712,0.4484057049479388
9921,Angela Weeks,M,27,USA,2020-12-11,Silver,37,True,146.77101823512197,0.5520878206557943
9922,Kevin Camacho,M,33,Asia,2019-02-21,Platinum,59,True,288.53305307773326,0.4579208901882179
9923,Eric Zimmerman,F,26,EU,2021-11-25,Bronze,25,True,82.64313118875685,0.5940436764399939
9924,Timothy Lewis,F,35,EU,2023-06-26,Gold,6,False,222.48155211203454,0.42209984926649363
9925,Lisa Mendoza,M,27,EU,2023-12-18,Silver,0,False,126.62618710167476,0.7288454445256511
9926,Melinda Cox,F,27,USA,2022-10-28,Bronze,14,False,83.50642273964806,0.5820394237816671
9927,David Hill,F,18,EU,2022-01-18,Silver,23,False,94.03205540001524,0.7719292654715417
9928,Joanne Dean,M,33,Other,2020-09-20,Silver,39,True,76.3512694144807,0.4418194384544242
9929,Julie Davis,F,37,Asia,2022-01-06,Bronze,24,False,104.72602622355777,0.6836593240441561
9930,Nicole Conner,F,51,Asia,2019-11-14,Silver,50,False,110.3751117039477,0.3102036766803779
9931,Edward Greene,M,37,Asia,2023-07-06,Silver,5,False,145.41877503204185,0.6083040078569734
9932,Patrick Daniels MD,F,28,USA,2023-11-22,Platinum,1,False,415.65260339275943,0.48264109468657407
9933,Jennifer Jones,M,19,USA,2021-02-15,Gold,35,True,218.6126740761856,0.517867876832022
9934,Katie Massey,F,20,USA,2021-10-22,Silver,26,True,150.84491692355513,0.6094016182354499
9935,Jamie Gould,F,20,USA,2020-12-01,Silver,37,True,162.727627651563,0.6114996202132772
9936,Rhonda Anderson MD,M,51,USA,2021-08-17,Gold,28,True,286.2996458355187,0.6257791133940845
9937,Kathryn Scott,F,35,EU,2019-04-12,Platinum,57,True,186.82678644154248,0.5527809307276438
9938,William Robinson,F,27,EU,2022-02-03,Gold,23,False,194.56241209822676,0.5812766335293136
9939,Steven Aguilar,M,23,Asia,2022-12-02,Silver,13,False,194.23732485975188,0.4667282296972746
9940,Thomas Lewis,M,24,Asia,2020-05-23,Bronze,43,True,106.16129251116433,0.4033735743306809
9941,Cody Pitts,M,26,Other,2022-12-06,Gold,13,False,248.18281788618668,0.5250045939322086
9942,Justin Noble,F,46,USA,2023-05-05,Bronze,8,False,87.48764134003012,0.17820588865386683
9943,Dylan Clark,F,32,USA,2022-12-08,Silver,12,False,112.4852344473358,0.5628583163130813
9944,Erik David,F,18,EU,2021-10-02,Bronze,27,False,138.225713239011,0.6304731212877849
9945,Stephanie Robinson,M,56,USA,2023-11-27,Bronze,1,False,101.50303371636895,0.592993607458591
9946,Joel Stevens,F,21,USA,2021-05-12,Bronze,32,True,116.51989765236246,0.4083151114380957
9947,Kathleen Smith,M,27,USA,2021-11-07,Gold,26,True,235.53714120124235,0.19328775342107923
9948,James Jenkins,M,46,USA,2020-02-14,Silver,47,True,188.38560876626198,0.5984287934605572
9949,Dr. Jennifer Smith DVM,M,37,EU,2020-10-10,Silver,39,False,158.83333622472125,0.3817056457154304
9950,Mitchell Martin,M,28,EU,2023-05-20,Silver,7,False,160.13777352573055,0.30689275578172825
9951,Sarah Wilson DVM,F,20,EU,2022-11-14,Platinum,13,False,329.84466205198277,0.6422527958441402
9952,Maria Martinez,F,23,EU,2019-12-11,Bronze,49,True,87.16820585156215,0.2966979249923155
9953,Tanya Trevino,F,23,USA,2022-09-28,Silver,15,False,181.51307354948364,0.47426824661778966
9954,Sharon Medina,F,33,USA,2023-06-19,Silver,6,False,132.85588538074148,0.7666067714171975
9955,Dr. Phillip Anderson,M,34,USA,2019-03-01,Gold,58,True,244.2570168863306,0.39990752135951424
9956,Richard George,Other,31,USA,2021-11-26,Bronze,25,True,115.89953605355123,0.34014933690791227
9957,Adam Evans,F,32,Asia,2021-11-02,Platinum,26,True,167.61081542500318,0.576090842980071
9958,Maria Murillo,F,22,Asia,2019-11-23,Bronze,50,True,116.13384136543391,0.5490556948986298
9959,Christopher Hodges,M,35,EU,2021-12-03,Bronze,25,True,104.67255156083121,0.2513956915773325
9960,Jennifer Levy,F,45,USA,2022-12-27,Bronze,12,False,126.67746988049197,0.5078900112752673
9961,Donald Gomez,F,31,EU,2020-11-05,Bronze,38,True,134.65433358822796,0.6767216138437756
9962,Christopher King,M,31,EU,2022-04-11,Silver,21,False,153.3237631416483,0.7099873800349952
9963,Christine Peterson,F,33,EU,2021-12-19,Silver,24,False,160.71059815557575,0.4609290218115343
9964,Destiny Johns,F,44,EU,2020-07-07,Bronze,42,False,74.33461852205244,0.5743671575368893
9965,Ashley Meyer,M,24,EU,2022-02-28,Silver,22,False,144.94712631686338,0.581311490730222
9966,Scott Hamilton,M,47,EU,2021-05-16,Gold,32,True,266.23338519319105,0.6512252900655151
9967,Walter White,F,37,Asia,2022-11-20,Gold,13,False,200.01529558507033,0.48637739553353504
9968,James Young,M,33,USA,2021-04-08,Silver,33,True,177.82458424637707,0.6942962883984438
9969,Anita Sherman,F,45,Asia,2023-08-26,Platinum,4,False,298.6943559207556,0.39054389110289706
9970,Justin Swanson,F,21,USA,2019-06-24,Silver,55,True,146.49589275695757,0.6170330772832364
9971,James Garrett,M,38,USA,2021-01-04,Bronze,36,True,111.49174542324562,0.3496887160065989
9972,Angela Jenkins,F,37,Other,2022-01-12,Bronze,23,False,41.75531811546613,0.23146889261035308
9973,Gregory Ward,F,23,Other,2021-12-18,Bronze,24,False,107.43363055056209,0.5918375904360875
9974,Ms. Lori Watson,F,37,USA,2021-11-23,Silver,25,True,82.51631087558451,0.9432997200899229
9975,Carol Dean,F,35,EU,2022-11-14,Gold,13,False,196.69498546976195,0.5480649109649889
9976,Dr. Thomas Clark PhD,F,31,USA,2022-08-17,Gold,16,False,166.5863417767589,0.4686277523646974
9977,Michael Rogers,M,41,EU,2020-03-12,Bronze,46,True,76.89602674367003,0.6863125296098681
9978,John Murray MD,M,27,Asia,2021-11-09,Silver,26,False,194.34036037680465,0.433302739784079
9979,Jacob Clark,M,35,Other,2023-12-16,Silver,0,False,183.58806265030248,0.23527364028763442
9980,Jessica Clark,M,31,EU,2019-08-21,Platinum,53,True,278.6313919918758,0.6414015781728705
9981,Ann Scott,F,26,USA,2021-07-10,Bronze,30,False,147.56308940710193,0.7332032499092106
9982,Lauren Robinson,M,38,EU,2022-09-20,Bronze,15,False,119.87553358463323,0.5193330716198152
9983,Kristi Choi,F,30,USA,2020-06-20,Platinum,43,True,290.5128334551145,0.5468880483998116
9984,Rebecca White,M,18,Other,2021-10-11,Platinum,27,True,186.7443758577453,0.40867620734578924
9985,Sarah Lee,M,18,Asia,2023-02-28,Bronze,10,False,98.02625171070967,0.4756172125641497
9986,Alexandria Shepherd,F,40,EU,2022-01-28,Bronze,23,False,87.36971793566036,0.5333521660010658
9987,Ashley Glenn,M,20,USA,2023-08-09,Silver,4,False,136.12552751684947,0.5067442146963265
9988,Benjamin Walker,F,35,USA,2023-04-01,Gold,9,False,216.54047826621508,0.5053699370813809
9989,Eric Rasmussen,M,33,USA,2019-11-16,Bronze,50,True,87.43528024937777,0.028883230210884014
9990,Clifford Gonzalez,F,29,Asia,2019-07-04,Gold,54,True,252.83785315297217,0.5247366633002697
9991,Kathryn Moore,F,52,EU,2021-06-22,Bronze,30,True,89.39875124956365,0.3008624289022277
9992,Willie Munoz,F,34,USA,2019-07-08,Silver,54,True,119.33389044460094,0.5713499189715119
9993,Sean Warren,M,40,EU,2021-05-02,Silver,32,True,169.4871746000988,0.6586236694113279
9994,Robert Cruz,F,35,Asia,2021-06-14,Bronze,31,True,99.44292499321975,0.5840344175399413
9995,Samantha Petersen,F,30,USA,2022-10-24,Bronze,14,False,117.10618705899695,0.32779759309068823
9996,Alicia Combs,F,32,Asia,2022-12-09,Bronze,12,False,103.42543554687273,0.37487498346042303
9997,Miss Laura Davis,M,47,Asia,2020-08-24,Gold,40,False,144.430950302064,0.4899891885801412
9998,Mrs. Kerri Weeks,M,43,Other,2019-08-14,Bronze,53,True,106.07980165148857,0.6280106354332953
9999,Louis Armstrong,M,52,USA,2020-06-14,Silver,43,False,122.76148630881221,0.6491776195758858
10000,David Hayes,M,35,USA,2023-05-21,Silver,7,False,154.38834760110905,0.5540943843245877
