customer_id,weekly_visits,session_time_minutes,page_views,app_opens
1,8,17.61,16.0,6
2,3,12.93,9.0,2
3,14,20.7,56.0,12
4,6,11.53,24.0,6
5,5,7.87,10.0,4
6,4,1.24,8.0,4
7,8,10.58,24.0,8
8,12,13.61,48.0,12
9,4,24.19,,4
10,17,15.7,68.0,15
11,5,18.21,10.0,5
12,5,16.52,10.0,4
13,4,18.31,8.0,4
14,8,11.85,32.0,8
15,6,8.88,24.0,7
16,8,12.69,16.0,10
17,6,3.54,24.0,6
18,6,23.24,24.0,6
19,9,-0.92,36.0,6
20,10,16.09,20.0,10
21,8,17.26,32.0,6
22,6,8.5,12.0,7
23,6,12.67,18.0,6
24,7,9.81,28.0,5
25,4,11.44,16.0,3
26,9,27.55,36.0,6
27,8,9.93,24.0,9
28,4,9.85,16.0,3
29,5,15.0,20.0,3
30,9,17.28,36.0,6
31,3,25.7,9.0,2
32,8,15.53,16.0,6
33,10,12.0,40.0,9
34,6,11.2,24.0,7
35,9,13.58,36.0,11
36,13,5.66,39.0,12
37,4,7.1,16.0,5
38,5,18.87,15.0,3
39,7,14.27,28.0,7
40,11,25.85,22.0,8
41,7,13.65,14.0,5
42,1,9.45,3.0,1
43,4,27.98,,3
44,11,22.93,33.0,11
45,6,19.43,24.0,7
46,9,25.46,18.0,9
47,21,25.91,42.0,26
48,9,20.39,36.0,11
49,7,16.63,21.0,7
50,6,7.62,,5
51,7,8.58,28.0,7
52,11,26.86,22.0,10
53,5,7.76,20.0,4
54,7,15.95,28.0,7
55,11,16.19,22.0,12
56,2,23.33,6.0,1
57,8,14.9,,6
58,5,7.28,15.0,5
59,9,23.22,27.0,7
60,8,17.12,24.0,6
61,13,14.56,26.0,9
62,6,15.07,12.0,6
63,8,9.33,32.0,10
64,8,14.34,24.0,7
65,6,23.03,18.0,6
66,6,13.9,24.0,6
67,5,19.34,10.0,4
68,3,18.95,9.0,3
69,11,15.81,44.0,11
70,3,12.5,12.0,2
71,4,15.9,12.0,4
72,14,17.36,56.0,11
73,7,13.91,21.0,8
74,7,13.26,21.0,8
75,7,15.49,21.0,8
76,4,16.98,16.0,3
77,4,10.94,8.0,3
78,9,8.98,18.0,9
79,8,16.24,32.0,9
80,7,25.18,21.0,8
81,9,12.12,36.0,7
82,9,16.52,36.0,11
83,5,12.01,20.0,5
84,3,13.99,6.0,3
85,6,17.71,12.0,7
86,7,11.64,21.0,7
87,9,16.62,36.0,7
88,10,14.38,40.0,7
89,7,24.0,28.0,6
90,9,13.87,27.0,8
91,6,7.1,24.0,6
92,4,10.6,16.0,4
93,11,24.27,44.0,10
94,5,14.47,20.0,6
95,4,10.65,16.0,4
96,4,19.91,16.0,4
97,16,16.3,32.0,12
98,2,8.04,4.0,2
99,3,21.88,6.0,2
100,7,0.99,28.0,9
101,5,22.75,15.0,4
102,13,19.77,52.0,10
103,3,15.08,9.0,2
104,3,16.65,9.0,3
105,5,18.59,15.0,5
106,7,24.28,21.0,5
107,13,19.7,52.0,9
108,13,19.03,52.0,16
109,8,16.23,,6
110,6,16.66,,7
111,10,27.61,30.0,9
112,6,15.49,24.0,4
113,12,13.25,36.0,12
114,8,,16.0,8
115,3,22.98,12.0,2
116,3,19.26,6.0,3
117,5,11.36,20.0,5
118,14,12.24,56.0,15
119,5,6.59,20.0,4
120,7,9.46,14.0,8
121,23,22.61,69.0,29
122,9,24.73,36.0,8
123,13,12.48,52.0,15
124,13,15.09,26.0,14
125,7,7.91,21.0,8
126,12,13.4,48.0,12
127,7,11.05,14.0,5
128,12,15.85,36.0,14
129,12,18.14,24.0,8
130,11,20.21,33.0,9
131,11,26.71,33.0,8
132,5,17.25,10.0,4
133,6,21.98,18.0,7
134,23,22.07,92.0,21
135,6,12.64,18.0,7
136,9,20.95,27.0,7
137,2,17.3,4.0,2
138,8,17.08,32.0,10
139,5,22.37,10.0,3
140,6,20.77,12.0,7
141,8,21.22,,6
142,3,9.88,6.0,2
143,7,16.23,14.0,8
144,13,10.1,39.0,14
145,4,20.78,12.0,4
146,4,15.71,12.0,4
147,7,13.37,21.0,8
148,12,25.96,48.0,14
149,8,21.66,32.0,6
150,25,11.03,,21
151,8,17.55,24.0,7
152,6,17.26,12.0,6
153,6,16.44,18.0,5
154,6,14.81,12.0,5
155,5,13.92,10.0,6
156,4,18.67,12.0,4
157,9,18.57,27.0,8
158,2,10.54,6.0,2
159,4,9.46,12.0,3
160,6,19.02,12.0,4
161,0,25.15,0.0,1
162,8,15.15,24.0,7
163,5,19.16,15.0,6
164,5,10.91,20.0,4
165,2,16.98,6.0,1
166,10,19.23,40.0,10
167,10,13.7,20.0,10
168,15,32.22,45.0,19
169,12,19.39,24.0,14
170,4,14.52,8.0,4
171,6,14.43,18.0,4
172,5,15.71,15.0,5
173,21,15.54,63.0,16
174,4,14.29,8.0,4
175,5,22.2,10.0,4
176,1,15.41,4.0,1
177,3,11.47,9.0,3
178,3,25.36,12.0,3
179,4,23.11,8.0,4
180,6,26.61,18.0,5
181,10,18.48,40.0,12
182,6,20.41,18.0,4
183,5,18.44,20.0,3
184,5,18.58,20.0,5
185,6,5.42,24.0,5
186,4,23.42,8.0,4
187,12,16.02,48.0,11
188,18,20.48,36.0,15
189,5,14.26,20.0,3
190,8,23.37,32.0,8
191,5,16.73,20.0,5
192,5,14.87,20.0,4
193,5,11.59,20.0,5
194,5,10.93,15.0,4
195,6,16.61,18.0,6
196,6,12.81,12.0,5
197,5,12.93,15.0,5
198,7,11.8,14.0,8
199,9,17.22,27.0,6
200,3,8.39,6.0,2
201,13,14.48,26.0,15
202,6,19.52,12.0,6
203,8,11.04,32.0,6
204,1,25.44,3.0,1
205,2,10.57,8.0,2
206,5,15.15,10.0,4
207,5,14.15,15.0,3
208,16,17.25,48.0,19
209,16,16.74,48.0,13
210,17,10.28,68.0,21
211,22,17.29,44.0,25
212,6,15.48,12.0,5
213,5,11.82,20.0,5
214,6,15.21,18.0,5
215,18,22.67,36.0,14
216,3,10.67,6.0,3
217,6,15.23,12.0,7
218,9,12.06,27.0,10
219,1,20.89,4.0,1
220,7,13.82,28.0,7
221,3,21.61,12.0,3
222,13,18.84,39.0,13
223,1,24.16,4.0,1
224,25,20.67,75.0,19
225,2,18.97,8.0,1
226,16,12.58,32.0,16
227,6,19.54,24.0,6
228,10,23.65,40.0,10
229,4,10.6,,4
230,5,13.13,20.0,5
231,12,14.73,48.0,14
232,7,6.68,21.0,7
233,7,2.74,14.0,8
234,4,9.84,8.0,4
235,4,14.99,12.0,3
236,3,13.02,6.0,2
237,10,9.53,20.0,12
238,1,17.63,3.0,1
239,5,18.67,10.0,4
240,16,20.76,64.0,19
241,7,16.69,14.0,5
242,5,16.82,15.0,4
243,9,19.84,36.0,6
244,3,11.85,12.0,2
245,6,18.26,24.0,4
246,3,6.63,12.0,3
247,7,24.26,21.0,7
248,6,21.33,18.0,4
249,3,19.83,12.0,3
250,4,17.67,8.0,4
251,2,15.32,6.0,2
252,26,21.03,78.0,31
253,25,9.24,100.0,27
254,4,23.01,16.0,3
255,3,21.89,9.0,2
256,5,25.51,10.0,4
257,6,17.99,18.0,6
258,4,10.23,12.0,4
259,10,23.55,30.0,7
260,3,16.3,6.0,3
261,11,14.3,22.0,9
262,5,11.77,10.0,6
263,7,19.31,21.0,5
264,13,12.19,39.0,9
265,10,14.14,20.0,11
266,8,18.37,24.0,10
267,4,9.74,8.0,4
268,3,13.17,9.0,2
269,7,21.41,21.0,8
270,1,22.01,3.0,1
271,4,,8.0,4
272,15,20.26,60.0,15
273,2,10.89,6.0,1
274,1,14.2,2.0,1
275,10,17.1,30.0,9
276,9,25.8,27.0,10
277,3,12.01,12.0,3
278,12,15.57,24.0,8
279,5,18.93,20.0,4
280,7,27.79,21.0,4
281,18,10.65,72.0,22
282,7,17.27,14.0,6
283,4,21.76,8.0,3
284,17,27.0,34.0,15
285,5,9.34,15.0,6
286,3,23.3,12.0,2
287,8,12.98,,8
288,10,19.07,30.0,11
289,4,9.13,16.0,3
290,5,27.44,10.0,4
291,12,14.03,48.0,11
292,8,14.0,32.0,9
293,16,22.33,48.0,19
294,8,19.32,16.0,10
295,5,13.64,15.0,5
296,7,14.71,21.0,5
297,7,15.14,,9
298,6,24.41,24.0,6
299,6,7.94,18.0,4
300,6,17.23,18.0,5
301,13,12.47,39.0,14
302,12,5.0,36.0,8
303,7,16.83,14.0,6
304,3,16.26,9.0,3
305,2,20.78,6.0,1
306,3,25.62,9.0,3
307,9,22.22,18.0,11
308,5,17.31,20.0,3
309,6,18.86,24.0,7
310,16,12.15,32.0,17
311,7,24.88,28.0,8
312,10,20.99,30.0,9
313,5,8.91,20.0,4
314,17,18.72,51.0,14
315,11,10.82,33.0,13
316,9,23.48,36.0,10
317,11,13.01,33.0,11
318,11,15.82,44.0,12
319,18,27.91,54.0,18
320,12,24.43,48.0,14
321,7,14.59,21.0,8
322,16,23.62,64.0,14
323,12,4.0,48.0,10
324,7,19.49,14.0,5
325,7,17.39,28.0,5
326,4,7.13,8.0,4
327,2,19.7,4.0,2
328,8,18.18,32.0,6
329,6,11.56,18.0,5
330,7,12.04,14.0,5
331,5,17.63,20.0,4
332,6,15.83,18.0,7
333,5,28.23,20.0,5
334,7,16.21,21.0,5
335,4,15.74,8.0,3
336,4,19.96,12.0,3
337,15,11.19,30.0,15
338,2,12.72,4.0,1
339,5,14.58,20.0,5
340,8,23.01,24.0,8
341,5,3.8,20.0,4
342,7,20.55,21.0,8
343,6,14.5,24.0,4
344,1,23.17,4.0,1
345,7,9.93,14.0,5
346,12,21.34,24.0,10
347,5,18.75,10.0,6
348,6,6.2,12.0,4
349,5,23.33,15.0,5
350,7,10.91,14.0,7
351,1,13.66,3.0,1
352,2,13.53,8.0,1
353,8,21.32,24.0,9
354,5,17.38,10.0,6
355,5,5.42,10.0,4
356,6,20.97,12.0,6
357,8,19.53,24.0,7
358,5,16.35,20.0,4
359,3,15.89,6.0,2
360,25,16.81,75.0,28
361,5,14.44,20.0,3
362,4,12.86,,3
363,6,12.74,24.0,5
364,12,17.72,48.0,10
365,10,9.85,30.0,10
366,15,21.06,30.0,13
367,6,6.91,12.0,5
368,5,21.19,20.0,3
369,5,1.61,20.0,3
370,3,10.4,6.0,3
371,3,9.63,12.0,2
372,7,,14.0,8
373,9,15.03,18.0,9
374,7,13.21,14.0,6
375,11,24.83,,13
376,6,19.04,18.0,5
377,11,14.6,22.0,14
378,6,11.6,24.0,6
379,4,19.95,12.0,3
380,11,15.73,44.0,9
381,10,13.42,20.0,9
382,6,13.33,24.0,4
383,2,,6.0,1
384,10,21.54,40.0,9
385,8,18.08,24.0,7
386,8,15.46,,5
387,13,11.81,39.0,13
388,5,21.8,20.0,5
389,15,15.82,30.0,16
390,12,10.92,36.0,10
391,2,8.83,4.0,2
392,2,8.88,8.0,1
393,3,5.01,9.0,3
394,2,13.91,4.0,2
395,16,8.22,64.0,20
396,5,10.25,10.0,4
397,10,12.86,20.0,10
398,6,14.96,18.0,6
399,10,20.73,,9
400,12,,36.0,14
401,9,10.34,27.0,8
402,8,10.81,16.0,10
403,4,13.15,16.0,3
404,5,4.99,20.0,4
405,13,17.61,52.0,15
406,6,14.57,24.0,7
407,1,6.76,2.0,1
408,5,12.76,15.0,6
409,11,20.32,22.0,12
410,5,,15.0,3
411,3,20.52,9.0,3
412,5,24.56,20.0,5
413,4,19.07,8.0,3
414,5,13.97,20.0,6
415,12,14.3,48.0,10
416,7,10.33,21.0,6
417,5,9.58,20.0,4
418,9,9.74,36.0,10
419,9,7.8,36.0,10
420,0,21.94,0.0,1
421,7,28.5,21.0,5
422,8,,16.0,8
423,3,14.28,9.0,3
424,4,17.67,16.0,5
425,1,5.59,3.0,1
426,6,20.12,12.0,5
427,4,19.21,12.0,3
428,3,10.67,6.0,3
429,6,16.09,18.0,5
430,3,17.69,9.0,3
431,6,10.67,18.0,7
432,3,16.66,6.0,2
433,5,17.76,15.0,6
434,9,12.93,18.0,8
435,5,16.13,20.0,4
436,13,23.12,39.0,9
437,3,10.94,6.0,3
438,3,23.41,6.0,2
439,6,10.07,18.0,6
440,7,26.38,28.0,7
441,8,12.52,24.0,9
442,4,9.17,16.0,3
443,7,5.28,14.0,5
444,11,18.18,22.0,8
445,20,22.55,80.0,24
446,3,23.7,6.0,3
447,7,14.02,21.0,8
448,7,11.64,14.0,6
449,9,20.23,36.0,11
450,15,17.8,30.0,18
451,8,12.11,32.0,8
452,7,10.55,28.0,6
453,5,16.36,10.0,5
454,4,19.94,12.0,3
455,3,17.38,6.0,2
456,3,17.38,,2
457,13,13.59,39.0,10
458,27,24.34,54.0,29
459,12,13.13,24.0,8
460,8,12.54,32.0,10
461,6,8.67,12.0,6
462,10,17.2,30.0,9
463,5,15.13,15.0,5
464,10,26.35,30.0,10
465,6,15.09,12.0,6
466,3,16.94,9.0,3
467,3,20.42,6.0,3
468,17,32.77,68.0,21
469,5,14.17,20.0,6
470,8,8.64,32.0,8
471,5,15.73,15.0,3
472,10,19.02,40.0,11
473,4,10.74,16.0,3
474,6,20.32,24.0,6
475,11,17.7,22.0,10
476,17,15.56,68.0,12
477,5,14.14,15.0,5
478,10,13.97,30.0,12
479,5,17.12,20.0,5
480,8,5.28,16.0,7
481,8,12.22,24.0,6
482,8,9.97,16.0,6
483,10,21.0,30.0,12
484,15,19.65,60.0,12
485,3,6.95,12.0,2
486,10,5.52,30.0,10
487,6,13.9,12.0,5
488,7,20.01,14.0,7
489,5,4.69,10.0,4
490,8,13.68,32.0,7
491,4,18.92,16.0,3
492,4,15.65,12.0,4
493,11,18.09,22.0,10
494,12,12.8,24.0,13
495,13,17.41,39.0,16
496,3,13.1,6.0,3
497,10,9.17,20.0,9
498,5,18.11,10.0,6
499,8,18.25,24.0,6
500,4,14.34,8.0,5
501,3,26.07,12.0,3
502,10,16.83,30.0,8
503,3,17.87,9.0,3
504,3,16.03,12.0,3
505,8,11.77,16.0,8
506,5,15.57,20.0,3
507,3,12.56,6.0,2
508,4,17.76,16.0,4
509,18,24.64,36.0,20
510,2,17.88,4.0,2
511,4,11.79,12.0,2
512,9,18.84,18.0,8
513,5,,10.0,5
514,10,14.64,30.0,7
515,4,13.54,12.0,4
516,4,12.63,12.0,4
517,4,6.05,12.0,3
518,8,24.63,16.0,9
519,6,23.49,24.0,5
520,5,17.2,20.0,4
521,5,8.24,15.0,3
522,15,15.86,60.0,14
523,10,6.04,30.0,11
524,0,6.7,0.0,1
525,17,22.66,34.0,13
526,10,23.33,20.0,9
527,12,19.94,36.0,11
528,8,13.5,16.0,9
529,8,20.63,32.0,10
530,6,3.36,,4
531,9,18.86,27.0,10
532,4,12.99,8.0,4
533,9,11.85,27.0,11
534,5,12.66,10.0,5
535,5,10.18,20.0,3
536,3,18.33,6.0,3
537,5,13.17,10.0,5
538,8,18.87,,7
539,6,14.39,12.0,7
540,18,9.74,72.0,19
541,6,13.15,18.0,5
542,11,18.59,33.0,11
543,7,17.62,14.0,8
544,4,16.92,16.0,3
545,6,5.57,24.0,4
546,10,21.73,40.0,10
547,8,15.05,32.0,10
548,4,,12.0,4
549,2,13.86,6.0,1
550,15,23.67,30.0,18
551,8,9.89,32.0,6
552,4,16.21,16.0,4
553,8,13.23,24.0,9
554,18,21.01,72.0,18
555,10,29.84,40.0,10
556,1,17.42,,1
557,8,19.13,32.0,6
558,13,19.33,52.0,15
559,9,17.51,18.0,7
560,8,19.55,24.0,9
561,9,13.32,36.0,7
562,15,33.52,30.0,15
563,9,9.04,,10
564,16,27.98,64.0,11
565,4,15.21,8.0,2
566,7,10.75,28.0,7
567,10,16.92,30.0,9
568,6,20.61,24.0,4
569,4,10.73,16.0,3
570,16,28.46,48.0,13
571,11,16.72,33.0,14
572,8,12.21,16.0,9
573,8,16.39,32.0,8
574,6,10.04,12.0,5
575,6,18.1,24.0,6
576,9,9.18,18.0,7
577,5,8.61,15.0,3
578,3,13.49,12.0,3
579,8,5.94,16.0,6
580,10,28.97,30.0,8
581,4,16.23,12.0,3
582,11,21.16,33.0,11
583,3,17.89,12.0,2
584,6,21.37,12.0,7
585,5,23.42,,5
586,4,12.48,12.0,4
587,5,12.79,20.0,6
588,12,18.06,48.0,15
589,4,24.24,12.0,3
590,5,1.02,15.0,5
591,2,5.95,4.0,1
592,4,14.79,8.0,4
593,6,18.9,24.0,6
594,4,12.72,8.0,4
595,9,10.87,27.0,8
596,1,22.83,4.0,1
597,5,15.12,10.0,4
598,6,13.75,18.0,4
599,1,18.1,4.0,1
600,6,3.04,12.0,4
601,19,20.11,57.0,13
602,2,14.13,6.0,1
603,3,17.26,9.0,2
604,3,14.83,12.0,3
605,3,13.35,12.0,2
606,1,21.78,3.0,1
607,2,16.18,4.0,2
608,11,18.39,22.0,13
609,2,13.5,8.0,2
610,19,17.76,38.0,22
611,27,21.54,108.0,25
612,4,11.17,12.0,5
613,5,21.72,20.0,5
614,10,13.59,20.0,12
615,7,8.67,14.0,5
616,11,23.53,44.0,9
617,3,13.26,12.0,2
618,6,20.23,24.0,6
619,4,21.09,16.0,2
620,3,12.68,12.0,2
621,3,5.18,12.0,2
622,8,23.46,32.0,7
623,3,11.5,9.0,3
624,3,21.59,9.0,2
625,5,8.71,20.0,3
626,3,13.9,6.0,2
627,7,19.47,21.0,7
628,5,11.27,20.0,3
629,14,20.05,56.0,17
630,7,7.73,28.0,6
631,8,6.52,24.0,8
632,8,18.5,24.0,5
633,6,12.52,12.0,4
634,3,22.61,9.0,3
635,5,12.5,20.0,5
636,36,10.97,144.0,35
637,9,25.57,36.0,7
638,11,16.79,44.0,8
639,2,12.95,8.0,2
640,9,11.64,36.0,6
641,3,19.91,6.0,3
642,3,19.96,12.0,2
643,6,6.58,12.0,5
644,8,18.25,16.0,8
645,15,13.27,30.0,12
646,4,26.2,8.0,3
647,15,17.73,45.0,19
648,7,2.71,,6
649,13,17.05,52.0,13
650,5,12.12,15.0,3
651,4,21.16,12.0,5
652,3,11.16,9.0,2
653,21,19.47,63.0,16
654,5,13.98,10.0,5
655,1,14.78,2.0,1
656,2,26.37,6.0,2
657,5,8.25,20.0,4
658,10,19.8,40.0,8
659,7,16.13,,5
660,10,25.12,20.0,8
661,11,8.4,22.0,12
662,4,19.19,16.0,3
663,13,15.75,39.0,16
664,3,16.52,12.0,2
665,21,20.53,84.0,14
666,10,16.25,40.0,12
667,8,14.74,32.0,9
668,4,9.31,16.0,4
669,5,11.37,10.0,5
670,3,11.27,12.0,2
671,8,14.68,32.0,7
672,5,8.59,15.0,6
673,6,23.0,12.0,5
674,21,21.93,63.0,17
675,7,12.25,21.0,7
676,5,25.79,10.0,5
677,4,18.61,16.0,3
678,7,14.01,28.0,6
679,9,17.06,27.0,9
680,38,21.62,76.0,34
681,11,14.97,33.0,10
682,3,9.65,12.0,3
683,8,9.14,16.0,7
684,7,14.79,14.0,8
685,7,13.94,21.0,7
686,8,18.85,16.0,7
687,4,24.67,12.0,4
688,2,6.79,6.0,1
689,14,12.75,42.0,11
690,9,12.5,36.0,8
691,7,21.07,21.0,8
692,12,24.04,36.0,9
693,7,9.8,28.0,8
694,6,18.77,24.0,4
695,4,17.59,8.0,2
696,8,20.05,24.0,8
697,6,13.24,12.0,7
698,9,20.16,27.0,11
699,2,11.65,4.0,2
700,9,21.22,18.0,10
701,7,10.39,21.0,7
702,9,17.14,27.0,7
703,7,6.14,28.0,7
704,9,18.19,36.0,10
705,7,12.57,21.0,7
706,2,20.29,6.0,1
707,10,19.61,20.0,9
708,4,20.43,12.0,3
709,10,18.9,30.0,11
710,6,20.57,24.0,6
711,8,19.11,16.0,8
712,2,14.97,8.0,2
713,9,13.39,36.0,8
714,3,11.72,6.0,2
715,9,13.28,27.0,10
716,17,30.21,68.0,17
717,9,8.92,18.0,7
718,17,28.11,34.0,12
719,5,12.13,15.0,6
720,5,12.16,15.0,5
721,8,16.04,16.0,6
722,8,22.67,32.0,8
723,10,19.4,20.0,7
724,6,18.19,18.0,6
725,10,11.89,40.0,10
726,11,23.33,44.0,11
727,8,15.76,24.0,6
728,5,9.39,10.0,4
729,3,11.28,12.0,2
730,23,25.2,92.0,24
731,11,14.1,33.0,10
732,4,18.01,12.0,5
733,8,22.22,24.0,7
734,7,10.03,28.0,8
735,3,18.4,6.0,2
736,10,6.96,40.0,10
737,9,,18.0,11
738,13,17.62,26.0,11
739,7,9.33,14.0,6
740,9,20.71,36.0,8
741,18,18.61,72.0,18
742,12,18.62,24.0,9
743,7,7.09,28.0,5
744,14,11.91,42.0,16
745,3,14.06,9.0,2
746,9,31.19,27.0,6
747,8,14.35,24.0,9
748,1,16.29,4.0,1
749,6,21.28,24.0,5
750,8,24.68,32.0,7
751,11,19.4,33.0,9
752,7,10.75,28.0,5
753,4,21.85,12.0,4
754,21,11.58,63.0,24
755,7,16.85,14.0,6
756,2,5.03,4.0,1
757,2,18.3,8.0,1
758,5,7.81,20.0,6
759,4,20.4,12.0,4
760,10,16.61,20.0,10
761,6,9.04,12.0,4
762,19,6.34,38.0,22
763,12,21.84,24.0,13
764,15,20.55,30.0,19
765,9,17.85,27.0,10
766,7,21.14,14.0,8
767,5,6.19,15.0,5
768,3,12.73,9.0,3
769,3,9.07,6.0,2
770,6,17.64,12.0,6
771,11,12.25,44.0,10
772,25,13.21,50.0,31
773,8,14.98,24.0,9
774,2,26.59,4.0,1
775,8,4.34,16.0,9
776,4,11.08,16.0,5
777,13,13.02,39.0,16
778,7,14.31,21.0,5
779,4,15.46,12.0,5
780,11,11.0,33.0,8
781,8,14.0,24.0,9
782,7,16.06,21.0,5
783,9,13.45,36.0,11
784,7,4.77,14.0,5
785,2,7.45,6.0,1
786,10,19.42,40.0,10
787,21,23.35,63.0,21
788,7,10.88,28.0,8
789,9,30.61,18.0,8
790,13,14.76,52.0,10
791,6,18.09,18.0,5
792,15,20.03,60.0,15
793,6,9.16,24.0,6
794,3,8.02,6.0,3
795,4,12.84,16.0,3
796,8,22.03,32.0,9
797,6,11.63,18.0,5
798,3,15.39,6.0,3
799,12,14.11,24.0,8
800,12,11.22,24.0,10
801,4,14.51,16.0,2
802,11,14.56,44.0,12
803,7,20.31,21.0,7
804,24,27.62,72.0,28
805,11,8.68,,10
806,20,22.13,60.0,18
807,4,13.87,16.0,3
808,18,27.18,54.0,20
809,4,14.8,16.0,3
810,9,19.32,36.0,6
811,9,,18.0,8
812,11,25.05,33.0,7
813,4,15.51,16.0,4
814,2,12.59,4.0,1
815,4,8.58,8.0,4
816,6,19.62,24.0,5
817,10,12.32,40.0,10
818,9,13.12,27.0,6
819,8,13.79,24.0,9
820,6,15.76,24.0,5
821,5,18.36,15.0,3
822,3,13.85,12.0,2
823,4,12.21,12.0,3
824,9,21.78,18.0,11
825,5,13.1,20.0,6
826,8,15.83,16.0,9
827,14,10.24,56.0,11
828,8,19.87,32.0,5
829,3,11.16,6.0,2
830,8,15.21,32.0,5
831,4,21.67,16.0,4
832,8,16.99,32.0,6
833,6,17.0,,4
834,16,18.15,32.0,17
835,8,15.62,32.0,9
836,6,22.9,12.0,5
837,5,11.49,10.0,6
838,3,12.39,12.0,3
839,5,20.22,15.0,5
840,4,12.18,8.0,2
841,9,17.61,36.0,9
842,4,5.28,16.0,3
843,6,20.3,,5
844,8,17.06,16.0,9
845,5,12.98,10.0,4
846,18,23.49,36.0,22
847,6,12.3,24.0,4
848,2,16.32,6.0,1
849,5,31.29,20.0,6
850,7,10.56,28.0,5
851,10,13.0,40.0,10
852,2,17.48,4.0,1
853,5,15.53,15.0,6
854,2,14.82,6.0,1
855,6,19.17,18.0,5
856,5,22.12,15.0,4
857,7,8.38,14.0,5
858,3,20.96,6.0,3
859,9,16.2,27.0,7
860,6,8.46,18.0,4
861,10,11.71,20.0,8
862,10,10.93,30.0,10
863,7,32.96,14.0,7
864,3,14.78,6.0,2
865,3,12.7,9.0,2
866,4,11.85,16.0,5
867,4,20.65,12.0,4
868,4,20.91,12.0,3
869,4,14.4,12.0,3
870,5,23.76,20.0,5
871,8,13.96,24.0,9
872,6,16.19,18.0,7
873,2,16.34,4.0,1
874,19,26.29,57.0,15
875,5,13.21,10.0,3
876,3,7.75,9.0,3
877,5,11.67,10.0,5
878,4,11.3,12.0,3
879,14,11.84,56.0,17
880,10,15.1,40.0,9
881,7,18.34,28.0,7
882,9,26.55,36.0,8
883,6,11.23,12.0,4
884,5,13.77,20.0,6
885,18,8.83,,15
886,6,21.13,24.0,6
887,8,13.5,16.0,6
888,5,16.43,15.0,5
889,2,11.75,6.0,1
890,13,20.72,52.0,16
891,3,15.42,9.0,2
892,7,12.72,14.0,6
893,4,20.25,12.0,4
894,4,16.73,8.0,2
895,10,12.47,30.0,9
896,5,15.02,,5
897,5,14.08,15.0,4
898,2,10.62,4.0,1
899,8,30.41,24.0,8
900,5,30.82,10.0,5
901,10,22.39,40.0,10
902,9,13.01,36.0,8
903,3,6.84,6.0,2
904,10,3.88,20.0,11
905,4,12.86,16.0,3
906,3,16.97,12.0,3
907,8,,16.0,7
908,6,17.58,24.0,7
909,2,8.7,4.0,1
910,5,10.37,20.0,5
911,8,13.67,16.0,6
912,5,15.9,20.0,6
913,15,16.67,45.0,16
914,3,18.66,9.0,3
915,10,17.15,30.0,10
916,8,27.43,,6
917,7,11.66,28.0,8
918,7,19.87,28.0,6
919,13,7.07,52.0,13
920,3,18.29,6.0,2
921,15,17.63,60.0,11
922,10,11.16,30.0,9
923,9,15.08,18.0,11
924,3,20.99,9.0,3
925,17,20.82,34.0,15
926,4,,8.0,3
927,16,22.46,,19
928,5,16.27,20.0,5
929,9,18.74,36.0,11
930,7,10.69,28.0,7
931,10,15.02,20.0,10
932,16,23.76,48.0,14
933,5,14.99,20.0,5
934,7,10.12,28.0,6
935,4,17.74,12.0,5
936,5,21.46,15.0,6
937,9,31.67,18.0,10
938,4,8.85,8.0,4
939,7,11.53,28.0,8
940,7,23.97,21.0,8
941,5,12.09,10.0,5
942,15,23.53,60.0,16
943,7,15.18,28.0,4
944,5,18.13,15.0,6
945,3,14.85,9.0,3
946,16,17.47,64.0,13
947,3,12.91,12.0,3
948,6,13.67,12.0,6
949,1,13.79,2.0,1
950,7,16.8,28.0,8
951,15,8.97,45.0,12
952,3,24.16,6.0,2
953,12,18.97,24.0,12
954,26,23.53,78.0,25
955,16,13.74,48.0,14
956,18,11.0,36.0,14
957,13,21.18,26.0,12
958,4,19.7,8.0,3
959,7,5.09,21.0,7
960,5,18.54,20.0,5
961,11,13.83,22.0,11
962,8,25.86,24.0,9
963,5,28.28,15.0,5
964,3,7.23,6.0,3
965,5,9.53,20.0,4
966,5,16.51,10.0,4
967,2,14.11,4.0,2
968,5,16.42,10.0,5
969,18,11.81,36.0,18
970,5,20.89,10.0,6
971,4,13.53,16.0,4
972,4,15.56,8.0,4
973,6,20.89,18.0,4
974,5,16.72,20.0,5
975,3,10.18,9.0,3
976,10,14.54,40.0,11
977,11,16.59,33.0,14
978,8,13.9,24.0,5
979,5,17.62,20.0,5
980,11,12.73,22.0,12
981,8,13.44,32.0,8
982,1,20.27,3.0,1
983,10,27.47,30.0,10
984,8,11.92,32.0,5
985,10,19.76,40.0,11
986,6,11.04,18.0,4
987,11,12.54,33.0,10
988,12,18.47,36.0,8
989,4,17.07,8.0,4
990,15,22.02,60.0,12
991,10,26.33,30.0,9
992,13,16.89,26.0,11
993,1,12.74,4.0,1
994,12,11.82,24.0,12
995,7,13.55,21.0,7
996,6,4.3,18.0,5
997,4,22.39,8.0,4
998,13,24.63,26.0,13
999,9,21.52,18.0,9
1000,12,12.81,36.0,14
1001,7,15.31,14.0,5
1002,5,4.01,20.0,5
1003,11,11.49,44.0,12
1004,5,7.93,15.0,5
1005,6,16.62,24.0,6
1006,6,17.18,24.0,7
1007,6,17.18,12.0,5
1008,8,21.23,16.0,9
1009,6,18.86,12.0,7
1010,9,15.03,36.0,10
1011,4,1.24,16.0,3
1012,8,16.89,16.0,7
1013,7,18.86,21.0,6
1014,8,24.03,16.0,8
1015,6,16.5,18.0,6
1016,7,21.02,28.0,8
1017,8,18.22,16.0,8
1018,10,26.12,40.0,8
1019,7,20.34,28.0,7
1020,2,12.97,4.0,1
1021,2,19.05,6.0,2
1022,4,11.78,16.0,3
1023,10,11.37,30.0,7
1024,15,23.44,60.0,16
1025,2,14.94,8.0,1
1026,7,15.97,14.0,8
1027,13,25.24,39.0,12
1028,9,16.72,27.0,11
1029,5,14.65,10.0,5
1030,18,33.65,36.0,14
1031,10,,30.0,8
1032,12,14.1,24.0,13
1033,6,13.4,12.0,5
1034,6,7.53,12.0,6
1035,10,24.65,40.0,10
1036,2,16.58,8.0,2
1037,12,10.74,24.0,10
1038,11,20.82,33.0,13
1039,9,8.9,36.0,9
1040,10,20.2,20.0,10
1041,4,8.88,12.0,4
1042,8,19.6,32.0,7
1043,15,16.37,30.0,19
1044,10,14.07,40.0,8
1045,15,16.79,60.0,19
1046,18,13.68,36.0,17
1047,13,23.97,52.0,14
1048,6,13.38,24.0,7
1049,5,10.86,10.0,6
1050,4,13.82,8.0,3
1051,7,24.97,28.0,5
1052,2,18.78,6.0,2
1053,2,17.78,4.0,2
1054,5,2.48,10.0,3
1055,8,18.82,32.0,6
1056,1,9.12,4.0,1
1057,7,9.25,21.0,7
1058,11,22.91,33.0,9
1059,6,19.52,18.0,5
1060,10,20.48,30.0,12
1061,2,13.76,,2
1062,10,7.71,30.0,12
1063,7,17.04,21.0,6
1064,18,21.36,54.0,14
1065,13,26.72,26.0,12
1066,8,14.42,32.0,9
1067,2,6.31,8.0,2
1068,4,15.41,8.0,3
1069,3,17.32,6.0,2
1070,11,7.46,22.0,10
1071,11,12.29,44.0,8
1072,8,12.96,32.0,10
1073,9,14.1,18.0,6
1074,4,16.55,16.0,3
1075,7,10.8,28.0,6
1076,9,13.12,36.0,9
1077,13,20.95,26.0,11
1078,8,15.6,32.0,8
1079,6,16.76,24.0,5
1080,17,15.24,34.0,20
1081,7,20.36,21.0,8
1082,5,20.88,20.0,4
1083,11,13.32,33.0,9
1084,2,19.74,6.0,1
1085,4,20.94,12.0,3
1086,4,16.91,12.0,3
1087,7,24.52,14.0,7
1088,16,16.38,64.0,15
1089,10,19.44,20.0,10
1090,8,10.05,24.0,6
1091,4,10.86,8.0,4
1092,8,,24.0,8
1093,5,18.77,10.0,3
1094,11,16.87,22.0,9
1095,4,19.73,12.0,3
1096,15,19.39,60.0,11
1097,2,10.79,6.0,2
1098,8,19.87,16.0,5
1099,14,15.35,56.0,16
1100,8,10.87,24.0,8
1101,10,14.69,30.0,9
1102,5,19.46,,4
1103,9,7.89,18.0,7
1104,5,8.89,20.0,5
1105,11,21.91,33.0,10
1106,3,17.24,9.0,3
1107,3,22.04,12.0,3
1108,20,24.74,80.0,25
1109,3,18.62,9.0,3
1110,5,,20.0,4
1111,18,28.59,36.0,14
1112,2,18.59,8.0,1
1113,6,14.94,12.0,5
1114,10,18.24,30.0,11
1115,7,13.97,14.0,6
1116,3,9.13,9.0,2
1117,7,6.59,28.0,7
1118,10,20.95,30.0,8
1119,6,20.47,24.0,7
1120,5,17.33,10.0,4
1121,2,4.79,8.0,1
1122,4,10.26,16.0,4
1123,9,15.6,,10
1124,4,23.26,,4
1125,4,22.64,16.0,4
1126,6,20.41,18.0,5
1127,5,10.01,15.0,5
1128,7,3.61,28.0,7
1129,8,17.04,16.0,7
1130,6,8.42,18.0,5
1131,11,11.48,33.0,12
1132,6,13.52,24.0,6
1133,6,20.74,24.0,7
1134,8,17.1,16.0,10
1135,26,19.71,52.0,26
1136,5,14.75,15.0,4
1137,8,11.54,32.0,10
1138,12,17.17,48.0,9
1139,4,24.04,12.0,3
1140,9,14.1,36.0,7
1141,18,16.83,72.0,21
1142,5,10.2,20.0,5
1143,14,20.32,42.0,14
1144,0,9.52,0.0,1
1145,5,16.86,10.0,5
1146,3,20.9,9.0,3
1147,3,14.3,6.0,3
1148,13,18.69,52.0,11
1149,10,14.76,40.0,7
1150,9,19.83,18.0,8
1151,4,19.52,16.0,4
1152,4,12.13,16.0,5
1153,7,15.06,28.0,5
1154,4,13.87,16.0,4
1155,4,19.37,12.0,3
1156,14,22.64,42.0,16
1157,8,10.05,32.0,8
1158,4,15.04,16.0,3
1159,4,25.32,12.0,4
1160,8,12.16,32.0,6
1161,7,16.96,28.0,6
1162,6,6.65,24.0,5
1163,3,9.71,6.0,2
1164,4,,8.0,4
1165,8,12.89,24.0,9
1166,8,17.02,16.0,6
1167,11,18.43,44.0,13
1168,13,11.43,39.0,13
1169,11,10.16,22.0,10
1170,7,13.57,21.0,8
1171,6,16.99,18.0,7
1172,13,18.54,39.0,16
1173,8,9.66,24.0,8
1174,8,14.43,24.0,7
1175,14,26.7,42.0,15
1176,6,4.76,12.0,4
1177,6,9.52,12.0,4
1178,6,14.01,18.0,5
1179,5,14.11,15.0,4
1180,3,19.32,12.0,2
1181,10,13.15,20.0,7
1182,4,20.03,16.0,3
1183,4,17.38,12.0,4
1184,5,5.76,20.0,6
1185,4,13.32,12.0,3
1186,12,20.32,24.0,12
1187,6,32.87,24.0,4
1188,5,10.48,10.0,4
1189,7,18.55,14.0,6
1190,6,18.54,18.0,5
1191,7,13.78,28.0,8
1192,7,22.0,14.0,6
1193,6,17.82,12.0,4
1194,15,17.18,30.0,11
1195,2,10.32,6.0,1
1196,12,14.64,24.0,14
1197,8,11.93,24.0,5
1198,15,8.18,30.0,15
1199,5,10.81,10.0,3
1200,1,10.26,4.0,1
1201,3,16.52,12.0,3
1202,4,18.38,12.0,3
1203,8,18.66,32.0,6
1204,17,28.17,34.0,19
1205,5,15.11,15.0,5
1206,11,17.17,33.0,9
1207,4,10.09,16.0,4
1208,3,11.33,9.0,2
1209,7,17.92,28.0,5
1210,4,5.74,8.0,4
1211,17,12.83,51.0,21
1212,5,10.78,20.0,5
1213,3,12.09,6.0,2
1214,11,15.13,22.0,7
1215,3,20.61,6.0,2
1216,5,17.27,10.0,5
1217,7,3.58,14.0,7
1218,3,16.99,6.0,2
1219,6,13.99,24.0,6
1220,9,20.53,27.0,9
1221,7,14.69,21.0,8
1222,13,19.57,52.0,9
1223,9,15.57,36.0,9
1224,5,16.78,10.0,6
1225,3,16.54,9.0,2
1226,2,13.31,6.0,1
1227,9,18.35,18.0,8
1228,13,14.14,39.0,11
1229,2,15.27,6.0,2
1230,10,18.85,30.0,12
1231,14,19.41,28.0,14
1232,10,20.33,30.0,12
1233,5,22.61,15.0,5
1234,3,14.67,12.0,2
1235,6,18.06,12.0,5
1236,8,25.12,16.0,9
1237,2,22.21,4.0,1
1238,3,11.93,9.0,2
1239,4,19.53,16.0,4
1240,8,15.38,24.0,9
1241,6,,18.0,5
1242,5,17.38,10.0,5
1243,10,12.49,40.0,11
1244,10,32.6,40.0,11
1245,11,12.34,,12
1246,6,9.8,24.0,5
1247,6,21.28,24.0,4
1248,8,11.18,16.0,8
1249,9,27.89,36.0,10
1250,6,6.86,,5
1251,14,16.98,28.0,13
1252,4,24.9,12.0,4
1253,4,12.73,8.0,2
1254,6,13.65,12.0,5
1255,2,19.0,4.0,2
1256,9,13.9,27.0,8
1257,15,10.77,60.0,16
1258,11,7.74,33.0,12
1259,7,26.62,14.0,7
1260,7,10.51,14.0,6
1261,5,16.47,10.0,4
1262,5,23.58,20.0,3
1263,6,16.58,24.0,4
1264,8,20.16,16.0,6
1265,10,0.86,30.0,9
1266,6,14.95,18.0,6
1267,3,15.97,12.0,2
1268,9,23.65,36.0,6
1269,6,15.77,24.0,7
1270,8,12.6,32.0,7
1271,14,9.26,28.0,17
1272,6,2.96,18.0,7
1273,14,16.03,56.0,14
1274,3,16.21,12.0,3
1275,9,22.35,27.0,11
1276,3,25.13,12.0,3
1277,7,18.73,,5
1278,0,19.95,0.0,1
1279,6,10.05,12.0,5
1280,8,16.19,32.0,9
1281,15,20.74,45.0,11
1282,8,16.9,32.0,9
1283,18,23.63,54.0,19
1284,5,12.45,15.0,6
1285,6,26.91,12.0,6
1286,5,21.0,15.0,6
1287,12,15.32,24.0,9
1288,4,21.02,8.0,5
1289,5,15.76,20.0,4
1290,6,3.56,12.0,4
1291,6,13.55,18.0,6
1292,11,1.34,33.0,12
1293,3,15.61,12.0,2
1294,9,22.42,36.0,8
1295,2,17.85,6.0,1
1296,10,12.99,30.0,10
1297,14,14.65,28.0,14
1298,2,18.55,8.0,2
1299,2,12.33,6.0,2
1300,5,11.5,15.0,4
1301,4,13.57,8.0,4
1302,5,12.27,10.0,5
1303,4,16.46,16.0,3
1304,4,20.58,8.0,3
1305,9,17.14,36.0,10
1306,6,10.66,24.0,6
1307,13,20.38,52.0,15
1308,24,14.1,48.0,24
1309,5,17.59,20.0,5
1310,1,19.48,2.0,1
1311,4,20.4,8.0,3
1312,8,14.03,32.0,9
1313,12,18.76,24.0,13
1314,5,15.73,15.0,4
1315,4,16.35,16.0,4
1316,3,,12.0,2
1317,14,26.41,28.0,15
1318,6,17.9,24.0,7
1319,19,13.37,38.0,18
1320,12,32.3,48.0,9
1321,6,8.85,12.0,6
1322,7,12.33,14.0,8
1323,0,8.48,0.0,1
1324,11,29.69,33.0,11
1325,13,,39.0,13
1326,3,10.31,9.0,2
1327,4,21.55,12.0,2
1328,5,10.59,20.0,3
1329,11,27.73,33.0,13
1330,9,17.6,27.0,9
1331,2,11.3,4.0,1
1332,4,16.62,8.0,4
1333,4,17.97,12.0,3
1334,9,17.34,18.0,10
1335,23,17.17,92.0,21
1336,6,12.04,24.0,6
1337,4,17.86,8.0,3
1338,6,20.93,,7
1339,8,9.16,24.0,6
1340,11,17.11,33.0,8
1341,4,16.59,8.0,4
1342,24,20.78,48.0,22
1343,5,19.58,,5
1344,4,16.07,12.0,4
1345,3,12.82,9.0,2
1346,3,5.43,12.0,2
1347,6,14.94,12.0,5
1348,10,27.85,30.0,8
1349,11,,33.0,7
1350,5,15.47,10.0,5
1351,8,10.18,16.0,6
1352,4,16.6,8.0,5
1353,7,13.33,28.0,6
1354,12,21.21,24.0,10
1355,6,26.33,18.0,5
1356,5,,15.0,3
1357,6,18.74,24.0,5
1358,9,20.77,18.0,11
1359,4,,8.0,3
1360,18,26.2,72.0,22
1361,10,32.16,30.0,8
1362,12,11.46,36.0,8
1363,12,22.03,,9
1364,4,15.26,16.0,4
1365,5,18.64,,4
1366,9,17.62,27.0,8
1367,13,15.85,26.0,14
1368,2,19.72,4.0,1
1369,15,11.82,60.0,12
1370,13,28.33,39.0,16
1371,13,6.09,39.0,15
1372,12,13.05,36.0,15
1373,17,22.78,,14
1374,7,16.99,21.0,6
1375,11,15.31,22.0,13
1376,3,19.8,9.0,2
1377,3,15.84,9.0,3
1378,2,23.02,8.0,1
1379,6,11.76,24.0,6
1380,8,9.31,24.0,6
1381,5,10.9,15.0,4
1382,7,14.52,21.0,7
1383,8,13.42,16.0,6
1384,10,20.71,20.0,11
1385,2,17.05,4.0,2
1386,3,11.77,6.0,3
1387,5,22.48,15.0,6
1388,5,16.74,10.0,4
1389,1,7.95,2.0,1
1390,1,8.57,2.0,1
1391,8,16.23,24.0,9
1392,11,12.65,44.0,8
1393,1,15.91,4.0,1
1394,6,17.98,18.0,5
1395,8,19.12,32.0,8
1396,8,18.52,16.0,9
1397,12,22.45,36.0,13
1398,5,13.86,20.0,5
1399,19,17.63,76.0,18
1400,8,17.39,32.0,6
1401,8,20.64,24.0,8
1402,6,10.63,24.0,4
1403,7,11.7,14.0,6
1404,11,15.65,44.0,11
1405,6,19.75,12.0,6
1406,14,8.0,28.0,17
1407,7,21.1,21.0,5
1408,14,33.78,28.0,10
1409,15,25.08,30.0,16
1410,18,16.46,72.0,18
1411,5,15.86,20.0,6
1412,5,11.88,15.0,5
1413,8,19.05,24.0,8
1414,10,21.16,20.0,7
1415,5,10.54,10.0,6
1416,5,20.87,15.0,4
1417,7,10.77,21.0,6
1418,4,5.2,8.0,3
1419,4,6.0,16.0,3
1420,9,22.78,18.0,11
1421,8,14.61,16.0,9
1422,9,15.87,18.0,7
1423,3,5.17,6.0,3
1424,9,15.11,27.0,6
1425,12,10.54,36.0,10
1426,6,14.42,24.0,4
1427,1,7.69,4.0,1
1428,6,11.92,12.0,5
1429,14,19.03,56.0,11
1430,2,15.3,4.0,2
1431,1,5.53,4.0,1
1432,5,14.54,15.0,5
1433,4,,16.0,3
1434,10,7.8,20.0,8
1435,9,16.62,27.0,7
1436,5,16.18,10.0,5
1437,12,24.31,48.0,13
1438,11,25.65,33.0,12
1439,4,4.71,12.0,4
1440,4,16.54,12.0,4
1441,5,5.61,15.0,5
1442,5,17.71,10.0,5
1443,6,12.71,18.0,6
1444,7,13.78,14.0,7
1445,5,18.78,20.0,4
1446,4,7.6,16.0,3
1447,23,25.45,46.0,23
1448,12,19.82,24.0,8
1449,15,24.2,60.0,18
1450,3,,6.0,2
1451,19,24.75,57.0,21
1452,12,13.81,36.0,12
1453,12,17.05,24.0,13
1454,1,9.17,2.0,1
1455,8,,32.0,9
1456,7,18.02,28.0,8
1457,9,12.7,27.0,11
1458,8,26.88,32.0,9
1459,4,,16.0,3
1460,10,24.11,20.0,7
1461,11,13.07,33.0,10
1462,9,17.5,27.0,6
1463,4,12.19,12.0,3
1464,14,11.14,42.0,13
1465,6,10.05,12.0,4
1466,14,15.04,28.0,17
1467,16,15.93,48.0,15
1468,10,9.08,30.0,11
1469,3,18.3,9.0,3
1470,4,15.93,16.0,4
1471,6,21.47,12.0,6
1472,2,22.08,8.0,2
1473,5,27.37,20.0,4
1474,10,17.92,30.0,11
1475,3,16.18,9.0,2
1476,8,18.99,16.0,6
1477,2,15.85,8.0,2
1478,5,17.54,10.0,6
1479,7,12.96,14.0,8
1480,5,11.71,15.0,4
1481,23,14.84,92.0,26
1482,4,11.82,12.0,3
1483,4,14.22,16.0,5
1484,3,23.54,12.0,3
1485,8,22.33,16.0,8
1486,5,8.84,15.0,3
1487,10,,20.0,8
1488,11,22.96,44.0,8
1489,3,10.58,6.0,3
1490,4,15.64,12.0,5
1491,3,18.2,9.0,3
1492,3,15.15,6.0,3
1493,8,13.25,24.0,7
1494,2,,8.0,2
1495,3,9.4,6.0,2
1496,4,16.74,16.0,4
1497,3,14.92,6.0,2
1498,5,,10.0,5
1499,8,13.77,32.0,7
1500,3,13.77,9.0,2
1501,10,16.88,30.0,7
1502,10,28.73,30.0,9
1503,13,24.76,26.0,14
1504,5,10.8,20.0,4
1505,11,14.41,44.0,7
1506,7,27.26,14.0,5
1507,8,11.82,16.0,9
1508,6,17.65,18.0,6
1509,1,29.97,3.0,1
1510,7,18.33,14.0,8
1511,4,12.35,16.0,4
1512,15,9.08,30.0,16
1513,5,13.62,15.0,4
1514,4,19.38,12.0,4
1515,12,16.93,48.0,8
1516,7,12.76,28.0,5
1517,5,7.11,10.0,4
1518,8,22.38,16.0,7
1519,7,6.4,28.0,8
1520,9,15.11,27.0,6
1521,6,9.43,18.0,5
1522,5,19.87,10.0,4
1523,9,14.17,18.0,10
1524,2,17.13,8.0,1
1525,2,12.79,4.0,1
1526,4,19.54,12.0,3
1527,9,13.11,36.0,9
1528,8,,16.0,10
1529,5,19.69,20.0,4
1530,9,22.87,36.0,6
1531,12,25.71,24.0,10
1532,4,17.79,12.0,4
1533,7,16.01,28.0,5
1534,8,13.64,16.0,7
1535,6,14.01,12.0,5
1536,6,16.39,18.0,7
1537,8,12.58,16.0,9
1538,8,16.63,16.0,5
1539,9,15.25,36.0,10
1540,5,23.16,10.0,6
1541,5,13.08,15.0,5
1542,21,31.0,42.0,18
1543,4,7.24,12.0,3
1544,7,9.99,28.0,5
1545,9,17.64,36.0,6
1546,12,18.33,36.0,15
1547,5,12.91,20.0,4
1548,6,,18.0,7
1549,7,9.81,14.0,7
1550,22,11.85,66.0,20
1551,6,8.94,24.0,6
1552,9,13.89,18.0,9
1553,4,9.03,16.0,4
1554,6,17.71,18.0,6
1555,5,17.44,15.0,3
1556,3,20.77,12.0,3
1557,8,19.32,24.0,7
1558,7,8.36,14.0,7
1559,14,17.64,42.0,17
1560,9,6.17,27.0,7
1561,9,15.87,36.0,8
1562,7,8.99,21.0,8
1563,0,18.62,0.0,1
1564,5,18.06,15.0,3
1565,5,10.46,10.0,5
1566,5,9.7,20.0,5
1567,14,25.78,56.0,17
1568,17,12.6,51.0,20
1569,11,19.29,22.0,8
1570,8,22.57,24.0,7
1571,7,19.17,14.0,5
1572,6,6.41,12.0,4
1573,11,10.09,44.0,12
1574,8,18.92,16.0,5
1575,5,14.0,10.0,6
1576,3,17.07,6.0,3
1577,6,16.34,18.0,5
1578,7,18.4,14.0,6
1579,11,9.43,22.0,11
1580,6,7.85,18.0,7
1581,9,21.76,18.0,7
1582,6,15.73,12.0,4
1583,4,12.32,8.0,3
1584,5,11.85,20.0,5
1585,8,8.77,16.0,10
1586,7,12.86,28.0,5
1587,2,12.07,6.0,2
1588,7,19.1,28.0,8
1589,7,21.67,14.0,7
1590,2,18.92,6.0,2
1591,3,8.69,9.0,2
1592,4,17.48,12.0,3
1593,9,7.97,18.0,10
1594,9,13.05,36.0,9
1595,6,4.83,12.0,5
1596,6,13.14,12.0,4
1597,3,12.0,12.0,3
1598,4,5.43,12.0,3
1599,20,25.93,60.0,21
1600,6,11.39,24.0,5
1601,13,25.31,39.0,14
1602,3,10.41,12.0,2
1603,15,15.24,60.0,16
1604,10,15.42,40.0,7
1605,8,14.12,24.0,8
1606,16,16.11,32.0,17
1607,3,18.61,6.0,3
1608,5,25.96,15.0,4
1609,6,6.51,24.0,5
1610,2,18.44,4.0,2
1611,5,16.71,20.0,5
1612,5,23.45,15.0,4
1613,3,19.99,9.0,2
1614,10,14.07,40.0,10
1615,7,11.19,28.0,5
1616,5,17.88,15.0,5
1617,7,,21.0,7
1618,7,18.03,14.0,7
1619,5,13.02,10.0,3
1620,8,14.0,32.0,9
1621,6,19.55,24.0,7
1622,5,19.7,20.0,6
1623,10,10.3,30.0,11
1624,6,14.57,12.0,5
1625,4,21.58,16.0,4
1626,5,13.22,10.0,5
1627,23,11.71,69.0,23
1628,7,17.32,14.0,8
1629,6,11.86,24.0,5
1630,8,16.56,16.0,7
1631,5,11.8,20.0,3
1632,2,15.36,4.0,2
1633,11,13.82,44.0,10
1634,11,18.99,33.0,8
1635,6,10.18,12.0,5
1636,4,21.46,8.0,3
1637,12,16.53,36.0,15
1638,7,19.61,21.0,6
1639,13,23.97,26.0,15
1640,5,14.3,20.0,4
1641,6,15.35,18.0,6
1642,4,26.06,12.0,3
1643,2,10.01,8.0,1
1644,8,21.47,32.0,5
1645,6,25.53,24.0,5
1646,3,8.69,6.0,2
1647,9,23.06,27.0,6
1648,7,20.38,14.0,8
1649,2,12.9,8.0,1
1650,17,5.13,34.0,12
1651,8,10.95,16.0,8
1652,7,20.4,21.0,6
1653,2,13.49,8.0,1
1654,5,14.3,20.0,4
1655,18,8.87,36.0,16
1656,2,15.3,6.0,2
1657,8,16.94,24.0,6
1658,16,24.61,64.0,15
1659,7,17.34,28.0,6
1660,5,16.76,15.0,3
1661,7,10.52,28.0,6
1662,10,16.81,30.0,8
1663,6,18.67,24.0,7
1664,5,12.37,20.0,5
1665,6,13.31,24.0,4
1666,9,20.48,18.0,8
1667,4,8.89,12.0,4
1668,11,9.47,22.0,13
1669,9,26.18,27.0,7
1670,9,4.77,27.0,10
1671,3,12.21,6.0,3
1672,6,16.7,12.0,5
1673,5,6.98,20.0,6
1674,2,20.05,8.0,2
1675,7,24.79,28.0,6
1676,6,16.16,24.0,7
1677,10,20.72,20.0,8
1678,5,19.63,20.0,5
1679,8,10.28,32.0,7
1680,5,12.03,10.0,4
1681,11,21.16,44.0,13
1682,3,16.6,9.0,3
1683,22,18.36,88.0,16
1684,2,14.27,4.0,2
1685,13,23.77,52.0,14
1686,6,17.75,12.0,4
1687,4,14.59,8.0,3
1688,4,23.31,12.0,3
1689,5,17.52,20.0,4
1690,9,15.62,27.0,7
1691,5,,15.0,4
1692,10,15.41,20.0,8
1693,9,12.72,36.0,6
1694,9,22.25,27.0,10
1695,6,14.51,24.0,5
1696,8,12.01,32.0,7
1697,2,14.49,6.0,2
1698,3,23.01,12.0,3
1699,13,25.56,52.0,13
1700,6,14.25,24.0,4
1701,4,8.54,16.0,4
1702,4,8.97,8.0,2
1703,10,13.44,30.0,9
1704,4,11.57,8.0,4
1705,4,9.88,16.0,3
1706,4,9.05,8.0,3
1707,10,13.2,20.0,9
1708,3,23.35,12.0,3
1709,1,11.79,4.0,1
1710,4,20.6,8.0,3
1711,11,25.18,33.0,10
1712,13,13.79,52.0,14
1713,10,22.14,40.0,10
1714,5,19.3,10.0,5
1715,2,18.12,8.0,1
1716,2,13.95,4.0,2
1717,6,23.14,18.0,6
1718,11,17.88,22.0,10
1719,15,27.19,30.0,14
1720,4,18.15,,4
1721,1,12.71,4.0,1
1722,8,15.5,24.0,9
1723,9,26.69,36.0,10
1724,10,20.38,20.0,11
1725,10,20.79,20.0,9
1726,3,15.27,12.0,2
1727,4,9.49,16.0,4
1728,1,17.66,2.0,1
1729,5,10.19,15.0,5
1730,9,11.29,27.0,10
1731,4,17.52,8.0,5
1732,7,27.19,14.0,7
1733,7,14.34,21.0,8
1734,3,22.81,12.0,2
1735,9,8.73,18.0,10
1736,8,15.67,24.0,6
1737,9,18.64,27.0,10
1738,6,20.8,12.0,6
1739,7,14.41,28.0,9
1740,6,15.22,18.0,6
1741,3,18.55,9.0,2
1742,5,14.08,20.0,5
1743,4,20.15,8.0,3
1744,17,23.12,68.0,20
1745,7,19.45,21.0,6
1746,7,16.44,,8
1747,6,11.52,18.0,7
1748,5,15.09,20.0,3
1749,4,14.09,8.0,3
1750,12,20.41,36.0,13
1751,21,21.37,63.0,18
1752,13,10.18,39.0,14
1753,12,16.66,48.0,13
1754,10,14.0,30.0,11
1755,9,6.13,18.0,10
1756,4,17.88,16.0,3
1757,6,18.07,18.0,5
1758,4,21.0,8.0,2
1759,5,10.72,20.0,3
1760,7,14.84,14.0,4
1761,8,16.21,16.0,10
1762,10,11.55,20.0,12
1763,1,13.31,2.0,1
1764,3,13.48,9.0,3
1765,6,20.19,24.0,4
1766,10,12.61,40.0,12
1767,8,11.95,16.0,6
1768,11,15.43,33.0,9
1769,6,22.22,18.0,4
1770,7,21.65,14.0,8
1771,5,4.27,20.0,5
1772,3,6.67,6.0,2
1773,7,17.18,21.0,6
1774,5,11.9,15.0,6
1775,4,17.93,12.0,4
1776,14,27.34,56.0,12
1777,7,8.77,21.0,6
1778,7,16.93,28.0,6
1779,10,,30.0,10
1780,3,4.57,9.0,3
1781,5,10.14,10.0,3
1782,6,20.04,18.0,5
1783,11,22.23,22.0,11
1784,3,14.76,,2
1785,5,24.0,10.0,3
1786,15,28.26,45.0,17
1787,15,24.86,45.0,15
1788,9,17.9,18.0,10
1789,1,20.02,4.0,1
1790,17,18.19,34.0,19
1791,8,17.67,16.0,8
1792,7,17.47,21.0,7
1793,2,11.2,6.0,2
1794,7,6.31,21.0,5
1795,4,9.56,16.0,4
1796,4,6.13,12.0,3
1797,6,6.6,12.0,5
1798,11,17.19,,11
1799,6,9.52,,5
1800,12,13.16,24.0,8
1801,13,13.97,52.0,10
1802,8,14.97,24.0,6
1803,7,9.44,28.0,5
1804,10,21.4,20.0,9
1805,13,22.8,26.0,16
1806,3,11.04,12.0,2
1807,8,17.55,16.0,9
1808,3,18.36,9.0,3
1809,10,13.86,30.0,10
1810,8,29.56,16.0,6
1811,6,26.43,12.0,7
1812,9,3.56,36.0,9
1813,9,27.86,27.0,11
1814,4,11.21,12.0,3
1815,5,8.55,20.0,4
1816,12,24.67,36.0,9
1817,9,11.28,36.0,8
1818,6,20.51,24.0,5
1819,7,16.37,21.0,7
1820,12,9.74,24.0,12
1821,14,17.75,28.0,15
1822,5,22.8,15.0,6
1823,3,11.9,6.0,2
1824,3,17.37,,2
1825,10,25.91,20.0,8
1826,3,13.84,12.0,2
1827,5,15.56,20.0,6
1828,10,5.4,20.0,7
1829,10,15.71,40.0,9
1830,4,16.4,8.0,3
1831,10,16.27,20.0,10
1832,4,9.09,8.0,4
1833,5,16.05,15.0,5
1834,3,14.97,12.0,3
1835,9,22.45,36.0,7
1836,4,13.13,12.0,4
1837,13,17.52,26.0,16
1838,7,19.25,,7
1839,3,9.25,6.0,2
1840,7,9.38,,9
1841,3,10.52,12.0,3
1842,13,19.27,39.0,13
1843,4,11.29,12.0,4
1844,7,13.79,14.0,5
1845,5,23.08,15.0,4
1846,6,14.19,24.0,7
1847,2,14.21,6.0,1
1848,5,10.98,15.0,5
1849,19,28.16,57.0,15
1850,25,16.17,100.0,17
1851,2,17.61,4.0,1
1852,6,18.86,18.0,5
1853,8,21.47,16.0,6
1854,6,19.55,24.0,5
1855,4,7.44,16.0,3
1856,5,13.8,10.0,5
1857,10,8.12,40.0,8
1858,12,13.03,48.0,10
1859,16,27.56,32.0,15
1860,8,14.43,16.0,6
1861,13,28.52,26.0,13
1862,17,16.78,68.0,14
1863,11,14.35,33.0,11
1864,8,14.66,16.0,7
1865,3,16.05,12.0,2
1866,4,10.51,16.0,2
1867,3,13.65,6.0,3
1868,4,16.01,12.0,3
1869,6,21.23,12.0,5
1870,30,18.32,60.0,21
1871,11,11.93,33.0,11
1872,10,12.76,30.0,12
1873,12,9.14,24.0,12
1874,0,17.32,0.0,1
1875,7,12.39,21.0,7
1876,10,14.93,20.0,9
1877,7,13.4,21.0,7
1878,6,17.43,12.0,6
1879,13,17.29,52.0,11
1880,6,14.72,24.0,5
1881,7,23.39,28.0,4
1882,10,6.7,30.0,7
1883,1,16.24,3.0,1
1884,6,22.5,12.0,6
1885,10,19.95,20.0,11
1886,3,7.87,,3
1887,5,22.8,10.0,4
1888,2,8.76,6.0,1
1889,2,27.81,8.0,2
1890,5,5.06,10.0,5
1891,6,21.56,12.0,6
1892,7,24.56,28.0,5
1893,3,16.2,6.0,2
1894,7,14.38,28.0,6
1895,3,7.18,9.0,3
1896,4,15.22,12.0,4
1897,18,23.98,72.0,14
1898,4,13.59,12.0,3
1899,6,24.47,18.0,5
1900,22,28.15,44.0,24
1901,5,16.1,10.0,4
1902,7,11.71,21.0,8
1903,5,15.43,20.0,6
1904,9,9.64,36.0,9
1905,4,2.52,8.0,3
1906,26,13.51,78.0,20
1907,15,14.99,30.0,16
1908,10,12.77,40.0,11
1909,8,12.03,32.0,10
1910,5,9.16,15.0,4
1911,5,16.89,15.0,4
1912,5,,20.0,3
1913,13,18.25,39.0,11
1914,8,13.37,24.0,8
1915,8,18.66,32.0,6
1916,8,19.12,32.0,6
1917,12,24.3,24.0,11
1918,4,18.87,16.0,3
1919,7,16.82,28.0,8
1920,1,15.73,3.0,1
1921,11,21.71,33.0,12
1922,4,25.14,16.0,3
1923,24,19.55,96.0,29
1924,10,8.26,40.0,7
1925,13,10.69,26.0,16
1926,7,12.58,14.0,5
1927,10,10.21,30.0,9
1928,9,10.19,27.0,11
1929,8,18.03,16.0,9
1930,6,27.54,12.0,7
1931,5,24.1,20.0,4
1932,2,9.18,4.0,2
1933,6,20.69,24.0,7
1934,10,12.98,20.0,9
1935,9,20.4,18.0,11
1936,5,12.29,10.0,4
1937,8,19.47,32.0,6
1938,4,28.11,12.0,3
1939,9,14.03,36.0,7
1940,8,18.17,16.0,6
1941,4,15.14,16.0,4
1942,10,10.11,30.0,8
1943,3,9.13,6.0,2
1944,3,15.45,12.0,2
1945,3,18.67,9.0,3
1946,11,10.29,33.0,12
1947,2,11.88,6.0,2
1948,2,10.08,6.0,1
1949,5,19.62,15.0,5
1950,20,14.98,80.0,14
1951,7,13.15,28.0,7
1952,22,22.0,66.0,22
1953,3,12.02,12.0,2
1954,10,7.44,20.0,7
1955,7,7.13,14.0,8
1956,7,15.55,21.0,7
1957,2,22.11,4.0,2
1958,9,14.64,27.0,10
1959,4,11.56,12.0,5
1960,7,12.38,21.0,8
1961,7,19.48,21.0,5
1962,6,17.85,24.0,5
1963,13,17.78,26.0,12
1964,3,12.46,6.0,3
1965,5,17.48,15.0,6
1966,5,18.51,15.0,4
1967,7,12.89,14.0,5
1968,8,21.81,32.0,6
1969,12,16.99,36.0,9
1970,7,19.55,28.0,8
1971,4,20.81,12.0,3
1972,7,26.28,28.0,6
1973,7,21.03,14.0,8
1974,11,20.5,22.0,11
1975,4,17.21,12.0,5
1976,3,7.44,9.0,3
1977,9,19.4,18.0,6
1978,11,19.84,33.0,11
1979,5,20.37,20.0,6
1980,7,16.45,,7
1981,6,14.88,24.0,5
1982,7,10.35,28.0,6
1983,6,,12.0,5
1984,9,11.49,36.0,10
1985,4,1.58,16.0,3
1986,4,17.49,16.0,3
1987,17,22.19,51.0,19
1988,10,14.38,40.0,10
1989,2,14.68,6.0,2
1990,11,20.27,22.0,9
1991,3,17.41,9.0,2
1992,8,13.71,24.0,7
1993,3,19.99,12.0,3
1994,4,30.25,12.0,4
1995,22,23.04,44.0,26
1996,15,25.92,60.0,16
1997,13,14.65,26.0,12
1998,11,12.6,33.0,10
1999,10,15.24,30.0,9
2000,5,10.48,10.0,4
2001,2,22.07,8.0,1
2002,9,15.83,36.0,7
2003,16,18.78,48.0,14
2004,2,5.61,8.0,2
2005,5,29.16,15.0,6
2006,10,11.56,20.0,9
2007,6,20.9,24.0,5
2008,9,13.14,36.0,10
2009,8,6.68,16.0,10
2010,9,19.26,27.0,6
2011,3,5.54,6.0,3
2012,11,4.2,44.0,11
2013,13,19.24,26.0,9
2014,11,23.28,22.0,9
2015,9,21.41,27.0,6
2016,6,15.45,24.0,7
2017,3,19.33,9.0,2
2018,7,21.78,28.0,7
2019,6,11.97,24.0,4
2020,5,11.71,10.0,5
2021,8,16.14,16.0,6
2022,8,4.92,24.0,8
2023,9,14.77,18.0,9
2024,11,15.57,22.0,12
2025,3,13.47,12.0,3
2026,8,13.4,32.0,7
2027,4,12.34,8.0,4
2028,12,16.93,36.0,13
2029,7,17.37,28.0,6
2030,9,11.47,36.0,6
2031,4,22.2,16.0,5
2032,7,14.01,21.0,8
2033,4,8.25,8.0,3
2034,7,14.93,14.0,6
2035,3,22.78,12.0,3
2036,3,17.26,6.0,3
2037,7,22.79,28.0,7
2038,4,9.24,12.0,2
2039,10,20.17,40.0,7
2040,4,16.91,16.0,3
2041,8,12.75,24.0,6
2042,6,13.6,24.0,7
2043,1,20.71,2.0,1
2044,6,19.84,18.0,4
2045,4,12.18,12.0,3
2046,4,14.41,12.0,4
2047,7,15.64,14.0,5
2048,14,,28.0,11
2049,17,8.67,34.0,20
2050,3,15.78,9.0,3
2051,3,2.34,6.0,2
2052,10,22.51,40.0,8
2053,15,14.92,30.0,13
2054,19,19.17,76.0,17
2055,6,19.52,18.0,4
2056,5,12.28,20.0,5
2057,11,15.56,33.0,9
2058,15,25.77,30.0,13
2059,1,22.64,2.0,1
2060,11,14.21,44.0,9
2061,4,9.21,16.0,3
2062,5,16.92,15.0,5
2063,5,15.42,15.0,5
2064,5,5.02,15.0,3
2065,8,25.3,32.0,10
2066,12,27.11,48.0,10
2067,16,21.0,64.0,15
2068,7,14.8,14.0,5
2069,4,0.39,12.0,4
2070,3,20.57,12.0,3
2071,5,15.63,15.0,6
2072,5,10.86,20.0,4
2073,0,9.09,0.0,1
2074,7,15.94,28.0,5
2075,7,13.1,21.0,5
2076,3,17.84,6.0,3
2077,9,20.31,36.0,8
2078,1,14.27,3.0,1
2079,14,26.58,28.0,15
2080,12,12.23,48.0,12
2081,4,18.83,12.0,5
2082,3,18.14,9.0,2
2083,7,13.5,14.0,7
2084,4,11.28,12.0,5
2085,12,16.08,36.0,11
2086,1,16.61,3.0,1
2087,7,16.87,21.0,6
2088,14,7.97,42.0,16
2089,10,10.26,40.0,12
2090,7,16.18,14.0,5
2091,4,12.71,8.0,3
2092,9,16.87,36.0,10
2093,7,22.0,14.0,7
2094,2,14.85,4.0,1
2095,5,16.02,15.0,6
2096,13,15.46,39.0,12
2097,7,11.18,28.0,8
2098,5,18.82,15.0,5
2099,7,17.63,21.0,5
2100,9,15.69,18.0,11
2101,7,18.54,14.0,8
2102,7,10.55,28.0,6
2103,8,30.47,24.0,8
2104,5,18.38,15.0,5
2105,11,15.36,33.0,8
2106,6,18.41,12.0,6
2107,3,16.87,9.0,2
2108,6,19.36,18.0,4
2109,6,13.02,18.0,5
2110,6,24.22,24.0,4
2111,11,14.5,22.0,11
2112,10,13.43,30.0,7
2113,5,9.57,10.0,4
2114,11,15.7,22.0,10
2115,8,13.46,24.0,8
2116,9,13.64,27.0,10
2117,7,22.24,21.0,8
2118,2,14.78,6.0,2
2119,1,23.95,3.0,1
2120,3,9.83,6.0,3
2121,3,12.91,9.0,3
2122,9,16.82,27.0,10
2123,9,16.23,18.0,11
2124,7,19.92,14.0,8
2125,4,10.89,12.0,2
2126,3,9.28,9.0,2
2127,5,9.11,10.0,4
2128,8,8.39,32.0,10
2129,9,20.93,27.0,7
2130,32,19.39,128.0,29
2131,1,16.5,3.0,1
2132,6,13.43,24.0,6
2133,5,13.39,15.0,5
2134,14,13.69,28.0,10
2135,1,14.57,3.0,1
2136,16,9.97,64.0,13
2137,4,15.97,8.0,3
2138,11,13.11,33.0,13
2139,5,12.59,15.0,4
2140,8,9.1,24.0,7
2141,4,,12.0,4
2142,7,18.44,21.0,8
2143,8,24.64,32.0,7
2144,5,12.54,15.0,4
2145,4,24.54,8.0,4
2146,7,20.9,21.0,8
2147,8,23.78,32.0,7
2148,4,12.24,8.0,4
2149,6,6.88,24.0,5
2150,9,12.82,36.0,7
2151,5,13.99,15.0,5
2152,3,13.33,9.0,2
2153,9,23.31,18.0,8
2154,6,20.08,24.0,7
2155,6,22.94,24.0,6
2156,2,12.91,8.0,1
2157,3,21.32,6.0,3
2158,9,9.94,36.0,6
2159,21,4.39,63.0,16
2160,21,30.29,84.0,24
2161,3,5.18,12.0,2
2162,4,10.45,16.0,3
2163,10,14.57,20.0,9
2164,8,3.92,32.0,7
2165,10,14.64,30.0,9
2166,2,6.86,6.0,1
2167,2,17.78,4.0,2
2168,13,18.6,39.0,15
2169,9,21.04,27.0,6
2170,1,22.54,4.0,1
2171,15,18.39,30.0,17
2172,8,23.5,16.0,7
2173,17,18.9,34.0,18
2174,5,11.21,15.0,4
2175,3,12.64,9.0,3
2176,2,6.92,4.0,1
2177,9,14.93,27.0,6
2178,6,14.59,18.0,5
2179,5,18.75,20.0,5
2180,30,22.13,90.0,21
2181,7,19.04,28.0,8
2182,12,14.07,48.0,11
2183,13,18.27,52.0,11
2184,11,11.62,33.0,10
2185,8,17.79,16.0,7
2186,8,18.72,16.0,8
2187,21,18.98,63.0,24
2188,5,25.47,20.0,4
2189,7,14.68,28.0,7
2190,5,16.78,20.0,4
2191,5,18.6,10.0,6
2192,10,15.56,20.0,12
2193,8,16.99,32.0,8
2194,11,12.72,33.0,10
2195,12,15.61,36.0,12
2196,5,14.98,10.0,5
2197,10,18.49,40.0,9
2198,6,14.31,12.0,5
2199,4,13.85,12.0,4
2200,9,22.28,36.0,9
2201,6,19.29,18.0,4
2202,9,3.78,27.0,10
2203,7,15.52,14.0,7
2204,8,19.65,32.0,6
2205,3,12.2,6.0,3
2206,7,20.32,28.0,8
2207,5,21.42,20.0,4
2208,6,10.85,24.0,4
2209,5,15.8,15.0,5
2210,4,16.29,8.0,4
2211,4,13.56,16.0,2
2212,12,23.1,36.0,15
2213,8,21.74,32.0,6
2214,11,24.46,33.0,12
2215,13,14.38,52.0,13
2216,10,17.71,30.0,7
2217,3,17.89,9.0,3
2218,3,12.03,12.0,2
2219,7,23.53,21.0,5
2220,8,17.97,24.0,7
2221,3,16.95,6.0,2
2222,5,9.4,10.0,4
2223,7,10.05,14.0,5
2224,10,13.95,20.0,11
2225,5,23.05,10.0,6
2226,1,13.88,,1
2227,15,18.68,60.0,18
2228,15,18.82,60.0,12
2229,14,11.87,42.0,17
2230,5,16.95,10.0,4
2231,4,14.8,8.0,4
2232,7,6.37,21.0,8
2233,3,12.27,12.0,3
2234,8,15.72,24.0,10
2235,8,10.99,24.0,9
2236,21,17.45,84.0,14
2237,16,28.55,32.0,12
2238,13,25.86,26.0,15
2239,9,17.25,27.0,9
2240,8,13.83,16.0,6
2241,7,24.29,28.0,7
2242,5,12.51,10.0,6
2243,4,15.93,16.0,3
2244,6,7.33,12.0,5
2245,8,16.7,24.0,6
2246,5,12.99,,4
2247,10,25.84,40.0,9
2248,3,19.78,6.0,3
2249,5,14.42,10.0,4
2250,4,13.25,8.0,4
2251,5,20.67,20.0,4
2252,3,22.79,12.0,2
2253,7,19.87,14.0,9
2254,7,14.69,14.0,8
2255,24,16.32,72.0,26
2256,8,,32.0,8
2257,8,15.15,32.0,8
2258,11,9.36,22.0,13
2259,20,15.38,40.0,20
2260,3,18.56,6.0,3
2261,6,19.2,12.0,5
2262,3,20.36,12.0,2
2263,5,10.46,20.0,4
2264,11,8.32,33.0,8
2265,12,9.94,36.0,11
2266,2,16.94,8.0,2
2267,3,18.39,6.0,3
2268,10,14.83,40.0,8
2269,4,19.86,12.0,4
2270,13,11.14,39.0,13
2271,15,30.74,60.0,18
2272,5,9.43,10.0,5
2273,4,11.98,8.0,2
2274,9,10.47,36.0,7
2275,6,10.75,12.0,7
2276,10,18.79,40.0,10
2277,5,9.19,15.0,4
2278,1,25.79,3.0,1
2279,6,14.38,18.0,4
2280,4,22.98,12.0,4
2281,4,12.34,8.0,3
2282,2,10.04,6.0,2
2283,5,18.6,10.0,4
2284,6,7.84,18.0,6
2285,8,21.82,16.0,7
2286,8,26.06,16.0,7
2287,3,10.73,9.0,2
2288,4,20.77,16.0,4
2289,12,13.01,36.0,11
2290,3,26.19,6.0,3
2291,27,23.34,108.0,21
2292,13,23.83,,9
2293,8,19.38,32.0,7
2294,6,21.08,12.0,5
2295,6,21.53,24.0,4
2296,4,18.6,12.0,4
2297,13,3.75,52.0,9
2298,11,,33.0,13
2299,3,23.51,12.0,3
2300,2,9.09,8.0,1
2301,4,11.18,12.0,4
2302,3,15.57,12.0,2
2303,7,21.85,21.0,8
2304,6,20.83,12.0,7
2305,6,19.48,12.0,4
2306,7,11.31,28.0,8
2307,8,22.49,24.0,7
2308,9,14.22,18.0,7
2309,12,7.46,48.0,11
2310,7,20.35,14.0,8
2311,3,7.78,6.0,2
2312,6,19.47,18.0,4
2313,6,11.78,24.0,6
2314,8,5.88,24.0,6
2315,6,15.67,24.0,7
2316,3,18.18,6.0,3
2317,10,19.86,20.0,12
2318,14,17.48,28.0,11
2319,23,37.08,69.0,22
2320,14,13.57,28.0,16
2321,6,14.85,18.0,6
2322,5,16.96,15.0,4
2323,8,11.62,32.0,7
2324,16,11.51,64.0,12
2325,22,19.6,88.0,15
2326,4,23.75,16.0,4
2327,5,16.43,15.0,4
2328,3,18.3,12.0,2
2329,10,11.19,30.0,10
2330,6,11.31,12.0,5
2331,13,13.39,39.0,15
2332,5,18.53,15.0,4
2333,7,6.32,28.0,8
2334,20,23.17,40.0,17
2335,4,15.65,8.0,4
2336,4,22.36,12.0,3
2337,12,20.72,24.0,10
2338,2,13.07,6.0,2
2339,4,15.57,16.0,3
2340,2,20.22,8.0,1
2341,2,20.03,8.0,1
2342,1,3.35,2.0,1
2343,3,17.54,12.0,2
2344,4,16.24,16.0,3
2345,1,10.34,4.0,1
2346,7,10.97,21.0,8
2347,3,17.43,9.0,3
2348,2,12.02,6.0,1
2349,2,15.37,8.0,1
2350,6,8.99,12.0,6
2351,6,11.22,12.0,5
2352,7,16.3,28.0,7
2353,21,14.13,63.0,24
2354,12,17.81,48.0,10
2355,9,21.62,18.0,8
2356,4,20.37,8.0,5
2357,6,19.22,24.0,6
2358,5,18.95,20.0,6
2359,12,19.9,36.0,9
2360,7,6.85,28.0,5
2361,9,27.73,18.0,11
2362,17,15.88,51.0,20
2363,6,16.53,24.0,6
2364,2,21.89,4.0,1
2365,7,23.92,14.0,6
2366,7,17.04,21.0,7
2367,9,12.42,36.0,11
2368,2,14.51,8.0,2
2369,4,12.27,8.0,3
2370,7,14.86,14.0,6
2371,4,20.46,8.0,3
2372,5,14.12,10.0,4
2373,10,15.73,40.0,11
2374,9,18.97,36.0,7
2375,13,16.07,39.0,16
2376,9,26.85,27.0,9
2377,3,9.37,12.0,2
2378,4,13.81,12.0,3
2379,2,10.8,8.0,1
2380,27,14.75,81.0,27
2381,0,9.76,0.0,1
2382,8,14.03,24.0,5
2383,14,17.96,42.0,13
2384,19,19.42,57.0,18
2385,15,22.37,60.0,10
2386,8,16.52,16.0,9
2387,8,17.72,32.0,7
2388,4,5.43,8.0,3
2389,11,23.72,44.0,11
2390,7,16.06,21.0,7
2391,10,20.57,20.0,8
2392,5,24.03,10.0,5
2393,2,13.35,8.0,1
2394,5,19.77,15.0,5
2395,10,20.22,,11
2396,10,16.15,40.0,7
2397,7,15.6,21.0,6
2398,10,,20.0,9
2399,5,11.62,15.0,4
2400,4,17.75,16.0,4
2401,4,20.41,16.0,2
2402,5,21.06,20.0,3
2403,2,18.04,8.0,1
2404,2,16.3,4.0,1
2405,13,26.35,26.0,11
2406,11,,33.0,14
2407,2,4.13,6.0,1
2408,5,15.21,10.0,3
2409,8,16.61,32.0,6
2410,6,19.65,24.0,5
2411,4,10.7,16.0,4
2412,6,14.22,12.0,4
2413,12,15.52,36.0,11
2414,6,17.74,18.0,7
2415,6,6.45,18.0,5
2416,5,12.27,20.0,5
2417,5,14.36,15.0,4
2418,2,11.53,6.0,1
2419,4,19.06,12.0,4
2420,7,,14.0,9
2421,7,20.02,14.0,5
2422,1,16.84,2.0,1
2423,2,24.53,4.0,2
2424,7,16.47,21.0,7
2425,10,6.97,30.0,10
2426,6,10.39,24.0,4
2427,4,16.55,16.0,4
2428,3,11.99,9.0,2
2429,7,6.96,28.0,8
2430,6,19.33,12.0,5
2431,5,18.1,10.0,3
2432,4,17.32,8.0,3
2433,2,17.16,8.0,2
2434,2,18.28,8.0,1
2435,12,15.77,36.0,15
2436,11,14.94,22.0,8
2437,12,13.93,36.0,13
2438,9,17.61,27.0,11
2439,6,9.79,24.0,4
2440,10,23.18,40.0,7
2441,26,16.36,52.0,27
2442,3,9.29,6.0,2
2443,14,15.18,42.0,16
2444,9,13.79,18.0,11
2445,11,21.16,22.0,12
2446,3,15.68,,2
2447,7,6.22,28.0,7
2448,4,13.1,16.0,4
2449,7,11.24,14.0,5
2450,12,13.37,36.0,9
2451,9,,27.0,8
2452,0,9.15,0.0,1
2453,6,19.68,12.0,5
2454,3,12.16,12.0,2
2455,5,9.49,15.0,6
2456,1,,4.0,1
2457,4,25.54,16.0,3
2458,1,13.07,3.0,1
2459,17,24.74,34.0,16
2460,9,9.96,27.0,7
2461,21,13.49,42.0,26
2462,9,16.1,18.0,8
2463,11,26.32,44.0,9
2464,4,21.48,,2
2465,3,18.94,9.0,2
2466,8,16.48,24.0,6
2467,5,13.76,15.0,5
2468,8,12.71,24.0,7
2469,7,12.21,14.0,6
2470,2,11.89,4.0,1
2471,7,8.08,28.0,5
2472,9,15.33,36.0,7
2473,7,20.06,21.0,7
2474,10,15.13,40.0,11
2475,10,15.11,30.0,7
2476,8,15.46,32.0,5
2477,11,7.83,22.0,13
2478,3,19.55,12.0,2
2479,5,15.5,15.0,5
2480,8,16.68,24.0,5
2481,11,16.94,44.0,13
2482,5,23.02,20.0,4
2483,16,12.28,48.0,11
2484,7,17.08,21.0,8
2485,9,12.45,36.0,11
2486,6,25.58,12.0,5
2487,5,15.98,20.0,4
2488,13,15.89,26.0,11
2489,1,20.82,2.0,1
2490,4,20.89,12.0,4
2491,17,20.33,68.0,14
2492,7,13.89,21.0,6
2493,4,11.7,8.0,5
2494,8,11.48,16.0,9
2495,7,13.37,21.0,6
2496,7,10.76,28.0,8
2497,2,19.01,6.0,2
2498,10,,20.0,10
2499,6,16.86,12.0,6
2500,9,10.19,36.0,6
2501,12,19.32,36.0,14
2502,13,19.27,39.0,10
2503,5,4.31,20.0,5
2504,5,12.98,15.0,5
2505,7,17.35,21.0,5
2506,18,18.62,72.0,13
2507,12,5.26,24.0,11
2508,3,21.38,6.0,2
2509,1,15.89,3.0,1
2510,11,21.26,33.0,13
2511,9,15.76,36.0,9
2512,6,14.19,12.0,6
2513,4,15.18,8.0,3
2514,7,19.33,28.0,6
2515,12,24.85,48.0,14
2516,9,19.18,36.0,10
2517,17,7.98,51.0,15
2518,11,14.15,33.0,11
2519,7,20.07,14.0,5
2520,17,8.77,34.0,20
2521,2,21.86,4.0,2
2522,7,17.06,14.0,8
2523,3,14.69,6.0,3
2524,10,27.72,40.0,11
2525,5,16.91,20.0,5
2526,9,21.52,27.0,7
2527,2,8.13,8.0,2
2528,6,9.63,12.0,4
2529,5,22.85,20.0,5
2530,9,11.3,27.0,9
2531,11,22.89,33.0,8
2532,8,14.58,24.0,7
2533,8,18.84,32.0,7
2534,15,29.47,30.0,11
2535,9,6.2,18.0,8
2536,5,12.72,15.0,5
2537,3,10.07,6.0,3
2538,9,11.71,36.0,11
2539,5,4.44,15.0,5
2540,11,15.15,22.0,8
2541,3,,9.0,2
2542,11,11.46,44.0,10
2543,3,17.13,12.0,3
2544,9,13.46,18.0,8
2545,3,6.3,9.0,3
2546,4,12.7,16.0,4
2547,10,13.36,30.0,9
2548,5,11.82,15.0,4
2549,5,18.6,20.0,6
2550,3,17.95,6.0,2
2551,15,7.56,45.0,18
2552,8,18.38,16.0,9
2553,4,13.95,16.0,3
2554,9,7.17,36.0,8
2555,6,13.16,18.0,4
2556,12,17.89,36.0,9
2557,3,23.16,12.0,2
2558,4,16.78,8.0,3
2559,4,21.18,12.0,4
2560,7,24.73,14.0,8
2561,13,6.75,52.0,10
2562,6,10.74,12.0,4
2563,7,14.83,21.0,6
2564,8,21.14,16.0,9
2565,5,13.12,10.0,5
2566,11,9.28,33.0,11
2567,2,12.76,8.0,1
2568,2,17.74,4.0,1
2569,4,13.05,8.0,4
2570,22,6.56,66.0,24
2571,2,14.0,6.0,2
2572,5,8.03,10.0,6
2573,5,20.74,10.0,6
2574,7,20.01,21.0,7
2575,12,18.86,24.0,14
2576,5,13.35,20.0,4
2577,20,26.34,40.0,23
2578,7,20.91,21.0,7
2579,3,12.62,9.0,2
2580,2,19.83,6.0,2
2581,9,20.83,27.0,7
2582,8,14.88,32.0,8
2583,8,15.52,32.0,8
2584,10,25.12,30.0,11
2585,8,15.06,32.0,9
2586,7,14.15,28.0,8
2587,4,18.24,8.0,3
2588,2,14.07,6.0,2
2589,6,14.78,12.0,5
2590,3,9.36,9.0,3
2591,9,14.69,36.0,7
2592,3,15.07,6.0,3
2593,2,19.3,6.0,1
2594,13,18.8,39.0,16
2595,7,13.94,14.0,7
2596,3,15.03,9.0,3
2597,13,10.68,26.0,11
2598,5,9.69,20.0,6
2599,7,16.87,14.0,5
2600,4,,16.0,5
2601,6,13.63,24.0,5
2602,14,18.33,28.0,17
2603,7,19.01,21.0,5
2604,9,8.15,36.0,8
2605,12,18.27,24.0,11
2606,3,10.89,9.0,3
2607,8,8.05,16.0,5
2608,2,17.15,8.0,1
2609,6,14.58,24.0,5
2610,8,27.88,16.0,6
2611,8,16.91,16.0,8
2612,3,21.7,9.0,2
2613,4,13.36,16.0,3
2614,8,12.54,32.0,7
2615,11,15.01,44.0,13
2616,7,23.82,28.0,7
2617,13,15.44,26.0,9
2618,3,12.83,12.0,2
2619,3,14.34,9.0,2
2620,3,12.38,9.0,2
2621,19,35.8,38.0,18
2622,7,23.72,28.0,8
2623,6,9.01,12.0,5
2624,8,13.23,32.0,9
2625,9,15.74,36.0,7
2626,3,13.22,6.0,2
2627,3,14.63,9.0,3
2628,8,4.16,16.0,10
2629,3,14.92,6.0,3
2630,1,22.32,2.0,1
2631,7,7.95,,5
2632,9,13.22,18.0,11
2633,14,12.36,56.0,15
2634,7,4.48,14.0,7
2635,7,6.16,21.0,6
2636,10,12.24,40.0,9
2637,15,16.48,30.0,17
2638,23,15.54,69.0,18
2639,12,2.12,36.0,13
2640,6,13.12,24.0,7
2641,10,9.14,30.0,12
2642,1,11.77,3.0,1
2643,5,11.24,15.0,6
2644,8,9.53,32.0,9
2645,4,21.67,8.0,4
2646,10,18.97,20.0,8
2647,8,27.94,16.0,9
2648,5,13.29,10.0,4
2649,11,23.48,44.0,10
2650,8,12.49,32.0,9
2651,7,22.04,21.0,8
2652,17,9.74,68.0,13
2653,7,17.38,28.0,6
2654,5,,15.0,4
2655,7,19.94,14.0,8
2656,10,19.72,20.0,12
2657,7,24.29,14.0,6
2658,5,21.87,20.0,5
2659,4,16.97,12.0,3
2660,7,14.6,14.0,8
2661,18,25.14,36.0,12
2662,10,19.62,20.0,8
2663,4,16.72,12.0,4
2664,5,22.43,15.0,6
2665,11,19.62,22.0,11
2666,2,14.86,4.0,2
2667,5,17.82,10.0,5
2668,4,19.96,12.0,5
2669,9,8.77,18.0,8
2670,8,13.76,24.0,9
2671,3,15.06,6.0,3
2672,5,11.66,20.0,4
2673,5,11.63,15.0,4
2674,3,21.0,,3
2675,9,20.08,36.0,10
2676,5,20.34,15.0,3
2677,5,22.73,15.0,4
2678,14,13.07,42.0,13
2679,3,12.73,9.0,2
2680,7,18.98,28.0,5
2681,4,12.21,8.0,4
2682,11,11.51,33.0,14
2683,3,26.88,12.0,3
2684,9,22.29,36.0,10
2685,8,19.68,32.0,8
2686,5,15.99,10.0,5
2687,1,14.12,4.0,1
2688,12,15.16,24.0,13
2689,3,13.7,9.0,3
2690,10,14.71,30.0,8
2691,10,12.63,40.0,10
2692,7,18.62,21.0,6
2693,6,19.01,24.0,4
2694,8,18.8,24.0,9
2695,5,11.16,20.0,4
2696,19,20.29,76.0,16
2697,4,22.84,16.0,4
2698,4,14.88,12.0,4
2699,10,17.04,30.0,10
2700,16,20.09,32.0,14
2701,4,11.14,16.0,3
2702,6,22.83,12.0,5
2703,0,16.14,0.0,1
2704,7,13.42,14.0,4
2705,7,22.05,28.0,7
2706,8,4.12,24.0,5
2707,11,19.77,44.0,9
2708,10,12.76,20.0,11
2709,15,24.68,60.0,15
2710,6,19.51,18.0,5
2711,4,16.59,12.0,2
2712,12,23.98,24.0,9
2713,4,15.36,12.0,3
2714,6,8.53,18.0,6
2715,11,7.09,33.0,13
2716,8,15.94,24.0,8
2717,5,12.84,15.0,5
2718,14,17.12,28.0,11
2719,1,0.21,3.0,1
2720,7,17.13,,7
2721,4,14.41,12.0,3
2722,4,18.49,12.0,3
2723,3,15.45,12.0,3
2724,19,11.24,38.0,15
2725,8,12.71,16.0,7
2726,12,10.25,48.0,13
2727,8,11.49,32.0,8
2728,8,11.55,32.0,6
2729,7,16.56,21.0,7
2730,9,11.6,36.0,8
2731,7,15.95,14.0,6
2732,3,11.16,12.0,2
2733,15,17.0,30.0,15
2734,6,20.28,24.0,5
2735,16,19.83,48.0,19
2736,8,22.08,24.0,6
2737,9,17.12,27.0,6
2738,7,17.78,28.0,9
2739,19,13.12,38.0,21
2740,2,11.09,6.0,1
2741,7,18.05,21.0,5
2742,4,8.84,16.0,3
2743,12,11.43,36.0,9
2744,5,17.48,10.0,4
2745,14,,42.0,17
2746,16,19.36,48.0,16
2747,9,23.71,36.0,8
2748,4,17.44,8.0,3
2749,4,15.57,16.0,4
2750,6,13.51,18.0,4
2751,4,23.33,16.0,2
2752,12,18.73,48.0,11
2753,4,18.95,8.0,4
2754,12,10.76,36.0,14
2755,5,21.35,20.0,4
2756,9,13.93,36.0,8
2757,7,20.15,14.0,7
2758,5,16.28,15.0,3
2759,5,11.38,15.0,3
2760,5,18.24,10.0,5
2761,1,15.43,3.0,1
2762,22,27.59,44.0,18
2763,5,23.97,10.0,3
2764,7,11.64,,8
2765,5,13.0,10.0,3
2766,7,13.9,14.0,6
2767,5,17.49,10.0,4
2768,6,14.39,12.0,5
2769,6,13.18,24.0,4
2770,7,23.57,14.0,7
2771,6,15.45,18.0,4
2772,3,19.39,6.0,2
2773,3,11.09,6.0,2
2774,2,15.96,6.0,1
2775,5,17.55,10.0,5
2776,10,20.35,40.0,8
2777,10,16.73,40.0,10
2778,6,9.14,24.0,6
2779,11,14.53,44.0,9
2780,5,24.42,20.0,5
2781,6,7.47,24.0,7
2782,5,13.73,15.0,4
2783,2,16.2,6.0,1
2784,5,11.77,20.0,3
2785,13,29.95,52.0,13
2786,4,22.5,8.0,3
2787,14,6.27,56.0,13
2788,1,19.5,3.0,1
2789,3,15.43,12.0,2
2790,22,23.28,66.0,23
2791,1,13.57,2.0,1
2792,9,23.51,36.0,9
2793,17,9.3,68.0,16
2794,12,15.9,48.0,13
2795,13,9.58,39.0,11
2796,8,24.83,16.0,6
2797,4,11.66,12.0,4
2798,2,16.17,8.0,1
2799,17,16.81,34.0,17
2800,29,16.22,58.0,23
2801,8,22.46,,6
2802,2,16.29,4.0,1
2803,10,14.68,30.0,8
2804,8,13.05,16.0,10
2805,3,4.37,12.0,2
2806,7,17.64,14.0,7
2807,7,16.65,21.0,5
2808,11,10.66,22.0,11
2809,3,17.7,9.0,2
2810,6,17.26,24.0,6
2811,6,24.02,24.0,4
2812,13,14.85,26.0,10
2813,5,19.24,20.0,6
2814,5,10.41,10.0,5
2815,6,13.02,12.0,5
2816,5,17.88,15.0,3
2817,20,17.52,40.0,18
2818,9,3.2,18.0,11
2819,17,8.05,51.0,21
2820,4,17.24,16.0,4
2821,7,14.17,14.0,7
2822,2,21.61,8.0,1
2823,9,12.74,18.0,7
2824,7,29.52,28.0,7
2825,9,17.68,27.0,10
2826,4,20.86,16.0,2
2827,2,18.65,4.0,1
2828,7,19.91,21.0,7
2829,18,15.34,36.0,22
2830,4,13.72,12.0,3
2831,5,21.06,20.0,4
2832,14,28.79,42.0,11
2833,7,10.82,14.0,7
2834,4,19.29,8.0,4
2835,3,15.46,6.0,3
2836,3,8.44,9.0,3
2837,9,13.21,27.0,6
2838,16,6.33,64.0,12
2839,4,14.36,,4
2840,10,22.81,30.0,7
2841,5,,10.0,5
2842,5,15.34,10.0,5
2843,15,10.41,60.0,10
2844,4,10.31,16.0,3
2845,12,13.98,48.0,14
2846,9,16.54,27.0,10
2847,8,14.61,16.0,7
2848,0,19.54,0.0,1
2849,7,11.84,21.0,5
2850,15,12.32,30.0,13
2851,1,14.68,3.0,1
2852,1,,2.0,1
2853,6,15.63,18.0,5
2854,9,11.41,18.0,7
2855,5,12.96,10.0,5
2856,3,17.51,12.0,2
2857,17,13.66,68.0,17
2858,5,19.65,15.0,5
2859,8,19.78,16.0,8
2860,10,16.23,20.0,12
2861,14,12.66,28.0,17
2862,3,24.92,12.0,3
2863,4,15.93,,3
2864,3,13.7,6.0,2
2865,4,16.1,8.0,3
2866,11,18.36,22.0,13
2867,5,21.86,15.0,3
2868,3,19.65,12.0,2
2869,4,14.89,12.0,5
2870,8,20.68,24.0,5
2871,10,8.88,30.0,12
2872,11,24.86,22.0,12
2873,5,12.6,15.0,5
2874,4,18.25,16.0,3
2875,3,10.59,9.0,2
2876,6,10.43,24.0,6
2877,14,13.89,42.0,17
2878,5,16.21,10.0,5
2879,5,12.19,20.0,6
2880,4,17.7,16.0,3
2881,12,26.95,48.0,10
2882,9,12.85,36.0,8
2883,7,7.42,28.0,8
2884,3,8.46,12.0,3
2885,9,19.83,27.0,11
2886,6,12.71,18.0,4
2887,8,21.62,16.0,10
2888,5,17.65,10.0,5
2889,7,20.48,14.0,6
2890,4,4.73,12.0,3
2891,10,18.15,30.0,7
2892,4,12.58,16.0,4
2893,5,15.31,,3
2894,5,22.44,20.0,3
2895,3,15.21,9.0,2
2896,9,9.06,27.0,6
2897,5,12.18,20.0,5
2898,13,13.51,39.0,16
2899,3,12.14,12.0,3
2900,5,9.98,15.0,4
2901,19,24.77,76.0,19
2902,5,19.45,10.0,5
2903,9,13.14,18.0,6
2904,8,15.92,16.0,6
2905,8,13.38,32.0,7
2906,5,14.18,20.0,4
2907,7,14.87,21.0,6
2908,17,17.49,51.0,16
2909,4,14.54,8.0,3
2910,9,23.5,18.0,10
2911,9,18.14,18.0,8
2912,5,13.91,10.0,6
2913,11,26.86,22.0,10
2914,8,24.39,24.0,5
2915,5,17.08,15.0,6
2916,4,18.46,12.0,5
2917,9,25.79,27.0,10
2918,22,8.82,66.0,23
2919,4,12.37,8.0,3
2920,15,14.33,30.0,14
2921,7,18.09,21.0,7
2922,9,18.31,36.0,9
2923,10,20.55,30.0,8
2924,10,30.06,40.0,7
2925,12,12.05,24.0,9
2926,6,17.26,24.0,7
2927,2,19.39,8.0,1
2928,9,21.27,18.0,9
2929,3,10.01,12.0,2
2930,5,11.31,10.0,4
2931,15,12.87,60.0,13
2932,6,17.72,18.0,6
2933,4,12.89,16.0,2
2934,4,25.99,12.0,4
2935,12,14.23,24.0,11
2936,5,23.29,10.0,5
2937,6,8.48,24.0,6
2938,12,17.42,24.0,9
2939,10,6.48,40.0,9
2940,4,13.99,16.0,3
2941,7,26.1,28.0,7
2942,7,8.72,21.0,5
2943,10,10.3,40.0,11
2944,3,11.93,6.0,3
2945,3,7.5,12.0,3
2946,4,22.51,16.0,3
2947,6,20.76,12.0,6
2948,4,19.7,12.0,4
2949,11,18.1,22.0,13
2950,5,15.2,20.0,4
2951,5,13.26,20.0,6
2952,9,,18.0,6
2953,7,21.42,21.0,5
2954,8,14.69,32.0,9
2955,2,17.42,8.0,2
2956,7,8.93,21.0,5
2957,6,19.09,24.0,6
2958,16,15.16,64.0,20
2959,2,16.09,8.0,2
2960,4,5.03,8.0,3
2961,4,17.04,8.0,4
2962,6,11.3,24.0,4
2963,15,16.79,30.0,15
2964,8,22.06,24.0,10
2965,6,16.53,12.0,6
2966,5,14.52,,3
2967,6,3.82,18.0,4
2968,9,14.94,18.0,9
2969,8,21.46,24.0,8
2970,6,17.99,24.0,5
2971,5,1.23,20.0,3
2972,9,12.4,27.0,9
2973,8,10.26,16.0,7
2974,3,16.64,6.0,3
2975,9,14.91,36.0,9
2976,10,16.04,40.0,10
2977,6,20.65,12.0,4
2978,3,20.31,12.0,3
2979,1,12.83,3.0,1
2980,19,4.5,76.0,15
2981,2,23.71,4.0,1
2982,5,15.65,20.0,3
2983,7,26.57,14.0,5
2984,12,18.13,36.0,11
2985,9,6.56,27.0,7
2986,6,14.9,12.0,4
2987,11,20.14,33.0,11
2988,11,18.96,33.0,8
2989,4,12.9,12.0,4
2990,12,20.85,36.0,10
2991,3,15.42,9.0,3
2992,6,11.02,18.0,7
2993,7,19.7,14.0,8
2994,5,15.93,15.0,4
2995,7,16.34,14.0,5
2996,9,17.43,27.0,6
2997,5,16.15,10.0,5
2998,6,13.62,18.0,7
2999,8,11.4,16.0,8
3000,4,15.63,16.0,3
3001,4,15.01,12.0,4
3002,4,16.65,16.0,5
3003,4,20.57,16.0,4
3004,4,12.55,16.0,3
3005,6,19.86,12.0,6
3006,7,20.07,21.0,5
3007,8,18.82,16.0,9
3008,10,14.64,30.0,9
3009,2,14.47,4.0,2
3010,8,21.56,16.0,6
3011,7,14.45,14.0,7
3012,10,13.02,40.0,8
3013,7,7.83,14.0,9
3014,3,20.33,12.0,3
3015,13,16.33,52.0,14
3016,0,13.18,0.0,1
3017,4,20.59,16.0,4
3018,5,10.25,15.0,5
3019,5,7.98,15.0,5
3020,6,18.11,12.0,4
3021,1,22.7,4.0,1
3022,3,,9.0,2
3023,4,19.46,16.0,4
3024,7,20.15,14.0,5
3025,2,11.08,4.0,1
3026,6,12.7,18.0,7
3027,7,14.83,14.0,5
3028,5,11.74,20.0,6
3029,7,11.56,28.0,7
3030,4,20.79,8.0,3
3031,5,11.74,15.0,3
3032,6,12.31,18.0,6
3033,11,17.82,22.0,9
3034,1,16.55,2.0,1
3035,14,12.54,28.0,10
3036,9,21.28,36.0,10
3037,4,14.95,16.0,4
3038,8,19.81,24.0,6
3039,11,18.87,,11
3040,5,19.03,20.0,6
3041,10,16.49,40.0,11
3042,4,21.48,12.0,4
3043,8,10.21,16.0,8
3044,4,16.92,16.0,3
3045,4,14.98,12.0,4
3046,4,18.16,8.0,3
3047,6,17.91,24.0,7
3048,5,17.71,10.0,5
3049,8,8.67,24.0,7
3050,7,14.74,21.0,8
3051,8,14.84,32.0,9
3052,15,18.96,30.0,14
3053,8,23.43,16.0,6
3054,19,13.98,76.0,22
3055,4,9.61,16.0,3
3056,3,20.79,6.0,3
3057,7,12.66,28.0,8
3058,4,6.96,8.0,4
3059,6,14.93,18.0,7
3060,4,3.85,8.0,3
3061,8,11.49,16.0,7
3062,5,8.2,10.0,4
3063,19,4.96,76.0,17
3064,5,9.15,20.0,5
3065,7,21.82,28.0,6
3066,2,15.25,6.0,1
3067,12,22.27,36.0,11
3068,12,15.24,24.0,10
3069,4,15.65,,3
3070,4,12.75,12.0,4
3071,6,12.74,12.0,4
3072,2,14.39,6.0,1
3073,21,22.28,63.0,26
3074,7,17.33,21.0,7
3075,10,24.01,40.0,9
3076,10,,40.0,11
3077,4,13.39,8.0,3
3078,4,13.82,12.0,5
3079,3,16.09,12.0,3
3080,10,22.81,40.0,10
3081,8,12.78,24.0,5
3082,4,12.25,16.0,2
3083,10,19.35,30.0,10
3084,13,12.45,26.0,13
3085,5,21.68,20.0,4
3086,4,18.83,12.0,4
3087,11,12.34,33.0,12
3088,8,8.64,24.0,9
3089,14,15.32,28.0,16
3090,3,17.26,6.0,2
3091,12,21.11,36.0,12
3092,4,15.32,8.0,3
3093,7,10.44,28.0,8
3094,9,30.35,27.0,7
3095,6,16.17,18.0,6
3096,9,13.27,18.0,6
3097,12,20.01,24.0,11
3098,4,16.15,16.0,3
3099,4,17.38,8.0,4
3100,14,18.78,28.0,11
3101,7,12.41,21.0,8
3102,7,17.54,28.0,8
3103,4,33.26,16.0,4
3104,6,12.88,18.0,5
3105,10,16.57,40.0,8
3106,6,19.54,24.0,6
3107,6,19.37,24.0,5
3108,8,16.4,32.0,9
3109,1,12.1,4.0,1
3110,12,11.67,36.0,13
3111,9,18.0,,7
3112,6,16.41,18.0,6
3113,6,20.51,12.0,4
3114,4,12.46,8.0,4
3115,9,13.06,36.0,11
3116,4,14.08,16.0,4
3117,1,19.64,4.0,1
3118,8,13.1,16.0,6
3119,4,14.18,16.0,3
3120,22,7.9,44.0,27
3121,11,23.91,33.0,12
3122,10,24.48,30.0,10
3123,2,16.76,4.0,2
3124,8,20.69,24.0,7
3125,7,15.09,14.0,8
3126,24,12.72,72.0,19
3127,2,14.13,4.0,2
3128,3,14.72,6.0,2
3129,11,11.71,22.0,9
3130,3,22.2,9.0,3
3131,7,17.54,14.0,6
3132,7,14.48,28.0,5
3133,3,,12.0,2
3134,11,9.99,44.0,11
3135,7,13.69,28.0,8
3136,13,11.74,26.0,13
3137,26,22.12,52.0,32
3138,7,17.3,28.0,7
3139,6,8.57,18.0,5
3140,8,22.59,32.0,8
3141,14,13.68,42.0,10
3142,8,22.05,16.0,8
3143,14,19.5,42.0,11
3144,7,10.57,21.0,5
3145,3,6.68,9.0,3
3146,9,9.83,27.0,8
3147,7,17.72,14.0,7
3148,9,18.93,27.0,6
3149,7,18.81,14.0,7
3150,9,22.43,27.0,8
3151,14,12.5,56.0,17
3152,14,6.72,42.0,12
3153,7,13.44,28.0,6
3154,7,5.06,28.0,4
3155,2,14.13,8.0,2
3156,7,11.5,28.0,8
3157,2,18.64,4.0,1
3158,4,24.31,12.0,3
3159,9,17.17,18.0,11
3160,4,13.6,8.0,4
3161,3,15.75,9.0,2
3162,4,9.31,12.0,5
3163,7,17.97,14.0,4
3164,7,18.99,14.0,7
3165,2,8.12,4.0,1
3166,4,17.88,8.0,4
3167,2,13.27,4.0,2
3168,18,17.55,36.0,16
3169,7,15.54,14.0,5
3170,14,18.49,28.0,11
3171,4,13.45,8.0,3
3172,12,22.72,24.0,12
3173,5,5.28,20.0,3
3174,17,17.23,51.0,12
3175,8,11.53,24.0,9
3176,8,15.9,32.0,6
3177,5,8.72,20.0,4
3178,7,14.5,21.0,5
3179,4,22.7,12.0,5
3180,18,28.22,36.0,12
3181,4,12.91,8.0,4
3182,6,12.85,24.0,4
3183,6,9.49,24.0,5
3184,8,11.39,32.0,8
3185,9,18.84,36.0,7
3186,8,20.84,32.0,9
3187,11,11.66,33.0,10
3188,4,3.5,16.0,4
3189,12,21.37,24.0,14
3190,4,16.63,16.0,4
3191,11,28.26,33.0,13
3192,8,12.27,32.0,6
3193,5,20.1,10.0,6
3194,8,6.39,16.0,7
3195,3,11.2,6.0,2
3196,6,21.39,12.0,7
3197,6,10.34,18.0,7
3198,4,20.24,16.0,3
3199,12,14.91,48.0,15
3200,8,19.96,24.0,6
3201,11,9.72,22.0,13
3202,17,24.88,51.0,19
3203,6,21.01,18.0,6
3204,6,17.41,24.0,7
3205,7,18.56,21.0,8
3206,8,,24.0,10
3207,16,20.84,32.0,18
3208,24,28.69,72.0,28
3209,9,19.86,27.0,10
3210,13,23.39,39.0,14
3211,17,20.41,51.0,20
3212,8,19.03,32.0,7
3213,13,20.57,39.0,15
3214,12,31.91,48.0,11
3215,2,18.81,6.0,2
3216,4,13.54,,3
3217,6,24.75,24.0,6
3218,11,10.55,22.0,13
3219,13,17.11,52.0,11
3220,3,12.71,9.0,3
3221,9,0.84,27.0,10
3222,3,20.9,9.0,3
3223,17,13.91,34.0,17
3224,6,14.75,18.0,5
3225,20,26.71,40.0,17
3226,3,13.07,9.0,2
3227,9,28.41,36.0,7
3228,4,8.74,16.0,2
3229,7,19.46,21.0,7
3230,7,20.85,28.0,7
3231,3,18.66,12.0,3
3232,19,20.01,57.0,22
3233,7,21.73,21.0,6
3234,14,10.17,42.0,15
3235,2,15.75,6.0,1
3236,5,,20.0,4
3237,6,15.88,12.0,7
3238,5,12.05,15.0,3
3239,26,20.92,104.0,32
3240,9,18.92,36.0,8
3241,6,7.65,24.0,5
3242,6,11.35,18.0,4
3243,1,16.11,3.0,1
3244,4,21.01,16.0,3
3245,7,,21.0,6
3246,4,9.01,8.0,3
3247,28,,56.0,28
3248,6,17.76,12.0,4
3249,7,16.71,21.0,7
3250,2,11.44,8.0,2
3251,5,7.62,10.0,5
3252,6,19.54,24.0,4
3253,5,4.03,20.0,5
3254,7,13.57,21.0,7
3255,7,23.5,21.0,5
3256,9,16.47,27.0,9
3257,8,12.14,24.0,9
3258,5,15.39,15.0,6
3259,9,6.53,18.0,11
3260,6,18.62,24.0,4
3261,4,10.31,16.0,3
3262,9,18.32,36.0,8
3263,23,19.94,46.0,17
3264,9,14.35,18.0,11
3265,3,4.16,12.0,2
3266,4,18.69,16.0,3
3267,8,12.45,24.0,6
3268,8,19.12,16.0,9
3269,5,8.49,20.0,6
3270,4,13.92,12.0,3
3271,6,16.81,12.0,6
3272,2,23.92,6.0,1
3273,8,1.6,32.0,6
3274,8,14.96,16.0,9
3275,7,13.11,28.0,6
3276,6,14.63,24.0,6
3277,6,7.56,24.0,4
3278,5,14.19,15.0,6
3279,3,9.99,9.0,3
3280,14,7.07,56.0,10
3281,5,13.8,15.0,4
3282,7,15.58,14.0,8
3283,10,26.31,20.0,7
3284,4,13.13,16.0,3
3285,2,16.27,6.0,1
3286,4,15.94,12.0,3
3287,6,12.38,24.0,5
3288,11,17.63,22.0,7
3289,3,8.69,6.0,2
3290,10,23.67,30.0,10
3291,9,6.78,27.0,9
3292,8,12.58,24.0,5
3293,6,15.23,18.0,4
3294,6,14.31,12.0,7
3295,3,15.45,9.0,2
3296,6,11.22,24.0,5
3297,13,2.06,39.0,16
3298,4,11.5,12.0,3
3299,8,20.4,32.0,7
3300,6,18.83,12.0,6
3301,9,15.14,18.0,10
3302,3,19.59,6.0,3
3303,3,18.32,9.0,3
3304,6,5.38,24.0,6
3305,4,5.96,12.0,4
3306,10,12.85,40.0,9
3307,20,9.38,80.0,19
3308,6,7.49,18.0,5
3309,10,13.69,30.0,9
3310,3,3.81,12.0,3
3311,2,12.91,8.0,1
3312,11,20.66,22.0,13
3313,22,15.9,88.0,27
3314,10,15.05,40.0,8
3315,5,6.91,10.0,4
3316,6,13.16,18.0,6
3317,5,19.41,10.0,3
3318,5,4.01,15.0,4
3319,6,15.56,12.0,4
3320,6,18.51,18.0,5
3321,8,10.8,16.0,9
3322,9,14.35,18.0,9
3323,11,17.63,22.0,13
3324,7,17.17,21.0,7
3325,6,14.33,24.0,6
3326,16,17.61,64.0,12
3327,2,20.85,6.0,1
3328,11,21.23,44.0,12
3329,7,16.15,14.0,8
3330,3,29.0,9.0,2
3331,6,17.3,18.0,6
3332,4,11.97,8.0,4
3333,5,15.62,20.0,4
3334,13,26.24,,10
3335,6,23.94,18.0,5
3336,5,5.17,10.0,3
3337,10,14.1,30.0,11
3338,2,10.66,8.0,2
3339,9,19.14,27.0,9
3340,7,17.52,,8
3341,9,8.71,36.0,8
3342,19,35.4,38.0,13
3343,10,19.48,20.0,10
3344,4,18.14,16.0,5
3345,13,20.11,39.0,12
3346,14,25.72,56.0,14
3347,18,8.67,72.0,16
3348,5,20.21,15.0,5
3349,8,12.76,16.0,5
3350,5,10.65,15.0,5
3351,6,21.0,24.0,4
3352,6,7.04,12.0,7
3353,8,6.44,16.0,8
3354,11,14.57,44.0,9
3355,8,28.02,24.0,5
3356,20,22.56,80.0,20
3357,6,,18.0,7
3358,6,11.85,18.0,7
3359,12,18.97,36.0,13
3360,7,19.55,14.0,6
3361,16,18.34,64.0,12
3362,17,22.1,51.0,15
3363,3,9.35,12.0,2
3364,7,15.08,21.0,8
3365,3,15.82,6.0,2
3366,12,17.34,48.0,10
3367,5,14.07,10.0,4
3368,9,16.87,36.0,6
3369,10,9.52,40.0,10
3370,3,21.45,9.0,3
3371,25,18.6,100.0,20
3372,15,7.76,60.0,19
3373,15,21.0,60.0,15
3374,4,,12.0,5
3375,5,21.03,15.0,4
3376,5,17.44,20.0,4
3377,4,20.4,16.0,4
3378,4,16.73,8.0,5
3379,15,12.13,,14
3380,6,27.33,24.0,5
3381,27,24.5,81.0,32
3382,6,23.02,18.0,6
3383,7,10.41,,7
3384,10,19.31,40.0,10
3385,22,23.02,88.0,25
3386,11,13.95,44.0,11
3387,3,18.49,12.0,2
3388,12,18.49,36.0,9
3389,6,12.49,18.0,7
3390,9,8.94,18.0,7
3391,4,17.92,8.0,3
3392,3,10.3,6.0,3
3393,1,19.08,2.0,1
3394,13,14.64,26.0,10
3395,13,26.37,52.0,15
3396,5,19.31,20.0,4
3397,6,17.11,24.0,7
3398,5,9.4,20.0,4
3399,2,10.85,6.0,1
3400,9,17.92,18.0,6
3401,6,13.3,24.0,6
3402,2,18.72,8.0,2
3403,3,20.19,12.0,2
3404,8,17.8,16.0,7
3405,10,22.3,20.0,7
3406,7,22.13,21.0,7
3407,9,14.71,27.0,9
3408,4,5.21,8.0,3
3409,7,11.56,21.0,8
3410,8,19.12,32.0,7
3411,10,12.54,40.0,7
3412,4,7.27,12.0,4
3413,13,16.73,26.0,12
3414,10,18.22,30.0,10
3415,4,13.08,12.0,3
3416,9,18.07,18.0,11
3417,7,10.09,14.0,9
3418,4,21.42,16.0,4
3419,6,25.09,12.0,7
3420,18,20.72,36.0,15
3421,3,12.82,9.0,2
3422,4,12.23,12.0,4
3423,9,15.27,36.0,7
3424,3,17.63,12.0,2
3425,6,12.06,24.0,6
3426,3,15.67,9.0,3
3427,9,13.63,18.0,6
3428,6,16.9,24.0,4
3429,9,1.47,18.0,9
3430,11,19.34,44.0,8
3431,6,19.93,18.0,5
3432,4,12.42,8.0,3
3433,5,26.33,20.0,4
3434,10,,40.0,7
3435,10,12.19,30.0,11
3436,4,17.25,16.0,5
3437,2,5.84,4.0,2
3438,4,22.14,16.0,4
3439,3,25.65,6.0,3
3440,9,15.55,18.0,6
3441,12,13.1,36.0,13
3442,6,16.76,12.0,5
3443,3,20.51,12.0,2
3444,18,7.35,54.0,21
3445,7,10.2,21.0,7
3446,6,14.16,12.0,5
3447,7,22.97,28.0,7
3448,4,14.27,12.0,4
3449,3,13.63,12.0,2
3450,15,19.91,60.0,12
3451,6,15.69,12.0,5
3452,5,12.4,15.0,3
3453,1,8.41,2.0,1
3454,8,18.93,24.0,6
3455,6,17.24,18.0,6
3456,6,21.34,12.0,5
3457,19,16.76,38.0,13
3458,5,25.27,15.0,4
3459,5,6.44,20.0,3
3460,12,19.2,24.0,12
3461,10,12.07,40.0,7
3462,6,9.24,24.0,5
3463,4,19.56,8.0,4
3464,16,8.57,48.0,15
3465,4,16.52,16.0,3
3466,16,25.46,64.0,20
3467,7,6.98,28.0,7
3468,6,15.83,12.0,7
3469,4,18.8,16.0,4
3470,6,26.08,18.0,6
3471,5,10.21,10.0,4
3472,6,12.93,18.0,4
3473,7,19.28,14.0,7
3474,12,12.23,24.0,13
3475,4,20.48,16.0,5
3476,9,10.39,18.0,8
3477,21,8.6,84.0,18
3478,7,18.88,14.0,8
3479,7,22.78,21.0,7
3480,12,17.47,48.0,13
3481,5,14.07,10.0,4
3482,9,12.08,18.0,8
3483,6,9.2,24.0,4
3484,3,18.51,6.0,2
3485,18,23.01,36.0,17
3486,13,35.18,52.0,12
3487,4,11.38,12.0,5
3488,15,21.53,60.0,10
3489,7,13.45,14.0,7
3490,7,13.39,28.0,7
3491,18,10.49,36.0,22
3492,13,20.42,26.0,11
3493,5,13.72,20.0,4
3494,7,12.75,28.0,7
3495,8,8.17,16.0,6
3496,10,17.82,30.0,9
3497,9,11.62,27.0,10
3498,3,12.89,9.0,2
3499,8,19.13,32.0,9
3500,10,19.93,40.0,9
3501,7,22.69,14.0,5
3502,8,16.88,16.0,9
3503,15,25.02,45.0,12
3504,11,22.74,22.0,12
3505,6,27.08,18.0,5
3506,7,8.78,14.0,8
3507,7,26.36,14.0,5
3508,1,18.54,4.0,1
3509,4,12.68,16.0,5
3510,8,17.91,16.0,7
3511,8,18.59,32.0,9
3512,7,18.1,28.0,7
3513,5,17.94,15.0,4
3514,5,18.19,15.0,4
3515,19,31.37,76.0,19
3516,11,25.35,33.0,12
3517,12,12.23,36.0,11
3518,3,14.77,6.0,2
3519,9,0.87,18.0,10
3520,8,19.54,24.0,7
3521,16,15.02,64.0,13
3522,5,5.03,15.0,5
3523,5,17.49,15.0,5
3524,1,11.41,2.0,1
3525,3,12.24,12.0,2
3526,5,7.63,15.0,4
3527,21,16.85,84.0,19
3528,9,24.11,27.0,11
3529,1,,3.0,1
3530,10,13.4,20.0,8
3531,5,16.33,20.0,6
3532,5,19.28,20.0,6
3533,9,17.32,27.0,7
3534,7,18.02,28.0,8
3535,13,,26.0,13
3536,8,13.23,32.0,5
3537,10,19.98,20.0,10
3538,7,20.06,21.0,5
3539,7,13.14,21.0,5
3540,4,12.01,12.0,4
3541,19,20.2,76.0,19
3542,14,29.54,42.0,15
3543,12,10.73,36.0,15
3544,12,21.2,36.0,10
3545,3,20.88,6.0,3
3546,3,14.04,6.0,3
3547,7,15.16,14.0,8
3548,0,20.12,0.0,1
3549,8,24.38,24.0,7
3550,8,10.45,24.0,9
3551,10,7.75,20.0,8
3552,14,19.3,42.0,13
3553,4,17.59,16.0,4
3554,12,20.86,36.0,11
3555,5,3.5,20.0,6
3556,8,3.49,32.0,10
3557,10,14.29,40.0,9
3558,17,27.11,68.0,12
3559,2,18.66,6.0,1
3560,13,15.08,26.0,10
3561,8,11.06,16.0,10
3562,4,6.21,12.0,4
3563,2,14.93,4.0,1
3564,9,11.58,18.0,9
3565,5,14.48,15.0,4
3566,7,16.8,14.0,7
3567,5,12.57,10.0,4
3568,12,21.35,48.0,9
3569,5,21.41,15.0,3
3570,21,26.96,42.0,22
3571,13,12.39,39.0,11
3572,3,17.07,9.0,2
3573,14,6.97,42.0,15
3574,9,30.26,27.0,10
3575,10,18.65,40.0,8
3576,19,24.7,76.0,14
3577,13,8.84,39.0,12
3578,5,16.2,20.0,4
3579,3,10.88,9.0,3
3580,20,18.18,40.0,25
3581,7,16.87,21.0,7
3582,8,20.12,24.0,5
3583,11,15.72,22.0,10
3584,3,12.23,12.0,2
3585,16,20.04,32.0,15
3586,9,21.24,36.0,6
3587,7,15.88,28.0,5
3588,8,16.69,24.0,7
3589,9,23.01,18.0,11
3590,6,20.62,18.0,6
3591,3,22.88,9.0,3
3592,3,7.85,12.0,3
3593,7,10.35,14.0,5
3594,5,6.25,10.0,4
3595,3,9.69,12.0,2
3596,10,19.51,40.0,8
3597,9,14.29,36.0,9
3598,6,13.71,12.0,4
3599,10,,20.0,11
3600,13,24.08,52.0,9
3601,7,7.34,14.0,6
3602,3,20.82,12.0,3
3603,6,10.75,12.0,7
3604,6,16.98,12.0,5
3605,13,3.59,39.0,15
3606,12,7.94,24.0,11
3607,6,17.77,24.0,7
3608,7,26.46,21.0,5
3609,9,10.34,27.0,11
3610,12,15.62,24.0,9
3611,3,12.15,9.0,3
3612,8,2.3,32.0,8
3613,15,7.37,30.0,16
3614,7,17.65,14.0,6
3615,8,12.36,32.0,10
3616,6,21.07,24.0,6
3617,5,15.53,10.0,6
3618,14,9.98,56.0,13
3619,4,30.31,8.0,3
3620,5,20.56,15.0,6
3621,7,22.32,21.0,5
3622,8,22.87,24.0,7
3623,6,13.13,12.0,6
3624,7,17.72,21.0,8
3625,7,23.24,28.0,6
3626,10,16.54,40.0,10
3627,7,12.49,14.0,7
3628,6,7.46,12.0,6
3629,12,18.15,36.0,11
3630,13,22.17,39.0,9
3631,5,14.04,10.0,6
3632,5,10.34,20.0,4
3633,7,11.47,28.0,5
3634,16,14.37,48.0,16
3635,5,12.55,20.0,4
3636,5,20.45,20.0,4
3637,5,14.26,15.0,5
3638,8,14.56,32.0,7
3639,8,26.05,32.0,9
3640,7,12.21,14.0,6
3641,4,18.61,12.0,4
3642,2,17.33,6.0,1
3643,5,14.33,15.0,4
3644,11,20.48,44.0,11
3645,4,12.52,8.0,4
3646,14,15.6,42.0,10
3647,12,24.94,48.0,14
3648,5,11.39,15.0,3
3649,4,22.72,16.0,4
3650,15,13.28,60.0,16
3651,7,10.98,14.0,6
3652,7,21.48,21.0,5
3653,9,23.73,36.0,10
3654,4,14.24,8.0,3
3655,10,12.72,40.0,10
3656,21,21.62,63.0,21
3657,3,12.18,6.0,2
3658,18,16.77,54.0,22
3659,17,24.15,51.0,21
3660,4,7.53,8.0,3
3661,2,9.73,,1
3662,8,15.92,16.0,7
3663,5,17.47,10.0,6
3664,6,16.31,18.0,7
3665,6,23.72,18.0,5
3666,4,12.22,16.0,3
3667,12,22.43,48.0,11
3668,17,18.02,51.0,15
3669,5,12.65,15.0,3
3670,5,11.85,20.0,6
3671,4,10.86,8.0,3
3672,5,17.97,20.0,6
3673,4,14.13,,4
3674,3,18.8,6.0,3
3675,18,19.19,72.0,13
3676,14,16.95,42.0,13
3677,4,18.04,12.0,4
3678,8,19.78,16.0,9
3679,15,13.47,30.0,12
3680,8,14.75,32.0,8
3681,6,13.39,12.0,5
3682,22,28.17,66.0,15
3683,9,17.27,36.0,9
3684,28,30.18,112.0,25
3685,3,8.15,12.0,2
3686,4,13.8,12.0,3
3687,6,13.02,24.0,4
3688,20,28.83,40.0,21
3689,5,14.48,20.0,4
3690,2,18.41,4.0,2
3691,11,14.13,33.0,12
3692,3,4.18,12.0,3
3693,2,15.06,8.0,1
3694,6,20.49,18.0,5
3695,4,4.56,12.0,4
3696,4,12.01,12.0,4
3697,6,6.12,12.0,5
3698,8,24.98,24.0,8
3699,4,17.68,16.0,4
3700,3,12.15,6.0,3
3701,5,27.84,10.0,5
3702,4,17.62,16.0,4
3703,8,25.21,32.0,10
3704,6,22.97,18.0,6
3705,7,20.73,14.0,5
3706,10,19.68,20.0,12
3707,9,14.55,36.0,6
3708,6,14.26,24.0,5
3709,9,20.78,27.0,8
3710,4,10.38,8.0,4
3711,3,22.19,6.0,2
3712,5,27.47,10.0,4
3713,2,9.05,,2
3714,2,26.54,8.0,1
3715,9,5.53,18.0,11
3716,1,9.77,2.0,1
3717,6,13.5,24.0,6
3718,3,17.35,9.0,3
3719,7,22.06,21.0,8
3720,14,11.56,56.0,11
3721,5,7.93,20.0,6
3722,8,29.55,24.0,6
3723,5,15.53,10.0,6
3724,6,16.48,18.0,5
3725,4,14.6,12.0,4
3726,5,10.57,20.0,3
3727,29,16.7,58.0,32
3728,8,18.48,32.0,7
3729,5,21.5,15.0,5
3730,9,5.63,18.0,6
3731,5,17.47,20.0,4
3732,5,16.89,20.0,3
3733,2,10.14,6.0,2
3734,5,17.42,10.0,4
3735,6,17.15,12.0,7
3736,4,,8.0,3
3737,17,21.79,34.0,18
3738,7,21.32,21.0,7
3739,7,14.46,21.0,6
3740,7,13.74,14.0,6
3741,7,22.35,21.0,7
3742,4,14.65,12.0,4
3743,8,13.98,24.0,7
3744,3,15.02,6.0,2
3745,9,13.71,27.0,8
3746,4,25.45,16.0,4
3747,23,3.96,92.0,24
3748,4,18.44,12.0,3
3749,4,26.03,8.0,3
3750,12,17.68,24.0,14
3751,4,8.63,16.0,3
3752,6,19.82,18.0,5
3753,7,15.34,14.0,7
3754,6,5.57,12.0,4
3755,8,12.76,32.0,6
3756,5,14.55,20.0,6
3757,6,17.38,24.0,5
3758,7,6.19,28.0,6
3759,4,18.63,12.0,3
3760,14,24.6,56.0,13
3761,3,17.16,12.0,2
3762,5,29.13,15.0,5
3763,9,24.21,,6
3764,19,15.22,76.0,22
3765,6,13.65,18.0,5
3766,7,14.34,14.0,5
3767,10,16.62,30.0,12
3768,3,11.12,12.0,2
3769,10,20.76,40.0,8
3770,0,16.33,,1
3771,2,18.02,4.0,2
3772,18,18.44,72.0,22
3773,5,5.5,10.0,5
3774,9,14.77,36.0,6
3775,25,30.98,50.0,27
3776,6,17.65,12.0,5
3777,2,15.68,8.0,1
3778,8,19.4,16.0,10
3779,25,18.46,50.0,19
3780,6,15.21,18.0,7
3781,3,15.66,9.0,2
3782,9,11.67,36.0,8
3783,4,10.01,16.0,3
3784,6,18.32,24.0,5
3785,24,20.95,96.0,24
3786,8,11.24,32.0,5
3787,3,19.63,6.0,3
3788,9,,18.0,9
3789,11,23.26,44.0,13
3790,7,17.47,14.0,8
3791,10,9.9,30.0,11
3792,4,9.04,8.0,3
3793,10,12.26,40.0,12
3794,4,10.37,12.0,4
3795,2,9.45,6.0,1
3796,1,16.9,3.0,1
3797,3,15.41,9.0,2
3798,1,24.35,2.0,1
3799,14,17.76,56.0,15
3800,11,19.09,22.0,10
3801,10,17.09,40.0,9
3802,3,12.69,6.0,3
3803,7,15.39,21.0,5
3804,8,13.8,16.0,6
3805,8,26.04,24.0,8
3806,7,16.08,21.0,8
3807,3,11.23,12.0,3
3808,4,21.01,12.0,3
3809,8,11.11,24.0,7
3810,7,7.83,21.0,6
3811,5,17.08,15.0,5
3812,6,22.25,12.0,6
3813,11,23.65,22.0,9
3814,6,14.63,12.0,4
3815,13,22.69,26.0,11
3816,5,15.68,20.0,5
3817,9,22.4,27.0,10
3818,5,15.41,10.0,5
3819,3,15.44,12.0,3
3820,3,11.82,6.0,3
3821,4,12.55,12.0,4
3822,8,11.65,16.0,7
3823,6,17.43,12.0,7
3824,8,22.86,32.0,8
3825,1,12.88,4.0,1
3826,2,10.24,8.0,1
3827,15,22.68,45.0,12
3828,7,16.38,28.0,6
3829,5,25.12,15.0,3
3830,7,13.53,14.0,7
3831,8,12.28,24.0,10
3832,10,19.12,40.0,8
3833,24,16.73,72.0,27
3834,7,11.8,21.0,8
3835,13,22.23,26.0,13
3836,8,21.34,16.0,9
3837,15,8.82,45.0,11
3838,3,25.03,9.0,2
3839,7,8.21,28.0,6
3840,9,17.34,36.0,7
3841,8,17.14,32.0,8
3842,6,21.31,24.0,7
3843,3,22.45,12.0,2
3844,5,,20.0,5
3845,6,,24.0,6
3846,11,15.69,22.0,12
3847,13,23.9,52.0,12
3848,6,11.67,24.0,6
3849,6,20.96,24.0,5
3850,5,15.48,20.0,3
3851,3,11.4,12.0,3
3852,8,21.04,16.0,10
3853,5,10.8,15.0,4
3854,23,10.79,46.0,21
3855,14,21.64,28.0,14
3856,4,12.38,16.0,4
3857,7,17.34,14.0,4
3858,6,19.38,18.0,4
3859,7,16.3,28.0,8
3860,3,11.81,6.0,2
3861,8,15.99,24.0,6
3862,10,16.38,30.0,11
3863,4,20.48,16.0,4
3864,14,28.18,42.0,12
3865,4,21.99,16.0,3
3866,2,,6.0,1
3867,8,10.6,24.0,6
3868,3,,6.0,3
3869,27,20.7,108.0,26
3870,10,18.31,20.0,8
3871,19,18.64,76.0,15
3872,3,32.14,12.0,2
3873,7,25.24,14.0,7
3874,4,17.74,12.0,4
3875,5,12.73,15.0,3
3876,4,10.64,8.0,3
3877,21,22.76,84.0,24
3878,8,19.99,16.0,6
3879,2,7.6,8.0,2
3880,5,14.87,10.0,5
3881,3,15.73,6.0,2
3882,6,21.67,24.0,6
3883,8,15.39,32.0,5
3884,7,18.61,14.0,9
3885,9,11.8,18.0,8
3886,0,19.94,0.0,1
3887,4,18.93,12.0,4
3888,4,17.2,16.0,3
3889,8,10.88,32.0,6
3890,9,12.4,18.0,11
3891,10,19.56,40.0,10
3892,5,13.33,15.0,4
3893,4,17.93,16.0,4
3894,5,14.48,15.0,4
3895,3,15.8,12.0,3
3896,7,19.27,28.0,7
3897,6,14.08,12.0,5
3898,4,12.6,16.0,3
3899,4,17.23,12.0,4
3900,8,18.43,32.0,6
3901,11,16.44,44.0,12
3902,6,19.29,18.0,6
3903,2,22.52,4.0,2
3904,8,19.95,24.0,6
3905,2,6.04,6.0,2
3906,7,9.74,21.0,7
3907,3,18.97,9.0,2
3908,3,18.0,12.0,2
3909,4,15.4,8.0,4
3910,15,24.52,45.0,15
3911,7,21.04,14.0,5
3912,8,18.69,32.0,6
3913,3,8.33,12.0,3
3914,7,17.0,28.0,7
3915,0,17.02,0.0,1
3916,5,15.63,20.0,5
3917,4,15.6,8.0,4
3918,7,13.71,28.0,6
3919,7,12.2,21.0,7
3920,3,21.13,9.0,2
3921,4,13.48,12.0,3
3922,8,16.8,32.0,9
3923,9,15.09,18.0,6
3924,9,21.23,27.0,9
3925,3,24.26,12.0,2
3926,2,12.77,8.0,2
3927,6,16.8,18.0,6
3928,7,23.71,14.0,6
3929,2,18.32,8.0,2
3930,7,12.01,14.0,5
3931,3,10.56,6.0,2
3932,2,17.09,4.0,2
3933,5,15.2,20.0,4
3934,24,15.03,48.0,24
3935,8,,24.0,9
3936,3,12.64,9.0,3
3937,15,22.52,45.0,19
3938,4,22.4,16.0,3
3939,11,13.43,33.0,12
3940,6,13.52,12.0,5
3941,17,18.57,34.0,18
3942,3,12.72,9.0,2
3943,24,30.6,72.0,26
3944,9,13.12,27.0,8
3945,5,10.37,,5
3946,4,1.82,12.0,4
3947,5,17.22,10.0,4
3948,5,23.68,,5
3949,21,2.83,63.0,21
3950,7,15.31,21.0,7
3951,5,14.2,20.0,4
3952,4,8.18,12.0,2
3953,12,21.32,24.0,11
3954,7,9.98,14.0,5
3955,20,16.12,,17
3956,7,,14.0,8
3957,7,19.13,21.0,5
3958,3,19.14,6.0,3
3959,7,22.69,28.0,7
3960,8,30.08,24.0,6
3961,5,,,6
3962,4,8.91,12.0,3
3963,10,6.93,20.0,11
3964,10,25.48,20.0,10
3965,4,16.85,8.0,4
3966,4,16.66,12.0,3
3967,5,23.69,10.0,6
3968,3,21.5,12.0,2
3969,11,29.77,33.0,10
3970,6,16.67,24.0,4
3971,16,16.21,48.0,16
3972,9,23.6,36.0,7
3973,5,14.96,10.0,5
3974,2,12.94,8.0,2
3975,5,19.55,15.0,5
3976,14,13.77,28.0,16
3977,8,13.21,24.0,8
3978,9,11.38,27.0,8
3979,5,13.61,20.0,3
3980,5,11.12,20.0,3
3981,6,14.84,18.0,4
3982,8,11.34,16.0,8
3983,7,23.63,21.0,5
3984,13,26.26,39.0,9
3985,4,10.92,8.0,3
3986,8,16.48,32.0,10
3987,17,15.18,68.0,13
3988,10,15.11,,10
3989,7,14.52,14.0,7
3990,3,13.67,12.0,3
3991,11,23.7,22.0,10
3992,2,9.78,8.0,1
3993,13,20.72,52.0,10
3994,15,13.76,60.0,16
3995,10,11.29,20.0,11
3996,16,29.74,64.0,20
3997,13,19.12,39.0,13
3998,3,20.06,9.0,2
3999,4,18.11,12.0,3
4000,4,18.48,16.0,4
4001,4,,16.0,2
4002,5,9.11,20.0,6
4003,10,23.64,40.0,8
4004,4,28.42,,4
4005,8,13.08,24.0,8
4006,9,15.98,27.0,11
4007,7,15.68,21.0,6
4008,14,9.55,42.0,13
4009,3,16.84,6.0,3
4010,14,7.44,28.0,15
4011,5,9.59,10.0,3
4012,5,22.27,10.0,4
4013,11,16.73,33.0,11
4014,5,5.91,15.0,5
4015,5,19.37,15.0,6
4016,8,14.35,24.0,7
4017,4,13.14,8.0,5
4018,10,17.18,40.0,8
4019,6,12.72,18.0,6
4020,9,23.62,18.0,8
4021,7,18.95,28.0,7
4022,15,18.34,30.0,11
4023,17,17.58,51.0,15
4024,4,21.1,12.0,2
4025,8,,24.0,8
4026,11,4.92,33.0,13
4027,7,7.55,14.0,6
4028,5,9.91,20.0,5
4029,13,12.55,39.0,16
4030,5,12.7,20.0,4
4031,6,13.94,24.0,4
4032,5,20.2,15.0,4
4033,3,12.93,12.0,3
4034,10,11.79,40.0,12
4035,2,16.63,4.0,1
4036,6,20.53,24.0,4
4037,4,23.29,8.0,2
4038,6,17.68,24.0,5
4039,9,11.3,27.0,8
4040,3,15.69,,2
4041,0,15.71,0.0,1
4042,8,13.01,24.0,8
4043,2,11.78,8.0,1
4044,6,5.66,24.0,5
4045,8,18.2,16.0,6
4046,3,14.1,12.0,3
4047,6,16.3,12.0,5
4048,7,5.77,14.0,6
4049,3,11.42,9.0,3
4050,5,18.28,20.0,5
4051,6,12.87,12.0,5
4052,16,6.73,48.0,14
4053,6,6.59,18.0,7
4054,3,12.78,9.0,3
4055,4,16.23,12.0,4
4056,3,13.24,6.0,3
4057,8,14.65,24.0,8
4058,7,13.75,21.0,9
4059,3,19.9,6.0,2
4060,6,15.95,24.0,6
4061,7,18.6,21.0,8
4062,8,17.16,24.0,9
4063,4,12.21,16.0,3
4064,3,12.98,6.0,3
4065,4,12.87,16.0,5
4066,11,9.93,33.0,10
4067,6,12.76,24.0,7
4068,2,12.01,4.0,1
4069,4,22.37,,4
4070,14,23.43,42.0,13
4071,16,23.56,48.0,16
4072,21,25.33,63.0,18
4073,14,21.14,28.0,15
4074,6,,12.0,5
4075,8,14.63,32.0,9
4076,4,20.92,8.0,3
4077,3,8.81,12.0,2
4078,6,16.21,18.0,4
4079,7,22.14,21.0,6
4080,6,8.01,24.0,6
4081,3,,9.0,3
4082,9,17.51,36.0,7
4083,4,13.69,12.0,3
4084,10,17.47,20.0,8
4085,25,20.94,100.0,24
4086,3,14.26,9.0,3
4087,6,16.01,24.0,6
4088,14,20.26,42.0,17
4089,14,28.07,56.0,17
4090,3,11.8,12.0,3
4091,6,8.48,18.0,6
4092,6,14.62,24.0,5
4093,22,19.16,66.0,18
4094,13,9.81,39.0,11
4095,5,16.55,20.0,5
4096,11,13.64,44.0,9
4097,6,15.62,12.0,4
4098,2,8.0,6.0,1
4099,7,11.72,14.0,8
4100,4,9.76,16.0,3
4101,4,10.42,8.0,2
4102,6,5.92,12.0,5
4103,6,10.7,24.0,7
4104,13,23.78,52.0,14
4105,5,16.91,20.0,4
4106,6,10.6,18.0,7
4107,4,27.15,16.0,2
4108,18,20.36,54.0,22
4109,8,8.64,16.0,5
4110,8,16.5,32.0,8
4111,7,15.57,28.0,5
4112,13,16.83,26.0,11
4113,5,9.88,15.0,5
4114,8,27.01,16.0,8
4115,12,9.23,48.0,8
4116,5,24.84,20.0,4
4117,5,17.93,15.0,5
4118,5,22.65,20.0,4
4119,10,11.74,20.0,7
4120,3,13.09,12.0,2
4121,3,9.09,9.0,2
4122,3,14.78,12.0,2
4123,25,5.37,100.0,30
4124,5,14.05,20.0,5
4125,12,2.0,36.0,12
4126,13,19.33,39.0,15
4127,5,21.78,20.0,4
4128,8,17.81,16.0,6
4129,8,13.71,16.0,9
4130,4,26.69,12.0,4
4131,4,14.07,16.0,2
4132,12,18.66,36.0,12
4133,6,17.99,24.0,6
4134,8,19.66,24.0,5
4135,5,11.18,15.0,5
4136,5,16.9,10.0,4
4137,8,15.72,24.0,8
4138,3,15.5,6.0,2
4139,6,13.61,12.0,7
4140,6,6.97,24.0,6
4141,6,15.88,24.0,7
4142,17,11.47,68.0,15
4143,9,14.32,27.0,7
4144,10,15.02,20.0,8
4145,10,16.17,30.0,8
4146,4,11.55,12.0,2
4147,5,8.67,10.0,5
4148,3,19.62,12.0,2
4149,5,13.86,10.0,6
4150,10,12.76,30.0,9
4151,4,17.52,16.0,5
4152,6,20.76,18.0,5
4153,6,21.62,24.0,4
4154,6,20.85,12.0,6
4155,3,13.54,6.0,3
4156,5,21.43,10.0,4
4157,4,17.04,16.0,5
4158,4,10.4,8.0,5
4159,6,17.96,24.0,4
4160,7,24.24,28.0,7
4161,5,12.45,20.0,5
4162,6,10.34,24.0,5
4163,3,19.79,12.0,2
4164,8,7.48,24.0,7
4165,10,25.73,30.0,7
4166,8,14.91,,7
4167,10,19.12,40.0,8
4168,12,20.05,48.0,12
4169,4,15.89,8.0,4
4170,8,17.22,32.0,10
4171,6,8.32,24.0,5
4172,6,14.11,24.0,5
4173,7,13.04,14.0,5
4174,10,8.18,30.0,10
4175,3,22.5,9.0,2
4176,6,12.8,24.0,4
4177,10,12.12,30.0,10
4178,7,12.25,28.0,5
4179,7,14.83,14.0,9
4180,8,18.88,16.0,9
4181,15,14.38,60.0,12
4182,6,14.3,18.0,6
4183,4,13.52,8.0,5
4184,7,17.34,21.0,7
4185,4,16.31,12.0,3
4186,2,14.67,8.0,1
4187,5,11.49,10.0,5
4188,7,21.15,21.0,5
4189,29,21.07,87.0,32
4190,8,11.51,32.0,9
4191,19,30.84,38.0,16
4192,8,14.41,24.0,5
4193,13,22.83,39.0,13
4194,9,14.15,27.0,9
4195,15,22.8,60.0,16
4196,4,13.49,16.0,4
4197,11,19.31,22.0,7
4198,9,5.96,27.0,9
4199,8,7.61,24.0,8
4200,9,13.13,27.0,7
4201,8,,16.0,6
4202,3,15.27,12.0,3
4203,17,17.29,34.0,17
4204,4,22.82,16.0,4
4205,8,10.64,32.0,9
4206,15,12.59,30.0,14
4207,3,16.98,12.0,3
4208,3,9.98,12.0,3
4209,6,22.17,18.0,6
4210,3,21.24,6.0,3
4211,3,4.84,12.0,3
4212,4,22.41,12.0,3
4213,4,7.85,12.0,4
4214,3,18.53,12.0,3
4215,3,15.94,9.0,2
4216,3,9.99,12.0,3
4217,6,18.12,12.0,7
4218,1,13.4,2.0,1
4219,5,16.04,15.0,4
4220,8,18.55,16.0,10
4221,10,26.25,40.0,11
4222,5,5.8,10.0,4
4223,4,11.83,12.0,2
4224,2,19.58,6.0,2
4225,14,13.04,28.0,12
4226,13,16.88,52.0,15
4227,6,9.15,18.0,4
4228,10,11.79,30.0,12
4229,6,14.43,24.0,6
4230,2,12.15,6.0,1
4231,3,14.79,6.0,2
4232,5,15.13,15.0,4
4233,5,14.88,,4
4234,13,9.08,52.0,15
4235,4,19.17,16.0,3
4236,4,16.69,16.0,2
4237,7,12.53,14.0,9
4238,14,32.86,42.0,11
4239,13,8.79,52.0,9
4240,10,10.41,40.0,12
4241,9,15.31,18.0,9
4242,8,13.83,24.0,6
4243,9,19.25,36.0,7
4244,2,23.21,4.0,1
4245,12,24.74,36.0,9
4246,4,4.91,8.0,4
4247,13,14.02,52.0,13
4248,7,15.02,21.0,4
4249,4,20.21,12.0,3
4250,11,7.72,44.0,10
4251,2,25.36,4.0,2
4252,9,17.79,27.0,7
4253,7,24.84,21.0,7
4254,6,16.28,12.0,6
4255,11,8.96,33.0,8
4256,10,18.92,40.0,9
4257,4,10.79,12.0,3
4258,9,12.18,18.0,6
4259,23,20.24,69.0,22
4260,5,18.36,10.0,6
4261,2,6.18,,2
4262,6,16.39,12.0,5
4263,4,14.21,16.0,3
4264,5,19.0,10.0,4
4265,5,11.93,10.0,4
4266,18,6.88,36.0,17
4267,14,8.54,56.0,15
4268,7,20.99,21.0,7
4269,5,12.28,10.0,3
4270,2,12.26,4.0,1
4271,3,14.96,9.0,2
4272,3,12.88,6.0,3
4273,3,12.5,12.0,3
4274,16,23.42,32.0,12
4275,8,20.45,32.0,7
4276,10,16.03,20.0,12
4277,9,18.23,27.0,8
4278,8,12.13,24.0,5
4279,5,15.05,15.0,3
4280,3,18.93,9.0,2
4281,10,22.59,40.0,10
4282,5,7.18,10.0,4
4283,7,8.36,14.0,8
4284,8,6.43,16.0,6
4285,6,17.25,12.0,5
4286,14,18.39,42.0,17
4287,11,15.44,44.0,11
4288,5,17.28,15.0,5
4289,11,15.1,44.0,11
4290,5,20.96,20.0,5
4291,8,17.03,24.0,5
4292,3,24.12,6.0,3
4293,4,15.25,12.0,3
4294,4,20.4,8.0,4
4295,3,15.34,6.0,2
4296,22,21.59,66.0,21
4297,4,20.32,12.0,3
4298,5,13.91,20.0,5
4299,3,12.7,6.0,2
4300,6,11.13,12.0,5
4301,5,,15.0,6
4302,3,20.33,12.0,2
4303,5,18.94,10.0,4
4304,6,10.98,18.0,7
4305,6,14.8,18.0,5
4306,27,16.6,108.0,27
4307,7,5.91,21.0,8
4308,5,25.49,15.0,6
4309,4,10.56,8.0,4
4310,8,19.82,32.0,8
4311,6,24.45,24.0,4
4312,2,15.16,8.0,1
4313,4,21.49,16.0,3
4314,8,26.39,16.0,9
4315,9,16.66,36.0,7
4316,4,14.4,12.0,4
4317,3,13.5,9.0,2
4318,9,17.06,36.0,9
4319,9,18.15,27.0,9
4320,11,20.43,33.0,12
4321,7,15.17,14.0,8
4322,6,16.47,12.0,4
4323,5,30.24,10.0,6
4324,3,13.57,9.0,2
4325,10,15.59,20.0,9
4326,11,17.75,44.0,9
4327,8,11.95,24.0,7
4328,7,19.78,28.0,7
4329,24,13.44,72.0,24
4330,16,30.99,64.0,16
4331,5,12.48,10.0,6
4332,7,14.95,21.0,8
4333,2,30.32,4.0,1
4334,17,17.99,68.0,15
4335,3,13.72,6.0,2
4336,18,15.47,36.0,19
4337,8,9.19,16.0,9
4338,7,15.23,28.0,5
4339,16,11.36,64.0,18
4340,3,16.34,12.0,3
4341,11,20.15,22.0,14
4342,8,3.36,16.0,10
4343,6,24.1,18.0,7
4344,6,17.18,18.0,7
4345,3,17.61,6.0,2
4346,3,17.32,9.0,2
4347,15,14.03,60.0,19
4348,4,23.22,8.0,5
4349,9,15.8,36.0,11
4350,5,11.95,20.0,4
4351,5,19.42,10.0,5
4352,6,11.13,18.0,7
4353,26,32.91,78.0,32
4354,6,19.63,24.0,5
4355,5,22.52,10.0,3
4356,5,17.36,10.0,4
4357,3,10.73,9.0,2
4358,8,,16.0,8
4359,8,21.84,16.0,7
4360,6,16.59,24.0,7
4361,8,11.64,16.0,8
4362,12,23.45,48.0,14
4363,9,,18.0,7
4364,1,14.6,2.0,1
4365,10,18.06,40.0,10
4366,6,21.44,,7
4367,5,12.61,10.0,3
4368,2,13.11,4.0,2
4369,6,17.55,24.0,7
4370,8,18.92,24.0,8
4371,4,14.48,12.0,2
4372,9,24.16,36.0,7
4373,13,7.52,26.0,16
4374,6,22.31,12.0,5
4375,3,10.64,6.0,2
4376,6,18.84,12.0,6
4377,7,11.66,14.0,6
4378,6,25.05,24.0,5
4379,13,17.96,39.0,16
4380,4,16.91,12.0,4
4381,5,17.31,10.0,4
4382,10,16.72,40.0,9
4383,27,21.86,54.0,29
4384,7,12.12,21.0,7
4385,4,16.81,12.0,4
4386,4,21.52,8.0,4
4387,13,31.99,26.0,11
4388,5,15.74,15.0,3
4389,6,9.05,12.0,5
4390,10,11.87,40.0,8
4391,8,21.71,32.0,6
4392,11,22.1,22.0,13
4393,4,11.91,8.0,3
4394,13,26.98,39.0,9
4395,12,14.28,36.0,8
4396,9,18.54,27.0,10
4397,7,21.39,21.0,7
4398,10,13.05,30.0,12
4399,8,12.15,,6
4400,5,3.54,20.0,6
4401,7,7.19,14.0,5
4402,4,8.37,16.0,4
4403,5,12.52,20.0,6
4404,5,18.67,10.0,3
4405,6,19.22,24.0,5
4406,12,20.58,48.0,12
4407,10,4.15,30.0,11
4408,8,19.69,32.0,7
4409,14,5.7,42.0,17
4410,8,12.32,24.0,7
4411,16,13.7,32.0,12
4412,4,16.24,8.0,5
4413,24,26.53,96.0,21
4414,4,5.99,8.0,4
4415,7,20.69,28.0,5
4416,10,23.16,30.0,7
4417,7,18.83,28.0,8
4418,7,18.31,28.0,8
4419,9,14.69,36.0,10
4420,15,22.69,30.0,11
4421,8,10.8,16.0,8
4422,8,14.01,24.0,7
4423,2,5.18,8.0,1
4424,4,9.92,12.0,5
4425,9,12.85,27.0,9
4426,9,16.15,36.0,9
4427,9,18.13,18.0,7
4428,7,6.89,14.0,7
4429,6,19.5,12.0,4
4430,5,14.91,20.0,6
4431,3,15.13,9.0,3
4432,11,20.48,33.0,11
4433,6,14.12,12.0,4
4434,2,9.48,8.0,2
4435,1,11.4,4.0,1
4436,5,8.58,20.0,5
4437,11,19.87,33.0,9
4438,3,22.55,9.0,2
4439,12,5.03,36.0,13
4440,9,24.61,18.0,6
4441,5,15.6,10.0,5
4442,3,16.72,12.0,2
4443,5,11.48,20.0,4
4444,6,15.08,18.0,6
4445,6,16.89,12.0,4
4446,8,23.6,16.0,9
4447,5,16.26,20.0,4
4448,3,16.36,9.0,2
4449,4,15.58,8.0,3
4450,8,20.14,24.0,7
4451,15,10.22,45.0,11
4452,6,18.75,24.0,4
4453,12,21.82,48.0,15
4454,9,15.32,18.0,6
4455,8,19.34,16.0,6
4456,4,17.15,12.0,4
4457,9,19.57,27.0,9
4458,13,13.33,52.0,15
4459,4,13.82,16.0,3
4460,1,16.63,3.0,1
4461,10,11.17,40.0,7
4462,6,15.29,24.0,6
4463,9,16.49,36.0,7
4464,5,13.54,15.0,6
4465,20,15.87,60.0,14
4466,4,14.65,16.0,4
4467,10,17.81,40.0,7
4468,23,18.37,46.0,29
4469,3,17.73,6.0,3
4470,3,11.98,12.0,3
4471,18,14.97,36.0,21
4472,4,16.58,,4
4473,5,6.93,,6
4474,7,11.72,21.0,7
4475,4,10.4,16.0,4
4476,10,7.74,30.0,8
4477,11,14.6,22.0,13
4478,7,15.54,21.0,8
4479,4,13.25,16.0,3
4480,9,15.29,27.0,8
4481,14,21.05,42.0,11
4482,5,,20.0,5
4483,13,22.89,52.0,14
4484,19,22.92,57.0,17
4485,5,11.08,10.0,3
4486,9,10.27,36.0,8
4487,10,8.32,30.0,12
4488,6,13.85,,4
4489,1,18.21,2.0,1
4490,11,12.04,33.0,8
4491,3,12.59,6.0,3
4492,8,18.65,32.0,9
4493,9,19.26,27.0,8
4494,8,13.17,32.0,5
4495,8,16.34,16.0,6
4496,7,16.55,14.0,5
4497,3,17.59,12.0,2
4498,10,18.31,20.0,8
4499,13,1.79,39.0,12
4500,11,26.58,33.0,13
4501,8,11.67,16.0,5
4502,22,17.61,44.0,27
4503,12,,24.0,14
4504,3,14.75,9.0,2
4505,5,13.81,20.0,4
4506,9,12.59,18.0,10
4507,9,16.61,27.0,10
4508,7,15.86,21.0,5
4509,5,6.35,15.0,5
4510,13,21.02,,12
4511,13,6.38,39.0,11
4512,6,11.61,18.0,5
4513,4,19.56,8.0,3
4514,9,18.1,18.0,10
4515,8,10.66,32.0,10
4516,7,16.55,28.0,7
4517,9,29.86,27.0,7
4518,0,10.71,0.0,1
4519,5,10.12,10.0,4
4520,9,11.79,18.0,10
4521,12,26.98,36.0,9
4522,5,19.57,20.0,6
4523,25,20.31,100.0,25
4524,5,8.67,15.0,4
4525,9,9.73,18.0,6
4526,5,4.44,10.0,5
4527,9,22.24,36.0,6
4528,10,20.68,20.0,10
4529,4,7.72,16.0,4
4530,7,16.55,28.0,5
4531,5,14.19,20.0,4
4532,3,11.45,12.0,2
4533,6,18.21,18.0,5
4534,7,24.63,28.0,7
4535,4,8.25,12.0,4
4536,12,7.15,24.0,12
4537,11,18.13,22.0,13
4538,5,10.26,20.0,4
4539,5,,20.0,5
4540,6,22.84,18.0,5
4541,8,14.78,16.0,6
4542,10,9.93,40.0,11
4543,0,23.99,0.0,1
4544,13,23.18,26.0,9
4545,4,19.62,12.0,3
4546,3,17.34,6.0,2
4547,3,17.0,6.0,3
4548,4,10.0,16.0,3
4549,7,14.89,14.0,5
4550,5,15.02,20.0,4
4551,7,15.33,14.0,6
4552,5,20.96,15.0,4
4553,8,18.39,,10
4554,7,8.09,21.0,7
4555,4,21.17,8.0,4
4556,7,15.49,28.0,7
4557,9,14.11,18.0,9
4558,8,8.35,32.0,6
4559,4,11.58,8.0,4
4560,17,20.77,34.0,17
4561,10,10.7,20.0,11
4562,14,8.96,28.0,10
4563,7,14.61,28.0,8
4564,6,19.58,12.0,6
4565,15,21.17,30.0,10
4566,11,14.88,33.0,10
4567,9,19.75,36.0,11
4568,16,16.26,32.0,18
4569,9,19.66,18.0,7
4570,10,23.69,40.0,12
4571,3,24.16,12.0,2
4572,8,18.32,32.0,6
4573,6,16.64,24.0,5
4574,9,9.96,18.0,7
4575,5,23.64,20.0,4
4576,5,10.35,15.0,5
4577,3,17.89,6.0,3
4578,12,11.71,48.0,13
4579,4,19.82,12.0,3
4580,11,8.71,33.0,11
4581,4,14.14,12.0,3
4582,12,21.12,48.0,12
4583,9,13.46,36.0,6
4584,12,15.15,,10
4585,6,11.28,12.0,4
4586,7,23.78,21.0,8
4587,3,18.57,12.0,3
4588,20,15.85,80.0,24
4589,11,16.64,44.0,13
4590,6,15.99,12.0,4
4591,6,19.26,24.0,7
4592,7,16.49,14.0,5
4593,19,20.9,38.0,18
4594,1,20.85,2.0,1
4595,11,18.53,44.0,10
4596,5,15.76,15.0,4
4597,22,18.82,66.0,22
4598,5,16.33,10.0,5
4599,3,11.84,12.0,3
4600,5,16.72,10.0,5
4601,6,13.8,18.0,7
4602,9,19.35,18.0,11
4603,9,23.81,27.0,8
4604,11,15.51,44.0,10
4605,7,16.12,14.0,7
4606,14,20.88,56.0,13
4607,10,24.94,40.0,10
4608,12,17.63,36.0,12
4609,13,16.43,39.0,9
4610,14,15.8,42.0,16
4611,5,19.97,20.0,3
4612,10,16.5,20.0,7
4613,6,12.27,12.0,6
4614,5,15.35,20.0,4
4615,6,23.52,24.0,6
4616,10,15.44,40.0,12
4617,4,19.18,16.0,3
4618,8,18.61,24.0,9
4619,3,2.56,12.0,2
4620,4,15.83,16.0,3
4621,9,26.89,27.0,7
4622,1,15.4,3.0,1
4623,5,16.98,15.0,5
4624,9,26.4,27.0,6
4625,9,14.17,36.0,7
4626,5,17.66,10.0,5
4627,6,17.78,24.0,5
4628,12,25.02,36.0,15
4629,4,11.45,8.0,4
4630,5,17.46,15.0,5
4631,11,9.69,33.0,11
4632,6,11.98,24.0,6
4633,11,6.89,22.0,8
4634,5,17.19,20.0,6
4635,11,17.2,22.0,11
4636,29,19.59,87.0,31
4637,3,13.35,,3
4638,5,6.2,10.0,4
4639,9,-0.75,18.0,8
4640,25,23.97,,18
4641,11,21.42,44.0,13
4642,5,17.57,20.0,4
4643,14,,42.0,17
4644,3,9.71,6.0,3
4645,4,18.82,12.0,5
4646,3,15.37,12.0,3
4647,4,19.72,12.0,3
4648,5,18.34,20.0,6
4649,16,26.16,48.0,17
4650,10,20.64,30.0,11
4651,8,29.03,24.0,9
4652,6,18.36,24.0,7
4653,6,20.24,12.0,4
4654,3,8.22,6.0,3
4655,12,15.47,48.0,10
4656,7,19.66,21.0,6
4657,10,19.39,30.0,8
4658,7,17.19,14.0,5
4659,7,-5.38,21.0,6
4660,6,20.25,,7
4661,8,24.89,24.0,6
4662,3,13.3,6.0,2
4663,10,13.59,20.0,8
4664,8,17.76,32.0,10
4665,15,14.13,30.0,10
4666,7,6.08,14.0,5
4667,3,26.42,6.0,3
4668,6,17.54,12.0,4
4669,9,10.51,18.0,10
4670,4,15.1,12.0,3
4671,7,6.47,28.0,8
4672,1,20.17,2.0,1
4673,5,9.13,20.0,4
4674,12,9.12,24.0,11
4675,7,3.97,14.0,8
4676,2,13.04,4.0,2
4677,5,16.24,10.0,6
4678,13,13.54,52.0,10
4679,6,17.13,24.0,7
4680,7,21.12,21.0,8
4681,3,29.37,9.0,2
4682,10,17.89,40.0,10
4683,3,6.88,6.0,3
4684,6,9.49,24.0,6
4685,8,16.92,32.0,6
4686,5,13.91,10.0,6
4687,9,21.58,18.0,10
4688,11,11.53,44.0,13
4689,4,14.06,12.0,4
4690,8,10.61,32.0,8
4691,3,13.09,12.0,3
4692,5,19.62,20.0,4
4693,2,21.6,4.0,2
4694,3,25.06,9.0,2
4695,5,14.1,10.0,6
4696,23,17.79,92.0,27
4697,7,17.75,28.0,8
4698,11,18.43,44.0,10
4699,11,11.77,22.0,9
4700,8,11.08,32.0,7
4701,7,22.3,21.0,5
4702,27,39.17,81.0,23
4703,9,16.67,27.0,7
4704,11,17.66,33.0,11
4705,7,18.93,21.0,6
4706,6,8.89,18.0,4
4707,9,20.39,27.0,10
4708,10,19.99,30.0,12
4709,12,16.53,48.0,10
4710,2,6.91,4.0,1
4711,2,9.96,4.0,1
4712,5,19.63,15.0,5
4713,5,21.84,20.0,6
4714,7,29.16,28.0,8
4715,3,13.36,9.0,3
4716,8,7.04,32.0,7
4717,8,19.65,32.0,9
4718,5,9.6,15.0,5
4719,14,24.31,56.0,17
4720,5,15.95,10.0,5
4721,13,17.58,39.0,12
4722,8,12.46,16.0,9
4723,3,15.27,9.0,2
4724,4,22.52,12.0,2
4725,20,15.75,60.0,19
4726,2,15.1,4.0,2
4727,10,21.58,40.0,12
4728,22,28.42,66.0,26
4729,6,21.05,12.0,5
4730,17,15.17,68.0,12
4731,3,15.43,9.0,2
4732,3,17.48,9.0,2
4733,5,10.22,20.0,5
4734,7,9.39,28.0,5
4735,8,15.92,32.0,6
4736,5,6.6,20.0,6
4737,12,20.86,48.0,15
4738,8,18.27,24.0,8
4739,12,7.71,48.0,11
4740,5,27.23,10.0,4
4741,7,,28.0,8
4742,11,3.56,22.0,8
4743,8,13.89,16.0,7
4744,3,15.49,9.0,2
4745,10,11.99,40.0,8
4746,6,15.08,12.0,4
4747,6,17.67,18.0,5
4748,9,13.47,36.0,7
4749,11,27.67,22.0,10
4750,6,3.21,12.0,6
4751,3,5.13,9.0,2
4752,9,14.36,27.0,10
4753,7,15.93,28.0,5
4754,7,21.76,21.0,8
4755,5,5.97,15.0,4
4756,1,8.6,4.0,1
4757,2,17.5,8.0,1
4758,10,9.24,30.0,8
4759,4,7.24,8.0,3
4760,3,16.48,9.0,3
4761,21,11.62,42.0,23
4762,8,,16.0,8
4763,5,13.07,10.0,6
4764,3,15.06,12.0,3
4765,8,13.34,24.0,8
4766,5,10.96,20.0,3
4767,18,21.5,72.0,19
4768,19,17.76,57.0,20
4769,6,4.32,18.0,5
4770,3,11.51,12.0,2
4771,6,18.7,12.0,7
4772,13,14.68,39.0,9
4773,11,21.12,33.0,11
4774,5,13.47,20.0,5
4775,6,15.63,18.0,6
4776,15,19.97,45.0,18
4777,4,16.59,8.0,3
4778,17,21.93,51.0,18
4779,0,11.02,0.0,1
4780,16,19.38,64.0,15
4781,6,19.08,24.0,4
4782,4,6.41,16.0,2
4783,4,17.08,16.0,3
4784,8,16.49,16.0,10
4785,1,16.65,3.0,1
4786,5,13.89,15.0,5
4787,6,10.41,18.0,6
4788,7,9.84,28.0,5
4789,10,13.75,40.0,12
4790,6,-0.88,24.0,4
4791,6,11.05,18.0,6
4792,4,16.11,8.0,3
4793,6,25.24,18.0,4
4794,10,14.85,20.0,12
4795,5,15.37,20.0,6
4796,5,8.69,20.0,4
4797,8,14.94,32.0,8
4798,10,13.36,30.0,11
4799,3,12.61,12.0,2
4800,12,11.28,24.0,9
4801,15,16.67,30.0,17
4802,8,10.85,24.0,9
4803,9,24.51,36.0,6
4804,1,13.76,4.0,1
4805,10,16.29,40.0,11
4806,6,15.76,24.0,6
4807,16,23.41,64.0,16
4808,12,17.34,48.0,14
4809,14,23.19,28.0,17
4810,15,12.81,45.0,15
4811,5,16.25,15.0,5
4812,3,9.66,9.0,3
4813,9,9.34,,6
4814,6,12.71,24.0,6
4815,7,9.57,28.0,8
4816,6,18.58,24.0,7
4817,18,17.37,54.0,21
4818,7,17.12,21.0,5
4819,3,6.68,12.0,2
4820,6,23.91,18.0,5
4821,0,18.61,0.0,1
4822,5,10.79,15.0,4
4823,14,19.73,56.0,12
4824,6,20.09,24.0,7
4825,16,17.35,64.0,17
4826,16,11.4,32.0,17
4827,10,25.99,40.0,8
4828,23,28.73,69.0,25
4829,8,16.44,24.0,9
4830,10,17.03,30.0,7
4831,20,20.5,80.0,21
4832,4,8.68,12.0,4
4833,7,,14.0,7
4834,11,14.26,22.0,11
4835,8,13.44,24.0,9
4836,8,16.67,32.0,8
4837,12,22.05,36.0,12
4838,13,22.25,52.0,9
4839,2,22.23,4.0,1
4840,2,10.93,,2
4841,2,10.15,6.0,2
4842,6,15.61,12.0,7
4843,6,18.23,12.0,6
4844,16,36.0,48.0,13
4845,11,13.75,33.0,12
4846,9,11.68,27.0,9
4847,18,9.22,36.0,22
4848,8,12.21,32.0,8
4849,9,10.25,36.0,7
4850,2,17.71,4.0,2
4851,8,10.55,32.0,6
4852,7,12.36,14.0,8
4853,10,9.87,40.0,7
4854,13,17.15,26.0,12
4855,8,12.37,32.0,10
4856,4,16.18,16.0,3
4857,7,21.56,14.0,5
4858,6,18.73,12.0,5
4859,5,9.67,15.0,5
4860,7,14.0,28.0,5
4861,12,15.15,48.0,8
4862,6,14.4,18.0,4
4863,5,8.9,15.0,4
4864,5,19.23,20.0,5
4865,6,13.07,18.0,7
4866,12,28.25,36.0,11
4867,21,18.68,63.0,21
4868,7,25.59,28.0,8
4869,8,,32.0,6
4870,6,21.46,18.0,7
4871,5,1.07,20.0,5
4872,10,18.14,30.0,12
4873,7,20.55,14.0,8
4874,8,13.73,24.0,8
4875,1,10.34,,1
4876,6,28.73,18.0,5
4877,3,8.01,6.0,2
4878,11,5.07,33.0,10
4879,5,12.87,20.0,4
4880,6,21.92,18.0,4
4881,6,7.22,24.0,6
4882,5,10.72,10.0,4
4883,9,8.35,36.0,6
4884,1,12.9,3.0,1
4885,3,6.75,12.0,2
4886,7,15.67,,8
4887,6,7.75,12.0,4
4888,16,14.12,32.0,13
4889,8,3.1,24.0,9
4890,6,17.46,12.0,7
4891,6,14.75,18.0,7
4892,14,25.56,28.0,17
4893,6,14.25,18.0,4
4894,8,16.02,32.0,8
4895,6,15.79,18.0,6
4896,3,21.43,9.0,3
4897,6,22.24,18.0,5
4898,4,21.53,8.0,3
4899,6,11.87,18.0,4
4900,21,18.05,84.0,23
4901,5,24.33,15.0,6
4902,2,13.13,8.0,2
4903,21,14.12,42.0,21
4904,10,23.0,30.0,9
4905,7,14.95,28.0,6
4906,7,22.67,14.0,7
4907,7,3.94,28.0,6
4908,14,12.85,42.0,9
4909,5,16.53,20.0,5
4910,3,8.67,9.0,2
4911,6,13.73,24.0,5
4912,4,19.2,8.0,4
4913,4,16.68,8.0,5
4914,9,3.98,27.0,8
4915,4,6.53,12.0,3
4916,6,11.9,12.0,6
4917,6,9.31,12.0,4
4918,8,7.93,32.0,9
4919,12,26.95,48.0,13
4920,6,10.27,18.0,7
4921,19,16.29,57.0,17
4922,12,8.51,36.0,13
4923,11,24.07,22.0,12
4924,16,17.3,48.0,14
4925,6,12.95,12.0,5
4926,4,19.51,8.0,3
4927,4,21.37,8.0,2
4928,6,,12.0,6
4929,10,20.91,30.0,7
4930,6,11.21,12.0,4
4931,11,17.63,22.0,12
4932,1,15.41,2.0,1
4933,6,18.58,24.0,6
4934,5,13.6,15.0,4
4935,9,28.87,36.0,10
4936,11,23.62,22.0,8
4937,10,9.19,30.0,12
4938,9,5.73,36.0,6
4939,9,13.96,27.0,9
4940,4,20.59,8.0,4
4941,8,15.88,24.0,8
4942,9,20.86,36.0,10
4943,5,24.95,20.0,5
4944,3,8.11,9.0,2
4945,7,16.6,14.0,5
4946,4,16.34,16.0,3
4947,5,16.08,10.0,5
4948,21,7.75,84.0,15
4949,11,20.31,44.0,11
4950,6,6.66,18.0,7
4951,3,13.81,12.0,3
4952,4,13.06,16.0,4
4953,10,22.12,40.0,8
4954,7,11.68,21.0,7
4955,2,26.19,6.0,2
4956,10,18.22,30.0,11
4957,4,11.19,,4
4958,16,25.83,48.0,18
4959,3,8.98,6.0,3
4960,14,11.99,56.0,15
4961,6,10.92,18.0,5
4962,1,16.72,4.0,1
4963,6,16.88,24.0,4
4964,10,13.64,30.0,8
4965,8,18.73,32.0,5
4966,6,12.57,24.0,7
4967,11,11.22,33.0,12
4968,5,5.57,20.0,5
4969,3,9.59,12.0,3
4970,9,18.17,36.0,6
4971,13,9.76,52.0,13
4972,3,24.86,12.0,3
4973,10,14.96,30.0,9
4974,8,11.11,24.0,9
4975,8,23.25,32.0,5
4976,12,18.51,48.0,8
4977,6,,12.0,5
4978,11,9.07,33.0,14
4979,4,16.9,8.0,3
4980,11,28.03,44.0,13
4981,3,23.16,12.0,2
4982,4,9.33,12.0,4
4983,5,20.45,10.0,6
4984,9,14.62,36.0,6
4985,6,15.45,12.0,5
4986,9,10.96,18.0,9
4987,9,23.39,18.0,11
4988,3,16.99,12.0,2
4989,5,17.13,20.0,4
4990,15,17.64,60.0,12
4991,6,3.77,18.0,7
4992,5,11.87,10.0,6
4993,6,10.75,24.0,4
4994,7,12.08,14.0,9
4995,4,10.27,16.0,3
4996,15,15.72,45.0,13
4997,5,11.52,20.0,3
4998,7,16.62,28.0,6
4999,8,9.86,16.0,5
5000,4,18.45,8.0,3
5001,4,21.33,16.0,3
5002,20,13.2,60.0,23
5003,6,13.1,24.0,6
5004,5,20.03,20.0,4
5005,2,22.7,4.0,1
5006,7,15.95,21.0,5
5007,4,17.78,16.0,3
5008,11,20.18,22.0,13
5009,4,19.26,16.0,4
5010,16,21.47,64.0,12
5011,6,16.78,12.0,7
5012,6,12.09,18.0,4
5013,4,16.54,8.0,3
5014,8,21.77,32.0,9
5015,25,23.86,50.0,24
5016,16,16.59,48.0,17
5017,7,15.64,28.0,6
5018,5,13.79,20.0,5
5019,17,24.54,34.0,18
5020,12,22.06,36.0,12
5021,2,17.94,4.0,1
5022,3,22.51,12.0,3
5023,9,11.79,27.0,11
5024,12,9.47,48.0,10
5025,12,9.85,48.0,14
5026,4,23.14,8.0,5
5027,9,7.86,18.0,7
5028,7,19.05,28.0,5
5029,6,12.42,18.0,5
5030,1,14.37,,1
5031,26,12.84,78.0,29
5032,10,24.85,20.0,7
5033,7,13.63,28.0,7
5034,8,28.82,32.0,9
5035,7,30.61,14.0,9
5036,9,10.92,36.0,10
5037,11,26.61,22.0,10
5038,7,24.05,28.0,7
5039,6,,18.0,6
5040,4,15.11,8.0,3
5041,4,22.14,12.0,4
5042,13,12.98,39.0,16
5043,7,22.85,21.0,6
5044,7,19.61,14.0,8
5045,8,10.66,24.0,9
5046,8,23.41,24.0,8
5047,6,18.7,12.0,6
5048,9,8.52,36.0,11
5049,10,12.26,20.0,11
5050,9,15.82,18.0,11
5051,4,16.69,12.0,4
5052,15,17.89,45.0,11
5053,7,11.51,14.0,5
5054,20,27.1,40.0,16
5055,6,18.55,24.0,7
5056,8,17.6,24.0,10
5057,7,17.69,21.0,7
5058,7,19.78,14.0,5
5059,8,23.61,16.0,6
5060,6,11.56,18.0,5
5061,11,18.77,33.0,10
5062,5,19.31,20.0,6
5063,4,17.54,16.0,3
5064,5,17.07,15.0,5
5065,13,25.66,26.0,14
5066,5,7.49,20.0,6
5067,8,20.33,16.0,6
5068,7,12.41,21.0,8
5069,14,21.3,42.0,12
5070,7,17.74,28.0,6
5071,3,17.84,6.0,3
5072,4,7.19,8.0,2
5073,7,13.11,14.0,8
5074,4,7.06,16.0,4
5075,4,15.63,12.0,2
5076,8,11.97,24.0,8
5077,5,6.45,20.0,4
5078,16,8.92,64.0,13
5079,7,26.28,21.0,5
5080,13,23.43,39.0,14
5081,4,13.63,16.0,3
5082,6,14.06,12.0,7
5083,10,17.02,20.0,11
5084,20,21.42,80.0,19
5085,10,15.82,30.0,12
5086,5,17.85,20.0,4
5087,2,21.31,6.0,2
5088,5,14.94,10.0,4
5089,16,9.51,32.0,17
5090,13,28.93,52.0,12
5091,6,15.86,24.0,4
5092,5,14.76,10.0,4
5093,10,21.32,20.0,8
5094,14,11.44,56.0,16
5095,12,15.55,24.0,12
5096,18,12.04,54.0,18
5097,5,13.51,20.0,4
5098,9,23.45,27.0,6
5099,7,13.86,28.0,6
5100,14,7.91,28.0,12
5101,8,8.86,24.0,8
5102,13,15.03,52.0,12
5103,2,10.68,6.0,2
5104,6,25.14,12.0,6
5105,4,12.52,16.0,3
5106,3,17.88,9.0,2
5107,3,17.01,12.0,2
5108,6,23.46,12.0,5
5109,5,18.59,15.0,5
5110,7,15.85,14.0,8
5111,5,6.91,15.0,6
5112,3,11.45,12.0,3
5113,7,27.25,21.0,7
5114,6,17.85,18.0,4
5115,5,16.09,15.0,5
5116,7,15.56,28.0,7
5117,11,10.96,33.0,8
5118,1,9.12,2.0,1
5119,9,24.3,18.0,9
5120,7,17.55,28.0,7
5121,20,29.18,60.0,23
5122,4,15.95,8.0,4
5123,12,10.83,24.0,8
5124,4,18.06,8.0,4
5125,8,18.36,16.0,6
5126,4,18.52,16.0,3
5127,4,15.39,8.0,2
5128,5,22.22,15.0,4
5129,3,14.08,6.0,2
5130,9,15.6,27.0,11
5131,4,,8.0,3
5132,5,12.69,15.0,3
5133,11,18.7,44.0,10
5134,12,19.44,24.0,15
5135,7,11.36,28.0,7
5136,10,22.86,40.0,7
5137,9,9.54,27.0,6
5138,5,14.42,15.0,3
5139,6,16.54,18.0,5
5140,4,18.37,8.0,2
5141,5,16.1,,4
5142,3,13.14,12.0,2
5143,7,18.93,21.0,8
5144,7,10.82,21.0,5
5145,9,21.96,18.0,6
5146,9,12.14,36.0,10
5147,6,11.43,18.0,5
5148,14,17.97,42.0,15
5149,13,23.1,39.0,14
5150,17,16.53,68.0,20
5151,4,8.24,8.0,3
5152,4,14.63,16.0,4
5153,8,11.7,24.0,8
5154,2,18.16,4.0,1
5155,4,13.61,8.0,4
5156,4,12.64,12.0,4
5157,22,19.48,44.0,25
5158,8,22.55,16.0,6
5159,3,14.22,12.0,3
5160,8,8.62,24.0,9
5161,4,13.92,16.0,5
5162,1,10.53,3.0,1
5163,6,19.24,12.0,5
5164,22,-0.41,88.0,18
5165,9,8.95,36.0,8
5166,4,18.5,12.0,5
5167,26,31.66,104.0,21
5168,8,13.73,32.0,9
5169,6,16.0,12.0,6
5170,6,15.85,12.0,5
5171,11,10.14,33.0,8
5172,6,16.96,12.0,4
5173,3,21.02,9.0,2
5174,8,12.91,24.0,7
5175,4,12.97,12.0,4
5176,8,10.97,24.0,8
5177,11,19.93,44.0,14
5178,6,15.2,12.0,7
5179,4,11.68,12.0,4
5180,4,15.11,16.0,4
5181,9,10.07,18.0,10
5182,8,16.42,16.0,10
5183,5,7.56,15.0,3
5184,7,11.06,28.0,7
5185,9,11.73,27.0,11
5186,3,18.39,6.0,3
5187,3,12.12,12.0,3
5188,7,25.1,14.0,7
5189,11,14.64,22.0,7
5190,4,24.11,12.0,5
5191,5,19.54,20.0,5
5192,17,15.27,,12
5193,8,15.03,24.0,8
5194,5,13.77,20.0,5
5195,6,12.49,12.0,7
5196,19,14.16,57.0,14
5197,10,24.92,40.0,10
5198,3,26.58,6.0,2
5199,4,6.12,16.0,4
5200,3,12.31,6.0,2
5201,9,8.9,36.0,9
5202,6,19.61,24.0,7
5203,5,8.24,20.0,6
5204,5,23.15,20.0,5
5205,8,28.16,24.0,9
5206,4,12.25,8.0,3
5207,9,23.94,36.0,6
5208,6,18.43,24.0,4
5209,8,18.07,24.0,7
5210,13,23.56,26.0,14
5211,7,18.03,14.0,8
5212,3,9.77,12.0,3
5213,10,7.28,20.0,10
5214,3,14.76,6.0,2
5215,8,12.52,24.0,9
5216,7,16.74,21.0,8
5217,18,16.75,72.0,17
5218,7,9.35,28.0,6
5219,3,11.13,6.0,3
5220,6,17.75,18.0,6
5221,17,25.36,51.0,20
5222,12,17.24,48.0,10
5223,8,12.36,16.0,6
5224,0,15.4,0.0,1
5225,10,23.18,30.0,9
5226,6,14.12,12.0,7
5227,10,19.85,40.0,8
5228,11,17.64,33.0,13
5229,4,18.64,8.0,5
5230,3,18.14,9.0,3
5231,2,19.22,6.0,1
5232,8,20.15,32.0,9
5233,7,10.06,21.0,8
5234,6,13.46,24.0,5
5235,7,18.08,28.0,6
5236,9,24.27,27.0,6
5237,3,16.48,6.0,3
5238,7,16.78,,4
5239,5,13.57,15.0,5
5240,6,12.63,24.0,6
5241,3,13.03,6.0,2
5242,4,,16.0,4
5243,5,17.49,10.0,4
5244,4,4.53,8.0,4
5245,5,21.02,10.0,3
5246,5,15.73,20.0,3
5247,10,29.66,40.0,10
5248,11,15.35,44.0,14
5249,5,14.72,20.0,5
5250,3,20.44,9.0,2
5251,10,21.38,20.0,10
5252,9,29.53,27.0,8
5253,3,5.52,12.0,3
5254,7,19.74,14.0,7
5255,14,25.2,56.0,11
5256,8,15.91,32.0,6
5257,3,17.93,12.0,2
5258,7,12.98,14.0,8
5259,2,27.91,4.0,1
5260,3,7.27,12.0,2
5261,18,24.46,,18
5262,2,21.7,8.0,1
5263,15,6.72,45.0,14
5264,6,21.78,12.0,4
5265,7,17.9,14.0,7
5266,2,26.65,4.0,1
5267,13,18.71,26.0,16
5268,4,20.37,8.0,4
5269,11,10.49,33.0,9
5270,12,23.38,24.0,9
5271,2,4.5,6.0,1
5272,7,20.81,14.0,7
5273,5,19.53,10.0,4
5274,7,18.29,28.0,5
5275,4,13.77,16.0,4
5276,2,13.26,4.0,1
5277,9,,36.0,9
5278,6,10.41,24.0,6
5279,14,22.82,28.0,10
5280,14,23.75,28.0,12
5281,6,27.4,12.0,5
5282,7,20.0,21.0,5
5283,8,14.57,32.0,8
5284,11,15.49,44.0,9
5285,6,12.54,18.0,5
5286,11,7.13,22.0,7
5287,11,23.95,22.0,13
5288,2,10.85,8.0,2
5289,8,14.8,24.0,8
5290,3,3.64,6.0,2
5291,8,16.07,24.0,8
5292,2,14.77,8.0,2
5293,4,19.04,16.0,3
5294,8,17.37,32.0,8
5295,9,16.03,27.0,8
5296,11,18.81,44.0,13
5297,10,10.29,20.0,8
5298,3,20.83,12.0,2
5299,7,13.99,28.0,5
5300,7,16.25,21.0,5
5301,8,23.37,24.0,6
5302,13,13.64,52.0,14
5303,3,12.68,6.0,2
5304,9,18.91,18.0,6
5305,4,15.52,16.0,3
5306,6,4.7,24.0,7
5307,3,17.39,6.0,2
5308,8,14.72,16.0,9
5309,7,11.39,,6
5310,14,21.89,28.0,13
5311,8,8.06,32.0,6
5312,4,9.17,16.0,4
5313,4,17.01,8.0,4
5314,8,20.08,16.0,5
5315,11,13.98,22.0,13
5316,6,19.54,18.0,4
5317,12,25.75,48.0,12
5318,9,12.83,36.0,10
5319,2,22.76,8.0,1
5320,10,26.0,20.0,10
5321,3,19.51,12.0,3
5322,12,16.56,36.0,15
5323,8,13.26,,10
5324,16,20.96,64.0,18
5325,6,16.0,18.0,5
5326,6,16.08,18.0,4
5327,11,11.35,22.0,11
5328,6,16.33,18.0,7
5329,8,18.25,24.0,6
5330,10,19.34,20.0,10
5331,7,22.65,28.0,6
5332,7,16.29,21.0,4
5333,2,15.91,6.0,1
5334,4,17.91,8.0,4
5335,4,13.2,16.0,3
5336,15,13.77,30.0,12
5337,4,14.7,16.0,4
5338,2,18.51,8.0,2
5339,2,20.51,4.0,1
5340,12,15.58,24.0,12
5341,4,12.47,8.0,3
5342,4,19.01,16.0,2
5343,4,12.28,16.0,3
5344,6,23.01,12.0,5
5345,9,24.74,36.0,10
5346,3,12.36,9.0,2
5347,8,1.0,16.0,8
5348,8,10.82,24.0,10
5349,6,34.55,18.0,5
5350,3,14.67,9.0,3
5351,10,22.14,40.0,8
5352,8,15.65,32.0,7
5353,7,19.32,21.0,5
5354,2,16.21,8.0,2
5355,5,21.26,10.0,4
5356,7,18.36,14.0,8
5357,2,17.77,4.0,1
5358,3,16.71,6.0,3
5359,4,8.82,8.0,4
5360,9,19.75,36.0,9
5361,12,10.51,48.0,11
5362,6,7.99,24.0,5
5363,11,20.8,22.0,10
5364,6,5.27,12.0,6
5365,9,11.3,36.0,10
5366,15,20.85,30.0,15
5367,12,21.61,24.0,12
5368,10,8.61,20.0,12
5369,5,18.09,15.0,6
5370,10,11.72,20.0,7
5371,4,17.32,16.0,2
5372,6,17.25,18.0,6
5373,2,9.38,8.0,2
5374,9,6.79,18.0,7
5375,5,14.31,10.0,5
5376,7,9.8,21.0,7
5377,6,14.22,12.0,6
5378,3,14.16,9.0,2
5379,9,19.05,27.0,6
5380,2,11.54,8.0,2
5381,6,17.28,12.0,4
5382,9,25.09,,9
5383,6,16.77,12.0,7
5384,15,25.05,60.0,15
5385,4,28.94,12.0,2
5386,10,20.14,20.0,7
5387,5,18.62,20.0,4
5388,6,9.31,24.0,4
5389,7,22.15,14.0,8
5390,9,26.23,36.0,7
5391,18,16.99,72.0,22
5392,15,17.52,60.0,18
5393,3,16.8,,3
5394,11,21.62,44.0,10
5395,19,25.69,57.0,14
5396,3,16.66,9.0,2
5397,9,,27.0,8
5398,8,10.8,24.0,9
5399,6,15.64,24.0,5
5400,8,13.23,24.0,7
5401,14,,42.0,15
5402,11,17.67,22.0,13
5403,14,16.37,42.0,16
5404,3,2.96,6.0,3
5405,3,17.97,12.0,2
5406,6,19.76,18.0,6
5407,9,14.49,18.0,7
5408,9,15.04,18.0,6
5409,9,11.41,27.0,8
5410,4,22.13,16.0,3
5411,5,19.12,15.0,3
5412,4,11.7,8.0,3
5413,8,15.69,16.0,9
5414,3,14.6,12.0,2
5415,5,17.0,10.0,4
5416,32,14.88,96.0,40
5417,2,23.04,4.0,2
5418,4,12.23,8.0,2
5419,5,17.12,10.0,5
5420,1,9.23,3.0,1
5421,4,4.35,12.0,3
5422,11,13.42,22.0,12
5423,6,12.34,24.0,5
5424,10,25.79,40.0,8
5425,5,26.97,15.0,6
5426,3,13.58,12.0,2
5427,10,8.04,40.0,9
5428,6,18.3,24.0,5
5429,6,17.73,24.0,4
5430,5,14.5,15.0,6
5431,8,13.9,24.0,7
5432,5,19.15,15.0,5
5433,6,15.35,24.0,7
5434,4,20.78,12.0,3
5435,8,28.07,16.0,7
5436,3,11.75,9.0,2
5437,10,15.55,40.0,7
5438,9,12.47,18.0,10
5439,23,22.37,69.0,24
5440,6,15.09,18.0,7
5441,11,13.25,22.0,9
5442,6,12.44,18.0,4
5443,7,19.81,14.0,9
5444,7,18.18,21.0,7
5445,9,12.89,27.0,6
5446,12,18.28,48.0,8
5447,8,11.31,16.0,6
5448,6,4.96,24.0,6
5449,3,18.64,9.0,2
5450,3,8.59,9.0,3
5451,9,16.89,27.0,7
5452,18,20.02,72.0,21
5453,14,16.0,28.0,18
5454,8,22.28,16.0,6
5455,11,11.43,44.0,9
5456,5,20.39,20.0,4
5457,5,4.34,20.0,3
5458,11,15.16,33.0,11
5459,2,11.08,4.0,2
5460,7,25.25,21.0,8
5461,13,9.65,52.0,12
5462,3,15.28,9.0,3
5463,5,21.5,10.0,6
5464,1,20.95,3.0,1
5465,5,11.25,15.0,4
5466,7,14.31,21.0,7
5467,8,11.51,24.0,9
5468,5,,10.0,3
5469,10,19.74,30.0,12
5470,5,11.25,15.0,5
5471,8,12.03,32.0,8
5472,10,18.76,20.0,12
5473,8,12.23,16.0,6
5474,16,4.27,32.0,19
5475,5,15.81,15.0,4
5476,6,16.27,12.0,7
5477,8,,16.0,6
5478,7,9.53,21.0,7
5479,3,13.22,6.0,2
5480,7,18.07,21.0,6
5481,3,9.91,9.0,3
5482,3,17.1,9.0,3
5483,5,7.04,10.0,5
5484,12,29.16,24.0,15
5485,8,12.21,32.0,7
5486,3,14.96,6.0,2
5487,15,18.04,45.0,16
5488,8,,24.0,7
5489,8,11.92,24.0,6
5490,9,10.27,36.0,9
5491,5,27.2,15.0,5
5492,12,14.75,36.0,11
5493,7,7.87,21.0,5
5494,7,21.38,21.0,7
5495,11,19.13,33.0,10
5496,6,9.8,24.0,6
5497,14,,42.0,13
5498,3,21.16,6.0,3
5499,5,15.5,15.0,5
5500,18,12.44,54.0,14
5501,16,22.35,64.0,16
5502,12,9.21,36.0,14
5503,7,11.26,21.0,5
5504,11,16.87,33.0,14
5505,9,12.29,27.0,9
5506,4,15.19,8.0,5
5507,5,7.09,15.0,5
5508,7,13.23,21.0,6
5509,6,13.98,18.0,5
5510,18,21.41,72.0,23
5511,2,20.33,4.0,2
5512,3,19.44,9.0,2
5513,4,23.34,16.0,4
5514,12,18.65,24.0,10
5515,14,20.08,42.0,9
5516,8,15.88,16.0,6
5517,8,16.29,32.0,7
5518,7,18.28,21.0,8
5519,5,22.63,20.0,5
5520,6,22.53,24.0,5
5521,7,10.79,21.0,5
5522,7,21.54,28.0,6
5523,4,18.82,8.0,3
5524,9,11.63,27.0,9
5525,5,17.66,10.0,5
5526,2,16.71,6.0,2
5527,7,22.58,28.0,7
5528,1,13.23,2.0,1
5529,8,18.41,24.0,7
5530,6,25.26,18.0,6
5531,13,13.68,52.0,15
5532,9,13.18,27.0,8
5533,21,14.55,42.0,14
5534,12,14.59,24.0,10
5535,6,20.86,24.0,6
5536,5,11.99,10.0,3
5537,8,22.2,24.0,8
5538,5,14.54,10.0,6
5539,6,17.08,12.0,4
5540,5,16.3,15.0,6
5541,1,21.64,2.0,1
5542,7,14.04,14.0,5
5543,11,10.02,33.0,10
5544,4,6.89,12.0,5
5545,16,,64.0,19
5546,4,14.85,12.0,3
5547,8,24.22,24.0,9
5548,22,15.44,66.0,21
5549,5,18.88,10.0,4
5550,4,25.13,12.0,3
5551,3,15.8,6.0,2
5552,5,13.21,15.0,4
5553,3,7.36,12.0,3
5554,11,21.74,22.0,13
5555,27,18.55,54.0,32
5556,1,8.12,4.0,1
5557,10,11.37,40.0,12
5558,4,11.18,16.0,4
5559,8,9.77,24.0,5
5560,3,10.94,9.0,3
5561,21,19.9,42.0,18
5562,1,12.97,4.0,1
5563,4,20.47,8.0,4
5564,5,13.41,20.0,4
5565,9,32.85,36.0,10
5566,9,10.12,27.0,7
5567,9,14.56,36.0,8
5568,8,21.52,24.0,9
5569,5,23.42,10.0,4
5570,5,24.89,15.0,6
5571,14,16.82,42.0,11
5572,2,15.7,,2
5573,10,19.31,30.0,8
5574,9,22.07,18.0,9
5575,9,20.16,27.0,8
5576,2,23.18,8.0,2
5577,5,8.16,20.0,4
5578,7,7.68,28.0,7
5579,13,17.39,39.0,12
5580,8,9.55,16.0,6
5581,10,11.5,20.0,10
5582,6,10.19,18.0,4
5583,10,30.4,30.0,12
5584,0,16.83,0.0,1
5585,9,13.3,27.0,7
5586,8,12.44,32.0,10
5587,3,18.02,9.0,2
5588,22,12.85,44.0,20
5589,3,14.07,12.0,2
5590,4,11.66,16.0,4
5591,7,16.87,21.0,8
5592,9,4.01,27.0,8
5593,9,21.62,36.0,8
5594,5,19.23,10.0,4
5595,5,8.46,20.0,5
5596,8,16.29,16.0,9
5597,3,27.61,9.0,3
5598,6,17.58,18.0,5
5599,8,19.94,16.0,6
5600,4,13.25,16.0,4
5601,13,16.96,26.0,16
5602,21,16.98,42.0,21
5603,11,28.06,33.0,10
5604,1,14.59,3.0,1
5605,1,20.7,2.0,1
5606,16,21.66,32.0,12
5607,6,10.42,18.0,5
5608,3,18.63,,3
5609,7,13.46,14.0,5
5610,23,24.3,69.0,25
5611,12,22.21,36.0,9
5612,2,8.95,6.0,1
5613,14,16.5,56.0,14
5614,25,18.08,75.0,30
5615,4,18.23,12.0,4
5616,5,7.58,10.0,5
5617,8,21.4,24.0,10
5618,7,12.1,14.0,7
5619,9,21.83,36.0,9
5620,3,12.03,9.0,3
5621,8,17.73,24.0,6
5622,9,15.83,27.0,8
5623,6,13.29,12.0,5
5624,10,24.58,30.0,11
5625,15,22.52,45.0,11
5626,28,15.39,84.0,32
5627,7,18.62,,6
5628,17,35.71,34.0,18
5629,8,18.17,16.0,5
5630,8,15.53,32.0,9
5631,7,20.9,21.0,8
5632,13,23.74,26.0,16
5633,7,7.0,28.0,9
5634,6,10.32,18.0,4
5635,3,13.75,9.0,2
5636,14,22.2,28.0,16
5637,7,16.65,28.0,5
5638,5,13.56,10.0,3
5639,10,18.65,20.0,8
5640,8,15.05,32.0,7
5641,6,14.88,12.0,4
5642,5,12.03,15.0,3
5643,15,11.73,45.0,13
5644,16,8.34,64.0,13
5645,4,20.27,16.0,4
5646,12,11.58,24.0,14
5647,1,14.66,4.0,1
5648,18,19.92,54.0,21
5649,5,21.23,20.0,4
5650,11,18.41,44.0,8
5651,6,18.51,24.0,6
5652,11,21.19,44.0,13
5653,17,18.93,51.0,16
5654,4,7.92,16.0,3
5655,15,15.41,45.0,18
5656,6,,24.0,4
5657,6,13.89,18.0,7
5658,4,15.45,8.0,4
5659,6,24.44,24.0,6
5660,9,4.92,18.0,10
5661,13,9.59,26.0,10
5662,6,17.62,18.0,5
5663,12,17.88,36.0,14
5664,7,24.45,28.0,7
5665,6,7.12,18.0,4
5666,12,17.57,24.0,10
5667,18,19.6,72.0,14
5668,5,13.68,20.0,4
5669,3,10.51,9.0,2
5670,5,10.92,10.0,5
5671,3,21.59,9.0,2
5672,9,24.19,27.0,10
5673,3,19.14,9.0,3
5674,13,17.76,26.0,13
5675,7,15.49,21.0,5
5676,6,17.11,12.0,5
5677,13,19.06,39.0,15
5678,6,14.43,24.0,5
5679,8,16.9,16.0,10
5680,7,14.92,14.0,7
5681,7,16.85,28.0,4
5682,11,13.95,22.0,12
5683,9,20.75,,7
5684,8,18.5,16.0,10
5685,24,25.27,72.0,23
5686,15,17.1,30.0,12
5687,16,21.45,32.0,20
5688,12,19.93,24.0,15
5689,7,21.64,14.0,6
5690,5,13.94,20.0,4
5691,19,13.23,38.0,22
5692,12,28.5,48.0,15
5693,6,15.3,18.0,5
5694,2,6.3,6.0,2
5695,8,20.41,16.0,8
5696,21,22.89,63.0,18
5697,12,14.78,36.0,12
5698,5,14.89,10.0,3
5699,6,17.59,18.0,6
5700,16,6.69,48.0,11
5701,5,19.36,20.0,5
5702,5,16.64,20.0,4
5703,6,16.81,18.0,7
5704,6,19.72,18.0,7
5705,9,6.04,36.0,11
5706,7,19.6,28.0,7
5707,5,0.62,10.0,5
5708,8,17.49,24.0,5
5709,4,3.94,16.0,4
5710,5,15.98,10.0,3
5711,7,16.25,14.0,6
5712,2,10.27,8.0,1
5713,5,10.91,15.0,6
5714,2,13.01,8.0,1
5715,3,9.97,12.0,2
5716,9,12.28,18.0,6
5717,5,8.52,15.0,3
5718,6,13.65,24.0,6
5719,3,17.06,9.0,2
5720,9,21.24,18.0,8
5721,10,16.59,20.0,8
5722,7,19.71,14.0,5
5723,9,12.96,18.0,7
5724,4,10.88,8.0,3
5725,12,16.78,48.0,13
5726,3,22.76,6.0,3
5727,4,14.87,12.0,3
5728,8,24.63,24.0,9
5729,3,13.85,6.0,3
5730,8,23.8,24.0,7
5731,6,,18.0,6
5732,5,12.61,10.0,6
5733,4,19.07,8.0,3
5734,8,18.68,32.0,8
5735,8,23.46,32.0,9
5736,11,8.52,22.0,13
5737,8,14.76,16.0,9
5738,6,11.14,18.0,6
5739,5,19.68,15.0,6
5740,8,10.3,24.0,9
5741,3,18.19,12.0,3
5742,19,15.51,76.0,21
5743,5,10.22,15.0,6
5744,6,15.76,24.0,6
5745,3,16.04,12.0,3
5746,4,,12.0,4
5747,9,16.34,,8
5748,4,15.05,8.0,3
5749,7,18.19,14.0,6
5750,9,21.01,18.0,8
5751,6,18.0,24.0,6
5752,17,19.08,34.0,12
5753,4,18.98,16.0,3
5754,8,20.61,16.0,8
5755,8,7.89,24.0,7
5756,8,22.9,32.0,7
5757,6,19.72,24.0,7
5758,13,17.78,39.0,13
5759,11,23.08,33.0,10
5760,11,11.32,33.0,12
5761,10,28.18,30.0,11
5762,5,11.52,10.0,6
5763,6,16.89,18.0,5
5764,9,25.97,18.0,8
5765,1,21.41,4.0,1
5766,2,20.69,4.0,1
5767,5,11.67,15.0,4
5768,10,12.66,40.0,12
5769,6,18.53,18.0,7
5770,6,22.13,18.0,6
5771,9,20.79,18.0,8
5772,6,14.04,12.0,6
5773,3,13.55,12.0,3
5774,18,18.76,36.0,22
5775,13,23.15,26.0,12
5776,7,22.43,14.0,8
5777,3,13.37,9.0,3
5778,7,21.42,14.0,8
5779,6,19.05,24.0,7
5780,5,24.97,20.0,5
5781,11,12.03,33.0,11
5782,15,18.51,60.0,18
5783,11,,22.0,10
5784,2,17.14,4.0,2
5785,0,22.19,0.0,1
5786,6,12.31,18.0,5
5787,6,18.31,12.0,5
5788,4,,12.0,5
5789,3,12.88,9.0,3
5790,9,29.19,36.0,10
5791,8,11.49,24.0,8
5792,8,26.33,24.0,6
5793,8,24.57,16.0,7
5794,2,11.76,8.0,2
5795,9,9.3,18.0,10
5796,8,10.25,32.0,7
5797,3,4.4,12.0,2
5798,6,14.77,12.0,6
5799,3,22.28,9.0,3
5800,27,23.21,108.0,33
5801,7,14.92,21.0,8
5802,12,16.63,36.0,11
5803,3,16.07,6.0,2
5804,5,6.43,10.0,6
5805,8,10.85,32.0,5
5806,4,5.74,8.0,2
5807,11,21.59,22.0,10
5808,4,13.89,16.0,3
5809,10,18.18,20.0,11
5810,8,20.63,16.0,6
5811,17,20.7,34.0,14
5812,3,15.08,6.0,2
5813,6,12.23,24.0,4
5814,7,7.66,28.0,8
5815,5,9.5,10.0,5
5816,7,22.9,14.0,6
5817,9,16.84,27.0,8
5818,10,20.38,20.0,11
5819,10,16.06,40.0,7
5820,12,22.94,48.0,13
5821,10,26.75,40.0,10
5822,8,18.59,16.0,9
5823,18,30.39,72.0,19
5824,4,18.14,16.0,4
5825,12,15.25,36.0,9
5826,6,25.24,24.0,6
5827,10,22.72,40.0,8
5828,4,19.23,8.0,3
5829,18,18.26,72.0,16
5830,7,17.22,14.0,5
5831,8,16.86,32.0,7
5832,7,19.32,28.0,7
5833,3,20.61,9.0,2
5834,7,12.22,14.0,7
5835,3,17.51,6.0,3
5836,2,22.76,6.0,1
5837,9,14.79,18.0,6
5838,3,10.64,12.0,3
5839,10,18.41,30.0,10
5840,9,13.5,36.0,7
5841,5,18.34,10.0,4
5842,10,21.11,40.0,9
5843,12,4.85,48.0,9
5844,18,8.52,72.0,17
5845,5,20.66,10.0,4
5846,4,9.39,12.0,3
5847,11,22.05,33.0,9
5848,14,25.81,42.0,12
5849,13,34.64,39.0,13
5850,4,16.64,8.0,4
5851,4,17.86,12.0,3
5852,11,20.47,22.0,9
5853,12,14.14,36.0,10
5854,5,12.94,10.0,4
5855,5,14.7,10.0,6
5856,6,24.53,,7
5857,10,10.63,30.0,7
5858,5,15.37,15.0,4
5859,28,16.24,56.0,35
5860,8,15.27,24.0,10
5861,9,13.44,18.0,11
5862,21,27.92,84.0,25
5863,2,19.21,4.0,2
5864,2,12.7,4.0,2
5865,12,23.5,48.0,9
5866,9,20.25,27.0,10
5867,2,24.44,8.0,2
5868,12,18.93,36.0,13
5869,4,23.42,12.0,4
5870,4,15.67,12.0,3
5871,5,10.72,10.0,4
5872,5,15.76,10.0,5
5873,11,19.75,22.0,7
5874,4,18.88,8.0,4
5875,23,25.09,46.0,18
5876,9,12.97,27.0,10
5877,4,19.79,12.0,5
5878,3,20.87,12.0,3
5879,7,22.21,28.0,8
5880,7,13.23,21.0,5
5881,8,12.46,24.0,7
5882,9,17.39,36.0,10
5883,5,12.53,20.0,5
5884,1,21.64,4.0,1
5885,9,23.05,36.0,10
5886,9,17.49,18.0,8
5887,10,10.06,20.0,10
5888,5,13.92,15.0,5
5889,17,22.31,68.0,16
5890,15,30.53,60.0,13
5891,4,9.42,12.0,4
5892,8,14.99,24.0,7
5893,8,8.78,32.0,7
5894,10,16.12,20.0,10
5895,6,17.12,24.0,7
5896,9,14.89,36.0,7
5897,16,23.23,48.0,14
5898,7,17.84,14.0,5
5899,9,19.92,27.0,9
5900,12,16.53,24.0,15
5901,6,18.97,12.0,7
5902,6,8.01,18.0,6
5903,11,15.47,22.0,14
5904,5,17.96,20.0,3
5905,5,5.13,15.0,5
5906,4,20.45,8.0,4
5907,7,6.3,,5
5908,13,21.26,26.0,14
5909,7,,28.0,7
5910,8,8.2,16.0,7
5911,2,22.52,8.0,2
5912,4,19.08,16.0,4
5913,3,11.0,9.0,2
5914,3,16.49,12.0,2
5915,1,22.38,4.0,1
5916,2,19.57,4.0,2
5917,20,16.37,40.0,20
5918,8,10.62,32.0,7
5919,13,20.52,39.0,15
5920,5,14.26,10.0,6
5921,8,19.49,32.0,7
5922,2,9.44,6.0,1
5923,9,,27.0,7
5924,9,12.42,18.0,6
5925,5,13.17,15.0,5
5926,5,8.03,15.0,4
5927,8,20.07,16.0,7
5928,5,16.71,15.0,5
5929,12,16.42,36.0,11
5930,7,10.34,14.0,8
5931,5,12.6,15.0,4
5932,7,10.62,14.0,5
5933,4,16.38,12.0,2
5934,4,14.18,12.0,4
5935,7,14.68,14.0,6
5936,6,23.48,24.0,5
5937,6,23.37,18.0,6
5938,2,8.4,4.0,2
5939,8,12.17,24.0,8
5940,22,18.99,66.0,15
5941,3,12.28,12.0,3
5942,8,1.38,24.0,5
5943,3,12.64,9.0,3
5944,6,19.18,18.0,4
5945,4,17.05,12.0,3
5946,3,6.96,9.0,2
5947,4,9.32,16.0,3
5948,5,17.55,20.0,5
5949,1,10.6,4.0,1
5950,16,11.78,48.0,12
5951,8,16.39,16.0,6
5952,4,17.81,8.0,4
5953,28,11.63,84.0,31
5954,5,6.22,20.0,4
5955,8,19.7,16.0,9
5956,7,19.77,28.0,8
5957,16,23.71,48.0,15
5958,9,8.53,27.0,10
5959,7,24.37,21.0,6
5960,12,11.9,48.0,9
5961,10,8.9,30.0,10
5962,7,10.02,21.0,6
5963,4,10.34,8.0,4
5964,5,26.13,10.0,5
5965,2,11.17,4.0,1
5966,5,12.36,20.0,4
5967,8,9.59,16.0,7
5968,6,15.75,18.0,4
5969,11,23.93,22.0,13
5970,5,25.38,10.0,4
5971,2,9.75,4.0,1
5972,1,17.49,3.0,1
5973,12,23.96,36.0,12
5974,4,15.26,8.0,3
5975,10,11.92,30.0,7
5976,6,8.9,24.0,7
5977,3,18.73,9.0,2
5978,7,24.54,21.0,7
5979,2,13.17,8.0,1
5980,10,11.41,20.0,10
5981,11,18.1,44.0,10
5982,5,19.58,10.0,5
5983,17,18.17,68.0,18
5984,2,20.69,8.0,1
5985,4,18.05,12.0,3
5986,11,20.2,22.0,8
5987,7,19.5,21.0,6
5988,10,20.83,40.0,11
5989,15,20.0,45.0,18
5990,4,16.69,8.0,2
5991,5,6.48,15.0,4
5992,4,18.26,,3
5993,5,,10.0,3
5994,8,21.39,16.0,10
5995,8,18.96,24.0,9
5996,1,14.98,3.0,1
5997,14,19.98,42.0,12
5998,6,22.25,24.0,4
5999,13,28.78,26.0,14
6000,8,10.54,24.0,10
6001,7,12.7,14.0,8
6002,9,24.39,27.0,8
6003,5,7.27,20.0,4
6004,10,11.65,30.0,7
6005,4,-0.09,12.0,5
6006,16,19.76,48.0,12
6007,9,19.65,36.0,7
6008,20,20.14,60.0,23
6009,15,11.7,60.0,12
6010,9,7.64,,9
6011,5,20.04,20.0,5
6012,3,9.53,12.0,3
6013,12,13.06,36.0,13
6014,6,13.86,12.0,4
6015,10,22.0,30.0,10
6016,7,19.06,21.0,6
6017,5,19.82,20.0,6
6018,2,12.44,8.0,2
6019,8,13.97,16.0,6
6020,12,24.95,24.0,13
6021,4,12.17,12.0,4
6022,14,20.92,56.0,15
6023,8,9.3,16.0,8
6024,5,22.14,20.0,4
6025,8,21.95,24.0,6
6026,9,18.75,27.0,7
6027,13,7.84,52.0,10
6028,3,24.65,12.0,3
6029,3,21.56,12.0,3
6030,5,9.37,15.0,3
6031,6,23.51,18.0,6
6032,2,15.5,8.0,1
6033,9,17.11,36.0,11
6034,7,32.21,21.0,5
6035,16,21.9,32.0,14
6036,20,13.71,40.0,20
6037,8,21.58,24.0,9
6038,3,,9.0,2
6039,7,6.54,14.0,6
6040,4,18.22,16.0,4
6041,4,14.75,16.0,4
6042,11,15.52,22.0,11
6043,11,11.96,22.0,11
6044,1,17.82,2.0,1
6045,7,17.58,14.0,7
6046,8,,24.0,9
6047,20,14.48,40.0,17
6048,9,16.59,18.0,11
6049,6,20.85,18.0,4
6050,17,,34.0,19
6051,10,8.33,20.0,12
6052,8,21.15,24.0,7
6053,7,21.06,28.0,9
6054,4,20.84,16.0,3
6055,5,9.39,10.0,4
6056,10,23.3,30.0,7
6057,9,13.94,18.0,11
6058,6,14.49,24.0,7
6059,8,15.41,24.0,6
6060,5,14.16,15.0,4
6061,6,9.22,18.0,7
6062,8,18.89,32.0,9
6063,11,20.86,33.0,10
6064,6,19.58,18.0,7
6065,6,13.49,18.0,5
6066,11,20.22,44.0,11
6067,13,18.94,26.0,10
6068,4,13.54,16.0,3
6069,7,12.9,14.0,5
6070,6,14.6,18.0,7
6071,8,14.86,24.0,10
6072,3,19.86,9.0,3
6073,1,23.38,3.0,1
6074,6,15.83,18.0,5
6075,6,3.3,24.0,4
6076,8,25.59,32.0,8
6077,6,10.04,24.0,5
6078,8,15.66,16.0,8
6079,10,6.82,40.0,10
6080,12,9.01,24.0,13
6081,11,12.88,22.0,10
6082,5,,10.0,4
6083,5,19.18,20.0,4
6084,8,11.74,16.0,10
6085,4,21.68,12.0,4
6086,7,31.19,14.0,8
6087,23,,69.0,28
6088,6,12.27,12.0,4
6089,5,10.3,20.0,6
6090,8,18.48,24.0,7
6091,6,21.44,24.0,7
6092,6,11.11,12.0,5
6093,7,21.91,14.0,7
6094,6,19.04,24.0,7
6095,10,13.34,40.0,8
6096,5,9.69,15.0,3
6097,4,19.74,16.0,3
6098,13,10.33,26.0,10
6099,3,16.14,6.0,2
6100,6,18.92,24.0,7
6101,8,23.89,24.0,7
6102,21,13.0,84.0,16
6103,7,22.97,28.0,9
6104,4,21.01,8.0,4
6105,10,24.31,30.0,7
6106,20,14.84,40.0,22
6107,13,23.16,26.0,10
6108,8,18.11,32.0,6
6109,16,14.42,48.0,20
6110,14,15.58,42.0,13
6111,7,14.77,28.0,8
6112,13,18.3,39.0,12
6113,5,21.31,15.0,3
6114,4,6.82,16.0,3
6115,6,24.2,18.0,4
6116,6,17.56,18.0,7
6117,5,19.56,10.0,6
6118,1,23.92,4.0,1
6119,6,17.62,12.0,4
6120,14,19.6,56.0,10
6121,2,22.84,6.0,2
6122,13,18.67,26.0,16
6123,9,15.81,36.0,7
6124,6,17.42,24.0,5
6125,7,8.69,28.0,5
6126,10,20.75,30.0,8
6127,13,16.27,39.0,10
6128,5,16.53,15.0,6
6129,2,17.63,8.0,2
6130,1,,4.0,1
6131,10,15.99,20.0,8
6132,6,14.06,24.0,6
6133,5,16.77,20.0,4
6134,3,8.21,12.0,2
6135,4,7.83,12.0,2
6136,7,13.76,28.0,7
6137,3,8.15,6.0,2
6138,12,24.22,48.0,13
6139,6,16.0,18.0,4
6140,2,14.24,4.0,1
6141,11,15.38,22.0,9
6142,22,28.78,88.0,28
6143,2,12.47,6.0,1
6144,3,16.9,12.0,2
6145,4,14.12,16.0,4
6146,3,15.86,12.0,2
6147,6,8.78,24.0,5
6148,5,17.37,15.0,3
6149,6,13.62,24.0,6
6150,7,23.12,21.0,7
6151,4,14.99,8.0,3
6152,11,13.79,33.0,13
6153,9,21.22,18.0,8
6154,6,16.4,18.0,5
6155,9,18.85,36.0,10
6156,8,20.02,24.0,9
6157,12,17.27,36.0,13
6158,13,23.92,52.0,11
6159,10,17.58,20.0,9
6160,10,13.84,40.0,8
6161,3,6.66,9.0,2
6162,14,24.96,56.0,10
6163,4,13.32,12.0,3
6164,5,14.64,15.0,5
6165,8,18.98,32.0,7
6166,9,12.44,27.0,8
6167,8,20.52,16.0,9
6168,10,14.43,40.0,9
6169,1,15.16,4.0,1
6170,16,19.71,32.0,11
6171,4,14.84,16.0,3
6172,10,22.21,20.0,11
6173,4,20.01,12.0,4
6174,7,19.97,21.0,6
6175,15,13.81,45.0,14
6176,5,21.51,20.0,4
6177,18,21.74,72.0,18
6178,7,11.37,21.0,8
6179,8,20.55,24.0,9
6180,11,16.64,44.0,8
6181,11,13.28,22.0,10
6182,6,3.94,18.0,4
6183,4,9.88,12.0,3
6184,5,10.98,10.0,4
6185,6,19.09,24.0,5
6186,6,6.48,24.0,7
6187,2,22.31,8.0,1
6188,3,16.99,6.0,3
6189,7,16.21,21.0,6
6190,19,10.74,38.0,14
6191,3,11.0,6.0,2
6192,5,23.64,15.0,5
6193,4,15.85,16.0,3
6194,8,13.47,24.0,9
6195,5,21.21,15.0,5
6196,6,17.0,18.0,6
6197,10,7.71,30.0,10
6198,3,13.67,12.0,3
6199,3,13.23,6.0,2
6200,3,21.65,6.0,3
6201,4,13.66,12.0,4
6202,5,12.46,20.0,4
6203,6,12.19,18.0,4
6204,4,15.42,8.0,4
6205,4,14.43,12.0,3
6206,10,17.05,20.0,7
6207,8,19.38,16.0,8
6208,10,11.99,20.0,11
6209,9,24.31,18.0,10
6210,11,16.04,33.0,13
6211,9,,18.0,10
6212,5,23.53,15.0,4
6213,5,13.67,15.0,5
6214,2,21.39,6.0,1
6215,8,9.22,24.0,9
6216,7,11.1,14.0,6
6217,10,19.22,30.0,8
6218,4,19.1,12.0,3
6219,18,16.5,54.0,21
6220,14,18.39,56.0,17
6221,15,12.6,60.0,13
6222,3,18.38,6.0,2
6223,13,17.9,39.0,11
6224,10,13.62,40.0,9
6225,14,17.45,56.0,11
6226,6,21.6,12.0,5
6227,9,22.18,27.0,10
6228,4,17.32,16.0,3
6229,1,7.89,2.0,1
6230,4,21.4,8.0,2
6231,9,13.5,27.0,9
6232,4,9.37,12.0,4
6233,6,19.02,18.0,5
6234,14,17.78,56.0,10
6235,6,13.31,24.0,7
6236,18,17.66,72.0,19
6237,12,17.37,48.0,9
6238,4,19.84,16.0,5
6239,8,19.67,32.0,7
6240,3,20.34,9.0,3
6241,17,20.08,68.0,12
6242,13,14.7,52.0,16
6243,6,12.54,18.0,6
6244,8,,24.0,8
6245,4,9.26,12.0,4
6246,9,25.73,18.0,7
6247,1,11.19,2.0,1
6248,4,18.05,8.0,4
6249,6,10.59,24.0,7
6250,4,10.58,8.0,4
6251,6,14.44,12.0,5
6252,14,9.81,42.0,17
6253,6,22.15,24.0,5
6254,3,13.35,6.0,2
6255,11,16.37,33.0,11
6256,9,20.0,27.0,8
6257,4,17.2,8.0,4
6258,9,17.71,18.0,7
6259,8,21.92,32.0,5
6260,7,6.91,28.0,6
6261,3,17.36,9.0,2
6262,14,10.9,42.0,14
6263,4,10.5,16.0,3
6264,4,17.31,16.0,4
6265,9,11.63,27.0,8
6266,4,12.6,12.0,4
6267,9,23.57,18.0,10
6268,9,11.55,36.0,7
6269,9,14.55,27.0,11
6270,7,7.31,21.0,7
6271,4,16.29,12.0,4
6272,7,13.01,21.0,5
6273,4,22.3,8.0,4
6274,1,15.59,3.0,1
6275,7,12.85,14.0,6
6276,6,7.98,12.0,4
6277,4,9.89,8.0,4
6278,2,25.49,4.0,2
6279,2,21.09,4.0,2
6280,9,11.12,18.0,7
6281,9,11.47,36.0,9
6282,6,11.45,24.0,4
6283,4,12.99,8.0,4
6284,3,17.55,6.0,3
6285,20,19.88,40.0,15
6286,8,21.66,16.0,7
6287,8,21.02,24.0,9
6288,10,15.82,40.0,8
6289,21,22.2,63.0,20
6290,8,16.61,32.0,10
6291,4,8.39,8.0,3
6292,5,12.63,15.0,3
6293,7,7.27,21.0,7
6294,8,17.98,24.0,9
6295,12,10.93,24.0,8
6296,7,13.15,28.0,8
6297,8,16.49,,8
6298,10,19.6,20.0,8
6299,15,14.62,60.0,18
6300,5,18.73,20.0,4
6301,8,18.76,32.0,7
6302,7,13.96,28.0,8
6303,4,15.22,16.0,4
6304,4,16.79,8.0,4
6305,1,15.29,3.0,1
6306,27,12.22,81.0,31
6307,9,22.23,27.0,9
6308,2,24.78,6.0,2
6309,12,9.86,24.0,13
6310,9,19.95,36.0,8
6311,12,23.01,24.0,9
6312,11,18.4,33.0,14
6313,6,22.76,12.0,6
6314,15,5.4,60.0,11
6315,5,20.36,10.0,4
6316,5,9.66,20.0,5
6317,2,13.83,8.0,1
6318,3,18.18,6.0,3
6319,9,15.41,27.0,8
6320,7,11.01,28.0,8
6321,5,17.18,20.0,4
6322,6,21.18,12.0,5
6323,5,13.4,20.0,4
6324,17,20.12,34.0,17
6325,3,7.92,12.0,2
6326,8,24.23,32.0,9
6327,10,26.92,40.0,10
6328,9,16.88,27.0,10
6329,8,10.65,24.0,5
6330,5,14.03,10.0,6
6331,3,15.96,9.0,2
6332,4,17.7,16.0,3
6333,13,22.77,26.0,12
6334,21,4.05,42.0,21
6335,8,22.92,32.0,7
6336,7,8.3,28.0,4
6337,6,2.04,24.0,4
6338,9,22.34,18.0,8
6339,1,12.58,,1
6340,17,17.81,51.0,15
6341,2,15.27,6.0,1
6342,6,,12.0,6
6343,15,21.17,30.0,15
6344,4,8.15,16.0,3
6345,5,14.16,10.0,4
6346,7,21.94,14.0,7
6347,6,15.8,24.0,6
6348,3,15.63,6.0,3
6349,6,5.9,18.0,4
6350,6,13.72,24.0,7
6351,7,30.21,14.0,8
6352,12,23.79,24.0,8
6353,5,11.66,15.0,4
6354,13,23.91,39.0,13
6355,5,23.88,20.0,5
6356,2,11.03,8.0,2
6357,13,17.42,26.0,10
6358,7,26.28,28.0,7
6359,4,21.95,16.0,4
6360,2,18.94,8.0,2
6361,4,18.01,8.0,2
6362,15,11.79,30.0,11
6363,11,12.89,22.0,8
6364,3,14.83,,3
6365,9,16.99,36.0,6
6366,2,15.25,6.0,2
6367,6,11.08,12.0,6
6368,3,19.27,9.0,3
6369,10,8.49,20.0,10
6370,4,14.93,16.0,3
6371,8,14.02,16.0,10
6372,10,19.59,40.0,7
6373,10,13.53,40.0,9
6374,9,12.17,18.0,8
6375,3,16.29,12.0,3
6376,18,11.69,36.0,12
6377,15,21.5,30.0,12
6378,15,15.67,60.0,14
6379,3,12.16,9.0,2
6380,4,,8.0,4
6381,7,12.05,14.0,8
6382,3,15.04,12.0,3
6383,26,28.01,52.0,26
6384,7,13.68,21.0,7
6385,4,16.79,16.0,3
6386,5,6.03,20.0,5
6387,5,22.29,15.0,4
6388,7,13.83,21.0,7
6389,5,11.64,10.0,4
6390,8,14.26,24.0,9
6391,9,22.26,36.0,8
6392,5,11.42,15.0,4
6393,7,14.37,28.0,8
6394,5,10.73,10.0,5
6395,3,14.78,9.0,3
6396,21,19.99,42.0,26
6397,10,10.36,30.0,12
6398,3,16.05,12.0,3
6399,13,16.92,26.0,10
6400,7,18.05,14.0,6
6401,5,13.06,15.0,3
6402,3,12.98,6.0,3
6403,11,12.52,33.0,8
6404,25,33.54,75.0,20
6405,4,8.85,12.0,4
6406,6,12.63,18.0,5
6407,5,20.33,,6
6408,9,7.94,36.0,7
6409,10,16.58,20.0,12
6410,12,18.77,24.0,13
6411,13,14.84,39.0,12
6412,13,9.9,52.0,12
6413,7,20.12,21.0,5
6414,12,18.75,36.0,10
6415,7,19.43,28.0,6
6416,9,18.38,36.0,8
6417,6,14.33,,5
6418,9,1.06,18.0,9
6419,6,15.9,24.0,6
6420,13,18.29,39.0,9
6421,4,20.14,8.0,4
6422,21,19.98,84.0,23
6423,6,12.31,12.0,7
6424,3,3.7,12.0,3
6425,2,7.19,8.0,1
6426,5,5.94,10.0,5
6427,3,14.26,12.0,3
6428,10,13.78,,11
6429,3,20.21,6.0,3
6430,6,11.47,12.0,5
6431,6,13.66,12.0,5
6432,3,,6.0,2
6433,4,13.23,16.0,4
6434,17,27.2,51.0,18
6435,2,12.13,8.0,1
6436,6,12.34,12.0,6
6437,5,12.54,20.0,5
6438,6,19.88,12.0,7
6439,4,18.44,8.0,3
6440,1,20.76,2.0,1
6441,10,11.06,30.0,9
6442,3,18.72,6.0,2
6443,7,20.16,21.0,8
6444,13,10.51,39.0,14
6445,11,10.04,44.0,14
6446,5,13.64,20.0,5
6447,14,17.8,28.0,16
6448,7,13.38,21.0,6
6449,1,13.94,4.0,1
6450,8,26.01,16.0,6
6451,19,26.97,38.0,22
6452,2,20.17,6.0,1
6453,10,11.7,20.0,10
6454,7,15.74,21.0,7
6455,7,16.64,28.0,7
6456,12,11.95,,9
6457,4,12.97,8.0,4
6458,6,6.03,18.0,6
6459,3,10.68,6.0,3
6460,11,20.15,44.0,8
6461,10,15.63,30.0,11
6462,5,4.21,20.0,5
6463,4,15.74,8.0,4
6464,9,14.93,18.0,7
6465,7,20.35,28.0,7
6466,6,25.01,24.0,6
6467,10,28.04,20.0,9
6468,4,14.59,8.0,3
6469,8,26.85,16.0,8
6470,7,22.75,14.0,5
6471,4,15.85,8.0,4
6472,1,15.27,2.0,1
6473,12,11.66,36.0,12
6474,5,10.91,15.0,5
6475,8,25.49,16.0,5
6476,4,20.66,12.0,3
6477,12,12.68,24.0,11
6478,5,10.89,10.0,4
6479,3,18.84,9.0,2
6480,8,18.16,16.0,9
6481,5,13.54,15.0,5
6482,11,18.5,44.0,9
6483,11,10.83,44.0,8
6484,8,19.43,,9
6485,9,,27.0,6
6486,7,24.9,14.0,8
6487,5,12.88,15.0,3
6488,8,18.3,24.0,6
6489,7,18.54,28.0,7
6490,6,8.13,24.0,5
6491,7,31.22,21.0,9
6492,3,21.61,12.0,2
6493,3,15.71,12.0,3
6494,8,23.97,32.0,7
6495,9,25.44,18.0,8
6496,7,13.59,21.0,8
6497,8,13.34,24.0,7
6498,12,8.75,36.0,14
6499,4,16.1,8.0,4
6500,8,20.22,32.0,7
6501,4,6.39,8.0,3
6502,6,8.54,18.0,6
6503,7,19.36,14.0,9
6504,9,29.59,36.0,11
6505,6,11.81,12.0,4
6506,12,22.54,24.0,14
6507,7,10.25,21.0,8
6508,6,18.07,18.0,5
6509,3,16.38,12.0,3
6510,6,28.76,24.0,7
6511,4,17.03,16.0,4
6512,2,7.63,6.0,2
6513,14,14.39,28.0,13
6514,9,13.28,36.0,9
6515,3,16.53,9.0,2
6516,5,18.72,15.0,5
6517,20,12.74,60.0,22
6518,3,16.87,9.0,3
6519,7,20.52,14.0,6
6520,4,24.42,12.0,3
6521,5,8.11,10.0,5
6522,5,16.17,20.0,5
6523,10,20.75,40.0,10
6524,6,11.58,24.0,7
6525,7,24.05,21.0,8
6526,4,1.74,12.0,4
6527,9,20.08,36.0,8
6528,18,26.71,72.0,19
6529,4,8.53,12.0,4
6530,10,16.29,40.0,9
6531,6,18.23,18.0,6
6532,6,24.62,18.0,5
6533,3,13.94,9.0,3
6534,24,22.89,48.0,18
6535,2,13.22,4.0,2
6536,7,13.72,21.0,6
6537,14,8.31,42.0,14
6538,7,22.37,28.0,8
6539,5,14.75,20.0,5
6540,3,8.52,9.0,2
6541,5,14.24,20.0,4
6542,10,24.13,40.0,11
6543,14,10.79,42.0,12
6544,4,9.04,16.0,3
6545,12,24.59,36.0,13
6546,4,9.61,16.0,4
6547,7,21.4,21.0,7
6548,5,8.94,10.0,4
6549,9,17.32,27.0,11
6550,6,7.6,12.0,5
6551,10,15.43,40.0,8
6552,4,19.44,12.0,3
6553,5,17.26,15.0,3
6554,18,25.81,72.0,13
6555,21,29.11,42.0,26
6556,10,27.92,40.0,10
6557,6,14.53,12.0,5
6558,4,17.56,8.0,3
6559,8,6.93,32.0,9
6560,7,14.03,14.0,5
6561,3,12.71,6.0,2
6562,7,14.73,14.0,7
6563,4,27.08,8.0,3
6564,9,17.48,36.0,9
6565,12,17.27,48.0,12
6566,7,24.67,21.0,6
6567,8,12.4,16.0,7
6568,5,20.02,20.0,6
6569,4,7.18,16.0,3
6570,7,14.02,21.0,7
6571,9,9.62,18.0,9
6572,3,15.56,9.0,2
6573,7,14.38,28.0,8
6574,4,11.26,16.0,3
6575,4,5.71,8.0,4
6576,1,18.15,2.0,1
6577,11,11.44,22.0,9
6578,11,22.23,22.0,13
6579,4,16.36,12.0,3
6580,9,23.19,36.0,10
6581,4,11.45,16.0,4
6582,7,20.26,21.0,8
6583,3,16.32,6.0,3
6584,0,8.71,0.0,1
6585,4,24.24,12.0,5
6586,5,16.53,20.0,4
6587,10,17.9,20.0,8
6588,3,19.61,6.0,2
6589,6,13.74,24.0,6
6590,6,17.09,24.0,6
6591,4,20.51,8.0,5
6592,4,2.33,16.0,2
6593,10,24.09,30.0,8
6594,8,15.25,24.0,8
6595,8,19.93,24.0,10
6596,5,22.55,15.0,4
6597,8,18.3,32.0,9
6598,8,15.81,16.0,5
6599,4,12.07,8.0,4
6600,2,12.98,4.0,1
6601,17,15.19,34.0,14
6602,3,10.76,6.0,2
6603,5,10.5,20.0,3
6604,4,23.24,8.0,3
6605,7,17.38,28.0,8
6606,3,8.62,9.0,2
6607,0,9.52,0.0,1
6608,10,7.88,30.0,7
6609,4,11.41,12.0,3
6610,3,7.49,12.0,3
6611,7,11.94,28.0,5
6612,5,24.04,15.0,3
6613,7,21.55,14.0,8
6614,9,12.21,27.0,9
6615,17,26.61,68.0,19
6616,13,23.85,52.0,11
6617,10,15.62,30.0,8
6618,7,28.83,21.0,6
6619,14,16.2,28.0,15
6620,5,13.14,20.0,5
6621,11,15.82,22.0,8
6622,5,8.32,20.0,4
6623,9,12.98,27.0,10
6624,4,21.28,12.0,3
6625,11,7.18,22.0,12
6626,4,20.12,12.0,3
6627,5,15.56,15.0,5
6628,18,20.52,72.0,17
6629,4,22.28,8.0,3
6630,4,11.41,12.0,3
6631,11,17.28,44.0,8
6632,7,6.85,21.0,8
6633,9,16.19,18.0,9
6634,10,15.03,30.0,8
6635,8,27.37,,6
6636,9,15.73,36.0,7
6637,23,27.69,92.0,25
6638,16,19.73,32.0,16
6639,4,22.88,12.0,3
6640,1,19.7,2.0,1
6641,9,6.65,27.0,8
6642,5,16.22,20.0,5
6643,11,16.47,44.0,11
6644,9,19.32,36.0,7
6645,9,11.34,18.0,11
6646,2,15.67,8.0,2
6647,8,21.28,16.0,6
6648,7,19.48,28.0,6
6649,4,9.25,16.0,3
6650,10,24.59,40.0,10
6651,1,8.6,2.0,1
6652,5,17.29,10.0,4
6653,8,10.52,16.0,8
6654,5,2.55,10.0,4
6655,2,24.24,8.0,1
6656,1,8.45,4.0,1
6657,8,15.57,32.0,6
6658,13,5.12,39.0,16
6659,7,23.25,28.0,8
6660,7,9.16,21.0,8
6661,7,12.0,14.0,6
6662,7,16.54,28.0,5
6663,6,9.14,12.0,4
6664,3,5.01,12.0,2
6665,5,11.94,10.0,6
6666,7,21.45,14.0,8
6667,2,15.03,4.0,2
6668,20,28.73,,19
6669,5,,15.0,4
6670,12,18.25,48.0,8
6671,5,,10.0,5
6672,7,20.3,28.0,7
6673,5,15.1,20.0,5
6674,6,19.05,24.0,4
6675,6,14.94,18.0,7
6676,13,19.32,52.0,14
6677,11,12.67,33.0,13
6678,8,7.78,24.0,5
6679,11,26.38,22.0,11
6680,19,25.09,76.0,20
6681,12,9.49,48.0,14
6682,3,18.63,9.0,3
6683,26,23.22,52.0,25
6684,17,28.72,68.0,16
6685,6,16.05,24.0,7
6686,8,18.54,24.0,9
6687,5,14.53,15.0,4
6688,8,13.13,16.0,9
6689,14,20.09,56.0,13
6690,11,17.7,22.0,10
6691,6,7.09,18.0,6
6692,4,8.95,,4
6693,2,11.67,8.0,2
6694,10,11.61,30.0,7
6695,3,19.26,12.0,2
6696,10,24.25,30.0,10
6697,12,19.14,48.0,11
6698,6,20.05,18.0,7
6699,13,23.48,39.0,12
6700,9,18.45,36.0,10
6701,3,15.88,9.0,2
6702,7,17.68,28.0,6
6703,6,15.01,12.0,4
6704,16,11.48,32.0,18
6705,9,20.1,18.0,9
6706,4,14.81,16.0,3
6707,10,18.85,30.0,9
6708,6,16.51,24.0,5
6709,6,5.34,18.0,7
6710,10,20.72,20.0,8
6711,8,19.29,16.0,5
6712,7,16.14,14.0,8
6713,7,19.82,21.0,6
6714,9,17.02,36.0,8
6715,3,16.98,12.0,3
6716,15,30.1,60.0,15
6717,5,19.51,10.0,5
6718,5,16.0,20.0,5
6719,8,20.22,32.0,10
6720,6,6.34,18.0,6
6721,11,16.65,22.0,12
6722,5,7.43,20.0,4
6723,16,,64.0,11
6724,13,23.27,26.0,14
6725,13,5.95,39.0,15
6726,5,17.12,20.0,6
6727,6,18.21,12.0,7
6728,3,22.18,12.0,2
6729,1,10.8,3.0,1
6730,13,15.88,26.0,13
6731,3,9.13,9.0,2
6732,5,15.99,10.0,5
6733,7,19.83,14.0,7
6734,9,14.91,27.0,7
6735,5,16.63,10.0,5
6736,13,17.56,26.0,13
6737,7,12.02,21.0,7
6738,24,19.15,96.0,18
6739,14,9.58,28.0,13
6740,3,16.94,6.0,2
6741,4,12.85,8.0,2
6742,9,17.52,36.0,10
6743,4,21.53,8.0,4
6744,4,18.8,8.0,3
6745,10,26.23,40.0,12
6746,5,12.01,10.0,5
6747,1,14.02,2.0,1
6748,10,13.16,40.0,12
6749,6,16.77,24.0,6
6750,4,10.78,16.0,3
6751,6,8.24,24.0,4
6752,12,14.77,24.0,15
6753,8,23.09,32.0,8
6754,8,19.62,24.0,8
6755,9,12.96,27.0,11
6756,5,,15.0,4
6757,5,17.28,20.0,5
6758,12,21.06,36.0,11
6759,6,8.56,24.0,6
6760,5,11.51,15.0,5
6761,6,22.12,24.0,7
6762,8,17.7,16.0,9
6763,6,24.88,18.0,6
6764,10,8.14,20.0,12
6765,4,20.99,16.0,3
6766,12,24.7,48.0,13
6767,6,14.91,24.0,4
6768,9,12.64,18.0,8
6769,8,14.72,32.0,9
6770,9,10.48,27.0,10
6771,5,,10.0,5
6772,3,22.72,6.0,3
6773,0,17.52,0.0,1
6774,5,5.87,15.0,5
6775,8,17.27,16.0,9
6776,5,5.14,10.0,5
6777,12,7.94,24.0,11
6778,6,10.22,18.0,7
6779,7,15.5,28.0,6
6780,5,4.87,10.0,4
6781,5,8.64,20.0,6
6782,6,22.39,12.0,6
6783,6,13.12,18.0,7
6784,4,13.39,16.0,4
6785,12,12.32,24.0,12
6786,6,9.67,18.0,5
6787,1,,4.0,1
6788,6,5.13,18.0,5
6789,5,23.52,10.0,4
6790,6,13.54,12.0,5
6791,19,23.48,76.0,23
6792,7,15.59,14.0,6
6793,8,16.48,24.0,6
6794,8,15.07,32.0,9
6795,2,10.07,8.0,2
6796,11,17.88,,11
6797,10,14.62,40.0,10
6798,2,19.02,4.0,1
6799,5,7.4,,4
6800,10,15.73,20.0,9
6801,13,24.19,39.0,14
6802,6,15.08,12.0,4
6803,8,5.83,24.0,7
6804,10,15.05,20.0,9
6805,8,12.25,24.0,8
6806,17,15.84,68.0,16
6807,10,23.03,20.0,9
6808,9,18.81,18.0,9
6809,1,19.33,2.0,1
6810,5,15.63,20.0,4
6811,2,13.7,4.0,2
6812,6,11.38,18.0,7
6813,4,20.09,16.0,4
6814,11,15.78,22.0,9
6815,12,29.2,48.0,9
6816,13,13.08,52.0,10
6817,1,20.38,2.0,1
6818,8,15.67,32.0,8
6819,10,8.36,20.0,7
6820,21,1.86,84.0,15
6821,11,22.87,33.0,10
6822,14,10.66,42.0,15
6823,7,19.8,21.0,5
6824,8,14.58,16.0,9
6825,3,16.0,12.0,2
6826,7,18.87,21.0,7
6827,7,25.16,28.0,6
6828,8,19.78,32.0,8
6829,10,17.55,20.0,10
6830,6,7.68,24.0,6
6831,5,17.45,15.0,4
6832,2,6.51,8.0,2
6833,9,16.57,18.0,8
6834,20,19.52,60.0,24
6835,12,5.93,36.0,11
6836,9,10.49,18.0,8
6837,3,20.1,12.0,2
6838,5,20.5,15.0,4
6839,2,22.24,4.0,2
6840,14,18.68,42.0,11
6841,6,15.42,18.0,6
6842,6,13.26,12.0,7
6843,13,28.04,52.0,11
6844,5,13.42,20.0,6
6845,12,19.16,48.0,8
6846,3,13.19,6.0,3
6847,2,28.32,8.0,1
6848,14,15.31,42.0,14
6849,12,12.82,36.0,13
6850,3,18.83,9.0,2
6851,2,6.0,4.0,2
6852,7,20.97,28.0,5
6853,7,24.26,28.0,7
6854,8,15.15,32.0,7
6855,6,16.34,12.0,5
6856,6,13.63,12.0,7
6857,15,23.28,60.0,14
6858,6,26.29,18.0,6
6859,4,16.87,16.0,5
6860,12,19.65,48.0,14
6861,9,10.66,27.0,8
6862,8,11.85,32.0,9
6863,2,10.29,6.0,1
6864,6,16.65,24.0,5
6865,5,16.88,20.0,4
6866,2,11.87,4.0,1
6867,9,,18.0,11
6868,2,14.82,4.0,1
6869,11,13.68,33.0,8
6870,4,20.33,16.0,4
6871,4,8.21,16.0,4
6872,16,28.72,48.0,15
6873,10,6.37,40.0,10
6874,10,7.41,20.0,9
6875,12,20.82,36.0,13
6876,5,10.44,10.0,5
6877,9,26.78,36.0,10
6878,5,8.72,10.0,6
6879,18,23.41,54.0,22
6880,2,14.01,6.0,2
6881,10,20.31,20.0,12
6882,6,17.79,18.0,5
6883,4,20.16,12.0,3
6884,10,13.03,30.0,7
6885,8,12.97,24.0,7
6886,7,11.39,21.0,7
6887,21,17.61,63.0,15
6888,2,11.63,8.0,1
6889,4,21.48,12.0,5
6890,3,19.87,9.0,3
6891,7,19.96,21.0,5
6892,4,14.98,16.0,4
6893,14,21.02,42.0,11
6894,5,5.16,15.0,3
6895,7,22.62,28.0,7
6896,4,8.51,8.0,3
6897,6,27.68,24.0,5
6898,6,14.31,12.0,5
6899,4,20.65,16.0,3
6900,1,18.67,3.0,1
6901,11,17.37,22.0,11
6902,5,12.66,15.0,5
6903,2,20.42,6.0,1
6904,12,19.56,48.0,11
6905,15,22.84,45.0,19
6906,10,21.33,40.0,10
6907,3,26.59,12.0,3
6908,7,17.87,28.0,6
6909,22,28.48,66.0,21
6910,5,17.26,15.0,6
6911,4,7.4,16.0,3
6912,3,25.21,12.0,3
6913,22,,44.0,20
6914,7,16.68,21.0,8
6915,6,22.58,24.0,4
6916,2,16.21,6.0,1
6917,9,16.02,36.0,6
6918,2,14.45,4.0,1
6919,6,14.26,24.0,5
6920,14,17.65,28.0,17
6921,6,15.39,24.0,5
6922,4,10.52,16.0,4
6923,16,11.72,48.0,13
6924,3,11.93,9.0,3
6925,9,19.35,27.0,7
6926,4,12.96,12.0,3
6927,17,24.5,68.0,12
6928,16,12.54,64.0,18
6929,5,15.37,15.0,3
6930,7,10.92,21.0,6
6931,4,28.37,16.0,2
6932,12,15.76,48.0,9
6933,7,12.33,28.0,4
6934,9,24.46,27.0,8
6935,3,15.45,12.0,3
6936,3,13.31,6.0,3
6937,7,14.97,14.0,6
6938,4,10.14,12.0,3
6939,14,14.12,28.0,12
6940,15,20.14,30.0,14
6941,2,10.34,6.0,1
6942,11,21.54,33.0,8
6943,6,13.53,18.0,6
6944,18,15.38,54.0,13
6945,14,24.55,28.0,10
6946,8,24.04,16.0,7
6947,5,14.72,15.0,4
6948,3,11.37,12.0,3
6949,22,13.57,88.0,16
6950,15,-1.09,45.0,14
6951,13,17.13,52.0,13
6952,11,24.51,22.0,9
6953,13,7.18,39.0,13
6954,14,18.37,56.0,18
6955,7,9.96,14.0,7
6956,6,7.67,24.0,4
6957,8,15.7,16.0,5
6958,7,20.02,14.0,5
6959,8,11.48,16.0,8
6960,9,16.02,18.0,10
6961,3,12.69,9.0,2
6962,10,15.2,40.0,7
6963,18,25.46,72.0,21
6964,8,11.25,32.0,7
6965,11,21.97,33.0,10
6966,3,16.72,6.0,3
6967,1,15.99,2.0,1
6968,5,2.07,20.0,6
6969,9,24.72,18.0,6
6970,7,10.48,14.0,6
6971,5,26.31,15.0,4
6972,7,24.78,21.0,5
6973,8,23.1,32.0,7
6974,5,13.06,10.0,4
6975,7,21.56,21.0,7
6976,5,17.23,20.0,4
6977,4,10.23,8.0,5
6978,17,20.83,34.0,19
6979,10,21.77,30.0,8
6980,2,15.68,6.0,2
6981,9,20.14,18.0,11
6982,4,8.48,12.0,2
6983,4,18.08,16.0,3
6984,10,17.58,30.0,9
6985,3,8.83,9.0,2
6986,1,11.57,3.0,1
6987,7,29.57,14.0,5
6988,5,8.98,10.0,6
6989,7,6.55,21.0,7
6990,8,19.22,24.0,7
6991,5,11.24,20.0,5
6992,9,15.12,36.0,11
6993,2,12.41,8.0,1
6994,3,14.71,6.0,3
6995,7,22.76,14.0,9
6996,5,14.99,10.0,3
6997,4,22.22,12.0,2
6998,2,22.41,6.0,1
6999,7,12.3,21.0,6
7000,10,23.36,40.0,12
7001,5,17.92,10.0,6
7002,9,23.11,36.0,9
7003,6,23.03,12.0,5
7004,7,15.35,21.0,5
7005,11,24.67,22.0,8
7006,17,8.78,51.0,20
7007,9,17.01,18.0,10
7008,5,19.02,15.0,6
7009,2,15.12,8.0,1
7010,1,10.18,4.0,1
7011,3,21.65,12.0,3
7012,9,16.24,27.0,6
7013,6,17.95,18.0,4
7014,4,19.02,16.0,3
7015,19,17.93,76.0,14
7016,7,12.9,21.0,7
7017,5,23.15,10.0,5
7018,12,14.03,48.0,15
7019,5,9.15,10.0,3
7020,12,24.52,24.0,12
7021,5,10.66,10.0,6
7022,32,24.24,64.0,40
7023,22,12.97,44.0,27
7024,2,10.38,4.0,2
7025,16,18.82,64.0,19
7026,3,17.55,9.0,3
7027,7,17.6,14.0,8
7028,2,17.88,6.0,1
7029,6,2.8,12.0,5
7030,7,8.75,21.0,8
7031,4,18.57,16.0,4
7032,4,20.89,8.0,3
7033,6,11.67,18.0,6
7034,29,18.55,116.0,22
7035,5,13.79,20.0,3
7036,1,9.65,3.0,1
7037,8,27.12,16.0,10
7038,14,16.47,56.0,17
7039,12,13.49,36.0,8
7040,6,14.57,24.0,7
7041,0,18.45,0.0,1
7042,4,20.97,12.0,5
7043,8,17.2,24.0,6
7044,3,17.02,9.0,2
7045,7,15.42,28.0,8
7046,6,20.75,18.0,4
7047,3,26.34,12.0,2
7048,7,21.95,28.0,6
7049,8,13.82,32.0,7
7050,20,17.97,40.0,22
7051,6,17.83,12.0,7
7052,8,15.69,24.0,5
7053,6,21.28,24.0,4
7054,9,20.8,27.0,9
7055,10,16.54,40.0,7
7056,4,15.88,16.0,3
7057,9,13.49,18.0,11
7058,4,18.57,8.0,4
7059,13,23.99,39.0,11
7060,3,13.8,6.0,2
7061,6,20.37,18.0,7
7062,9,13.66,18.0,10
7063,1,19.91,4.0,1
7064,4,18.47,16.0,3
7065,12,15.2,24.0,10
7066,1,16.95,3.0,1
7067,10,20.96,40.0,7
7068,15,21.81,60.0,10
7069,7,9.51,21.0,5
7070,2,11.75,4.0,1
7071,19,11.02,38.0,16
7072,5,10.94,10.0,5
7073,8,17.08,24.0,9
7074,9,17.04,27.0,8
7075,4,16.29,12.0,3
7076,6,10.5,12.0,6
7077,3,12.25,9.0,2
7078,6,16.92,24.0,4
7079,7,12.3,14.0,6
7080,19,41.87,38.0,17
7081,7,26.74,28.0,5
7082,3,17.54,9.0,2
7083,8,18.13,32.0,8
7084,6,16.27,12.0,6
7085,5,18.25,15.0,5
7086,14,12.37,56.0,13
7087,20,14.36,60.0,25
7088,6,19.41,12.0,7
7089,7,,21.0,7
7090,4,7.36,12.0,3
7091,11,18.41,33.0,9
7092,11,4.27,44.0,10
7093,7,13.37,21.0,6
7094,15,14.46,60.0,12
7095,1,22.76,2.0,1
7096,7,13.43,14.0,7
7097,10,16.36,30.0,8
7098,13,31.69,52.0,14
7099,12,14.03,48.0,14
7100,6,20.31,24.0,5
7101,15,25.55,60.0,16
7102,11,9.54,44.0,11
7103,3,9.66,12.0,3
7104,3,15.82,6.0,3
7105,4,19.45,12.0,4
7106,8,17.8,24.0,8
7107,10,18.72,20.0,8
7108,7,16.43,21.0,8
7109,9,21.69,27.0,6
7110,6,10.55,12.0,6
7111,10,20.31,20.0,8
7112,5,15.63,10.0,5
7113,3,20.4,12.0,3
7114,7,16.43,14.0,7
7115,4,21.19,12.0,3
7116,6,20.33,18.0,5
7117,4,11.21,12.0,3
7118,3,10.44,6.0,3
7119,16,22.71,64.0,14
7120,4,11.02,16.0,3
7121,15,11.81,45.0,13
7122,8,18.26,16.0,9
7123,7,22.7,14.0,8
7124,8,18.19,24.0,9
7125,7,10.13,28.0,6
7126,5,13.37,10.0,4
7127,2,9.84,4.0,2
7128,3,10.57,9.0,3
7129,6,16.12,12.0,4
7130,10,8.74,40.0,7
7131,3,23.26,12.0,3
7132,4,17.01,12.0,4
7133,3,10.39,9.0,2
7134,16,19.45,64.0,16
7135,11,9.86,33.0,12
7136,1,20.0,2.0,1
7137,2,11.26,8.0,2
7138,2,14.28,,2
7139,8,26.63,32.0,9
7140,6,12.68,24.0,4
7141,7,8.72,21.0,6
7142,6,16.31,18.0,6
7143,10,11.1,40.0,8
7144,4,15.97,8.0,3
7145,8,15.03,32.0,8
7146,4,15.29,8.0,4
7147,9,13.37,27.0,8
7148,1,28.95,4.0,1
7149,6,24.64,18.0,5
7150,6,11.2,18.0,4
7151,10,22.47,30.0,7
7152,11,16.84,44.0,7
7153,15,21.41,60.0,10
7154,11,16.91,44.0,8
7155,7,13.29,28.0,5
7156,7,10.34,28.0,6
7157,32,17.93,128.0,36
7158,4,16.07,12.0,4
7159,8,18.97,16.0,7
7160,3,14.71,9.0,2
7161,4,12.61,12.0,5
7162,5,27.16,10.0,5
7163,5,14.21,20.0,5
7164,7,12.6,21.0,8
7165,27,8.44,81.0,19
7166,21,16.61,63.0,19
7167,13,8.76,26.0,11
7168,5,12.18,15.0,4
7169,7,29.66,14.0,8
7170,16,14.85,32.0,13
7171,15,23.46,45.0,19
7172,7,11.83,28.0,7
7173,5,18.09,15.0,5
7174,6,13.07,12.0,6
7175,17,17.15,51.0,19
7176,5,7.57,15.0,5
7177,5,14.26,20.0,5
7178,2,13.31,4.0,2
7179,5,7.41,15.0,3
7180,14,14.47,42.0,16
7181,8,15.62,32.0,5
7182,3,16.73,6.0,3
7183,23,16.47,92.0,19
7184,3,16.64,6.0,2
7185,5,14.39,20.0,4
7186,2,14.5,6.0,1
7187,3,18.08,6.0,3
7188,4,17.13,16.0,4
7189,5,15.98,15.0,4
7190,1,13.91,2.0,1
7191,28,32.09,56.0,22
7192,9,8.58,27.0,8
7193,7,5.54,21.0,6
7194,11,3.52,22.0,13
7195,6,14.18,24.0,5
7196,8,24.12,16.0,8
7197,7,17.47,14.0,5
7198,7,9.46,21.0,5
7199,6,15.3,18.0,6
7200,11,15.18,22.0,9
7201,7,22.56,28.0,7
7202,9,13.04,27.0,10
7203,8,19.9,32.0,5
7204,5,13.21,20.0,4
7205,10,10.1,40.0,10
7206,1,23.17,3.0,1
7207,16,9.84,32.0,13
7208,5,12.21,10.0,4
7209,5,25.38,20.0,6
7210,16,26.61,64.0,16
7211,1,27.34,3.0,1
7212,7,12.12,21.0,4
7213,13,13.09,52.0,16
7214,7,19.79,21.0,5
7215,6,14.29,,7
7216,2,20.38,8.0,2
7217,8,9.94,16.0,10
7218,4,10.5,12.0,4
7219,10,8.5,30.0,7
7220,2,16.58,8.0,1
7221,16,21.68,32.0,17
7222,2,14.29,8.0,2
7223,8,18.59,16.0,9
7224,4,11.08,16.0,4
7225,5,7.48,10.0,4
7226,3,21.15,12.0,2
7227,6,9.5,12.0,5
7228,12,6.3,36.0,14
7229,9,15.32,18.0,9
7230,18,26.84,54.0,20
7231,3,15.2,6.0,2
7232,6,18.69,18.0,6
7233,12,8.34,48.0,10
7234,13,33.56,,13
7235,3,23.84,6.0,2
7236,5,25.72,10.0,5
7237,7,20.27,21.0,5
7238,6,,12.0,6
7239,7,11.75,21.0,5
7240,2,8.31,6.0,2
7241,7,23.95,14.0,7
7242,4,15.22,8.0,3
7243,6,16.48,12.0,5
7244,4,15.84,16.0,3
7245,10,21.28,20.0,11
7246,5,14.14,10.0,3
7247,6,15.07,24.0,4
7248,6,20.13,18.0,4
7249,9,21.47,36.0,7
7250,3,13.03,9.0,3
7251,5,10.89,15.0,5
7252,5,26.66,15.0,4
7253,4,12.7,12.0,3
7254,9,17.01,18.0,6
7255,20,30.58,80.0,19
7256,8,17.12,24.0,10
7257,6,13.0,18.0,7
7258,6,12.08,24.0,7
7259,2,18.52,6.0,1
7260,9,14.59,18.0,10
7261,7,13.4,14.0,6
7262,2,22.73,4.0,2
7263,5,,15.0,5
7264,2,3.44,6.0,1
7265,7,10.43,28.0,6
7266,9,7.36,18.0,7
7267,7,5.97,14.0,8
7268,6,16.85,18.0,7
7269,4,11.37,16.0,3
7270,4,5.0,8.0,4
7271,7,20.88,28.0,5
7272,4,19.83,12.0,3
7273,7,11.77,14.0,4
7274,8,13.12,32.0,7
7275,7,18.33,14.0,8
7276,11,26.35,33.0,8
7277,6,12.04,18.0,4
7278,2,11.9,4.0,2
7279,6,12.71,18.0,5
7280,2,8.27,6.0,1
7281,11,13.08,33.0,11
7282,1,17.05,2.0,1
7283,3,9.87,12.0,2
7284,3,14.65,9.0,3
7285,2,11.7,8.0,1
7286,18,17.0,54.0,14
7287,13,12.75,39.0,11
7288,3,7.01,9.0,2
7289,17,16.57,34.0,19
7290,4,18.06,16.0,4
7291,10,9.89,40.0,7
7292,3,23.7,9.0,2
7293,2,13.86,6.0,2
7294,9,26.22,18.0,8
7295,18,12.55,54.0,15
7296,8,26.47,16.0,8
7297,7,13.33,21.0,5
7298,7,21.45,28.0,5
7299,7,11.08,14.0,6
7300,3,1.04,9.0,3
7301,5,22.98,10.0,3
7302,8,17.4,24.0,8
7303,21,17.64,42.0,16
7304,4,24.04,16.0,3
7305,15,,30.0,19
7306,10,10.94,30.0,7
7307,7,12.72,14.0,5
7308,3,15.2,6.0,3
7309,7,21.22,28.0,6
7310,8,19.29,32.0,8
7311,12,11.33,48.0,10
7312,3,8.39,12.0,2
7313,6,8.75,18.0,6
7314,9,19.09,36.0,8
7315,5,18.77,20.0,4
7316,9,9.6,27.0,10
7317,4,19.58,8.0,3
7318,8,14.63,32.0,7
7319,6,6.75,18.0,5
7320,6,5.88,12.0,5
7321,11,30.45,33.0,9
7322,7,17.19,21.0,6
7323,4,17.63,12.0,3
7324,4,16.45,12.0,5
7325,13,17.44,39.0,11
7326,5,12.12,15.0,6
7327,2,6.73,4.0,2
7328,13,17.61,26.0,14
7329,8,5.64,16.0,9
7330,5,19.55,10.0,5
7331,3,5.97,6.0,3
7332,13,16.56,52.0,15
7333,35,29.42,70.0,27
7334,1,16.36,4.0,1
7335,3,15.35,6.0,2
7336,4,,16.0,4
7337,12,20.52,36.0,12
7338,3,21.65,12.0,3
7339,4,8.44,8.0,3
7340,12,18.64,48.0,13
7341,3,21.01,6.0,2
7342,4,12.92,8.0,3
7343,20,35.16,40.0,14
7344,19,27.49,76.0,18
7345,0,13.09,0.0,1
7346,7,22.94,28.0,8
7347,10,27.13,20.0,10
7348,8,24.66,32.0,7
7349,13,16.02,39.0,14
7350,10,12.35,20.0,11
7351,11,24.87,22.0,7
7352,8,17.73,24.0,6
7353,8,14.14,32.0,8
7354,6,10.45,18.0,7
7355,7,,28.0,7
7356,4,14.25,12.0,3
7357,6,15.83,12.0,4
7358,3,17.86,9.0,3
7359,4,14.75,12.0,4
7360,4,13.25,12.0,3
7361,7,18.44,21.0,6
7362,7,20.11,14.0,6
7363,10,22.5,20.0,12
7364,2,16.89,4.0,1
7365,22,11.84,66.0,20
7366,7,21.57,28.0,6
7367,5,24.91,15.0,5
7368,12,21.12,48.0,14
7369,5,5.3,10.0,6
7370,5,14.35,15.0,4
7371,9,13.82,36.0,7
7372,6,15.54,12.0,5
7373,6,13.87,18.0,4
7374,12,16.79,24.0,12
7375,2,10.92,8.0,2
7376,16,27.26,64.0,17
7377,9,22.64,36.0,11
7378,8,11.98,32.0,9
7379,9,20.19,18.0,7
7380,11,20.02,22.0,9
7381,8,17.71,16.0,9
7382,8,9.16,24.0,9
7383,16,15.72,48.0,16
7384,4,10.64,8.0,4
7385,3,19.01,6.0,3
7386,12,20.45,36.0,13
7387,7,12.84,28.0,6
7388,11,17.64,22.0,9
7389,13,18.52,52.0,15
7390,4,13.82,8.0,3
7391,18,17.85,36.0,17
7392,11,8.84,33.0,11
7393,14,26.03,42.0,11
7394,3,14.28,12.0,3
7395,8,18.19,16.0,6
7396,9,13.1,27.0,9
7397,7,20.95,14.0,5
7398,3,15.8,12.0,2
7399,5,7.58,20.0,6
7400,11,27.23,44.0,13
7401,1,17.76,2.0,1
7402,4,11.07,12.0,4
7403,11,,33.0,12
7404,2,19.79,6.0,2
7405,13,24.02,52.0,13
7406,4,11.85,12.0,4
7407,17,20.04,68.0,14
7408,4,18.99,12.0,3
7409,7,7.14,28.0,8
7410,8,16.67,24.0,8
7411,6,3.2,12.0,5
7412,4,19.52,12.0,3
7413,2,13.98,6.0,2
7414,4,19.39,16.0,4
7415,4,22.88,12.0,4
7416,6,19.34,12.0,7
7417,6,22.49,24.0,7
7418,8,15.12,24.0,7
7419,12,17.92,48.0,12
7420,12,12.77,36.0,11
7421,11,19.84,44.0,8
7422,5,,15.0,5
7423,5,11.2,10.0,5
7424,21,15.54,42.0,17
7425,17,13.87,34.0,14
7426,7,9.36,21.0,8
7427,6,12.17,24.0,5
7428,13,19.52,26.0,11
7429,13,15.6,52.0,11
7430,9,11.66,27.0,8
7431,19,14.79,76.0,18
7432,7,19.74,14.0,9
7433,4,23.1,16.0,5
7434,22,24.77,66.0,26
7435,6,15.54,12.0,4
7436,8,13.04,24.0,8
7437,4,21.27,12.0,3
7438,7,23.06,21.0,8
7439,14,17.23,56.0,15
7440,9,14.31,18.0,7
7441,4,13.73,8.0,4
7442,6,15.56,24.0,7
7443,8,9.62,24.0,7
7444,5,9.52,10.0,4
7445,5,19.63,20.0,3
7446,3,18.62,6.0,2
7447,4,8.64,12.0,4
7448,10,19.7,30.0,9
7449,5,21.02,20.0,5
7450,12,14.81,24.0,10
7451,5,11.63,10.0,5
7452,11,9.47,22.0,11
7453,8,14.2,24.0,10
7454,3,19.52,9.0,3
7455,9,15.87,18.0,8
7456,6,16.88,18.0,7
7457,7,13.61,21.0,7
7458,6,11.93,18.0,4
7459,13,12.37,26.0,10
7460,7,21.68,14.0,6
7461,9,19.83,27.0,7
7462,11,13.09,44.0,12
7463,4,21.95,8.0,3
7464,22,10.96,88.0,17
7465,6,11.17,18.0,4
7466,6,7.98,12.0,4
7467,3,12.92,9.0,3
7468,7,14.2,14.0,8
7469,3,7.97,12.0,3
7470,4,24.89,16.0,4
7471,13,28.35,52.0,10
7472,22,23.8,,24
7473,4,18.79,16.0,3
7474,25,18.37,100.0,24
7475,2,24.69,6.0,1
7476,4,15.17,12.0,4
7477,7,9.96,28.0,6
7478,6,15.83,12.0,7
7479,18,15.79,,17
7480,5,9.79,10.0,3
7481,2,17.98,8.0,2
7482,4,20.01,16.0,4
7483,20,19.23,60.0,19
7484,13,21.53,26.0,15
7485,5,13.54,10.0,5
7486,7,15.04,28.0,7
7487,11,20.11,44.0,12
7488,9,17.88,18.0,9
7489,24,16.86,96.0,26
7490,14,25.31,28.0,17
7491,5,17.13,15.0,6
7492,13,7.77,39.0,15
7493,2,10.63,8.0,2
7494,14,18.75,42.0,11
7495,5,15.05,10.0,4
7496,17,22.9,68.0,17
7497,12,22.47,36.0,12
7498,5,15.8,20.0,4
7499,5,15.06,10.0,4
7500,6,14.6,24.0,7
7501,10,16.76,30.0,8
7502,12,10.63,36.0,11
7503,27,,81.0,27
7504,14,13.86,42.0,10
7505,4,10.83,16.0,3
7506,4,7.96,8.0,3
7507,6,14.04,24.0,4
7508,7,9.81,14.0,7
7509,13,25.87,26.0,13
7510,3,5.03,9.0,3
7511,19,15.34,57.0,14
7512,5,11.22,15.0,5
7513,7,18.59,14.0,8
7514,9,15.27,18.0,9
7515,6,2.79,24.0,4
7516,12,11.03,48.0,10
7517,7,12.38,21.0,8
7518,2,19.06,6.0,1
7519,11,25.64,44.0,9
7520,19,28.58,57.0,16
7521,5,4.8,10.0,6
7522,6,11.0,12.0,6
7523,5,16.53,15.0,4
7524,3,13.11,12.0,3
7525,4,7.46,12.0,4
7526,11,14.8,44.0,8
7527,8,20.06,24.0,7
7528,6,5.65,18.0,5
7529,11,16.22,33.0,9
7530,12,17.11,36.0,14
7531,4,8.81,8.0,3
7532,5,7.37,15.0,6
7533,1,18.67,4.0,1
7534,7,16.76,21.0,8
7535,5,17.37,10.0,5
7536,6,22.18,18.0,5
7537,7,13.37,28.0,9
7538,5,9.9,10.0,5
7539,4,16.08,12.0,3
7540,24,14.73,96.0,21
7541,12,16.11,24.0,14
7542,16,25.24,32.0,12
7543,6,20.13,24.0,5
7544,15,9.42,45.0,13
7545,6,14.13,12.0,5
7546,7,17.97,21.0,8
7547,11,12.62,44.0,10
7548,10,,30.0,12
7549,19,20.27,38.0,15
7550,10,14.84,,9
7551,7,11.66,14.0,6
7552,2,17.27,4.0,1
7553,6,12.02,12.0,6
7554,3,17.48,6.0,3
7555,5,19.26,10.0,5
7556,7,10.52,14.0,6
7557,10,32.98,40.0,7
7558,8,14.46,24.0,6
7559,7,11.4,28.0,6
7560,7,11.29,14.0,8
7561,5,16.51,20.0,3
7562,16,14.72,48.0,15
7563,18,21.87,72.0,15
7564,3,13.33,12.0,3
7565,9,21.52,,8
7566,9,15.89,18.0,11
7567,23,28.67,,25
7568,7,4.29,14.0,7
7569,6,16.18,24.0,4
7570,7,7.62,21.0,8
7571,9,15.09,27.0,9
7572,2,14.29,6.0,2
7573,5,18.83,15.0,3
7574,10,14.07,30.0,12
7575,2,17.0,8.0,2
7576,6,13.13,12.0,4
7577,12,12.27,24.0,9
7578,17,18.91,34.0,21
7579,8,17.07,24.0,5
7580,4,16.64,8.0,3
7581,8,19.32,16.0,6
7582,9,21.57,36.0,8
7583,7,19.93,28.0,5
7584,5,0.88,15.0,4
7585,2,16.94,6.0,2
7586,5,16.24,10.0,4
7587,8,19.46,16.0,8
7588,24,13.92,72.0,23
7589,22,16.26,44.0,22
7590,10,17.17,30.0,8
7591,7,10.85,14.0,8
7592,18,23.29,54.0,13
7593,12,7.68,24.0,8
7594,13,19.46,26.0,11
7595,10,16.36,40.0,8
7596,6,20.45,18.0,5
7597,4,14.74,16.0,2
7598,17,16.09,34.0,18
7599,15,22.56,60.0,13
7600,2,18.84,4.0,2
7601,6,12.83,24.0,7
7602,9,17.46,18.0,9
7603,15,10.64,,16
7604,11,16.02,22.0,8
7605,10,28.95,20.0,10
7606,1,6.13,4.0,1
7607,5,15.41,20.0,4
7608,3,4.97,9.0,3
7609,10,22.2,20.0,7
7610,4,18.45,16.0,3
7611,8,13.19,24.0,9
7612,10,11.68,20.0,8
7613,2,12.14,6.0,1
7614,6,15.64,24.0,6
7615,11,17.05,44.0,11
7616,14,20.2,56.0,16
7617,14,29.73,28.0,11
7618,7,10.36,14.0,8
7619,5,8.37,20.0,4
7620,7,20.18,28.0,7
7621,11,13.96,33.0,10
7622,17,16.62,68.0,13
7623,6,16.72,24.0,6
7624,6,10.1,24.0,6
7625,6,14.12,24.0,7
7626,7,26.13,14.0,7
7627,5,21.81,15.0,6
7628,9,10.01,36.0,11
7629,3,8.72,9.0,3
7630,7,12.73,14.0,7
7631,15,14.35,45.0,14
7632,4,8.41,16.0,4
7633,9,17.23,18.0,8
7634,6,12.32,12.0,7
7635,7,6.89,28.0,8
7636,1,19.21,4.0,1
7637,5,14.35,20.0,5
7638,3,23.03,9.0,2
7639,8,20.39,32.0,5
7640,1,15.42,4.0,1
7641,14,21.14,42.0,14
7642,6,11.83,12.0,4
7643,4,8.72,8.0,4
7644,10,8.94,30.0,8
7645,6,7.74,24.0,4
7646,4,20.63,8.0,4
7647,3,18.26,6.0,2
7648,8,22.39,24.0,7
7649,3,16.46,6.0,3
7650,8,21.01,24.0,10
7651,1,19.34,4.0,1
7652,6,27.7,12.0,7
7653,4,16.81,8.0,4
7654,6,11.98,24.0,6
7655,9,16.81,27.0,7
7656,7,17.33,14.0,7
7657,9,13.71,36.0,7
7658,10,22.02,40.0,7
7659,3,15.7,12.0,3
7660,11,16.69,22.0,8
7661,2,9.59,6.0,1
7662,9,24.92,36.0,8
7663,12,18.3,48.0,13
7664,19,16.49,38.0,20
7665,4,22.55,16.0,4
7666,8,13.09,24.0,5
7667,8,21.98,32.0,7
7668,6,17.16,24.0,4
7669,6,13.73,18.0,5
7670,10,22.32,20.0,10
7671,8,11.51,32.0,7
7672,6,6.05,24.0,4
7673,4,14.54,12.0,3
7674,6,17.58,18.0,5
7675,7,17.8,14.0,8
7676,3,22.73,6.0,3
7677,26,27.8,52.0,19
7678,14,14.12,28.0,13
7679,8,21.78,32.0,7
7680,21,8.88,84.0,19
7681,10,15.7,30.0,7
7682,15,11.38,60.0,16
7683,6,14.73,12.0,6
7684,6,10.07,24.0,4
7685,1,16.9,3.0,1
7686,17,10.15,51.0,21
7687,20,,60.0,23
7688,6,6.99,,6
7689,3,17.62,12.0,3
7690,5,14.69,10.0,4
7691,2,16.93,6.0,2
7692,7,8.56,21.0,8
7693,8,14.91,24.0,5
7694,4,7.67,8.0,3
7695,29,26.07,58.0,20
7696,4,-0.9,8.0,2
7697,11,20.0,22.0,11
7698,5,2.79,15.0,3
7699,4,8.5,12.0,3
7700,3,13.43,6.0,2
7701,19,25.66,38.0,21
7702,10,24.16,20.0,11
7703,3,,6.0,3
7704,2,15.11,6.0,2
7705,14,11.39,56.0,17
7706,3,9.36,12.0,3
7707,7,15.65,21.0,6
7708,9,18.32,36.0,8
7709,4,17.12,12.0,4
7710,5,16.34,10.0,5
7711,15,15.66,45.0,15
7712,12,15.81,48.0,14
7713,15,12.13,60.0,13
7714,0,17.43,0.0,1
7715,2,13.42,8.0,2
7716,7,15.25,28.0,8
7717,3,13.96,9.0,3
7718,17,11.4,51.0,16
7719,18,17.45,54.0,12
7720,8,27.46,16.0,9
7721,7,17.85,21.0,5
7722,9,13.27,18.0,7
7723,11,11.26,44.0,11
7724,3,23.11,12.0,2
7725,11,12.02,22.0,13
7726,12,10.52,36.0,13
7727,4,16.33,8.0,3
7728,4,26.46,12.0,2
7729,6,23.3,12.0,6
7730,6,,24.0,7
7731,9,17.37,27.0,6
7732,8,25.06,16.0,6
7733,6,12.55,12.0,5
7734,6,20.33,24.0,7
7735,8,20.01,32.0,5
7736,4,12.69,8.0,2
7737,8,17.8,24.0,9
7738,12,28.12,48.0,10
7739,7,14.42,28.0,5
7740,16,17.72,64.0,18
7741,9,10.02,27.0,8
7742,3,14.84,12.0,2
7743,9,11.42,18.0,8
7744,10,6.45,30.0,8
7745,3,20.49,12.0,3
7746,4,10.3,8.0,3
7747,4,1.34,12.0,3
7748,7,28.2,14.0,8
7749,10,24.56,40.0,9
7750,13,15.45,39.0,9
7751,3,19.72,6.0,3
7752,6,4.94,12.0,5
7753,8,14.92,24.0,9
7754,6,14.12,18.0,6
7755,13,29.35,52.0,16
7756,4,24.11,,3
7757,24,36.62,48.0,30
7758,16,23.51,32.0,17
7759,7,20.6,21.0,7
7760,9,23.78,27.0,10
7761,8,5.15,16.0,7
7762,23,17.0,92.0,27
7763,10,10.9,40.0,11
7764,5,,15.0,4
7765,9,14.84,27.0,8
7766,6,33.13,18.0,5
7767,23,17.44,92.0,26
7768,7,24.89,28.0,8
7769,6,18.93,12.0,7
7770,8,22.85,24.0,6
7771,14,31.99,28.0,13
7772,6,25.43,,6
7773,9,21.05,18.0,10
7774,1,21.3,2.0,1
7775,9,27.44,18.0,10
7776,3,12.75,9.0,2
7777,6,4.07,18.0,7
7778,2,5.47,4.0,1
7779,6,22.01,24.0,6
7780,10,12.23,40.0,11
7781,1,12.88,2.0,1
7782,7,14.89,28.0,6
7783,7,7.74,21.0,9
7784,5,24.32,15.0,5
7785,7,20.06,21.0,8
7786,10,13.27,30.0,10
7787,11,19.4,44.0,8
7788,3,11.35,9.0,2
7789,4,22.69,16.0,3
7790,8,14.36,16.0,6
7791,2,15.88,6.0,1
7792,6,15.28,12.0,6
7793,21,17.14,42.0,15
7794,11,18.54,33.0,8
7795,6,22.69,12.0,6
7796,8,19.94,32.0,8
7797,9,27.07,27.0,10
7798,15,14.19,,14
7799,5,1.82,20.0,4
7800,12,13.88,36.0,10
7801,5,15.13,15.0,6
7802,10,10.53,20.0,10
7803,17,24.3,34.0,17
7804,3,26.33,12.0,2
7805,3,12.21,6.0,3
7806,11,11.24,44.0,13
7807,4,14.96,8.0,3
7808,3,9.76,9.0,3
7809,6,19.24,12.0,7
7810,9,12.28,18.0,6
7811,8,21.91,32.0,9
7812,4,,,3
7813,4,17.63,8.0,3
7814,9,16.75,27.0,10
7815,11,14.77,22.0,13
7816,5,18.76,20.0,5
7817,6,19.96,18.0,7
7818,15,19.54,45.0,11
7819,11,20.29,22.0,11
7820,12,12.01,24.0,14
7821,6,13.52,18.0,7
7822,8,5.64,16.0,9
7823,6,19.55,12.0,6
7824,8,,24.0,8
7825,11,21.01,44.0,10
7826,9,26.73,36.0,11
7827,6,17.54,12.0,4
7828,7,8.25,28.0,6
7829,7,15.19,21.0,6
7830,12,13.41,48.0,9
7831,10,9.79,40.0,11
7832,10,14.81,40.0,12
7833,9,24.26,36.0,10
7834,14,21.77,42.0,15
7835,6,6.69,18.0,5
7836,8,20.42,24.0,9
7837,1,13.53,4.0,1
7838,25,18.2,50.0,22
7839,16,11.91,32.0,18
7840,13,17.36,26.0,10
7841,4,11.5,12.0,4
7842,8,17.44,32.0,9
7843,5,16.39,10.0,4
7844,7,14.02,28.0,9
7845,4,12.99,12.0,2
7846,4,20.22,8.0,4
7847,1,28.86,2.0,1
7848,4,11.67,12.0,4
7849,6,21.63,18.0,5
7850,12,18.39,36.0,10
7851,14,,28.0,16
7852,19,17.62,57.0,21
7853,7,12.86,28.0,9
7854,9,15.65,27.0,11
7855,11,13.91,,13
7856,4,27.41,16.0,3
7857,2,15.87,6.0,1
7858,5,15.62,15.0,4
7859,14,13.33,42.0,18
7860,12,18.33,36.0,9
7861,1,16.85,4.0,1
7862,6,20.96,24.0,5
7863,14,15.4,56.0,11
7864,11,11.04,33.0,10
7865,10,13.42,30.0,10
7866,6,14.24,,7
7867,9,20.76,27.0,11
7868,2,12.08,8.0,2
7869,5,21.7,20.0,4
7870,11,5.07,33.0,8
7871,14,22.02,56.0,15
7872,5,7.78,15.0,4
7873,16,12.23,48.0,15
7874,9,15.16,27.0,8
7875,4,18.04,12.0,3
7876,9,20.84,27.0,6
7877,4,15.43,12.0,4
7878,7,18.87,21.0,5
7879,4,12.9,16.0,3
7880,16,19.81,64.0,14
7881,7,18.99,14.0,7
7882,6,20.98,18.0,7
7883,9,11.29,,10
7884,4,24.84,12.0,5
7885,5,16.59,10.0,3
7886,4,,8.0,4
7887,8,8.1,16.0,5
7888,8,11.22,24.0,8
7889,10,16.05,30.0,12
7890,6,23.67,12.0,7
7891,6,23.36,12.0,7
7892,6,9.82,12.0,4
7893,3,14.76,9.0,3
7894,3,19.35,9.0,2
7895,6,15.08,18.0,4
7896,4,6.08,8.0,3
7897,9,6.2,36.0,10
7898,12,23.39,36.0,13
7899,9,,36.0,8
7900,5,23.75,20.0,4
7901,8,19.87,16.0,9
7902,25,29.65,50.0,23
7903,19,4.14,57.0,23
7904,3,18.91,9.0,2
7905,3,,9.0,2
7906,6,17.17,12.0,7
7907,4,21.89,16.0,3
7908,8,13.16,,6
7909,7,8.73,14.0,8
7910,4,8.8,12.0,4
7911,8,15.34,32.0,6
7912,8,14.41,32.0,7
7913,13,15.15,26.0,14
7914,6,22.09,18.0,4
7915,7,17.27,14.0,8
7916,4,2.07,12.0,4
7917,3,12.54,9.0,2
7918,15,17.38,30.0,11
7919,5,15.23,20.0,3
7920,5,26.54,20.0,3
7921,5,12.66,10.0,6
7922,9,14.26,27.0,7
7923,7,16.32,,6
7924,2,16.08,8.0,1
7925,9,15.57,27.0,8
7926,6,10.37,12.0,6
7927,4,9.19,12.0,3
7928,3,15.09,12.0,2
7929,6,7.22,12.0,6
7930,5,16.0,10.0,5
7931,8,19.46,32.0,7
7932,12,15.54,36.0,15
7933,3,12.19,9.0,3
7934,4,12.02,8.0,3
7935,14,4.62,42.0,11
7936,1,19.12,3.0,1
7937,8,25.47,16.0,8
7938,2,19.14,4.0,2
7939,5,16.51,20.0,6
7940,5,17.52,20.0,4
7941,15,19.97,30.0,12
7942,6,18.98,12.0,7
7943,15,21.12,60.0,11
7944,7,20.54,,4
7945,8,20.33,24.0,6
7946,6,10.97,18.0,7
7947,7,10.82,14.0,6
7948,4,,16.0,3
7949,16,20.68,64.0,11
7950,9,7.77,27.0,6
7951,3,12.12,12.0,3
7952,4,5.72,16.0,2
7953,1,14.09,2.0,1
7954,14,10.52,56.0,13
7955,3,17.22,6.0,3
7956,4,8.79,16.0,4
7957,11,16.68,44.0,12
7958,4,19.68,16.0,4
7959,5,12.43,15.0,6
7960,7,18.59,28.0,5
7961,11,26.35,22.0,11
7962,2,16.54,6.0,1
7963,3,5.98,9.0,2
7964,8,16.95,16.0,7
7965,7,11.67,28.0,8
7966,3,26.19,12.0,3
7967,2,9.96,6.0,2
7968,2,,8.0,2
7969,9,11.2,36.0,9
7970,7,10.36,28.0,8
7971,10,15.48,20.0,11
7972,12,7.99,48.0,11
7973,4,15.82,16.0,3
7974,5,17.3,20.0,4
7975,4,25.82,12.0,3
7976,5,13.18,15.0,4
7977,5,20.39,10.0,5
7978,4,8.36,8.0,3
7979,7,9.07,14.0,5
7980,12,16.75,36.0,11
7981,3,10.2,6.0,2
7982,16,26.49,64.0,16
7983,12,34.78,36.0,13
7984,11,29.87,22.0,14
7985,10,21.77,40.0,11
7986,3,9.4,12.0,3
7987,4,13.17,12.0,3
7988,3,13.97,9.0,3
7989,3,26.83,9.0,3
7990,8,19.87,24.0,7
7991,9,19.1,36.0,11
7992,8,18.39,24.0,6
7993,3,12.03,6.0,3
7994,8,12.6,16.0,7
7995,4,18.3,12.0,3
7996,4,12.28,12.0,3
7997,7,15.4,28.0,5
7998,16,26.0,32.0,16
7999,6,5.67,18.0,5
8000,10,2.8,20.0,12
8001,7,16.37,21.0,4
8002,10,21.06,30.0,12
8003,2,21.58,6.0,1
8004,15,20.95,60.0,15
8005,27,18.46,81.0,29
8006,12,6.55,24.0,12
8007,13,25.88,26.0,14
8008,7,10.44,28.0,6
8009,7,13.74,28.0,6
8010,10,19.69,30.0,12
8011,5,,,5
8012,12,14.57,24.0,11
8013,10,11.84,30.0,12
8014,6,14.99,18.0,7
8015,9,24.36,18.0,9
8016,3,21.91,6.0,3
8017,4,14.91,12.0,4
8018,9,17.51,36.0,7
8019,8,15.08,32.0,9
8020,14,12.75,42.0,18
8021,11,19.65,22.0,10
8022,6,15.48,12.0,6
8023,1,14.7,4.0,1
8024,6,13.85,24.0,4
8025,10,21.2,20.0,8
8026,5,14.28,10.0,5
8027,9,17.44,36.0,9
8028,10,15.71,20.0,9
8029,9,25.0,36.0,10
8030,10,29.14,40.0,12
8031,13,19.66,26.0,15
8032,13,5.24,26.0,14
8033,3,8.69,6.0,3
8034,3,18.76,,2
8035,25,22.43,50.0,21
8036,10,10.7,30.0,12
8037,9,,36.0,10
8038,2,20.23,4.0,2
8039,1,11.33,2.0,1
8040,5,24.06,15.0,4
8041,9,12.87,36.0,7
8042,23,20.48,69.0,18
8043,8,9.44,32.0,6
8044,15,15.23,45.0,12
8045,1,17.64,2.0,1
8046,6,11.89,18.0,7
8047,10,17.64,20.0,8
8048,10,8.19,40.0,11
8049,7,17.97,21.0,5
8050,3,13.3,12.0,2
8051,10,9.0,20.0,11
8052,12,15.38,24.0,13
8053,6,9.22,,6
8054,6,8.71,12.0,6
8055,16,3.55,48.0,11
8056,8,22.99,24.0,7
8057,11,18.64,44.0,7
8058,14,18.49,56.0,13
8059,6,21.62,24.0,6
8060,7,11.44,28.0,6
8061,7,13.23,14.0,5
8062,17,25.72,51.0,15
8063,6,7.99,24.0,6
8064,6,12.87,18.0,7
8065,5,14.41,15.0,6
8066,4,15.21,12.0,5
8067,3,14.33,6.0,3
8068,10,19.34,40.0,8
8069,3,17.83,9.0,2
8070,4,11.05,12.0,4
8071,4,5.29,8.0,4
8072,4,11.48,8.0,3
8073,5,13.57,20.0,5
8074,4,,8.0,4
8075,1,14.62,4.0,1
8076,3,21.22,6.0,2
8077,10,22.95,30.0,9
8078,9,19.54,18.0,10
8079,13,18.88,26.0,15
8080,5,22.82,20.0,4
8081,17,12.98,51.0,12
8082,6,16.63,24.0,6
8083,6,23.99,12.0,7
8084,9,16.69,18.0,8
8085,3,15.92,12.0,2
8086,1,18.46,4.0,1
8087,7,19.72,21.0,6
8088,6,13.22,12.0,5
8089,12,17.31,48.0,8
8090,7,27.52,14.0,6
8091,4,10.95,8.0,3
8092,5,7.81,15.0,4
8093,5,15.37,20.0,4
8094,3,6.72,6.0,2
8095,8,14.99,32.0,8
8096,4,12.13,12.0,3
8097,5,19.81,10.0,4
8098,3,13.31,12.0,3
8099,8,16.43,24.0,9
8100,19,28.87,76.0,18
8101,18,22.22,72.0,21
8102,4,16.41,12.0,4
8103,2,23.94,4.0,1
8104,2,6.85,8.0,2
8105,6,12.51,18.0,6
8106,6,10.84,24.0,6
8107,12,13.49,36.0,12
8108,3,6.92,6.0,3
8109,13,34.23,26.0,16
8110,13,21.55,39.0,16
8111,21,17.61,84.0,15
8112,2,14.16,4.0,2
8113,11,19.77,33.0,8
8114,10,22.4,20.0,10
8115,3,22.05,9.0,3
8116,13,20.25,26.0,11
8117,14,21.06,28.0,12
8118,7,19.48,28.0,6
8119,4,20.26,8.0,4
8120,3,24.5,12.0,2
8121,5,21.62,20.0,4
8122,6,14.24,18.0,5
8123,12,12.5,24.0,14
8124,8,2.96,24.0,7
8125,4,21.26,8.0,4
8126,6,21.59,18.0,5
8127,12,17.57,48.0,11
8128,4,17.7,16.0,3
8129,7,0.15,14.0,5
8130,16,22.31,32.0,17
8131,5,8.03,10.0,4
8132,15,14.92,30.0,17
8133,10,17.38,40.0,7
8134,8,10.55,32.0,7
8135,5,17.48,15.0,5
8136,8,15.88,16.0,7
8137,7,13.49,28.0,6
8138,10,19.71,20.0,8
8139,8,18.09,24.0,8
8140,6,13.87,18.0,6
8141,3,15.92,9.0,2
8142,4,22.16,12.0,4
8143,6,18.87,18.0,6
8144,10,12.44,40.0,9
8145,3,16.24,9.0,2
8146,5,8.49,20.0,4
8147,9,16.92,36.0,8
8148,5,16.55,10.0,3
8149,17,5.9,51.0,12
8150,4,20.35,12.0,3
8151,5,21.59,15.0,5
8152,6,18.39,24.0,6
8153,11,21.53,44.0,11
8154,5,12.63,20.0,4
8155,4,10.52,8.0,3
8156,5,19.81,10.0,3
8157,5,21.93,10.0,5
8158,3,10.73,12.0,3
8159,3,16.97,12.0,3
8160,9,19.64,36.0,10
8161,4,13.04,12.0,3
8162,7,12.47,14.0,7
8163,10,31.09,30.0,9
8164,10,7.07,30.0,7
8165,7,16.48,14.0,7
8166,10,15.0,20.0,12
8167,6,21.46,24.0,6
8168,1,20.04,4.0,1
8169,5,15.26,15.0,4
8170,1,9.15,2.0,1
8171,5,11.35,15.0,5
8172,7,13.6,14.0,6
8173,2,21.67,6.0,2
8174,8,18.46,16.0,6
8175,8,11.33,32.0,8
8176,11,19.12,44.0,12
8177,2,3.81,8.0,2
8178,6,18.76,18.0,5
8179,8,14.62,32.0,8
8180,5,15.5,10.0,5
8181,7,22.67,21.0,7
8182,8,22.77,32.0,5
8183,9,18.9,18.0,9
8184,5,15.72,15.0,6
8185,6,6.34,12.0,5
8186,7,11.07,28.0,4
8187,23,,92.0,27
8188,9,21.09,18.0,11
8189,5,17.07,15.0,6
8190,14,16.46,56.0,13
8191,4,21.51,12.0,3
8192,2,22.3,6.0,2
8193,12,17.77,36.0,13
8194,8,12.0,32.0,8
8195,7,24.04,28.0,8
8196,4,14.03,16.0,2
8197,14,7.01,42.0,15
8198,7,19.16,28.0,8
8199,5,23.14,20.0,4
8200,11,,44.0,13
8201,4,12.76,8.0,3
8202,5,21.31,20.0,5
8203,9,19.92,27.0,7
8204,7,2.63,28.0,7
8205,1,15.86,2.0,1
8206,7,18.13,21.0,8
8207,13,14.56,26.0,13
8208,4,19.74,8.0,5
8209,6,13.74,12.0,5
8210,8,15.67,32.0,8
8211,8,25.15,24.0,7
8212,6,18.24,18.0,5
8213,7,20.26,14.0,5
8214,14,13.85,56.0,15
8215,6,21.94,24.0,7
8216,3,21.61,9.0,3
8217,6,17.82,24.0,7
8218,5,14.95,15.0,5
8219,4,15.65,12.0,4
8220,13,23.95,39.0,9
8221,8,26.91,32.0,5
8222,9,13.38,27.0,6
8223,8,2.56,16.0,7
8224,3,2.73,9.0,2
8225,13,18.51,52.0,13
8226,6,14.55,12.0,4
8227,13,23.13,26.0,10
8228,4,13.7,16.0,3
8229,8,20.91,16.0,9
8230,4,17.05,16.0,3
8231,5,15.44,15.0,3
8232,7,20.38,14.0,6
8233,15,14.88,60.0,18
8234,7,9.9,21.0,8
8235,13,19.63,26.0,15
8236,9,14.36,18.0,9
8237,12,8.73,36.0,12
8238,7,22.24,28.0,6
8239,3,9.2,6.0,3
8240,2,20.81,4.0,1
8241,3,21.8,12.0,2
8242,9,22.23,18.0,10
8243,8,18.04,32.0,8
8244,5,20.35,10.0,6
8245,5,8.58,10.0,4
8246,35,25.81,140.0,41
8247,3,12.79,12.0,3
8248,5,19.44,20.0,5
8249,8,15.06,24.0,9
8250,9,12.6,36.0,7
8251,20,22.12,80.0,20
8252,14,21.97,42.0,10
8253,18,15.31,54.0,18
8254,4,16.65,12.0,4
8255,5,16.89,10.0,6
8256,4,16.32,12.0,4
8257,4,11.76,16.0,4
8258,3,8.3,12.0,2
8259,4,20.73,12.0,3
8260,7,15.9,21.0,6
8261,3,16.33,9.0,3
8262,5,10.34,20.0,6
8263,4,,8.0,4
8264,10,2.23,30.0,9
8265,5,24.72,20.0,3
8266,7,21.27,21.0,7
8267,4,12.99,8.0,3
8268,6,11.36,12.0,6
8269,3,14.67,6.0,2
8270,15,7.58,45.0,13
8271,9,10.73,27.0,6
8272,7,23.39,21.0,6
8273,11,25.33,33.0,13
8274,9,9.91,18.0,7
8275,6,9.78,12.0,7
8276,7,21.43,28.0,8
8277,7,17.73,14.0,8
8278,6,17.35,12.0,5
8279,4,17.58,12.0,2
8280,6,23.27,12.0,6
8281,3,17.67,9.0,2
8282,2,13.85,6.0,2
8283,17,7.09,68.0,18
8284,5,14.12,10.0,5
8285,5,15.89,15.0,6
8286,8,9.28,24.0,9
8287,12,15.89,36.0,11
8288,8,,32.0,8
8289,15,18.92,45.0,11
8290,22,22.63,66.0,18
8291,7,11.72,21.0,6
8292,12,15.26,36.0,14
8293,9,18.92,27.0,8
8294,8,13.89,32.0,8
8295,5,24.07,20.0,4
8296,4,20.36,8.0,3
8297,7,14.64,28.0,6
8298,8,19.78,32.0,6
8299,13,20.49,52.0,10
8300,11,9.4,22.0,7
8301,14,28.9,28.0,10
8302,8,16.94,32.0,7
8303,5,18.13,15.0,4
8304,7,11.25,14.0,8
8305,5,15.26,15.0,6
8306,24,17.62,72.0,19
8307,12,18.6,24.0,15
8308,9,14.04,18.0,9
8309,20,17.01,80.0,17
8310,5,15.54,10.0,5
8311,1,11.19,2.0,1
8312,11,19.96,33.0,8
8313,6,16.58,12.0,5
8314,0,18.64,0.0,1
8315,5,20.09,20.0,3
8316,4,23.68,8.0,4
8317,20,14.59,80.0,23
8318,4,12.6,16.0,4
8319,15,17.39,45.0,14
8320,1,9.78,2.0,1
8321,9,9.0,18.0,11
8322,7,18.39,28.0,5
8323,13,26.59,39.0,14
8324,5,9.16,20.0,4
8325,4,22.1,16.0,3
8326,6,18.76,18.0,7
8327,3,25.65,9.0,2
8328,8,20.69,16.0,7
8329,11,15.94,22.0,13
8330,3,21.84,6.0,2
8331,11,23.32,,11
8332,4,21.75,8.0,4
8333,3,11.72,12.0,3
8334,8,17.78,16.0,8
8335,6,24.68,12.0,7
8336,7,9.62,21.0,6
8337,3,13.53,,3
8338,0,19.79,0.0,1
8339,7,3.45,14.0,9
8340,10,27.43,40.0,9
8341,10,24.01,40.0,11
8342,6,14.5,12.0,5
8343,9,,18.0,7
8344,9,12.4,18.0,6
8345,7,7.13,21.0,8
8346,12,17.32,24.0,12
8347,23,25.99,46.0,28
8348,1,14.31,3.0,1
8349,21,26.79,63.0,18
8350,3,13.57,6.0,3
8351,3,23.42,9.0,2
8352,5,13.12,15.0,5
8353,4,15.68,8.0,5
8354,6,11.57,24.0,6
8355,10,13.55,40.0,10
8356,7,18.65,28.0,5
8357,11,22.78,33.0,9
8358,13,16.81,39.0,9
8359,15,18.61,60.0,12
8360,14,15.3,42.0,11
8361,8,27.2,24.0,10
8362,7,11.44,21.0,7
8363,9,17.86,36.0,6
8364,14,7.0,42.0,14
8365,7,17.24,14.0,6
8366,9,5.07,27.0,11
8367,4,15.14,8.0,4
8368,22,25.77,,17
8369,9,18.81,18.0,8
8370,1,11.11,4.0,1
8371,8,20.18,16.0,8
8372,3,12.75,6.0,3
8373,7,21.3,14.0,7
8374,3,16.16,9.0,3
8375,6,12.15,24.0,5
8376,7,21.73,28.0,7
8377,10,20.41,30.0,7
8378,2,13.48,4.0,2
8379,11,16.31,44.0,12
8380,2,17.17,8.0,1
8381,8,16.6,16.0,5
8382,6,13.38,12.0,6
8383,26,30.05,104.0,25
8384,5,14.98,10.0,5
8385,5,13.54,20.0,4
8386,4,16.55,16.0,4
8387,3,7.91,9.0,3
8388,11,14.66,44.0,9
8389,14,18.16,42.0,15
8390,6,11.75,12.0,5
8391,4,17.99,8.0,3
8392,9,18.57,18.0,6
8393,17,15.68,68.0,19
8394,7,14.31,14.0,5
8395,14,7.63,42.0,17
8396,23,17.0,46.0,26
8397,9,16.99,18.0,11
8398,0,14.25,0.0,1
8399,7,9.53,28.0,5
8400,7,14.83,14.0,5
8401,2,16.75,4.0,2
8402,6,20.94,12.0,5
8403,19,18.67,38.0,21
8404,15,27.21,45.0,18
8405,12,22.37,36.0,12
8406,4,16.48,12.0,4
8407,20,23.26,60.0,20
8408,9,18.18,27.0,11
8409,4,16.63,12.0,3
8410,9,17.81,36.0,9
8411,9,20.76,27.0,10
8412,5,18.39,20.0,5
8413,11,31.16,22.0,9
8414,11,16.39,22.0,12
8415,7,18.68,14.0,6
8416,6,27.86,18.0,5
8417,9,13.75,27.0,7
8418,5,10.91,10.0,4
8419,3,21.18,12.0,2
8420,5,19.61,10.0,4
8421,9,17.51,36.0,11
8422,10,19.49,20.0,7
8423,7,16.92,14.0,8
8424,11,19.16,22.0,9
8425,20,22.88,40.0,19
8426,6,14.26,18.0,5
8427,10,24.34,30.0,11
8428,6,15.25,18.0,6
8429,9,8.37,36.0,6
8430,3,15.5,9.0,3
8431,3,14.59,9.0,3
8432,3,9.8,12.0,3
8433,11,11.23,33.0,12
8434,8,16.75,16.0,9
8435,4,10.37,8.0,5
8436,6,19.22,12.0,5
8437,12,31.26,24.0,9
8438,10,25.72,40.0,9
8439,2,16.64,8.0,2
8440,8,11.39,24.0,8
8441,6,19.29,12.0,6
8442,1,19.97,4.0,1
8443,9,15.97,27.0,7
8444,5,14.01,20.0,3
8445,8,23.04,24.0,6
8446,5,18.26,15.0,4
8447,4,27.77,8.0,3
8448,6,11.11,24.0,4
8449,5,18.26,15.0,6
8450,8,20.54,32.0,7
8451,6,15.2,,5
8452,5,11.36,10.0,4
8453,8,17.17,32.0,10
8454,4,20.74,12.0,3
8455,14,1.99,56.0,14
8456,8,28.67,16.0,8
8457,5,15.12,15.0,5
8458,4,15.62,8.0,3
8459,5,30.76,15.0,4
8460,3,11.43,6.0,2
8461,12,11.92,48.0,9
8462,10,19.4,40.0,12
8463,8,18.28,24.0,5
8464,4,11.69,12.0,3
8465,7,18.91,14.0,7
8466,3,14.95,12.0,3
8467,8,26.27,16.0,6
8468,4,4.12,16.0,5
8469,4,15.28,8.0,3
8470,1,19.09,2.0,1
8471,4,20.64,8.0,3
8472,10,19.94,30.0,9
8473,3,12.31,6.0,2
8474,13,10.02,52.0,15
8475,5,15.55,15.0,5
8476,5,13.56,15.0,6
8477,11,15.66,44.0,14
8478,4,,12.0,3
8479,7,16.4,14.0,5
8480,7,20.16,28.0,8
8481,3,20.24,6.0,2
8482,8,11.7,32.0,9
8483,3,23.58,9.0,3
8484,8,17.91,32.0,7
8485,27,17.93,108.0,23
8486,6,24.13,18.0,6
8487,9,17.65,18.0,8
8488,9,11.08,18.0,9
8489,15,14.42,,13
8490,5,23.72,15.0,4
8491,14,7.08,56.0,10
8492,7,11.2,28.0,7
8493,3,14.43,12.0,2
8494,6,12.78,24.0,7
8495,5,15.34,20.0,5
8496,13,,52.0,9
8497,5,8.9,10.0,4
8498,8,13.48,32.0,10
8499,4,15.41,16.0,4
8500,5,16.82,10.0,6
8501,9,11.74,18.0,9
8502,19,18.16,38.0,21
8503,10,21.61,40.0,12
8504,11,17.03,33.0,10
8505,9,12.61,18.0,10
8506,5,11.83,15.0,5
8507,3,17.1,12.0,2
8508,13,21.91,26.0,13
8509,7,25.15,14.0,7
8510,9,19.77,36.0,10
8511,3,4.8,12.0,2
8512,4,9.9,12.0,4
8513,5,3.78,15.0,5
8514,4,10.85,8.0,3
8515,12,3.74,24.0,10
8516,8,9.56,16.0,10
8517,8,17.46,24.0,10
8518,19,26.1,76.0,19
8519,10,16.19,20.0,7
8520,2,19.42,4.0,1
8521,7,18.8,21.0,4
8522,1,18.36,4.0,1
8523,8,18.73,24.0,9
8524,7,13.99,14.0,5
8525,4,9.98,16.0,5
8526,3,15.63,6.0,3
8527,4,21.16,12.0,2
8528,3,16.42,6.0,3
8529,6,23.68,12.0,5
8530,25,22.87,100.0,23
8531,7,18.41,14.0,4
8532,10,14.34,40.0,10
8533,7,21.65,14.0,6
8534,7,16.96,21.0,7
8535,7,12.83,14.0,6
8536,7,11.46,21.0,8
8537,8,16.08,16.0,6
8538,8,18.76,16.0,9
8539,2,16.03,6.0,2
8540,7,13.26,21.0,8
8541,5,20.48,20.0,3
8542,5,8.09,20.0,5
8543,11,29.94,33.0,13
8544,9,22.93,27.0,10
8545,7,17.96,21.0,8
8546,5,18.86,15.0,4
8547,4,18.32,8.0,3
8548,19,18.43,38.0,21
8549,3,19.07,6.0,3
8550,3,7.7,9.0,2
8551,4,14.82,12.0,3
8552,4,17.84,8.0,4
8553,5,8.99,20.0,4
8554,4,12.57,8.0,4
8555,6,18.23,12.0,7
8556,4,18.39,12.0,3
8557,9,19.06,27.0,7
8558,3,21.65,,2
8559,15,20.72,60.0,18
8560,6,14.03,12.0,7
8561,5,18.13,10.0,4
8562,10,12.98,,7
8563,7,15.44,28.0,7
8564,7,10.01,28.0,9
8565,23,10.49,46.0,25
8566,4,18.6,16.0,4
8567,10,14.85,20.0,7
8568,5,13.86,10.0,4
8569,7,13.52,21.0,5
8570,10,20.29,20.0,12
8571,4,19.19,8.0,3
8572,9,7.15,18.0,7
8573,3,22.31,12.0,3
8574,22,23.24,44.0,20
8575,8,2.65,16.0,8
8576,5,19.08,10.0,4
8577,4,19.97,12.0,3
8578,6,9.3,12.0,6
8579,3,11.31,6.0,2
8580,12,24.61,36.0,12
8581,6,27.11,18.0,4
8582,11,19.56,33.0,8
8583,10,22.7,40.0,11
8584,13,13.73,52.0,14
8585,5,16.89,15.0,3
8586,2,8.93,6.0,2
8587,5,21.12,20.0,6
8588,7,16.57,21.0,7
8589,7,14.7,21.0,8
8590,9,19.94,18.0,8
8591,5,7.71,20.0,6
8592,3,15.71,12.0,3
8593,1,20.52,3.0,1
8594,7,10.21,14.0,6
8595,15,23.18,30.0,14
8596,5,10.1,10.0,5
8597,9,13.16,36.0,6
8598,17,8.97,51.0,16
8599,9,19.79,18.0,9
8600,6,11.32,12.0,5
8601,2,7.6,4.0,1
8602,5,18.87,15.0,5
8603,18,18.5,72.0,20
8604,3,12.74,9.0,3
8605,5,29.9,15.0,5
8606,18,17.92,36.0,20
8607,5,13.5,15.0,3
8608,12,11.07,24.0,14
8609,14,17.87,56.0,18
8610,5,13.6,10.0,5
8611,11,22.16,22.0,12
8612,17,26.49,51.0,17
8613,7,8.43,14.0,5
8614,9,9.02,36.0,10
8615,13,13.01,26.0,13
8616,18,13.46,72.0,17
8617,7,9.18,21.0,4
8618,6,11.68,24.0,4
8619,4,17.69,8.0,3
8620,7,15.45,28.0,5
8621,7,16.25,28.0,4
8622,11,18.34,22.0,11
8623,6,16.21,24.0,6
8624,7,13.04,14.0,6
8625,7,17.87,28.0,6
8626,10,21.81,40.0,9
8627,2,8.56,4.0,1
8628,5,5.59,10.0,4
8629,9,20.64,18.0,8
8630,18,14.83,36.0,14
8631,11,20.85,44.0,10
8632,8,15.05,,7
8633,22,13.14,66.0,21
8634,8,12.77,32.0,8
8635,27,12.22,54.0,25
8636,1,15.36,2.0,1
8637,4,17.68,16.0,3
8638,3,9.98,6.0,2
8639,13,5.6,39.0,10
8640,10,14.87,20.0,7
8641,7,15.45,21.0,6
8642,11,16.42,33.0,13
8643,11,18.43,22.0,10
8644,13,7.18,39.0,10
8645,9,22.31,27.0,11
8646,9,19.43,18.0,7
8647,6,8.47,18.0,6
8648,2,15.0,6.0,1
8649,11,20.39,44.0,13
8650,7,20.01,21.0,5
8651,10,16.71,20.0,7
8652,3,21.9,9.0,3
8653,3,10.6,9.0,3
8654,3,14.88,6.0,3
8655,8,16.98,24.0,7
8656,8,16.81,32.0,9
8657,18,20.1,36.0,23
8658,14,24.98,42.0,17
8659,5,13.02,20.0,4
8660,4,7.96,12.0,4
8661,13,16.36,52.0,10
8662,3,18.96,9.0,3
8663,12,24.17,24.0,10
8664,4,26.76,16.0,3
8665,4,13.7,,3
8666,5,9.05,15.0,5
8667,7,11.4,14.0,6
8668,3,21.21,6.0,3
8669,7,14.16,28.0,6
8670,7,23.41,14.0,6
8671,26,22.39,78.0,31
8672,11,15.71,44.0,14
8673,8,18.78,24.0,8
8674,8,23.64,16.0,7
8675,7,27.56,14.0,8
8676,3,4.47,9.0,2
8677,18,14.11,72.0,14
8678,11,14.6,22.0,10
8679,9,18.21,18.0,10
8680,17,31.5,51.0,15
8681,8,18.76,16.0,5
8682,4,14.92,12.0,3
8683,7,15.88,28.0,8
8684,5,16.51,15.0,6
8685,6,9.27,12.0,6
8686,7,17.05,14.0,7
8687,5,11.44,15.0,6
8688,16,21.64,32.0,14
8689,21,8.69,63.0,16
8690,7,18.05,28.0,8
8691,12,12.71,48.0,11
8692,6,17.38,18.0,5
8693,13,21.25,39.0,12
8694,5,16.75,20.0,6
8695,21,30.49,42.0,23
8696,6,22.6,12.0,4
8697,3,19.3,9.0,2
8698,7,11.94,14.0,5
8699,3,8.5,,3
8700,6,12.71,18.0,5
8701,12,20.86,24.0,13
8702,8,17.84,24.0,8
8703,10,15.92,30.0,10
8704,10,14.78,40.0,10
8705,13,0.22,26.0,12
8706,5,16.16,20.0,4
8707,6,15.04,24.0,7
8708,6,5.29,12.0,5
8709,5,18.07,10.0,5
8710,22,16.03,44.0,24
8711,5,10.49,10.0,6
8712,6,12.36,24.0,7
8713,4,19.78,16.0,3
8714,9,5.74,18.0,10
8715,8,15.07,24.0,8
8716,22,24.01,,21
8717,6,10.88,12.0,7
8718,3,17.41,12.0,3
8719,5,11.32,10.0,4
8720,2,14.71,4.0,2
8721,4,13.63,12.0,3
8722,4,16.66,8.0,4
8723,4,14.44,16.0,4
8724,5,4.87,20.0,4
8725,6,24.62,18.0,6
8726,12,19.39,48.0,14
8727,5,18.12,10.0,3
8728,9,11.48,36.0,6
8729,8,20.6,32.0,6
8730,8,11.59,32.0,5
8731,4,13.07,16.0,4
8732,7,13.39,21.0,6
8733,24,20.43,96.0,18
8734,4,12.27,8.0,5
8735,3,14.03,6.0,3
8736,7,15.41,14.0,7
8737,6,21.38,18.0,5
8738,2,18.26,4.0,1
8739,7,22.31,28.0,6
8740,12,21.1,36.0,9
8741,6,17.37,24.0,6
8742,6,17.2,12.0,7
8743,9,17.39,36.0,11
8744,5,20.59,10.0,5
8745,5,8.79,10.0,3
8746,10,9.81,30.0,11
8747,4,18.76,8.0,2
8748,16,16.86,64.0,19
8749,9,9.39,27.0,11
8750,6,23.94,24.0,7
8751,12,22.19,24.0,14
8752,4,11.56,8.0,4
8753,4,23.55,16.0,4
8754,5,17.5,15.0,6
8755,15,17.5,45.0,12
8756,5,13.79,10.0,4
8757,2,6.94,4.0,2
8758,11,14.81,22.0,13
8759,5,16.58,,4
8760,12,16.41,36.0,9
8761,11,13.57,22.0,14
8762,10,14.71,30.0,8
8763,5,21.06,15.0,5
8764,14,8.67,42.0,17
8765,3,18.78,6.0,3
8766,4,14.63,12.0,2
8767,9,19.01,36.0,7
8768,10,16.66,20.0,10
8769,5,22.86,15.0,5
8770,6,23.98,24.0,7
8771,6,,18.0,4
8772,3,10.22,12.0,2
8773,6,16.82,12.0,4
8774,7,11.65,28.0,8
8775,7,19.56,14.0,6
8776,11,20.58,22.0,13
8777,10,13.44,30.0,8
8778,12,13.19,48.0,8
8779,12,13.21,48.0,9
8780,14,6.53,42.0,13
8781,13,15.59,26.0,16
8782,9,9.41,27.0,11
8783,5,14.87,15.0,3
8784,2,16.39,6.0,1
8785,5,8.04,20.0,4
8786,9,12.41,36.0,9
8787,6,8.44,24.0,4
8788,6,14.55,24.0,6
8789,5,19.68,10.0,5
8790,7,13.99,21.0,7
8791,5,18.39,20.0,6
8792,6,11.79,12.0,5
8793,4,19.99,16.0,3
8794,6,,18.0,4
8795,16,17.52,64.0,13
8796,4,17.18,8.0,2
8797,4,17.3,12.0,3
8798,7,,21.0,7
8799,4,14.0,16.0,2
8800,6,16.61,24.0,4
8801,5,25.69,20.0,5
8802,12,11.85,24.0,9
8803,6,20.48,24.0,6
8804,8,23.71,32.0,8
8805,8,3.04,24.0,8
8806,8,21.43,16.0,6
8807,6,24.87,18.0,5
8808,23,19.13,46.0,29
8809,20,15.34,60.0,22
8810,16,18.93,64.0,20
8811,3,20.73,,2
8812,5,19.44,20.0,4
8813,13,20.19,39.0,15
8814,7,13.2,28.0,7
8815,8,9.56,32.0,6
8816,3,16.27,9.0,3
8817,18,17.6,36.0,13
8818,13,18.18,52.0,15
8819,3,8.03,9.0,3
8820,11,12.73,33.0,11
8821,4,13.68,16.0,4
8822,7,17.44,21.0,5
8823,8,10.73,32.0,6
8824,7,15.82,21.0,5
8825,4,14.06,16.0,3
8826,2,11.13,4.0,2
8827,5,19.75,20.0,3
8828,4,21.66,8.0,4
8829,13,28.11,39.0,16
8830,4,-0.34,12.0,4
8831,12,14.28,36.0,9
8832,6,16.37,18.0,4
8833,9,18.06,36.0,7
8834,8,13.06,,9
8835,4,11.51,8.0,3
8836,8,12.46,32.0,6
8837,2,14.01,8.0,1
8838,17,10.41,68.0,15
8839,11,10.04,44.0,12
8840,17,,34.0,18
8841,11,16.36,44.0,13
8842,9,11.44,36.0,11
8843,3,20.68,9.0,2
8844,3,8.27,12.0,2
8845,6,8.69,12.0,7
8846,3,19.48,12.0,3
8847,10,16.74,40.0,10
8848,10,20.62,40.0,7
8849,9,19.24,36.0,6
8850,2,19.78,6.0,1
8851,4,18.8,8.0,3
8852,6,19.0,18.0,4
8853,12,7.49,48.0,13
8854,4,12.13,16.0,4
8855,10,17.23,30.0,12
8856,6,6.59,24.0,5
8857,4,18.45,8.0,4
8858,7,14.56,21.0,8
8859,2,9.97,6.0,1
8860,2,18.3,4.0,1
8861,8,23.04,32.0,8
8862,4,9.78,8.0,2
8863,8,18.89,24.0,9
8864,7,16.4,14.0,5
8865,4,16.71,8.0,3
8866,8,7.84,16.0,7
8867,7,16.85,28.0,8
8868,9,19.76,36.0,9
8869,5,11.64,20.0,5
8870,5,12.78,20.0,5
8871,8,22.87,32.0,6
8872,6,10.39,24.0,6
8873,6,9.18,12.0,7
8874,9,6.65,27.0,8
8875,8,25.13,24.0,7
8876,7,23.85,21.0,9
8877,6,24.33,12.0,6
8878,3,17.29,9.0,2
8879,15,23.98,60.0,13
8880,15,13.19,30.0,19
8881,7,9.36,28.0,5
8882,8,14.2,32.0,7
8883,8,20.27,24.0,8
8884,7,21.64,28.0,7
8885,5,25.59,20.0,3
8886,8,28.74,32.0,7
8887,9,16.06,,11
8888,6,17.21,24.0,6
8889,7,5.7,21.0,7
8890,8,17.74,24.0,6
8891,14,9.49,28.0,17
8892,4,17.7,12.0,4
8893,6,3.81,12.0,5
8894,14,5.87,28.0,13
8895,5,22.28,10.0,5
8896,3,13.49,12.0,2
8897,11,15.23,33.0,8
8898,7,22.8,28.0,8
8899,5,18.49,15.0,5
8900,15,20.49,30.0,15
8901,14,,42.0,14
8902,0,13.76,0.0,1
8903,9,23.16,36.0,6
8904,1,10.53,2.0,1
8905,5,14.63,20.0,6
8906,9,,27.0,7
8907,12,15.5,24.0,14
8908,3,18.48,6.0,3
8909,2,23.84,8.0,1
8910,6,21.65,12.0,7
8911,6,2.9,12.0,4
8912,9,17.72,27.0,11
8913,3,17.54,12.0,2
8914,12,14.42,36.0,11
8915,1,9.12,3.0,1
8916,17,2.56,68.0,15
8917,3,12.94,6.0,3
8918,11,14.17,33.0,13
8919,6,13.13,12.0,6
8920,11,17.05,22.0,12
8921,7,12.34,28.0,8
8922,18,3.82,54.0,22
8923,16,26.4,48.0,14
8924,14,26.1,56.0,10
8925,6,12.68,24.0,6
8926,5,21.83,20.0,5
8927,3,14.39,9.0,2
8928,6,13.69,18.0,5
8929,10,7.65,20.0,9
8930,2,16.76,8.0,1
8931,12,22.82,24.0,9
8932,7,21.06,14.0,5
8933,4,19.23,8.0,2
8934,7,5.44,14.0,6
8935,5,14.75,10.0,5
8936,7,13.8,28.0,6
8937,13,23.28,39.0,12
8938,3,22.08,12.0,2
8939,3,20.46,9.0,3
8940,2,14.41,6.0,2
8941,7,9.92,21.0,5
8942,4,21.42,16.0,3
8943,6,4.57,12.0,4
8944,6,15.88,18.0,4
8945,3,8.63,9.0,3
8946,8,19.57,24.0,8
8947,2,14.64,4.0,1
8948,10,21.98,40.0,9
8949,13,12.46,26.0,9
8950,6,19.57,12.0,6
8951,7,10.3,21.0,5
8952,20,10.31,80.0,22
8953,9,8.57,27.0,11
8954,10,21.96,40.0,11
8955,10,11.81,30.0,7
8956,3,6.98,12.0,3
8957,6,13.87,12.0,7
8958,22,15.18,88.0,15
8959,6,12.08,24.0,4
8960,8,22.62,32.0,8
8961,11,12.12,33.0,12
8962,2,10.77,6.0,2
8963,10,7.81,40.0,11
8964,9,13.54,18.0,8
8965,5,14.69,15.0,4
8966,5,9.54,20.0,4
8967,3,23.82,6.0,3
8968,2,16.4,4.0,2
8969,3,20.12,12.0,2
8970,5,20.25,10.0,3
8971,8,11.43,16.0,8
8972,10,,20.0,9
8973,7,20.49,28.0,8
8974,6,13.94,18.0,4
8975,21,,42.0,26
8976,2,14.03,8.0,1
8977,7,9.46,28.0,5
8978,8,16.34,16.0,7
8979,4,17.71,16.0,4
8980,2,13.37,6.0,2
8981,4,13.19,8.0,5
8982,3,16.21,12.0,3
8983,6,8.16,12.0,6
8984,3,18.01,12.0,2
8985,4,15.88,8.0,3
8986,6,14.41,12.0,4
8987,7,10.22,14.0,6
8988,9,24.31,27.0,10
8989,5,18.83,20.0,4
8990,5,8.57,10.0,5
8991,6,11.88,24.0,6
8992,6,34.65,18.0,6
8993,7,2.43,21.0,7
8994,8,17.64,24.0,7
8995,5,18.12,15.0,5
8996,4,7.81,16.0,4
8997,10,12.96,30.0,8
8998,16,14.62,32.0,14
8999,7,12.24,14.0,8
9000,5,20.94,20.0,3
9001,8,4.95,32.0,9
9002,6,13.17,18.0,7
9003,9,10.32,36.0,8
9004,4,10.84,12.0,4
9005,6,8.9,12.0,6
9006,9,12.27,27.0,9
9007,5,22.57,15.0,6
9008,5,14.25,10.0,5
9009,6,16.95,12.0,6
9010,7,21.92,21.0,5
9011,12,9.91,48.0,12
9012,8,13.78,32.0,7
9013,8,12.81,32.0,5
9014,15,17.66,45.0,12
9015,12,17.85,48.0,10
9016,8,18.2,24.0,9
9017,6,14.58,12.0,7
9018,3,16.15,6.0,2
9019,3,2.94,9.0,2
9020,9,16.62,27.0,10
9021,7,12.06,28.0,6
9022,7,16.26,28.0,9
9023,6,21.43,18.0,7
9024,7,10.29,21.0,5
9025,4,16.41,12.0,2
9026,5,10.76,20.0,4
9027,2,21.83,6.0,2
9028,6,28.44,18.0,5
9029,7,15.09,28.0,8
9030,6,9.55,24.0,7
9031,16,9.67,64.0,20
9032,8,19.58,16.0,8
9033,5,11.97,10.0,5
9034,8,18.86,24.0,7
9035,0,11.85,0.0,1
9036,14,23.63,56.0,15
9037,3,12.13,6.0,3
9038,2,14.19,4.0,1
9039,3,10.31,12.0,2
9040,9,5.84,36.0,9
9041,9,18.61,36.0,6
9042,5,19.96,15.0,6
9043,8,10.63,24.0,9
9044,9,7.22,27.0,10
9045,3,13.29,6.0,3
9046,4,20.49,8.0,3
9047,14,16.6,28.0,10
9048,15,,30.0,13
9049,19,13.41,38.0,14
9050,10,15.82,40.0,12
9051,10,26.96,40.0,12
9052,9,,18.0,7
9053,7,15.41,21.0,7
9054,1,17.6,4.0,1
9055,4,16.94,12.0,5
9056,11,17.66,33.0,12
9057,8,13.2,24.0,9
9058,5,19.18,10.0,4
9059,4,18.36,12.0,4
9060,10,17.75,,10
9061,13,17.09,52.0,10
9062,7,25.72,28.0,7
9063,3,15.83,9.0,3
9064,1,15.48,2.0,1
9065,5,14.78,15.0,5
9066,14,17.52,28.0,12
9067,6,12.79,12.0,5
9068,8,18.32,16.0,7
9069,8,9.12,32.0,8
9070,4,19.71,8.0,4
9071,4,17.7,16.0,3
9072,15,23.01,30.0,14
9073,7,10.25,14.0,6
9074,4,11.64,8.0,4
9075,4,12.69,8.0,4
9076,16,19.17,48.0,18
9077,6,10.27,18.0,5
9078,7,14.89,14.0,6
9079,6,8.35,24.0,6
9080,10,24.3,20.0,12
9081,6,17.62,18.0,7
9082,4,3.29,16.0,3
9083,4,18.07,8.0,4
9084,4,17.25,16.0,4
9085,13,18.71,39.0,11
9086,4,17.01,8.0,3
9087,5,17.08,15.0,5
9088,3,15.85,12.0,2
9089,7,,14.0,6
9090,7,20.11,28.0,5
9091,13,16.77,26.0,9
9092,6,11.74,18.0,4
9093,4,5.17,16.0,4
9094,10,17.41,30.0,9
9095,14,19.44,42.0,14
9096,4,14.97,12.0,4
9097,21,10.91,63.0,18
9098,12,,24.0,13
9099,5,,15.0,5
9100,5,19.48,10.0,3
9101,21,18.37,63.0,16
9102,11,18.05,44.0,14
9103,6,14.38,24.0,6
9104,5,11.25,15.0,4
9105,3,17.16,12.0,3
9106,2,20.63,8.0,1
9107,4,15.41,8.0,3
9108,4,17.09,8.0,3
9109,9,21.34,18.0,7
9110,7,15.78,28.0,6
9111,11,17.18,33.0,10
9112,8,13.11,16.0,6
9113,11,16.68,33.0,14
9114,6,11.0,12.0,4
9115,6,8.49,12.0,6
9116,5,10.88,10.0,3
9117,20,17.67,40.0,19
9118,2,8.29,4.0,2
9119,2,,6.0,1
9120,14,20.66,28.0,15
9121,3,14.61,6.0,2
9122,7,16.85,14.0,5
9123,12,16.76,36.0,13
9124,9,12.02,36.0,8
9125,10,18.31,30.0,11
9126,2,16.1,6.0,2
9127,4,18.72,16.0,4
9128,9,23.38,18.0,11
9129,9,15.52,18.0,7
9130,2,27.24,8.0,1
9131,12,14.21,36.0,14
9132,6,13.66,24.0,5
9133,9,16.29,36.0,8
9134,4,11.33,16.0,3
9135,7,19.86,14.0,5
9136,26,21.63,104.0,27
9137,3,15.54,9.0,3
9138,5,13.79,15.0,4
9139,11,24.23,33.0,13
9140,5,12.94,15.0,5
9141,2,15.01,8.0,1
9142,9,16.07,18.0,7
9143,6,24.5,12.0,5
9144,4,17.75,8.0,4
9145,10,15.68,20.0,12
9146,2,9.14,8.0,1
9147,8,11.5,,6
9148,7,8.71,21.0,8
9149,14,30.72,56.0,12
9150,10,14.55,20.0,12
9151,5,17.38,10.0,4
9152,7,17.61,14.0,6
9153,7,18.02,28.0,9
9154,6,14.67,24.0,5
9155,6,11.4,24.0,7
9156,10,20.46,40.0,8
9157,2,15.77,8.0,1
9158,10,11.38,30.0,10
9159,5,17.39,10.0,3
9160,8,19.73,16.0,10
9161,16,16.44,64.0,16
9162,6,19.2,12.0,7
9163,5,24.14,15.0,4
9164,7,17.0,28.0,6
9165,7,24.11,28.0,8
9166,2,15.06,4.0,2
9167,0,11.16,0.0,1
9168,5,16.23,20.0,5
9169,3,13.01,6.0,3
9170,15,17.28,60.0,17
9171,19,22.2,38.0,13
9172,2,15.51,6.0,1
9173,8,20.69,24.0,9
9174,7,13.94,28.0,6
9175,5,11.22,15.0,4
9176,4,22.67,12.0,3
9177,6,10.23,12.0,7
9178,5,25.25,10.0,3
9179,9,19.68,36.0,8
9180,17,24.04,68.0,12
9181,4,14.57,8.0,2
9182,6,13.75,12.0,4
9183,6,11.68,24.0,7
9184,9,10.17,18.0,10
9185,13,19.26,52.0,15
9186,21,1.98,84.0,19
9187,12,26.46,24.0,14
9188,7,15.32,14.0,7
9189,6,24.08,18.0,5
9190,3,6.02,6.0,2
9191,11,13.77,22.0,13
9192,4,12.45,8.0,4
9193,7,15.68,28.0,8
9194,10,17.52,40.0,11
9195,15,17.65,,19
9196,5,18.09,10.0,3
9197,9,16.56,27.0,7
9198,6,8.18,24.0,7
9199,18,14.68,54.0,19
9200,5,14.73,15.0,5
9201,8,8.54,16.0,9
9202,5,13.74,15.0,6
9203,11,15.92,33.0,9
9204,13,12.59,26.0,14
9205,12,16.23,36.0,12
9206,7,12.85,21.0,6
9207,4,18.42,8.0,3
9208,12,13.21,24.0,11
9209,11,16.16,33.0,11
9210,3,17.37,12.0,3
9211,4,25.25,12.0,4
9212,4,10.11,8.0,3
9213,5,18.25,20.0,4
9214,7,9.27,28.0,7
9215,8,12.91,32.0,5
9216,2,23.59,8.0,2
9217,9,19.19,18.0,10
9218,6,12.76,18.0,4
9219,7,15.15,21.0,8
9220,9,14.94,36.0,10
9221,7,16.24,28.0,8
9222,4,14.45,12.0,3
9223,6,6.47,12.0,5
9224,4,8.65,16.0,4
9225,8,20.05,16.0,9
9226,11,,,10
9227,7,21.96,28.0,6
9228,10,33.89,40.0,8
9229,5,17.19,20.0,4
9230,14,22.48,28.0,15
9231,3,23.64,9.0,2
9232,6,16.58,12.0,6
9233,3,15.96,6.0,2
9234,2,12.88,,1
9235,6,3.53,24.0,7
9236,4,13.72,12.0,3
9237,5,11.08,10.0,4
9238,15,18.5,30.0,11
9239,14,18.56,42.0,17
9240,12,14.79,24.0,14
9241,6,16.39,18.0,5
9242,5,25.19,20.0,5
9243,6,8.93,18.0,4
9244,12,15.98,24.0,10
9245,4,20.08,12.0,2
9246,11,24.1,44.0,8
9247,8,17.04,24.0,9
9248,6,18.63,24.0,5
9249,9,18.12,36.0,7
9250,3,10.92,6.0,2
9251,13,16.24,26.0,13
9252,8,10.02,32.0,8
9253,4,,16.0,4
9254,6,15.86,12.0,5
9255,10,,40.0,8
9256,2,10.03,6.0,2
9257,4,14.97,8.0,4
9258,4,11.92,16.0,4
9259,15,12.7,30.0,17
9260,6,34.5,24.0,6
9261,6,6.25,12.0,7
9262,7,22.39,14.0,6
9263,5,16.78,15.0,4
9264,7,27.44,21.0,8
9265,8,23.63,16.0,6
9266,5,18.58,20.0,5
9267,2,11.92,4.0,2
9268,5,,20.0,4
9269,4,22.36,12.0,3
9270,5,15.31,10.0,5
9271,16,14.91,64.0,13
9272,3,17.58,9.0,2
9273,4,13.42,8.0,4
9274,5,19.24,15.0,5
9275,5,21.76,15.0,3
9276,4,16.98,16.0,4
9277,8,21.38,16.0,8
9278,5,19.64,10.0,5
9279,5,25.58,10.0,4
9280,9,14.43,27.0,9
9281,4,10.23,12.0,5
9282,11,27.56,22.0,10
9283,9,7.88,18.0,11
9284,5,12.67,10.0,4
9285,4,5.08,8.0,3
9286,3,18.49,9.0,3
9287,11,13.89,33.0,10
9288,3,20.84,6.0,3
9289,6,14.75,18.0,7
9290,3,19.75,12.0,2
9291,9,16.39,27.0,8
9292,4,16.86,16.0,4
9293,6,12.93,18.0,7
9294,11,11.58,22.0,8
9295,7,22.6,21.0,8
9296,4,17.86,8.0,3
9297,4,,16.0,2
9298,21,12.31,84.0,25
9299,7,8.91,21.0,5
9300,13,14.87,52.0,13
9301,10,17.53,40.0,12
9302,13,16.31,26.0,13
9303,4,4.75,8.0,3
9304,9,15.74,18.0,6
9305,7,16.87,28.0,6
9306,8,14.54,24.0,9
9307,6,12.35,,6
9308,8,17.62,32.0,7
9309,9,11.02,18.0,7
9310,9,19.21,27.0,6
9311,5,8.4,15.0,4
9312,6,12.84,24.0,5
9313,6,18.52,12.0,5
9314,6,13.38,24.0,6
9315,10,23.66,30.0,7
9316,14,9.65,42.0,16
9317,8,17.16,24.0,8
9318,9,16.37,36.0,11
9319,10,13.21,30.0,11
9320,10,20.3,,10
9321,11,11.46,22.0,13
9322,8,18.4,24.0,10
9323,7,11.5,21.0,8
9324,9,14.97,27.0,11
9325,6,20.24,18.0,7
9326,5,14.95,20.0,4
9327,2,24.48,6.0,2
9328,16,15.42,64.0,19
9329,4,12.25,8.0,5
9330,5,2.03,15.0,5
9331,6,16.61,24.0,5
9332,17,23.15,68.0,17
9333,9,13.67,,7
9334,3,15.55,12.0,3
9335,3,19.69,9.0,2
9336,9,16.66,18.0,9
9337,4,23.25,12.0,4
9338,13,19.02,39.0,12
9339,9,12.45,18.0,9
9340,4,21.25,12.0,2
9341,6,27.26,18.0,5
9342,18,13.92,72.0,14
9343,3,,9.0,2
9344,8,9.34,32.0,6
9345,6,13.16,18.0,4
9346,8,20.86,16.0,9
9347,14,20.97,28.0,10
9348,8,18.54,16.0,7
9349,3,18.52,6.0,3
9350,13,16.9,52.0,10
9351,12,20.66,48.0,10
9352,7,21.08,,8
9353,6,17.19,12.0,7
9354,11,16.86,22.0,8
9355,18,10.94,72.0,13
9356,11,16.58,22.0,12
9357,3,14.5,12.0,2
9358,7,13.83,21.0,7
9359,16,22.67,48.0,12
9360,3,15.42,6.0,3
9361,16,27.72,32.0,15
9362,10,27.25,20.0,9
9363,6,11.68,18.0,5
9364,3,21.28,12.0,2
9365,4,10.12,12.0,3
9366,17,26.13,68.0,19
9367,4,21.08,12.0,3
9368,6,11.82,24.0,5
9369,8,25.61,24.0,6
9370,5,12.63,10.0,5
9371,12,26.73,24.0,15
9372,5,10.28,20.0,5
9373,2,10.75,4.0,1
9374,7,13.86,14.0,5
9375,6,17.27,18.0,7
9376,2,,6.0,2
9377,6,21.75,18.0,5
9378,6,24.97,18.0,6
9379,9,13.63,36.0,7
9380,5,25.77,10.0,5
9381,1,13.95,,1
9382,7,16.26,21.0,5
9383,3,29.4,12.0,3
9384,7,23.53,21.0,7
9385,17,25.23,34.0,17
9386,5,5.93,10.0,6
9387,6,14.49,12.0,6
9388,10,20.73,30.0,8
9389,11,18.22,22.0,9
9390,16,19.41,32.0,15
9391,5,20.26,10.0,6
9392,11,2.66,33.0,12
9393,6,17.99,18.0,6
9394,6,17.86,12.0,6
9395,7,15.52,28.0,5
9396,11,15.08,33.0,9
9397,6,15.49,18.0,5
9398,9,14.81,27.0,7
9399,1,17.61,3.0,1
9400,16,17.71,32.0,12
9401,4,13.69,8.0,3
9402,15,5.53,60.0,12
9403,9,14.61,36.0,9
9404,19,32.68,57.0,23
9405,7,23.64,28.0,7
9406,6,6.25,12.0,4
9407,13,19.98,26.0,11
9408,9,21.77,27.0,9
9409,9,10.1,36.0,8
9410,4,21.3,8.0,3
9411,4,12.52,16.0,3
9412,2,6.94,4.0,2
9413,6,14.97,18.0,6
9414,9,9.05,27.0,6
9415,19,23.7,38.0,14
9416,14,19.04,42.0,12
9417,2,12.35,8.0,1
9418,7,17.46,21.0,8
9419,7,7.63,14.0,7
9420,7,15.8,28.0,8
9421,17,16.07,51.0,17
9422,5,20.08,20.0,6
9423,4,21.07,12.0,2
9424,10,2.94,20.0,10
9425,5,17.64,20.0,4
9426,7,13.69,28.0,8
9427,10,16.61,30.0,9
9428,7,18.12,21.0,5
9429,7,18.99,28.0,7
9430,6,12.66,24.0,6
9431,7,15.38,21.0,6
9432,7,7.37,14.0,7
9433,13,7.21,52.0,10
9434,1,12.29,2.0,1
9435,3,13.81,6.0,3
9436,8,18.97,24.0,7
9437,11,20.24,22.0,7
9438,4,8.11,16.0,4
9439,10,8.91,30.0,7
9440,6,20.04,24.0,4
9441,10,15.65,40.0,8
9442,11,17.09,22.0,9
9443,5,21.36,15.0,6
9444,18,20.6,36.0,17
9445,13,18.35,26.0,10
9446,26,11.3,52.0,33
9447,18,28.15,,15
9448,6,11.85,24.0,4
9449,14,18.4,28.0,10
9450,9,6.07,18.0,9
9451,7,25.05,14.0,4
9452,6,15.85,18.0,7
9453,6,19.48,24.0,7
9454,6,21.76,24.0,4
9455,12,26.42,36.0,10
9456,15,10.94,60.0,15
9457,4,18.78,16.0,4
9458,7,7.06,28.0,7
9459,5,21.67,10.0,6
9460,4,17.08,16.0,5
9461,6,8.48,18.0,6
9462,15,12.85,30.0,11
9463,4,18.05,8.0,5
9464,5,15.26,20.0,5
9465,6,11.99,12.0,7
9466,6,15.45,24.0,6
9467,8,11.55,32.0,5
9468,2,13.01,6.0,2
9469,5,13.14,10.0,3
9470,5,7.32,15.0,6
9471,10,6.74,20.0,10
9472,5,16.36,15.0,5
9473,13,15.8,52.0,9
9474,4,15.28,12.0,3
9475,16,24.84,32.0,11
9476,4,12.64,16.0,5
9477,4,6.16,16.0,4
9478,10,14.17,20.0,7
9479,1,19.22,3.0,1
9480,9,19.66,36.0,8
9481,4,23.13,16.0,3
9482,7,17.17,21.0,4
9483,16,17.2,64.0,12
9484,6,8.69,18.0,5
9485,6,14.8,18.0,6
9486,13,17.12,39.0,11
9487,6,14.09,24.0,6
9488,8,20.6,24.0,6
9489,3,11.5,12.0,2
9490,2,10.84,6.0,1
9491,2,17.89,4.0,2
9492,4,17.53,16.0,4
9493,20,16.0,80.0,22
9494,4,10.11,8.0,5
9495,33,13.69,99.0,26
9496,7,11.17,14.0,8
9497,5,19.45,10.0,4
9498,9,13.11,27.0,9
9499,4,,8.0,4
9500,4,17.39,8.0,5
9501,4,17.38,8.0,3
9502,17,14.53,68.0,20
9503,9,15.37,18.0,8
9504,12,15.47,36.0,12
9505,9,10.94,27.0,8
9506,10,9.64,30.0,9
9507,5,5.68,15.0,3
9508,12,14.31,36.0,11
9509,3,16.6,6.0,3
9510,10,2.45,20.0,8
9511,3,17.67,9.0,3
9512,5,15.99,15.0,5
9513,9,5.1,27.0,6
9514,5,8.24,15.0,4
9515,11,22.27,44.0,13
9516,4,15.41,16.0,4
9517,10,34.65,20.0,7
9518,4,8.75,16.0,4
9519,5,10.86,10.0,4
9520,13,13.52,26.0,14
9521,9,17.45,36.0,11
9522,3,16.75,12.0,2
9523,10,21.88,30.0,9
9524,1,7.91,3.0,1
9525,3,10.4,6.0,2
9526,11,25.12,22.0,11
9527,5,15.8,15.0,6
9528,4,21.98,12.0,4
9529,5,17.65,10.0,6
9530,4,16.08,16.0,4
9531,5,25.99,20.0,5
9532,9,7.02,18.0,8
9533,7,23.39,28.0,5
9534,2,17.04,6.0,2
9535,5,25.35,20.0,3
9536,13,17.93,52.0,15
9537,7,9.71,28.0,8
9538,5,23.48,20.0,3
9539,3,12.09,6.0,3
9540,15,17.05,60.0,18
9541,4,14.57,8.0,4
9542,7,12.94,21.0,7
9543,5,14.3,20.0,4
9544,4,13.47,16.0,3
9545,27,22.62,54.0,31
9546,14,17.83,56.0,16
9547,7,10.42,21.0,7
9548,13,22.04,39.0,12
9549,3,13.38,12.0,3
9550,14,8.59,56.0,12
9551,12,18.88,48.0,14
9552,6,16.17,24.0,5
9553,18,16.22,72.0,14
9554,10,20.59,30.0,11
9555,20,30.12,60.0,15
9556,4,11.31,12.0,4
9557,6,13.76,24.0,6
9558,5,14.13,15.0,4
9559,9,17.06,36.0,10
9560,4,12.77,12.0,3
9561,6,14.21,18.0,6
9562,5,21.13,15.0,4
9563,9,17.81,36.0,10
9564,10,12.31,30.0,8
9565,7,13.04,28.0,8
9566,6,14.43,24.0,4
9567,10,11.66,30.0,11
9568,24,13.16,72.0,18
9569,6,14.49,18.0,7
9570,4,21.7,8.0,3
9571,6,19.5,24.0,5
9572,3,18.65,9.0,2
9573,5,19.89,20.0,6
9574,25,23.3,50.0,21
9575,1,17.84,4.0,1
9576,7,11.75,14.0,5
9577,3,12.53,9.0,2
9578,13,16.26,52.0,10
9579,11,17.91,44.0,11
9580,4,18.23,12.0,5
9581,2,24.62,8.0,2
9582,7,14.52,14.0,8
9583,28,19.81,56.0,24
9584,5,13.65,20.0,5
9585,2,10.76,4.0,1
9586,2,14.19,8.0,1
9587,3,22.92,9.0,3
9588,9,9.61,27.0,9
9589,6,12.81,24.0,6
9590,10,2.64,20.0,12
9591,10,30.79,20.0,11
9592,5,9.25,20.0,6
9593,9,30.78,36.0,7
9594,13,18.99,39.0,13
9595,5,19.2,10.0,4
9596,6,14.28,18.0,6
9597,9,25.67,18.0,10
9598,3,15.62,9.0,2
9599,7,29.41,21.0,8
9600,7,20.39,28.0,7
9601,6,13.45,18.0,5
9602,3,11.36,6.0,3
9603,8,19.52,32.0,6
9604,4,8.61,16.0,4
9605,7,29.97,14.0,5
9606,8,19.52,24.0,9
9607,12,15.67,48.0,13
9608,4,15.82,16.0,3
9609,1,17.03,4.0,1
9610,7,12.13,14.0,8
9611,5,21.13,15.0,4
9612,12,20.97,36.0,9
9613,4,20.53,12.0,4
9614,4,22.82,16.0,4
9615,9,10.51,18.0,10
9616,10,21.01,30.0,7
9617,6,21.61,12.0,7
9618,14,26.77,28.0,10
9619,2,6.24,6.0,1
9620,9,15.29,36.0,7
9621,13,11.07,39.0,16
9622,5,21.83,15.0,5
9623,12,14.34,24.0,9
9624,4,11.99,12.0,4
9625,11,20.48,33.0,9
9626,8,22.56,32.0,10
9627,3,11.47,9.0,2
9628,26,9.36,52.0,24
9629,12,16.59,48.0,10
9630,6,17.79,18.0,4
9631,3,23.94,12.0,3
9632,8,18.65,16.0,9
9633,10,24.62,30.0,7
9634,4,13.59,16.0,4
9635,9,12.16,18.0,9
9636,8,22.26,24.0,6
9637,1,14.24,2.0,1
9638,3,8.32,12.0,3
9639,13,27.75,39.0,14
9640,10,4.02,30.0,10
9641,12,11.35,24.0,8
9642,9,19.52,36.0,7
9643,10,18.27,30.0,11
9644,4,11.51,16.0,3
9645,3,8.66,12.0,3
9646,7,14.96,21.0,8
9647,5,15.08,20.0,4
9648,7,16.4,14.0,6
9649,8,29.01,32.0,5
9650,12,13.08,48.0,9
9651,6,10.85,18.0,5
9652,4,,8.0,4
9653,15,20.2,60.0,11
9654,8,5.01,24.0,7
9655,8,10.41,32.0,6
9656,8,6.86,32.0,6
9657,8,19.37,24.0,9
9658,4,15.44,8.0,4
9659,7,9.12,14.0,7
9660,5,13.18,15.0,5
9661,9,16.74,27.0,9
9662,2,3.14,4.0,1
9663,4,13.74,8.0,4
9664,18,21.59,36.0,19
9665,7,18.33,21.0,5
9666,7,,28.0,5
9667,6,21.09,12.0,4
9668,8,13.97,32.0,7
9669,8,4.99,32.0,8
9670,14,26.9,42.0,15
9671,5,13.14,20.0,4
9672,7,11.55,21.0,5
9673,5,15.9,20.0,5
9674,3,10.62,9.0,2
9675,11,18.12,22.0,7
9676,9,13.24,27.0,9
9677,9,27.15,36.0,11
9678,6,17.96,12.0,5
9679,6,16.15,18.0,7
9680,3,14.51,12.0,2
9681,8,11.36,24.0,8
9682,5,14.09,20.0,6
9683,9,12.67,18.0,7
9684,17,24.5,34.0,18
9685,11,20.99,22.0,9
9686,12,15.25,36.0,8
9687,5,11.27,20.0,6
9688,7,15.29,14.0,7
9689,7,18.47,14.0,7
9690,6,18.96,12.0,7
9691,13,8.96,26.0,14
9692,6,18.82,12.0,4
9693,8,16.41,24.0,10
9694,10,16.04,40.0,8
9695,8,17.66,32.0,8
9696,13,23.42,39.0,11
9697,11,20.15,44.0,10
9698,7,17.41,28.0,9
9699,6,14.67,,6
9700,3,3.17,6.0,3
9701,1,13.55,3.0,1
9702,9,27.73,27.0,7
9703,5,3.52,10.0,6
9704,9,15.54,18.0,10
9705,1,12.2,4.0,1
9706,6,8.77,12.0,7
9707,5,13.0,15.0,5
9708,7,13.34,21.0,7
9709,3,18.21,6.0,3
9710,6,17.17,24.0,5
9711,9,17.1,36.0,6
9712,9,10.07,36.0,9
9713,5,17.35,15.0,3
9714,11,21.32,33.0,8
9715,6,7.73,24.0,5
9716,4,4.09,16.0,3
9717,9,20.57,18.0,11
9718,13,19.03,26.0,14
9719,5,-1.92,15.0,4
9720,10,7.8,30.0,7
9721,5,16.68,20.0,5
9722,2,17.29,4.0,2
9723,11,20.38,22.0,11
9724,8,8.71,16.0,7
9725,2,7.31,6.0,1
9726,2,14.46,6.0,2
9727,6,11.09,12.0,6
9728,7,15.94,28.0,8
9729,15,11.5,45.0,11
9730,6,,18.0,5
9731,23,20.86,69.0,18
9732,4,10.83,8.0,4
9733,6,21.91,24.0,5
9734,7,23.59,28.0,5
9735,1,21.44,3.0,1
9736,7,23.46,14.0,5
9737,6,3.1,18.0,6
9738,4,,8.0,3
9739,6,17.98,18.0,5
9740,2,20.9,4.0,1
9741,11,9.82,22.0,12
9742,7,25.05,14.0,6
9743,9,3.01,18.0,8
9744,2,11.83,6.0,1
9745,8,,32.0,10
9746,10,27.74,40.0,12
9747,12,24.6,36.0,13
9748,11,12.84,22.0,12
9749,11,28.42,33.0,10
9750,7,23.07,14.0,5
9751,7,11.52,14.0,8
9752,5,9.77,20.0,6
9753,4,20.01,8.0,2
9754,5,7.72,10.0,5
9755,9,12.06,18.0,8
9756,7,13.14,14.0,8
9757,8,15.49,16.0,9
9758,3,17.18,9.0,3
9759,8,19.95,24.0,7
9760,9,20.09,36.0,8
9761,3,11.44,6.0,2
9762,20,15.15,40.0,21
9763,8,22.24,16.0,6
9764,4,14.72,8.0,2
9765,8,12.37,16.0,7
9766,12,14.25,24.0,10
9767,3,17.7,9.0,2
9768,8,16.86,16.0,9
9769,11,19.56,22.0,8
9770,3,13.39,12.0,2
9771,6,7.2,12.0,6
9772,8,24.93,16.0,9
9773,3,26.89,12.0,3
9774,6,15.72,18.0,7
9775,12,28.39,36.0,8
9776,10,13.82,30.0,7
9777,10,19.96,40.0,12
9778,7,16.01,21.0,8
9779,5,17.91,20.0,5
9780,6,,12.0,5
9781,11,10.51,33.0,14
9782,5,17.29,20.0,4
9783,5,14.12,20.0,4
9784,21,,42.0,21
9785,16,22.34,48.0,15
9786,6,14.35,18.0,5
9787,5,13.56,10.0,4
9788,10,18.88,40.0,12
9789,2,24.29,4.0,2
9790,8,14.09,24.0,6
9791,9,15.55,27.0,9
9792,5,9.81,20.0,5
9793,3,21.06,9.0,2
9794,1,16.29,3.0,1
9795,9,8.6,36.0,9
9796,6,14.95,12.0,7
9797,7,8.56,21.0,6
9798,10,,40.0,9
9799,3,11.81,6.0,2
9800,13,19.88,26.0,13
9801,5,14.91,20.0,6
9802,4,6.96,12.0,4
9803,5,12.62,20.0,5
9804,22,10.75,88.0,22
9805,7,22.37,14.0,6
9806,22,27.1,88.0,17
9807,8,11.04,16.0,6
9808,5,12.6,15.0,3
9809,5,10.66,15.0,5
9810,6,19.4,12.0,6
9811,23,20.79,46.0,26
9812,3,10.76,12.0,3
9813,3,12.55,9.0,2
9814,9,17.92,27.0,8
9815,9,22.29,27.0,8
9816,8,14.06,16.0,7
9817,6,6.1,18.0,4
9818,6,21.09,18.0,4
9819,7,13.56,14.0,8
9820,6,,24.0,5
9821,10,29.23,30.0,7
9822,14,20.39,42.0,14
9823,15,12.29,60.0,12
9824,5,14.76,20.0,4
9825,8,20.06,32.0,9
9826,7,11.54,14.0,5
9827,13,29.46,26.0,12
9828,5,16.51,20.0,4
9829,2,18.0,4.0,1
9830,7,9.88,21.0,8
9831,4,20.55,8.0,5
9832,4,16.47,12.0,3
9833,5,17.24,,4
9834,4,9.99,12.0,3
9835,23,24.58,46.0,22
9836,4,16.07,16.0,5
9837,5,17.54,10.0,5
9838,5,7.23,20.0,4
9839,8,17.0,24.0,6
9840,11,22.27,33.0,9
9841,23,18.96,69.0,26
9842,10,20.59,40.0,7
9843,14,13.93,42.0,11
9844,4,19.02,,4
9845,0,19.36,0.0,1
9846,3,16.28,12.0,3
9847,10,8.42,30.0,11
9848,15,24.54,30.0,17
9849,3,14.4,12.0,3
9850,5,6.5,20.0,4
9851,3,21.1,6.0,2
9852,3,12.19,6.0,3
9853,6,12.26,24.0,6
9854,12,19.33,48.0,13
9855,3,15.12,6.0,2
9856,5,16.59,20.0,6
9857,19,13.62,76.0,13
9858,14,17.64,42.0,9
9859,0,13.23,0.0,1
9860,8,17.5,24.0,6
9861,5,16.17,10.0,6
9862,5,15.91,10.0,4
9863,2,16.44,4.0,2
9864,5,23.16,15.0,4
9865,9,23.71,18.0,6
9866,6,26.04,24.0,6
9867,6,22.08,24.0,6
9868,11,19.18,22.0,12
9869,20,14.02,40.0,16
9870,19,33.21,57.0,23
9871,21,15.79,42.0,19
9872,0,12.37,0.0,1
9873,8,16.18,24.0,10
9874,9,11.73,27.0,11
9875,8,21.18,24.0,8
9876,10,14.99,40.0,8
9877,6,6.82,18.0,4
9878,7,24.28,14.0,5
9879,7,19.43,21.0,6
9880,7,18.18,14.0,8
9881,23,15.58,46.0,27
9882,17,27.34,34.0,18
9883,5,14.12,15.0,6
9884,7,17.99,21.0,5
9885,12,13.99,48.0,11
9886,17,11.98,34.0,16
9887,12,16.38,36.0,8
9888,8,28.55,32.0,6
9889,3,20.21,12.0,2
9890,7,13.03,21.0,8
9891,2,16.45,6.0,2
9892,16,17.93,64.0,14
9893,6,24.64,12.0,5
9894,3,15.9,12.0,3
9895,2,15.8,4.0,1
9896,12,13.13,48.0,8
9897,6,11.64,12.0,6
9898,5,16.86,15.0,5
9899,7,17.28,14.0,8
9900,9,19.04,36.0,6
9901,5,8.6,10.0,6
9902,9,14.92,36.0,8
9903,3,6.02,6.0,2
9904,5,-1.13,10.0,6
9905,2,22.49,4.0,1
9906,10,16.15,30.0,7
9907,14,6.17,42.0,16
9908,5,18.69,15.0,5
9909,11,10.44,22.0,9
9910,3,12.3,12.0,2
9911,14,16.65,28.0,17
9912,4,22.46,8.0,4
9913,7,19.24,14.0,7
9914,7,30.32,21.0,5
9915,4,15.16,12.0,3
9916,6,8.57,18.0,5
9917,9,15.91,18.0,10
9918,3,9.03,9.0,3
9919,6,4.14,12.0,6
9920,12,4.17,36.0,10
9921,11,21.38,44.0,13
9922,15,20.7,60.0,18
9923,9,15.39,18.0,8
9924,12,22.2,36.0,8
9925,6,19.51,18.0,7
9926,3,7.93,12.0,3
9927,12,6.76,48.0,11
9928,8,14.15,24.0,9
9929,2,9.8,4.0,2
9930,7,11.83,21.0,7
9931,8,18.42,32.0,9
9932,19,21.88,38.0,14
9933,13,16.43,52.0,9
9934,3,17.21,12.0,3
9935,9,19.55,18.0,6
9936,11,20.04,44.0,14
9937,24,18.69,72.0,28
9938,9,27.07,36.0,9
9939,9,6.12,36.0,9
9940,4,11.92,8.0,3
9941,16,8.78,32.0,18
9942,1,18.4,2.0,1
9943,5,,10.0,4
9944,4,16.55,16.0,3
9945,3,7.61,6.0,2
9946,3,13.19,12.0,2
9947,13,19.31,52.0,15
9948,5,16.95,15.0,4
9949,9,6.88,27.0,11
9950,7,7.54,28.0,6
9951,25,9.59,75.0,25
9952,1,13.75,2.0,1
9953,6,14.29,18.0,7
9954,8,16.46,24.0,6
9955,11,15.7,44.0,13
9956,7,9.4,28.0,8
9957,14,20.59,42.0,17
9958,6,16.12,12.0,7
9959,8,21.12,32.0,7
9960,3,17.75,12.0,3
9961,5,9.6,10.0,4
9962,6,21.71,18.0,7
9963,9,9.17,36.0,10
9964,3,7.04,9.0,2
9965,11,29.13,22.0,12
9966,13,10.68,39.0,10
9967,15,16.6,45.0,19
9968,7,12.11,28.0,6
9969,15,14.43,60.0,17
9970,14,15.64,42.0,11
9971,4,14.31,12.0,3
9972,9,20.44,27.0,8
9973,4,15.18,8.0,3
9974,10,27.28,20.0,7
9975,13,16.07,39.0,15
9976,16,24.3,32.0,14
9977,2,19.28,4.0,1
9978,7,18.76,28.0,5
9979,8,24.01,16.0,7
9980,21,20.64,63.0,19
9981,3,13.96,9.0,2
9982,4,22.28,16.0,4
9983,13,4.77,39.0,9
9984,17,19.6,34.0,19
9985,2,16.98,8.0,2
9986,2,19.28,6.0,1
9987,14,16.76,42.0,16
9988,19,11.68,76.0,17
9989,4,17.37,12.0,3
9990,8,15.03,24.0,8
9991,2,21.53,6.0,2
9992,7,3.61,,6
9993,12,13.51,36.0,13
9994,4,18.55,8.0,4
9995,7,12.81,21.0,6
9996,6,21.13,12.0,7
9997,15,16.79,45.0,10
9998,4,12.87,12.0,4
9999,11,14.02,22.0,8
10000,9,9.63,36.0,9
