customer_id,campaign_name,discount,responded,additional_revenue
1,Flash Sale,0.15,False,0.0
2,Summer Sale,0.3,True,36.98
3,Flash Sale,0.15,True,8.82
4,Flash Sale,0.15,False,0.0
5,Summer Sale,0.3,True,11.8
6,New Year Promo,0.25,False,0.0
7,New Year Promo,0.25,True,24.11
8,Holiday Sale,0.1,False,0.0
9,Flash Sale,0.15,False,0.0
10,BOGO,0.2,True,9.15
11,BOGO,0.2,False,0.0
12,Summer Sale,0.3,True,36.33
13,Summer Sale,0.3,True,17.79
14,New Year Promo,0.25,True,9.02
15,BOGO,0.2,False,0.0
16,Holiday Sale,0.1,False,0.0
17,Summer Sale,0.3,False,0.0
18,BOGO,0.2,True,10.79
19,Summer Sale,0.3,True,11.45
20,New Year Promo,0.25,True,6.87
21,Holiday Sale,0.1,False,0.0
22,Flash Sale,0.15,False,0.0
23,BOGO,0.2,False,0.0
24,Summer Sale,0.3,False,0.0
25,Flash Sale,0.15,False,0.0
26,Flash Sale,0.15,False,0.0
27,BOGO,0.2,True,18.09
28,Holiday Sale,0.1,True,4.95
29,BOGO,0.2,True,9.42
30,Summer Sale,0.3,True,8.86
31,Holiday Sale,0.1,True,6.5
32,BOGO,0.2,False,0.0
33,Flash Sale,0.15,True,10.32
34,BOGO,0.2,False,0.0
35,Holiday Sale,0.1,True,8.91
36,Flash Sale,0.15,True,9.04
37,Summer Sale,0.3,False,0.0
38,Holiday Sale,0.1,False,0.0
39,Flash Sale,0.15,False,0.0
40,BOGO,0.2,False,0.0
41,New Year Promo,0.25,False,0.0
42,Summer Sale,0.3,False,0.0
43,Flash Sale,0.15,True,4.39
44,BOGO,0.2,False,0.0
45,Flash Sale,0.15,True,4.88
46,Summer Sale,0.3,False,0.0
47,Holiday Sale,0.1,False,0.0
48,New Year Promo,0.25,True,12.04
49,Holiday Sale,0.1,True,5.28
50,BOGO,0.2,False,0.0
51,Flash Sale,0.15,False,0.0
52,Summer Sale,0.3,True,14.44
53,Flash Sale,0.15,True,11.25
54,New Year Promo,0.25,True,20.24
55,Holiday Sale,0.1,False,0.0
56,New Year Promo,0.25,True,18.3
57,Holiday Sale,0.1,True,2.51
58,Flash Sale,0.15,True,5.4
59,Flash Sale,0.15,False,0.0
60,Holiday Sale,0.1,False,0.0
61,Summer Sale,0.3,False,0.0
62,Flash Sale,0.15,True,4.24
63,Flash Sale,0.15,False,0.0
64,BOGO,0.2,False,0.0
65,BOGO,0.2,False,0.0
66,Summer Sale,0.3,True,14.28
67,Flash Sale,0.15,True,4.99
68,New Year Promo,0.25,True,17.96
69,New Year Promo,0.25,True,9.5
70,Summer Sale,0.3,True,29.41
71,New Year Promo,0.25,False,0.0
72,Summer Sale,0.3,False,0.0
73,Flash Sale,0.15,False,0.0
74,Holiday Sale,0.1,True,6.73
75,New Year Promo,0.25,True,17.38
76,BOGO,0.2,True,8.71
77,Flash Sale,0.15,True,15.72
78,BOGO,0.2,False,0.0
79,New Year Promo,0.25,True,7.62
80,Holiday Sale,0.1,False,0.0
81,Summer Sale,0.3,True,16.17
82,Flash Sale,0.15,False,0.0
83,Flash Sale,0.15,True,4.5
84,Holiday Sale,0.1,False,0.0
85,Holiday Sale,0.1,False,0.0
86,Summer Sale,0.3,False,0.0
87,BOGO,0.2,False,0.0
88,BOGO,0.2,True,11.58
89,BOGO,0.2,True,14.54
90,New Year Promo,0.25,True,5.72
91,Flash Sale,0.15,False,0.0
92,BOGO,0.2,True,13.61
93,Holiday Sale,0.1,True,5.45
94,Flash Sale,0.15,False,0.0
95,New Year Promo,0.25,False,0.0
96,New Year Promo,0.25,True,9.74
97,Holiday Sale,0.1,True,5.72
98,Summer Sale,0.3,True,12.03
99,Summer Sale,0.3,False,0.0
100,New Year Promo,0.25,False,0.0
101,New Year Promo,0.25,False,0.0
102,BOGO,0.2,False,0.0
103,Holiday Sale,0.1,True,3.63
104,Flash Sale,0.15,False,0.0
105,Flash Sale,0.15,False,0.0
106,New Year Promo,0.25,False,0.0
107,New Year Promo,0.25,True,16.03
108,New Year Promo,0.25,False,0.0
109,BOGO,0.2,False,0.0
110,Holiday Sale,0.1,True,5.15
111,New Year Promo,0.25,False,0.0
112,Holiday Sale,0.1,True,3.42
113,Flash Sale,0.15,False,0.0
114,Flash Sale,0.15,True,9.2
115,New Year Promo,0.25,True,13.98
116,Holiday Sale,0.1,False,0.0
117,Flash Sale,0.15,True,22.55
118,Holiday Sale,0.1,False,0.0
119,Holiday Sale,0.1,False,0.0
120,Summer Sale,0.3,False,0.0
121,Holiday Sale,0.1,True,7.32
122,Summer Sale,0.3,True,23.47
123,Summer Sale,0.3,True,10.62
124,New Year Promo,0.25,True,17.71
125,New Year Promo,0.25,False,0.0
126,BOGO,0.2,False,0.0
127,Flash Sale,0.15,True,10.05
128,Holiday Sale,0.1,True,8.12
129,New Year Promo,0.25,False,0.0
130,Summer Sale,0.3,False,0.0
131,Holiday Sale,0.1,True,3.94
132,Flash Sale,0.15,False,0.0
133,Flash Sale,0.15,True,4.94
134,Flash Sale,0.15,False,0.0
135,Holiday Sale,0.1,True,7.85
136,New Year Promo,0.25,True,9.0
137,Flash Sale,0.15,True,7.42
138,Holiday Sale,0.1,True,6.37
139,Holiday Sale,0.1,True,3.47
140,New Year Promo,0.25,True,23.53
141,Holiday Sale,0.1,True,16.95
142,Flash Sale,0.15,True,6.24
143,Summer Sale,0.3,False,0.0
144,Holiday Sale,0.1,False,0.0
145,Summer Sale,0.3,True,15.6
146,BOGO,0.2,False,0.0
147,BOGO,0.2,True,11.91
148,BOGO,0.2,False,0.0
149,Flash Sale,0.15,False,0.0
150,Holiday Sale,0.1,True,4.02
151,Flash Sale,0.15,True,10.65
152,BOGO,0.2,False,0.0
153,BOGO,0.2,False,0.0
154,BOGO,0.2,False,0.0
155,Summer Sale,0.3,True,30.2
156,Holiday Sale,0.1,False,0.0
157,Summer Sale,0.3,False,0.0
158,Flash Sale,0.15,True,7.81
159,Holiday Sale,0.1,False,0.0
160,BOGO,0.2,True,9.53
161,Summer Sale,0.3,False,0.0
162,Flash Sale,0.15,True,8.15
163,Summer Sale,0.3,False,0.0
164,BOGO,0.2,True,11.2
165,New Year Promo,0.25,True,8.08
166,New Year Promo,0.25,True,18.28
167,Holiday Sale,0.1,False,0.0
168,New Year Promo,0.25,False,0.0
169,Flash Sale,0.15,True,5.41
170,Holiday Sale,0.1,False,0.0
171,New Year Promo,0.25,True,12.61
172,BOGO,0.2,False,0.0
173,Flash Sale,0.15,True,7.72
174,Holiday Sale,0.1,False,0.0
175,New Year Promo,0.25,False,0.0
176,Flash Sale,0.15,False,0.0
177,Holiday Sale,0.1,False,0.0
178,Flash Sale,0.15,False,0.0
179,Flash Sale,0.15,True,12.82
180,Holiday Sale,0.1,False,0.0
181,Holiday Sale,0.1,True,2.73
182,Holiday Sale,0.1,False,0.0
183,Summer Sale,0.3,True,27.11
184,Flash Sale,0.15,True,12.37
185,BOGO,0.2,True,7.57
186,BOGO,0.2,False,0.0
187,BOGO,0.2,False,0.0
188,Summer Sale,0.3,True,23.55
189,BOGO,0.2,False,0.0
190,BOGO,0.2,False,0.0
191,Flash Sale,0.15,True,6.75
192,New Year Promo,0.25,True,14.8
193,Flash Sale,0.15,False,0.0
194,New Year Promo,0.25,True,11.43
195,Holiday Sale,0.1,False,0.0
196,Flash Sale,0.15,False,0.0
197,Flash Sale,0.15,False,0.0
198,Summer Sale,0.3,True,16.82
199,Holiday Sale,0.1,True,6.83
200,Holiday Sale,0.1,False,0.0
201,New Year Promo,0.25,True,9.41
202,New Year Promo,0.25,False,0.0
203,BOGO,0.2,False,0.0
204,Summer Sale,0.3,False,0.0
205,New Year Promo,0.25,False,0.0
206,New Year Promo,0.25,True,9.21
207,BOGO,0.2,False,0.0
208,Summer Sale,0.3,False,0.0
209,New Year Promo,0.25,True,7.38
210,Flash Sale,0.15,True,5.64
211,Holiday Sale,0.1,True,5.48
212,Flash Sale,0.15,True,10.83
213,BOGO,0.2,True,15.09
214,Flash Sale,0.15,False,0.0
215,Holiday Sale,0.1,True,7.78
216,Holiday Sale,0.1,False,0.0
217,BOGO,0.2,False,0.0
218,Summer Sale,0.3,False,0.0
219,BOGO,0.2,True,12.6
220,Summer Sale,0.3,True,18.85
221,New Year Promo,0.25,True,24.92
222,Holiday Sale,0.1,False,0.0
223,New Year Promo,0.25,True,8.98
224,New Year Promo,0.25,True,11.29
225,Holiday Sale,0.1,True,3.4
226,Summer Sale,0.3,True,8.97
227,New Year Promo,0.25,True,32.4
228,BOGO,0.2,False,0.0
229,New Year Promo,0.25,True,17.63
230,Summer Sale,0.3,False,0.0
231,Holiday Sale,0.1,True,4.66
232,New Year Promo,0.25,True,8.65
233,Summer Sale,0.3,True,14.3
234,BOGO,0.2,False,0.0
235,BOGO,0.2,False,0.0
236,Summer Sale,0.3,False,0.0
237,New Year Promo,0.25,True,21.48
238,Summer Sale,0.3,False,0.0
239,Holiday Sale,0.1,False,0.0
240,Flash Sale,0.15,True,7.47
241,BOGO,0.2,True,10.8
242,New Year Promo,0.25,True,27.29
243,Holiday Sale,0.1,False,0.0
244,Holiday Sale,0.1,False,0.0
245,BOGO,0.2,False,0.0
246,Flash Sale,0.15,True,10.64
247,New Year Promo,0.25,True,9.39
248,Flash Sale,0.15,True,21.6
249,BOGO,0.2,True,34.55
250,BOGO,0.2,True,15.69
251,New Year Promo,0.25,True,9.23
252,Summer Sale,0.3,False,0.0
253,Flash Sale,0.15,True,8.27
254,New Year Promo,0.25,False,0.0
255,Summer Sale,0.3,True,9.65
256,Holiday Sale,0.1,False,0.0
257,Flash Sale,0.15,True,12.83
258,Flash Sale,0.15,True,6.09
259,BOGO,0.2,False,0.0
260,Summer Sale,0.3,False,0.0
261,Holiday Sale,0.1,False,0.0
262,New Year Promo,0.25,True,18.48
263,Summer Sale,0.3,True,12.56
264,BOGO,0.2,False,0.0
265,Flash Sale,0.15,True,16.84
266,BOGO,0.2,True,12.79
267,New Year Promo,0.25,True,13.52
268,Flash Sale,0.15,False,0.0
269,Holiday Sale,0.1,True,3.49
270,Summer Sale,0.3,False,0.0
271,BOGO,0.2,False,0.0
272,New Year Promo,0.25,True,17.48
273,BOGO,0.2,True,22.96
274,Holiday Sale,0.1,True,8.78
275,New Year Promo,0.25,False,0.0
276,Summer Sale,0.3,False,0.0
277,Summer Sale,0.3,True,17.96
278,Summer Sale,0.3,False,0.0
279,Flash Sale,0.15,False,0.0
280,Summer Sale,0.3,True,63.94
281,Flash Sale,0.15,True,12.79
282,Holiday Sale,0.1,False,0.0
283,New Year Promo,0.25,True,10.92
284,Holiday Sale,0.1,False,0.0
285,New Year Promo,0.25,False,0.0
286,New Year Promo,0.25,False,0.0
287,Summer Sale,0.3,False,0.0
288,New Year Promo,0.25,False,0.0
289,New Year Promo,0.25,True,7.41
290,New Year Promo,0.25,False,0.0
291,BOGO,0.2,False,0.0
292,New Year Promo,0.25,False,0.0
293,New Year Promo,0.25,False,0.0
294,Holiday Sale,0.1,False,0.0
295,Flash Sale,0.15,False,0.0
296,BOGO,0.2,False,0.0
297,Holiday Sale,0.1,True,5.78
298,Holiday Sale,0.1,False,0.0
299,Holiday Sale,0.1,False,0.0
300,New Year Promo,0.25,False,0.0
301,Holiday Sale,0.1,False,0.0
302,Summer Sale,0.3,True,14.45
303,Summer Sale,0.3,False,0.0
304,BOGO,0.2,True,14.46
305,Summer Sale,0.3,False,0.0
306,Flash Sale,0.15,False,0.0
307,Flash Sale,0.15,False,0.0
308,New Year Promo,0.25,False,0.0
309,New Year Promo,0.25,False,0.0
310,Holiday Sale,0.1,False,0.0
311,Flash Sale,0.15,False,0.0
312,BOGO,0.2,False,0.0
313,New Year Promo,0.25,False,0.0
314,Flash Sale,0.15,True,37.22
315,Summer Sale,0.3,False,0.0
316,Summer Sale,0.3,True,20.98
317,Flash Sale,0.15,False,0.0
318,Flash Sale,0.15,False,0.0
319,Summer Sale,0.3,False,0.0
320,Holiday Sale,0.1,False,0.0
321,Holiday Sale,0.1,True,7.4
322,BOGO,0.2,True,24.29
323,New Year Promo,0.25,True,16.82
324,New Year Promo,0.25,False,0.0
325,Holiday Sale,0.1,False,0.0
326,Holiday Sale,0.1,True,5.48
327,Flash Sale,0.15,False,0.0
328,Flash Sale,0.15,False,0.0
329,Holiday Sale,0.1,True,3.38
330,Holiday Sale,0.1,True,2.86
331,Holiday Sale,0.1,True,3.23
332,Flash Sale,0.15,False,0.0
333,Summer Sale,0.3,False,0.0
334,New Year Promo,0.25,False,0.0
335,BOGO,0.2,True,14.7
336,Flash Sale,0.15,False,0.0
337,Flash Sale,0.15,False,0.0
338,Summer Sale,0.3,True,17.98
339,Holiday Sale,0.1,True,3.61
340,Summer Sale,0.3,False,0.0
341,Holiday Sale,0.1,False,0.0
342,New Year Promo,0.25,False,0.0
343,Flash Sale,0.15,True,6.5
344,BOGO,0.2,False,0.0
345,Flash Sale,0.15,False,0.0
346,Flash Sale,0.15,False,0.0
347,Summer Sale,0.3,True,30.14
348,Flash Sale,0.15,False,0.0
349,Flash Sale,0.15,False,0.0
350,Summer Sale,0.3,False,0.0
351,Holiday Sale,0.1,False,0.0
352,Flash Sale,0.15,True,8.56
353,Flash Sale,0.15,False,0.0
354,BOGO,0.2,False,0.0
355,Flash Sale,0.15,False,0.0
356,Holiday Sale,0.1,False,0.0
357,Flash Sale,0.15,False,0.0
358,Holiday Sale,0.1,False,0.0
359,New Year Promo,0.25,True,19.62
360,New Year Promo,0.25,True,16.51
361,BOGO,0.2,True,10.45
362,Summer Sale,0.3,False,0.0
363,Holiday Sale,0.1,False,0.0
364,Summer Sale,0.3,True,14.55
365,Summer Sale,0.3,True,20.73
366,Summer Sale,0.3,True,9.29
367,Holiday Sale,0.1,False,0.0
368,Holiday Sale,0.1,True,7.02
369,BOGO,0.2,False,0.0
370,Holiday Sale,0.1,False,0.0
371,BOGO,0.2,True,8.87
372,Flash Sale,0.15,True,6.54
373,New Year Promo,0.25,True,7.91
374,BOGO,0.2,True,11.02
375,Flash Sale,0.15,True,4.55
376,BOGO,0.2,False,0.0
377,BOGO,0.2,False,0.0
378,Summer Sale,0.3,False,0.0
379,Holiday Sale,0.1,False,0.0
380,New Year Promo,0.25,False,0.0
381,Holiday Sale,0.1,False,0.0
382,Summer Sale,0.3,False,0.0
383,Holiday Sale,0.1,True,5.07
384,Flash Sale,0.15,True,12.3
385,Holiday Sale,0.1,True,9.78
386,Summer Sale,0.3,True,19.63
387,New Year Promo,0.25,True,7.97
388,Summer Sale,0.3,True,16.47
389,New Year Promo,0.25,True,16.45
390,Summer Sale,0.3,False,0.0
391,BOGO,0.2,True,19.76
392,Holiday Sale,0.1,True,3.9
393,BOGO,0.2,True,6.02
394,Flash Sale,0.15,False,0.0
395,New Year Promo,0.25,False,0.0
396,BOGO,0.2,True,11.91
397,New Year Promo,0.25,False,0.0
398,Flash Sale,0.15,True,6.24
399,Summer Sale,0.3,True,25.69
400,Holiday Sale,0.1,False,0.0
401,New Year Promo,0.25,False,0.0
402,New Year Promo,0.25,True,24.6
403,Holiday Sale,0.1,False,0.0
404,BOGO,0.2,True,14.27
405,Flash Sale,0.15,True,6.75
406,Summer Sale,0.3,True,21.81
407,Holiday Sale,0.1,False,0.0
408,Summer Sale,0.3,True,11.5
409,Holiday Sale,0.1,True,7.19
410,Flash Sale,0.15,False,0.0
411,Holiday Sale,0.1,True,6.03
412,BOGO,0.2,True,21.8
413,Summer Sale,0.3,True,26.32
414,Flash Sale,0.15,False,0.0
415,Summer Sale,0.3,True,17.49
416,Summer Sale,0.3,False,0.0
417,Summer Sale,0.3,False,0.0
418,Holiday Sale,0.1,True,3.27
419,New Year Promo,0.25,True,19.76
420,Summer Sale,0.3,True,23.76
421,Holiday Sale,0.1,False,0.0
422,Flash Sale,0.15,True,11.27
423,Holiday Sale,0.1,True,4.44
424,BOGO,0.2,False,0.0
425,Summer Sale,0.3,False,0.0
426,Flash Sale,0.15,False,0.0
427,Flash Sale,0.15,False,0.0
428,Flash Sale,0.15,False,0.0
429,New Year Promo,0.25,True,9.21
430,Flash Sale,0.15,False,0.0
431,Flash Sale,0.15,False,0.0
432,New Year Promo,0.25,False,0.0
433,BOGO,0.2,False,0.0
434,Summer Sale,0.3,False,0.0
435,Holiday Sale,0.1,True,3.69
436,New Year Promo,0.25,False,0.0
437,Holiday Sale,0.1,False,0.0
438,BOGO,0.2,True,12.33
439,Summer Sale,0.3,False,0.0
440,Holiday Sale,0.1,False,0.0
441,BOGO,0.2,False,0.0
442,New Year Promo,0.25,True,23.33
443,Flash Sale,0.15,True,5.34
444,Summer Sale,0.3,False,0.0
445,New Year Promo,0.25,True,23.36
446,Summer Sale,0.3,True,17.99
447,Flash Sale,0.15,True,24.74
448,Holiday Sale,0.1,True,4.9
449,BOGO,0.2,True,6.28
450,BOGO,0.2,False,0.0
451,Flash Sale,0.15,True,11.17
452,BOGO,0.2,True,12.8
453,Holiday Sale,0.1,True,3.93
454,BOGO,0.2,True,13.73
455,New Year Promo,0.25,False,0.0
456,Summer Sale,0.3,True,10.83
457,Holiday Sale,0.1,False,0.0
458,New Year Promo,0.25,False,0.0
459,Flash Sale,0.15,False,0.0
460,BOGO,0.2,True,7.08
461,Holiday Sale,0.1,True,3.66
462,Summer Sale,0.3,True,19.32
463,BOGO,0.2,True,13.27
464,Holiday Sale,0.1,True,5.99
465,Holiday Sale,0.1,True,10.22
466,Holiday Sale,0.1,True,3.72
467,New Year Promo,0.25,True,11.76
468,Flash Sale,0.15,False,0.0
469,New Year Promo,0.25,True,11.33
470,BOGO,0.2,True,38.05
471,Holiday Sale,0.1,True,3.05
472,BOGO,0.2,True,20.78
473,New Year Promo,0.25,False,0.0
474,New Year Promo,0.25,True,29.02
475,New Year Promo,0.25,False,0.0
476,Flash Sale,0.15,True,22.48
477,Summer Sale,0.3,True,11.83
478,New Year Promo,0.25,False,0.0
479,New Year Promo,0.25,False,0.0
480,BOGO,0.2,True,10.33
481,BOGO,0.2,True,13.45
482,BOGO,0.2,False,0.0
483,New Year Promo,0.25,False,0.0
484,Summer Sale,0.3,True,16.12
485,New Year Promo,0.25,True,18.0
486,New Year Promo,0.25,True,14.13
487,Flash Sale,0.15,False,0.0
488,BOGO,0.2,False,0.0
489,Summer Sale,0.3,True,35.69
490,New Year Promo,0.25,True,13.07
491,Holiday Sale,0.1,False,0.0
492,New Year Promo,0.25,True,13.41
493,Holiday Sale,0.1,False,0.0
494,BOGO,0.2,False,0.0
495,Summer Sale,0.3,True,11.82
496,Holiday Sale,0.1,True,3.51
497,BOGO,0.2,False,0.0
498,BOGO,0.2,False,0.0
499,New Year Promo,0.25,True,25.24
500,BOGO,0.2,True,21.99
501,New Year Promo,0.25,False,0.0
502,Flash Sale,0.15,True,8.69
503,New Year Promo,0.25,False,0.0
504,BOGO,0.2,True,15.14
505,Holiday Sale,0.1,False,0.0
506,New Year Promo,0.25,False,0.0
507,New Year Promo,0.25,True,18.82
508,BOGO,0.2,True,15.6
509,New Year Promo,0.25,True,16.4
510,Summer Sale,0.3,False,0.0
511,New Year Promo,0.25,False,0.0
512,Summer Sale,0.3,False,0.0
513,New Year Promo,0.25,True,14.31
514,Holiday Sale,0.1,False,0.0
515,Summer Sale,0.3,True,12.47
516,Summer Sale,0.3,True,13.02
517,Flash Sale,0.15,False,0.0
518,Holiday Sale,0.1,True,6.05
519,New Year Promo,0.25,True,27.4
520,BOGO,0.2,True,7.31
521,Holiday Sale,0.1,True,5.21
522,Flash Sale,0.15,True,6.29
523,Summer Sale,0.3,True,39.48
524,BOGO,0.2,True,13.1
525,BOGO,0.2,False,0.0
526,Flash Sale,0.15,True,6.63
527,Flash Sale,0.15,False,0.0
528,BOGO,0.2,False,0.0
529,BOGO,0.2,True,8.87
530,Summer Sale,0.3,True,22.84
531,Flash Sale,0.15,True,10.11
532,Summer Sale,0.3,True,70.52
533,Summer Sale,0.3,True,29.11
534,New Year Promo,0.25,False,0.0
535,BOGO,0.2,False,0.0
536,BOGO,0.2,True,18.29
537,BOGO,0.2,True,19.77
538,Flash Sale,0.15,False,0.0
539,Summer Sale,0.3,True,11.92
540,Summer Sale,0.3,False,0.0
541,New Year Promo,0.25,False,0.0
542,Summer Sale,0.3,True,17.29
543,BOGO,0.2,True,7.84
544,New Year Promo,0.25,False,0.0
545,Flash Sale,0.15,True,6.89
546,BOGO,0.2,False,0.0
547,Summer Sale,0.3,False,0.0
548,Holiday Sale,0.1,True,5.87
549,Summer Sale,0.3,True,21.72
550,Summer Sale,0.3,True,20.81
551,Flash Sale,0.15,True,9.4
552,BOGO,0.2,True,14.35
553,Summer Sale,0.3,False,0.0
554,Summer Sale,0.3,False,0.0
555,Flash Sale,0.15,True,10.18
556,Flash Sale,0.15,True,7.0
557,Holiday Sale,0.1,False,0.0
558,BOGO,0.2,False,0.0
559,BOGO,0.2,True,9.14
560,Holiday Sale,0.1,True,9.65
561,Holiday Sale,0.1,False,0.0
562,Holiday Sale,0.1,False,0.0
563,BOGO,0.2,False,0.0
564,Summer Sale,0.3,False,0.0
565,Flash Sale,0.15,True,6.19
566,BOGO,0.2,True,13.56
567,BOGO,0.2,False,0.0
568,Summer Sale,0.3,True,10.91
569,Flash Sale,0.15,True,9.93
570,Holiday Sale,0.1,True,8.97
571,Holiday Sale,0.1,False,0.0
572,New Year Promo,0.25,False,0.0
573,Holiday Sale,0.1,False,0.0
574,Flash Sale,0.15,False,0.0
575,Flash Sale,0.15,True,17.06
576,Flash Sale,0.15,False,0.0
577,Summer Sale,0.3,False,0.0
578,Flash Sale,0.15,True,11.04
579,Flash Sale,0.15,False,0.0
580,Holiday Sale,0.1,True,2.96
581,New Year Promo,0.25,False,0.0
582,Flash Sale,0.15,True,12.72
583,Holiday Sale,0.1,False,0.0
584,Flash Sale,0.15,False,0.0
585,BOGO,0.2,False,0.0
586,Summer Sale,0.3,True,8.63
587,Flash Sale,0.15,True,7.25
588,New Year Promo,0.25,True,9.51
589,Summer Sale,0.3,True,8.06
590,BOGO,0.2,False,0.0
591,Summer Sale,0.3,False,0.0
592,Holiday Sale,0.1,True,7.21
593,Flash Sale,0.15,False,0.0
594,New Year Promo,0.25,False,0.0
595,New Year Promo,0.25,True,12.88
596,BOGO,0.2,True,8.93
597,Flash Sale,0.15,False,0.0
598,Holiday Sale,0.1,False,0.0
599,Holiday Sale,0.1,False,0.0
600,Flash Sale,0.15,True,9.24
601,Summer Sale,0.3,False,0.0
602,Summer Sale,0.3,False,0.0
603,Flash Sale,0.15,False,0.0
604,New Year Promo,0.25,False,0.0
605,Flash Sale,0.15,False,0.0
606,Summer Sale,0.3,False,0.0
607,Holiday Sale,0.1,True,3.4
608,BOGO,0.2,False,0.0
609,BOGO,0.2,False,0.0
610,Holiday Sale,0.1,True,5.94
611,Flash Sale,0.15,False,0.0
612,Holiday Sale,0.1,False,0.0
613,Holiday Sale,0.1,True,10.29
614,New Year Promo,0.25,True,9.0
615,Summer Sale,0.3,True,23.65
616,BOGO,0.2,True,16.73
617,Holiday Sale,0.1,True,4.9
618,Flash Sale,0.15,True,3.7
619,New Year Promo,0.25,False,0.0
620,Holiday Sale,0.1,True,5.37
621,Summer Sale,0.3,True,8.59
622,New Year Promo,0.25,True,7.3
623,New Year Promo,0.25,True,10.63
624,Holiday Sale,0.1,True,4.22
625,BOGO,0.2,False,0.0
626,Flash Sale,0.15,False,0.0
627,Holiday Sale,0.1,True,4.17
628,Holiday Sale,0.1,False,0.0
629,New Year Promo,0.25,True,8.74
630,BOGO,0.2,False,0.0
631,New Year Promo,0.25,False,0.0
632,Summer Sale,0.3,True,25.5
633,Flash Sale,0.15,False,0.0
634,New Year Promo,0.25,True,11.96
635,Holiday Sale,0.1,True,2.83
636,Summer Sale,0.3,False,0.0
637,Flash Sale,0.15,True,7.96
638,Summer Sale,0.3,False,0.0
639,Summer Sale,0.3,True,10.33
640,Flash Sale,0.15,True,5.01
641,Holiday Sale,0.1,True,2.32
642,BOGO,0.2,True,5.93
643,Summer Sale,0.3,True,24.59
644,Holiday Sale,0.1,True,4.41
645,Holiday Sale,0.1,False,0.0
646,Holiday Sale,0.1,False,0.0
647,Flash Sale,0.15,True,5.93
648,BOGO,0.2,True,12.55
649,Summer Sale,0.3,False,0.0
650,Holiday Sale,0.1,False,0.0
651,Flash Sale,0.15,False,0.0
652,Flash Sale,0.15,True,8.72
653,New Year Promo,0.25,False,0.0
654,New Year Promo,0.25,False,0.0
655,BOGO,0.2,True,13.26
656,Flash Sale,0.15,False,0.0
657,BOGO,0.2,False,0.0
658,New Year Promo,0.25,True,12.06
659,Holiday Sale,0.1,False,0.0
660,BOGO,0.2,True,11.92
661,Summer Sale,0.3,False,0.0
662,Flash Sale,0.15,True,17.83
663,BOGO,0.2,True,13.23
664,New Year Promo,0.25,False,0.0
665,Summer Sale,0.3,True,9.93
666,New Year Promo,0.25,True,8.0
667,Summer Sale,0.3,False,0.0
668,Summer Sale,0.3,True,13.89
669,Holiday Sale,0.1,True,3.41
670,New Year Promo,0.25,False,0.0
671,New Year Promo,0.25,True,10.26
672,Summer Sale,0.3,False,0.0
673,New Year Promo,0.25,False,0.0
674,Holiday Sale,0.1,False,0.0
675,Holiday Sale,0.1,True,4.12
676,BOGO,0.2,False,0.0
677,BOGO,0.2,False,0.0
678,Flash Sale,0.15,False,0.0
679,Flash Sale,0.15,False,0.0
680,Summer Sale,0.3,False,0.0
681,Summer Sale,0.3,True,22.42
682,Holiday Sale,0.1,False,0.0
683,BOGO,0.2,False,0.0
684,New Year Promo,0.25,False,0.0
685,Summer Sale,0.3,True,29.74
686,Flash Sale,0.15,False,0.0
687,New Year Promo,0.25,False,0.0
688,BOGO,0.2,False,0.0
689,Flash Sale,0.15,False,0.0
690,Flash Sale,0.15,True,4.72
691,BOGO,0.2,True,7.3
692,Holiday Sale,0.1,True,3.17
693,Flash Sale,0.15,False,0.0
694,BOGO,0.2,False,0.0
695,Flash Sale,0.15,False,0.0
696,Holiday Sale,0.1,False,0.0
697,New Year Promo,0.25,True,10.42
698,BOGO,0.2,True,12.05
699,BOGO,0.2,True,5.72
700,New Year Promo,0.25,True,9.2
701,BOGO,0.2,False,0.0
702,New Year Promo,0.25,False,0.0
703,Holiday Sale,0.1,False,0.0
704,New Year Promo,0.25,True,9.68
705,BOGO,0.2,False,0.0
706,BOGO,0.2,True,23.42
707,BOGO,0.2,False,0.0
708,Summer Sale,0.3,True,18.22
709,Holiday Sale,0.1,False,0.0
710,Summer Sale,0.3,True,30.56
711,New Year Promo,0.25,True,13.21
712,New Year Promo,0.25,True,10.62
713,Holiday Sale,0.1,False,0.0
714,New Year Promo,0.25,False,0.0
715,Flash Sale,0.15,False,0.0
716,Flash Sale,0.15,True,10.75
717,Flash Sale,0.15,True,12.5
718,Summer Sale,0.3,False,0.0
719,Holiday Sale,0.1,True,4.16
720,New Year Promo,0.25,True,11.69
721,New Year Promo,0.25,True,13.52
722,Summer Sale,0.3,True,20.01
723,Holiday Sale,0.1,False,0.0
724,Summer Sale,0.3,False,0.0
725,Summer Sale,0.3,False,0.0
726,Flash Sale,0.15,True,17.25
727,New Year Promo,0.25,False,0.0
728,Summer Sale,0.3,True,20.84
729,Holiday Sale,0.1,False,0.0
730,Holiday Sale,0.1,False,0.0
731,Flash Sale,0.15,True,6.48
732,Summer Sale,0.3,False,0.0
733,Summer Sale,0.3,True,14.97
734,New Year Promo,0.25,False,0.0
735,Holiday Sale,0.1,True,4.56
736,Summer Sale,0.3,True,43.9
737,Holiday Sale,0.1,False,0.0
738,BOGO,0.2,True,11.07
739,Flash Sale,0.15,False,0.0
740,Summer Sale,0.3,True,14.1
741,Summer Sale,0.3,False,0.0
742,Summer Sale,0.3,True,11.62
743,New Year Promo,0.25,False,0.0
744,Flash Sale,0.15,False,0.0
745,Flash Sale,0.15,False,0.0
746,Holiday Sale,0.1,True,7.09
747,New Year Promo,0.25,True,8.62
748,New Year Promo,0.25,False,0.0
749,Holiday Sale,0.1,True,6.8
750,Holiday Sale,0.1,True,5.7
751,New Year Promo,0.25,False,0.0
752,Summer Sale,0.3,True,22.13
753,New Year Promo,0.25,True,24.21
754,Summer Sale,0.3,True,11.89
755,Flash Sale,0.15,False,0.0
756,Flash Sale,0.15,False,0.0
757,Flash Sale,0.15,False,0.0
758,Holiday Sale,0.1,False,0.0
759,New Year Promo,0.25,False,0.0
760,New Year Promo,0.25,True,12.9
761,Summer Sale,0.3,False,0.0
762,Flash Sale,0.15,True,5.91
763,BOGO,0.2,True,6.82
764,New Year Promo,0.25,False,0.0
765,Summer Sale,0.3,False,0.0
766,Holiday Sale,0.1,False,0.0
767,Flash Sale,0.15,False,0.0
768,Flash Sale,0.15,True,9.94
769,BOGO,0.2,False,0.0
770,Holiday Sale,0.1,True,7.08
771,New Year Promo,0.25,False,0.0
772,BOGO,0.2,True,13.07
773,Flash Sale,0.15,False,0.0
774,Holiday Sale,0.1,True,3.86
775,New Year Promo,0.25,False,0.0
776,Holiday Sale,0.1,False,0.0
777,BOGO,0.2,False,0.0
778,Holiday Sale,0.1,True,5.43
779,New Year Promo,0.25,True,13.83
780,New Year Promo,0.25,True,13.44
781,BOGO,0.2,False,0.0
782,Summer Sale,0.3,False,0.0
783,Holiday Sale,0.1,False,0.0
784,Flash Sale,0.15,True,4.47
785,BOGO,0.2,True,12.96
786,Summer Sale,0.3,True,20.64
787,BOGO,0.2,True,21.11
788,Summer Sale,0.3,True,11.17
789,New Year Promo,0.25,False,0.0
790,New Year Promo,0.25,False,0.0
791,Summer Sale,0.3,False,0.0
792,Summer Sale,0.3,False,0.0
793,New Year Promo,0.25,False,0.0
794,BOGO,0.2,True,9.8
795,Flash Sale,0.15,False,0.0
796,Holiday Sale,0.1,False,0.0
797,Holiday Sale,0.1,True,7.65
798,Summer Sale,0.3,True,15.21
799,BOGO,0.2,True,9.8
800,Flash Sale,0.15,False,0.0
801,BOGO,0.2,False,0.0
802,New Year Promo,0.25,False,0.0
803,BOGO,0.2,True,9.07
804,Summer Sale,0.3,True,13.17
805,Summer Sale,0.3,False,0.0
806,Summer Sale,0.3,False,0.0
807,Flash Sale,0.15,True,9.66
808,Holiday Sale,0.1,False,0.0
809,Summer Sale,0.3,False,0.0
810,Summer Sale,0.3,False,0.0
811,BOGO,0.2,True,23.21
812,BOGO,0.2,False,0.0
813,New Year Promo,0.25,False,0.0
814,New Year Promo,0.25,True,22.07
815,Holiday Sale,0.1,True,6.32
816,BOGO,0.2,False,0.0
817,BOGO,0.2,False,0.0
818,Holiday Sale,0.1,False,0.0
819,BOGO,0.2,False,0.0
820,New Year Promo,0.25,False,0.0
821,BOGO,0.2,True,12.12
822,Summer Sale,0.3,True,11.0
823,Holiday Sale,0.1,True,3.65
824,Summer Sale,0.3,False,0.0
825,Flash Sale,0.15,False,0.0
826,Summer Sale,0.3,False,0.0
827,BOGO,0.2,False,0.0
828,BOGO,0.2,False,0.0
829,New Year Promo,0.25,True,13.16
830,BOGO,0.2,True,7.37
831,New Year Promo,0.25,False,0.0
832,Holiday Sale,0.1,False,0.0
833,Flash Sale,0.15,False,0.0
834,Holiday Sale,0.1,False,0.0
835,BOGO,0.2,True,7.32
836,Flash Sale,0.15,False,0.0
837,New Year Promo,0.25,False,0.0
838,Holiday Sale,0.1,False,0.0
839,Summer Sale,0.3,True,16.93
840,Summer Sale,0.3,True,19.82
841,Flash Sale,0.15,False,0.0
842,New Year Promo,0.25,False,0.0
843,New Year Promo,0.25,False,0.0
844,BOGO,0.2,True,23.25
845,Holiday Sale,0.1,False,0.0
846,New Year Promo,0.25,True,6.98
847,Flash Sale,0.15,False,0.0
848,New Year Promo,0.25,True,32.82
849,Flash Sale,0.15,False,0.0
850,Summer Sale,0.3,True,15.0
851,Summer Sale,0.3,True,10.93
852,BOGO,0.2,False,0.0
853,BOGO,0.2,False,0.0
854,Flash Sale,0.15,False,0.0
855,Holiday Sale,0.1,False,0.0
856,BOGO,0.2,False,0.0
857,Flash Sale,0.15,False,0.0
858,Holiday Sale,0.1,True,4.56
859,BOGO,0.2,True,9.86
860,BOGO,0.2,True,6.47
861,Flash Sale,0.15,True,8.84
862,New Year Promo,0.25,False,0.0
863,Holiday Sale,0.1,True,5.2
864,New Year Promo,0.25,True,8.18
865,Summer Sale,0.3,False,0.0
866,Holiday Sale,0.1,True,6.05
867,New Year Promo,0.25,False,0.0
868,Flash Sale,0.15,True,4.95
869,New Year Promo,0.25,True,14.62
870,Holiday Sale,0.1,True,10.19
871,BOGO,0.2,False,0.0
872,Summer Sale,0.3,False,0.0
873,New Year Promo,0.25,False,0.0
874,Holiday Sale,0.1,True,3.75
875,Flash Sale,0.15,True,6.01
876,BOGO,0.2,False,0.0
877,BOGO,0.2,False,0.0
878,BOGO,0.2,False,0.0
879,Summer Sale,0.3,False,0.0
880,Holiday Sale,0.1,False,0.0
881,Flash Sale,0.15,False,0.0
882,Holiday Sale,0.1,True,7.68
883,Flash Sale,0.15,False,0.0
884,Summer Sale,0.3,False,0.0
885,Holiday Sale,0.1,False,0.0
886,BOGO,0.2,True,9.19
887,BOGO,0.2,False,0.0
888,Holiday Sale,0.1,False,0.0
889,Summer Sale,0.3,True,12.43
890,Summer Sale,0.3,True,21.49
891,Holiday Sale,0.1,True,5.3
892,New Year Promo,0.25,True,20.7
893,New Year Promo,0.25,True,26.02
894,New Year Promo,0.25,True,9.55
895,Holiday Sale,0.1,True,4.85
896,Summer Sale,0.3,True,10.43
897,BOGO,0.2,False,0.0
898,Summer Sale,0.3,True,24.45
899,Flash Sale,0.15,True,5.83
900,Holiday Sale,0.1,True,3.34
901,Summer Sale,0.3,False,0.0
902,Holiday Sale,0.1,True,3.82
903,Flash Sale,0.15,False,0.0
904,BOGO,0.2,False,0.0
905,Summer Sale,0.3,False,0.0
906,New Year Promo,0.25,True,13.78
907,BOGO,0.2,True,25.33
908,Holiday Sale,0.1,False,0.0
909,New Year Promo,0.25,True,9.96
910,BOGO,0.2,False,0.0
911,Summer Sale,0.3,True,12.92
912,BOGO,0.2,True,6.81
913,Summer Sale,0.3,False,0.0
914,Flash Sale,0.15,True,11.2
915,Summer Sale,0.3,False,0.0
916,Holiday Sale,0.1,False,0.0
917,Summer Sale,0.3,True,8.73
918,Flash Sale,0.15,True,12.82
919,Summer Sale,0.3,True,14.59
920,New Year Promo,0.25,False,0.0
921,Summer Sale,0.3,False,0.0
922,BOGO,0.2,False,0.0
923,New Year Promo,0.25,True,21.5
924,Holiday Sale,0.1,False,0.0
925,Flash Sale,0.15,True,17.29
926,Flash Sale,0.15,False,0.0
927,Summer Sale,0.3,False,0.0
928,New Year Promo,0.25,True,14.31
929,Summer Sale,0.3,True,13.43
930,Holiday Sale,0.1,False,0.0
931,Holiday Sale,0.1,True,3.54
932,Flash Sale,0.15,True,10.14
933,New Year Promo,0.25,True,25.91
934,Flash Sale,0.15,False,0.0
935,BOGO,0.2,True,6.5
936,Holiday Sale,0.1,False,0.0
937,BOGO,0.2,False,0.0
938,BOGO,0.2,False,0.0
939,Summer Sale,0.3,False,0.0
940,Flash Sale,0.15,True,8.87
941,New Year Promo,0.25,True,12.28
942,Summer Sale,0.3,False,0.0
943,BOGO,0.2,True,15.46
944,Holiday Sale,0.1,True,7.39
945,Flash Sale,0.15,False,0.0
946,Flash Sale,0.15,False,0.0
947,Flash Sale,0.15,True,5.26
948,Summer Sale,0.3,True,30.54
949,Holiday Sale,0.1,True,17.64
950,Holiday Sale,0.1,True,5.78
951,New Year Promo,0.25,True,26.12
952,Holiday Sale,0.1,True,6.76
953,BOGO,0.2,False,0.0
954,Holiday Sale,0.1,True,8.45
955,Summer Sale,0.3,False,0.0
956,Flash Sale,0.15,True,5.65
957,Summer Sale,0.3,True,14.1
958,Flash Sale,0.15,True,5.87
959,BOGO,0.2,False,0.0
960,Holiday Sale,0.1,False,0.0
961,Summer Sale,0.3,False,0.0
962,New Year Promo,0.25,True,17.06
963,New Year Promo,0.25,False,0.0
964,New Year Promo,0.25,True,10.35
965,Holiday Sale,0.1,True,4.65
966,New Year Promo,0.25,False,0.0
967,Flash Sale,0.15,False,0.0
968,Holiday Sale,0.1,True,3.98
969,Holiday Sale,0.1,True,3.12
970,Holiday Sale,0.1,False,0.0
971,Flash Sale,0.15,True,9.01
972,BOGO,0.2,False,0.0
973,Holiday Sale,0.1,True,7.08
974,Holiday Sale,0.1,False,0.0
975,BOGO,0.2,False,0.0
976,Flash Sale,0.15,False,0.0
977,New Year Promo,0.25,False,0.0
978,BOGO,0.2,True,6.91
979,BOGO,0.2,True,10.18
980,Flash Sale,0.15,True,7.38
981,BOGO,0.2,False,0.0
982,New Year Promo,0.25,True,19.16
983,New Year Promo,0.25,False,0.0
984,Flash Sale,0.15,False,0.0
985,New Year Promo,0.25,False,0.0
986,New Year Promo,0.25,False,0.0
987,New Year Promo,0.25,False,0.0
988,Holiday Sale,0.1,False,0.0
989,New Year Promo,0.25,False,0.0
990,New Year Promo,0.25,True,34.1
991,New Year Promo,0.25,False,0.0
992,Flash Sale,0.15,True,8.73
993,New Year Promo,0.25,False,0.0
994,Flash Sale,0.15,True,12.01
995,Summer Sale,0.3,False,0.0
996,Summer Sale,0.3,False,0.0
997,New Year Promo,0.25,True,16.39
998,Holiday Sale,0.1,True,3.12
999,New Year Promo,0.25,False,0.0
1000,Holiday Sale,0.1,False,0.0
1001,Summer Sale,0.3,True,11.72
1002,BOGO,0.2,True,10.85
1003,Flash Sale,0.15,False,0.0
1004,BOGO,0.2,False,0.0
1005,Flash Sale,0.15,True,9.42
1006,Summer Sale,0.3,False,0.0
1007,Holiday Sale,0.1,True,4.47
1008,Holiday Sale,0.1,False,0.0
1009,Summer Sale,0.3,False,0.0
1010,Flash Sale,0.15,False,0.0
1011,Holiday Sale,0.1,False,0.0
1012,Holiday Sale,0.1,True,8.78
1013,BOGO,0.2,True,26.67
1014,BOGO,0.2,False,0.0
1015,Flash Sale,0.15,False,0.0
1016,Flash Sale,0.15,True,10.18
1017,BOGO,0.2,False,0.0
1018,Summer Sale,0.3,True,17.59
1019,BOGO,0.2,True,12.74
1020,BOGO,0.2,False,0.0
1021,New Year Promo,0.25,False,0.0
1022,Holiday Sale,0.1,True,5.4
1023,Flash Sale,0.15,True,11.13
1024,Holiday Sale,0.1,False,0.0
1025,New Year Promo,0.25,True,16.31
1026,BOGO,0.2,False,0.0
1027,Flash Sale,0.15,True,10.03
1028,BOGO,0.2,True,15.96
1029,Summer Sale,0.3,False,0.0
1030,Holiday Sale,0.1,True,10.22
1031,Flash Sale,0.15,True,6.18
1032,BOGO,0.2,False,0.0
1033,Holiday Sale,0.1,False,0.0
1034,Flash Sale,0.15,True,6.02
1035,Flash Sale,0.15,False,0.0
1036,Holiday Sale,0.1,False,0.0
1037,Holiday Sale,0.1,True,3.09
1038,Flash Sale,0.15,True,5.92
1039,New Year Promo,0.25,False,0.0
1040,Summer Sale,0.3,True,11.82
1041,Flash Sale,0.15,False,0.0
1042,New Year Promo,0.25,False,0.0
1043,Holiday Sale,0.1,False,0.0
1044,BOGO,0.2,False,0.0
1045,Flash Sale,0.15,True,16.32
1046,Flash Sale,0.15,False,0.0
1047,New Year Promo,0.25,True,9.47
1048,New Year Promo,0.25,True,8.51
1049,Summer Sale,0.3,False,0.0
1050,BOGO,0.2,False,0.0
1051,New Year Promo,0.25,True,20.88
1052,BOGO,0.2,False,0.0
1053,New Year Promo,0.25,False,0.0
1054,Summer Sale,0.3,False,0.0
1055,Summer Sale,0.3,False,0.0
1056,Summer Sale,0.3,False,0.0
1057,Holiday Sale,0.1,True,4.65
1058,Flash Sale,0.15,False,0.0
1059,Flash Sale,0.15,True,6.27
1060,Summer Sale,0.3,True,15.15
1061,Flash Sale,0.15,True,11.5
1062,New Year Promo,0.25,False,0.0
1063,Holiday Sale,0.1,True,4.57
1064,BOGO,0.2,False,0.0
1065,Flash Sale,0.15,False,0.0
1066,Flash Sale,0.15,True,8.26
1067,New Year Promo,0.25,True,9.58
1068,Flash Sale,0.15,True,6.32
1069,Flash Sale,0.15,False,0.0
1070,New Year Promo,0.25,False,0.0
1071,Summer Sale,0.3,False,0.0
1072,Holiday Sale,0.1,True,4.36
1073,Flash Sale,0.15,False,0.0
1074,BOGO,0.2,True,13.49
1075,BOGO,0.2,True,21.79
1076,Holiday Sale,0.1,False,0.0
1077,Summer Sale,0.3,True,10.26
1078,BOGO,0.2,False,0.0
1079,Holiday Sale,0.1,False,0.0
1080,Flash Sale,0.15,True,11.35
1081,New Year Promo,0.25,False,0.0
1082,Flash Sale,0.15,True,4.53
1083,BOGO,0.2,True,6.44
1084,Flash Sale,0.15,False,0.0
1085,Holiday Sale,0.1,True,6.92
1086,BOGO,0.2,False,0.0
1087,New Year Promo,0.25,False,0.0
1088,Summer Sale,0.3,False,0.0
1089,Holiday Sale,0.1,False,0.0
1090,New Year Promo,0.25,True,9.5
1091,Holiday Sale,0.1,True,8.49
1092,Flash Sale,0.15,False,0.0
1093,Summer Sale,0.3,True,16.69
1094,Holiday Sale,0.1,False,0.0
1095,New Year Promo,0.25,False,0.0
1096,Flash Sale,0.15,False,0.0
1097,New Year Promo,0.25,False,0.0
1098,Holiday Sale,0.1,False,0.0
1099,Summer Sale,0.3,True,15.94
1100,BOGO,0.2,True,14.86
1101,BOGO,0.2,True,8.97
1102,Flash Sale,0.15,True,18.05
1103,BOGO,0.2,True,11.03
1104,New Year Promo,0.25,True,18.79
1105,BOGO,0.2,True,28.08
1106,Summer Sale,0.3,False,0.0
1107,BOGO,0.2,True,6.74
1108,New Year Promo,0.25,True,10.18
1109,BOGO,0.2,True,14.35
1110,BOGO,0.2,True,7.25
1111,New Year Promo,0.25,False,0.0
1112,Flash Sale,0.15,False,0.0
1113,New Year Promo,0.25,True,9.1
1114,Summer Sale,0.3,True,17.81
1115,Flash Sale,0.15,False,0.0
1116,Flash Sale,0.15,False,0.0
1117,BOGO,0.2,False,0.0
1118,Flash Sale,0.15,True,9.11
1119,Holiday Sale,0.1,False,0.0
1120,Flash Sale,0.15,False,0.0
1121,New Year Promo,0.25,True,18.28
1122,Summer Sale,0.3,False,0.0
1123,Summer Sale,0.3,True,22.73
1124,BOGO,0.2,True,11.24
1125,Flash Sale,0.15,False,0.0
1126,BOGO,0.2,True,12.56
1127,BOGO,0.2,False,0.0
1128,New Year Promo,0.25,False,0.0
1129,New Year Promo,0.25,True,8.6
1130,BOGO,0.2,False,0.0
1131,BOGO,0.2,False,0.0
1132,Holiday Sale,0.1,True,3.01
1133,BOGO,0.2,True,26.67
1134,Holiday Sale,0.1,True,4.02
1135,BOGO,0.2,False,0.0
1136,Summer Sale,0.3,False,0.0
1137,Flash Sale,0.15,False,0.0
1138,Holiday Sale,0.1,False,0.0
1139,Flash Sale,0.15,False,0.0
1140,Flash Sale,0.15,True,7.73
1141,Flash Sale,0.15,True,7.16
1142,BOGO,0.2,False,0.0
1143,Summer Sale,0.3,True,16.61
1144,Flash Sale,0.15,False,0.0
1145,Holiday Sale,0.1,True,3.67
1146,New Year Promo,0.25,False,0.0
1147,New Year Promo,0.25,False,0.0
1148,Holiday Sale,0.1,False,0.0
1149,Flash Sale,0.15,False,0.0
1150,Flash Sale,0.15,True,11.04
1151,BOGO,0.2,True,10.88
1152,New Year Promo,0.25,False,0.0
1153,Holiday Sale,0.1,False,0.0
1154,New Year Promo,0.25,False,0.0
1155,BOGO,0.2,False,0.0
1156,Holiday Sale,0.1,True,6.26
1157,Flash Sale,0.15,False,0.0
1158,BOGO,0.2,True,16.24
1159,BOGO,0.2,True,15.31
1160,New Year Promo,0.25,False,0.0
1161,Flash Sale,0.15,True,12.26
1162,Holiday Sale,0.1,True,3.19
1163,BOGO,0.2,False,0.0
1164,Flash Sale,0.15,False,0.0
1165,BOGO,0.2,False,0.0
1166,New Year Promo,0.25,False,0.0
1167,Holiday Sale,0.1,True,7.85
1168,BOGO,0.2,True,9.91
1169,BOGO,0.2,False,0.0
1170,Flash Sale,0.15,True,4.64
1171,Holiday Sale,0.1,False,0.0
1172,Holiday Sale,0.1,True,16.71
1173,BOGO,0.2,False,0.0
1174,BOGO,0.2,False,0.0
1175,BOGO,0.2,False,0.0
1176,Holiday Sale,0.1,True,4.92
1177,Summer Sale,0.3,True,17.14
1178,New Year Promo,0.25,False,0.0
1179,New Year Promo,0.25,True,11.63
1180,New Year Promo,0.25,False,0.0
1181,Holiday Sale,0.1,True,17.48
1182,New Year Promo,0.25,False,0.0
1183,Summer Sale,0.3,True,11.84
1184,Flash Sale,0.15,True,10.95
1185,Holiday Sale,0.1,True,3.8
1186,Summer Sale,0.3,True,25.77
1187,Holiday Sale,0.1,False,0.0
1188,Flash Sale,0.15,True,5.0
1189,Summer Sale,0.3,False,0.0
1190,Flash Sale,0.15,True,12.09
1191,Holiday Sale,0.1,False,0.0
1192,New Year Promo,0.25,False,0.0
1193,Holiday Sale,0.1,False,0.0
1194,Holiday Sale,0.1,True,6.82
1195,Holiday Sale,0.1,False,0.0
1196,Summer Sale,0.3,True,16.49
1197,Flash Sale,0.15,True,16.91
1198,Holiday Sale,0.1,True,10.28
1199,New Year Promo,0.25,True,15.55
1200,Holiday Sale,0.1,False,0.0
1201,BOGO,0.2,False,0.0
1202,BOGO,0.2,False,0.0
1203,Summer Sale,0.3,False,0.0
1204,BOGO,0.2,False,0.0
1205,New Year Promo,0.25,False,0.0
1206,Holiday Sale,0.1,True,5.7
1207,Flash Sale,0.15,False,0.0
1208,New Year Promo,0.25,True,9.73
1209,Flash Sale,0.15,False,0.0
1210,Holiday Sale,0.1,True,10.35
1211,Flash Sale,0.15,False,0.0
1212,BOGO,0.2,True,7.72
1213,Summer Sale,0.3,True,10.43
1214,Holiday Sale,0.1,True,7.69
1215,New Year Promo,0.25,True,13.5
1216,Flash Sale,0.15,False,0.0
1217,Holiday Sale,0.1,True,3.61
1218,Summer Sale,0.3,False,0.0
1219,BOGO,0.2,False,0.0
1220,Holiday Sale,0.1,False,0.0
1221,Flash Sale,0.15,True,30.3
1222,BOGO,0.2,False,0.0
1223,New Year Promo,0.25,False,0.0
1224,New Year Promo,0.25,False,0.0
1225,BOGO,0.2,False,0.0
1226,Flash Sale,0.15,True,10.61
1227,BOGO,0.2,False,0.0
1228,New Year Promo,0.25,False,0.0
1229,BOGO,0.2,True,83.58
1230,Flash Sale,0.15,True,4.0
1231,Holiday Sale,0.1,True,6.86
1232,Holiday Sale,0.1,False,0.0
1233,Summer Sale,0.3,False,0.0
1234,Summer Sale,0.3,False,0.0
1235,Holiday Sale,0.1,True,4.92
1236,Flash Sale,0.15,False,0.0
1237,Holiday Sale,0.1,True,7.49
1238,BOGO,0.2,True,8.93
1239,Flash Sale,0.15,True,17.54
1240,Holiday Sale,0.1,False,0.0
1241,Holiday Sale,0.1,True,6.76
1242,New Year Promo,0.25,False,0.0
1243,Flash Sale,0.15,False,0.0
1244,Summer Sale,0.3,True,17.2
1245,Flash Sale,0.15,True,8.73
1246,BOGO,0.2,True,17.92
1247,Summer Sale,0.3,True,10.0
1248,Holiday Sale,0.1,False,0.0
1249,Holiday Sale,0.1,True,7.4
1250,New Year Promo,0.25,True,12.46
1251,Summer Sale,0.3,False,0.0
1252,Summer Sale,0.3,False,0.0
1253,Holiday Sale,0.1,False,0.0
1254,Flash Sale,0.15,False,0.0
1255,BOGO,0.2,False,0.0
1256,Summer Sale,0.3,False,0.0
1257,Holiday Sale,0.1,True,6.69
1258,Flash Sale,0.15,True,9.43
1259,BOGO,0.2,False,0.0
1260,Holiday Sale,0.1,False,0.0
1261,New Year Promo,0.25,False,0.0
1262,Holiday Sale,0.1,False,0.0
1263,BOGO,0.2,False,0.0
1264,Holiday Sale,0.1,True,3.5
1265,New Year Promo,0.25,True,10.12
1266,Flash Sale,0.15,False,0.0
1267,Flash Sale,0.15,False,0.0
1268,New Year Promo,0.25,True,19.7
1269,BOGO,0.2,False,0.0
1270,Flash Sale,0.15,True,5.85
1271,Flash Sale,0.15,False,0.0
1272,Summer Sale,0.3,True,27.94
1273,Summer Sale,0.3,False,0.0
1274,Summer Sale,0.3,True,8.63
1275,Holiday Sale,0.1,False,0.0
1276,Holiday Sale,0.1,False,0.0
1277,Holiday Sale,0.1,True,4.58
1278,Flash Sale,0.15,True,19.01
1279,BOGO,0.2,False,0.0
1280,New Year Promo,0.25,False,0.0
1281,BOGO,0.2,True,9.15
1282,New Year Promo,0.25,True,14.66
1283,Summer Sale,0.3,True,12.91
1284,Flash Sale,0.15,False,0.0
1285,Summer Sale,0.3,False,0.0
1286,Flash Sale,0.15,False,0.0
1287,Summer Sale,0.3,False,0.0
1288,Summer Sale,0.3,False,0.0
1289,New Year Promo,0.25,True,8.12
1290,Holiday Sale,0.1,True,4.13
1291,Flash Sale,0.15,False,0.0
1292,New Year Promo,0.25,False,0.0
1293,Flash Sale,0.15,False,0.0
1294,Summer Sale,0.3,True,32.25
1295,Holiday Sale,0.1,True,6.17
1296,Holiday Sale,0.1,False,0.0
1297,BOGO,0.2,True,10.33
1298,BOGO,0.2,False,0.0
1299,BOGO,0.2,False,0.0
1300,Holiday Sale,0.1,False,0.0
1301,BOGO,0.2,True,8.1
1302,Holiday Sale,0.1,True,8.62
1303,Flash Sale,0.15,False,0.0
1304,Flash Sale,0.15,True,8.36
1305,Holiday Sale,0.1,True,6.27
1306,Flash Sale,0.15,False,0.0
1307,Flash Sale,0.15,False,0.0
1308,BOGO,0.2,False,0.0
1309,BOGO,0.2,True,6.5
1310,Summer Sale,0.3,True,15.84
1311,New Year Promo,0.25,True,8.84
1312,New Year Promo,0.25,True,22.72
1313,Summer Sale,0.3,False,0.0
1314,Flash Sale,0.15,True,9.86
1315,Summer Sale,0.3,False,0.0
1316,Summer Sale,0.3,False,0.0
1317,New Year Promo,0.25,False,0.0
1318,Holiday Sale,0.1,True,5.52
1319,Summer Sale,0.3,True,13.06
1320,New Year Promo,0.25,True,9.42
1321,Flash Sale,0.15,False,0.0
1322,Summer Sale,0.3,False,0.0
1323,Flash Sale,0.15,False,0.0
1324,Summer Sale,0.3,False,0.0
1325,Holiday Sale,0.1,True,12.69
1326,Holiday Sale,0.1,False,0.0
1327,Holiday Sale,0.1,False,0.0
1328,New Year Promo,0.25,True,9.9
1329,Flash Sale,0.15,False,0.0
1330,Holiday Sale,0.1,True,5.65
1331,New Year Promo,0.25,False,0.0
1332,Holiday Sale,0.1,False,0.0
1333,Summer Sale,0.3,True,30.03
1334,New Year Promo,0.25,False,0.0
1335,Holiday Sale,0.1,True,13.42
1336,BOGO,0.2,False,0.0
1337,Summer Sale,0.3,False,0.0
1338,Holiday Sale,0.1,True,5.61
1339,New Year Promo,0.25,True,10.8
1340,New Year Promo,0.25,True,10.49
1341,New Year Promo,0.25,True,11.02
1342,BOGO,0.2,True,8.06
1343,Flash Sale,0.15,True,7.66
1344,New Year Promo,0.25,True,26.73
1345,New Year Promo,0.25,False,0.0
1346,New Year Promo,0.25,False,0.0
1347,Summer Sale,0.3,False,0.0
1348,BOGO,0.2,False,0.0
1349,Summer Sale,0.3,True,36.77
1350,Summer Sale,0.3,False,0.0
1351,BOGO,0.2,False,0.0
1352,Flash Sale,0.15,True,7.18
1353,Flash Sale,0.15,True,5.24
1354,New Year Promo,0.25,True,25.69
1355,Flash Sale,0.15,False,0.0
1356,BOGO,0.2,True,12.67
1357,New Year Promo,0.25,False,0.0
1358,Flash Sale,0.15,False,0.0
1359,BOGO,0.2,True,6.67
1360,New Year Promo,0.25,True,18.67
1361,Flash Sale,0.15,True,10.81
1362,Holiday Sale,0.1,True,5.94
1363,New Year Promo,0.25,False,0.0
1364,Summer Sale,0.3,False,0.0
1365,Holiday Sale,0.1,True,4.49
1366,New Year Promo,0.25,True,8.31
1367,Flash Sale,0.15,False,0.0
1368,Holiday Sale,0.1,False,0.0
1369,Holiday Sale,0.1,False,0.0
1370,BOGO,0.2,True,8.26
1371,New Year Promo,0.25,True,31.61
1372,New Year Promo,0.25,False,0.0
1373,Flash Sale,0.15,False,0.0
1374,Holiday Sale,0.1,True,3.67
1375,Flash Sale,0.15,False,0.0
1376,Holiday Sale,0.1,True,5.82
1377,BOGO,0.2,False,0.0
1378,Flash Sale,0.15,True,10.36
1379,Flash Sale,0.15,True,4.22
1380,New Year Promo,0.25,False,0.0
1381,Summer Sale,0.3,False,0.0
1382,Summer Sale,0.3,False,0.0
1383,Summer Sale,0.3,True,39.23
1384,Holiday Sale,0.1,False,0.0
1385,Holiday Sale,0.1,True,4.85
1386,BOGO,0.2,False,0.0
1387,Holiday Sale,0.1,True,5.18
1388,BOGO,0.2,False,0.0
1389,Summer Sale,0.3,True,28.37
1390,BOGO,0.2,True,8.22
1391,BOGO,0.2,False,0.0
1392,Flash Sale,0.15,True,6.14
1393,Flash Sale,0.15,False,0.0
1394,BOGO,0.2,True,13.15
1395,BOGO,0.2,True,7.05
1396,New Year Promo,0.25,True,34.32
1397,Summer Sale,0.3,False,0.0
1398,Holiday Sale,0.1,False,0.0
1399,Summer Sale,0.3,False,0.0
1400,BOGO,0.2,False,0.0
1401,Holiday Sale,0.1,False,0.0
1402,Flash Sale,0.15,False,0.0
1403,Flash Sale,0.15,False,0.0
1404,Flash Sale,0.15,True,11.65
1405,New Year Promo,0.25,False,0.0
1406,BOGO,0.2,True,6.23
1407,Holiday Sale,0.1,True,5.82
1408,Holiday Sale,0.1,True,7.27
1409,BOGO,0.2,True,9.54
1410,New Year Promo,0.25,True,19.92
1411,BOGO,0.2,False,0.0
1412,Holiday Sale,0.1,True,5.1
1413,New Year Promo,0.25,False,0.0
1414,Summer Sale,0.3,False,0.0
1415,BOGO,0.2,False,0.0
1416,Summer Sale,0.3,False,0.0
1417,Summer Sale,0.3,False,0.0
1418,Summer Sale,0.3,True,15.51
1419,BOGO,0.2,False,0.0
1420,Flash Sale,0.15,False,0.0
1421,New Year Promo,0.25,False,0.0
1422,Summer Sale,0.3,True,14.61
1423,Flash Sale,0.15,True,4.46
1424,Flash Sale,0.15,False,0.0
1425,Holiday Sale,0.1,True,10.44
1426,BOGO,0.2,True,37.82
1427,Holiday Sale,0.1,True,3.29
1428,Summer Sale,0.3,True,26.77
1429,New Year Promo,0.25,True,11.11
1430,Flash Sale,0.15,True,18.74
1431,New Year Promo,0.25,False,0.0
1432,BOGO,0.2,True,10.99
1433,Summer Sale,0.3,True,10.17
1434,New Year Promo,0.25,True,8.91
1435,Holiday Sale,0.1,True,4.7
1436,Holiday Sale,0.1,False,0.0
1437,Holiday Sale,0.1,False,0.0
1438,New Year Promo,0.25,True,13.75
1439,Holiday Sale,0.1,False,0.0
1440,BOGO,0.2,True,11.2
1441,Flash Sale,0.15,True,33.22
1442,Flash Sale,0.15,False,0.0
1443,Flash Sale,0.15,False,0.0
1444,Summer Sale,0.3,False,0.0
1445,Summer Sale,0.3,True,29.14
1446,Holiday Sale,0.1,False,0.0
1447,Summer Sale,0.3,False,0.0
1448,Summer Sale,0.3,True,29.03
1449,Summer Sale,0.3,True,16.17
1450,BOGO,0.2,True,13.27
1451,Summer Sale,0.3,False,0.0
1452,New Year Promo,0.25,True,15.88
1453,BOGO,0.2,True,13.17
1454,BOGO,0.2,True,10.31
1455,Summer Sale,0.3,False,0.0
1456,New Year Promo,0.25,False,0.0
1457,Holiday Sale,0.1,True,4.54
1458,Summer Sale,0.3,False,0.0
1459,Summer Sale,0.3,False,0.0
1460,Summer Sale,0.3,True,14.44
1461,Holiday Sale,0.1,False,0.0
1462,Holiday Sale,0.1,False,0.0
1463,Summer Sale,0.3,False,0.0
1464,Flash Sale,0.15,False,0.0
1465,New Year Promo,0.25,True,21.49
1466,Holiday Sale,0.1,False,0.0
1467,Summer Sale,0.3,True,79.58
1468,Flash Sale,0.15,True,12.79
1469,Holiday Sale,0.1,True,7.06
1470,Holiday Sale,0.1,False,0.0
1471,Flash Sale,0.15,False,0.0
1472,New Year Promo,0.25,False,0.0
1473,New Year Promo,0.25,True,37.2
1474,Summer Sale,0.3,True,15.13
1475,New Year Promo,0.25,False,0.0
1476,New Year Promo,0.25,False,0.0
1477,Summer Sale,0.3,True,23.68
1478,New Year Promo,0.25,True,17.73
1479,Summer Sale,0.3,True,13.33
1480,Flash Sale,0.15,False,0.0
1481,Flash Sale,0.15,True,10.83
1482,BOGO,0.2,False,0.0
1483,Holiday Sale,0.1,False,0.0
1484,Summer Sale,0.3,False,0.0
1485,Holiday Sale,0.1,True,5.11
1486,Summer Sale,0.3,False,0.0
1487,BOGO,0.2,True,6.95
1488,Summer Sale,0.3,False,0.0
1489,Holiday Sale,0.1,True,3.83
1490,Summer Sale,0.3,True,9.05
1491,Flash Sale,0.15,False,0.0
1492,Flash Sale,0.15,False,0.0
1493,Summer Sale,0.3,False,0.0
1494,Summer Sale,0.3,True,12.11
1495,Flash Sale,0.15,True,7.24
1496,BOGO,0.2,False,0.0
1497,Flash Sale,0.15,True,9.12
1498,Flash Sale,0.15,False,0.0
1499,Summer Sale,0.3,False,0.0
1500,Holiday Sale,0.1,True,7.51
1501,Holiday Sale,0.1,False,0.0
1502,BOGO,0.2,False,0.0
1503,Flash Sale,0.15,False,0.0
1504,Holiday Sale,0.1,True,3.01
1505,Holiday Sale,0.1,True,3.32
1506,Flash Sale,0.15,True,4.74
1507,BOGO,0.2,False,0.0
1508,New Year Promo,0.25,False,0.0
1509,Summer Sale,0.3,False,0.0
1510,New Year Promo,0.25,False,0.0
1511,Flash Sale,0.15,True,13.34
1512,New Year Promo,0.25,False,0.0
1513,BOGO,0.2,True,19.95
1514,New Year Promo,0.25,False,0.0
1515,Summer Sale,0.3,True,8.64
1516,Summer Sale,0.3,True,14.1
1517,Flash Sale,0.15,False,0.0
1518,BOGO,0.2,True,14.57
1519,Flash Sale,0.15,True,4.28
1520,New Year Promo,0.25,True,14.41
1521,Flash Sale,0.15,True,5.11
1522,New Year Promo,0.25,False,0.0
1523,Holiday Sale,0.1,False,0.0
1524,Summer Sale,0.3,False,0.0
1525,Summer Sale,0.3,True,11.11
1526,BOGO,0.2,False,0.0
1527,Summer Sale,0.3,True,9.39
1528,Holiday Sale,0.1,True,3.6
1529,Flash Sale,0.15,True,12.42
1530,New Year Promo,0.25,False,0.0
1531,Summer Sale,0.3,False,0.0
1532,Summer Sale,0.3,True,38.18
1533,Holiday Sale,0.1,True,6.39
1534,New Year Promo,0.25,False,0.0
1535,Summer Sale,0.3,True,13.71
1536,Holiday Sale,0.1,False,0.0
1537,New Year Promo,0.25,False,0.0
1538,Holiday Sale,0.1,False,0.0
1539,BOGO,0.2,False,0.0
1540,Flash Sale,0.15,False,0.0
1541,Summer Sale,0.3,False,0.0
1542,BOGO,0.2,False,0.0
1543,BOGO,0.2,False,0.0
1544,New Year Promo,0.25,True,11.96
1545,BOGO,0.2,True,18.8
1546,Flash Sale,0.15,False,0.0
1547,Flash Sale,0.15,True,11.43
1548,Summer Sale,0.3,True,16.2
1549,BOGO,0.2,False,0.0
1550,New Year Promo,0.25,True,15.22
1551,Flash Sale,0.15,True,18.2
1552,Holiday Sale,0.1,False,0.0
1553,BOGO,0.2,False,0.0
1554,Summer Sale,0.3,False,0.0
1555,Flash Sale,0.15,False,0.0
1556,New Year Promo,0.25,True,11.34
1557,New Year Promo,0.25,True,12.17
1558,New Year Promo,0.25,False,0.0
1559,New Year Promo,0.25,True,15.49
1560,Holiday Sale,0.1,False,0.0
1561,New Year Promo,0.25,False,0.0
1562,Summer Sale,0.3,False,0.0
1563,Summer Sale,0.3,True,17.25
1564,Flash Sale,0.15,False,0.0
1565,Summer Sale,0.3,False,0.0
1566,Summer Sale,0.3,False,0.0
1567,New Year Promo,0.25,True,17.1
1568,Holiday Sale,0.1,False,0.0
1569,Holiday Sale,0.1,True,4.29
1570,Summer Sale,0.3,False,0.0
1571,BOGO,0.2,False,0.0
1572,BOGO,0.2,False,0.0
1573,New Year Promo,0.25,False,0.0
1574,Holiday Sale,0.1,True,7.93
1575,BOGO,0.2,True,6.17
1576,Flash Sale,0.15,False,0.0
1577,Holiday Sale,0.1,False,0.0
1578,Holiday Sale,0.1,False,0.0
1579,Holiday Sale,0.1,True,6.43
1580,Holiday Sale,0.1,False,0.0
1581,Holiday Sale,0.1,False,0.0
1582,New Year Promo,0.25,False,0.0
1583,BOGO,0.2,True,13.14
1584,Holiday Sale,0.1,False,0.0
1585,New Year Promo,0.25,True,43.86
1586,Summer Sale,0.3,False,0.0
1587,New Year Promo,0.25,False,0.0
1588,New Year Promo,0.25,False,0.0
1589,BOGO,0.2,True,7.97
1590,BOGO,0.2,True,13.07
1591,Summer Sale,0.3,False,0.0
1592,Holiday Sale,0.1,True,11.29
1593,Holiday Sale,0.1,False,0.0
1594,Holiday Sale,0.1,False,0.0
1595,Holiday Sale,0.1,False,0.0
1596,Holiday Sale,0.1,True,7.33
1597,Flash Sale,0.15,False,0.0
1598,Holiday Sale,0.1,False,0.0
1599,BOGO,0.2,False,0.0
1600,Holiday Sale,0.1,False,0.0
1601,New Year Promo,0.25,True,8.51
1602,BOGO,0.2,False,0.0
1603,New Year Promo,0.25,False,0.0
1604,Summer Sale,0.3,False,0.0
1605,Summer Sale,0.3,False,0.0
1606,New Year Promo,0.25,True,11.82
1607,Holiday Sale,0.1,False,0.0
1608,Flash Sale,0.15,True,10.23
1609,Holiday Sale,0.1,False,0.0
1610,BOGO,0.2,True,10.1
1611,Holiday Sale,0.1,True,7.53
1612,BOGO,0.2,False,0.0
1613,Holiday Sale,0.1,True,4.62
1614,Holiday Sale,0.1,False,0.0
1615,Holiday Sale,0.1,True,3.14
1616,Summer Sale,0.3,False,0.0
1617,New Year Promo,0.25,False,0.0
1618,New Year Promo,0.25,False,0.0
1619,Flash Sale,0.15,True,8.01
1620,Holiday Sale,0.1,True,4.93
1621,Holiday Sale,0.1,False,0.0
1622,New Year Promo,0.25,True,9.08
1623,Holiday Sale,0.1,True,6.11
1624,BOGO,0.2,True,102.3
1625,Flash Sale,0.15,False,0.0
1626,Flash Sale,0.15,True,10.2
1627,BOGO,0.2,True,7.74
1628,Summer Sale,0.3,False,0.0
1629,Holiday Sale,0.1,False,0.0
1630,BOGO,0.2,False,0.0
1631,Holiday Sale,0.1,True,6.68
1632,Holiday Sale,0.1,False,0.0
1633,Holiday Sale,0.1,True,4.18
1634,New Year Promo,0.25,True,14.36
1635,Holiday Sale,0.1,False,0.0
1636,Holiday Sale,0.1,True,8.65
1637,BOGO,0.2,False,0.0
1638,Flash Sale,0.15,True,11.39
1639,Summer Sale,0.3,True,22.71
1640,Holiday Sale,0.1,True,6.61
1641,BOGO,0.2,True,9.01
1642,Holiday Sale,0.1,True,10.37
1643,New Year Promo,0.25,False,0.0
1644,Summer Sale,0.3,False,0.0
1645,New Year Promo,0.25,True,7.92
1646,New Year Promo,0.25,False,0.0
1647,Holiday Sale,0.1,False,0.0
1648,BOGO,0.2,True,19.56
1649,Summer Sale,0.3,False,0.0
1650,Flash Sale,0.15,True,8.39
1651,BOGO,0.2,False,0.0
1652,Holiday Sale,0.1,False,0.0
1653,New Year Promo,0.25,False,0.0
1654,Summer Sale,0.3,False,0.0
1655,BOGO,0.2,True,7.43
1656,New Year Promo,0.25,False,0.0
1657,BOGO,0.2,False,0.0
1658,Flash Sale,0.15,False,0.0
1659,New Year Promo,0.25,False,0.0
1660,Summer Sale,0.3,False,0.0
1661,Holiday Sale,0.1,False,0.0
1662,Flash Sale,0.15,False,0.0
1663,Flash Sale,0.15,False,0.0
1664,Holiday Sale,0.1,True,4.88
1665,New Year Promo,0.25,True,31.41
1666,Flash Sale,0.15,False,0.0
1667,New Year Promo,0.25,False,0.0
1668,Holiday Sale,0.1,False,0.0
1669,Holiday Sale,0.1,True,3.88
1670,New Year Promo,0.25,False,0.0
1671,Holiday Sale,0.1,False,0.0
1672,Summer Sale,0.3,False,0.0
1673,BOGO,0.2,True,14.01
1674,Summer Sale,0.3,True,24.57
1675,Holiday Sale,0.1,True,5.74
1676,New Year Promo,0.25,False,0.0
1677,Holiday Sale,0.1,False,0.0
1678,New Year Promo,0.25,True,15.18
1679,Flash Sale,0.15,False,0.0
1680,BOGO,0.2,False,0.0
1681,Holiday Sale,0.1,False,0.0
1682,Summer Sale,0.3,True,33.31
1683,Summer Sale,0.3,False,0.0
1684,Flash Sale,0.15,False,0.0
1685,Flash Sale,0.15,False,0.0
1686,Holiday Sale,0.1,False,0.0
1687,Flash Sale,0.15,True,9.54
1688,Summer Sale,0.3,False,0.0
1689,New Year Promo,0.25,True,14.96
1690,BOGO,0.2,True,12.72
1691,New Year Promo,0.25,False,0.0
1692,Summer Sale,0.3,False,0.0
1693,BOGO,0.2,False,0.0
1694,BOGO,0.2,False,0.0
1695,New Year Promo,0.25,True,9.71
1696,Flash Sale,0.15,False,0.0
1697,BOGO,0.2,False,0.0
1698,New Year Promo,0.25,True,8.65
1699,Holiday Sale,0.1,True,11.65
1700,BOGO,0.2,False,0.0
1701,Summer Sale,0.3,True,31.24
1702,BOGO,0.2,False,0.0
1703,Holiday Sale,0.1,True,4.22
1704,Flash Sale,0.15,True,9.77
1705,New Year Promo,0.25,False,0.0
1706,Holiday Sale,0.1,True,3.25
1707,Flash Sale,0.15,False,0.0
1708,BOGO,0.2,True,7.97
1709,Flash Sale,0.15,False,0.0
1710,Flash Sale,0.15,True,6.81
1711,Flash Sale,0.15,False,0.0
1712,Summer Sale,0.3,True,8.64
1713,Holiday Sale,0.1,True,5.79
1714,Flash Sale,0.15,True,5.33
1715,Holiday Sale,0.1,False,0.0
1716,Summer Sale,0.3,True,33.03
1717,BOGO,0.2,False,0.0
1718,Holiday Sale,0.1,False,0.0
1719,Holiday Sale,0.1,True,10.24
1720,New Year Promo,0.25,False,0.0
1721,Holiday Sale,0.1,False,0.0
1722,Flash Sale,0.15,False,0.0
1723,Flash Sale,0.15,False,0.0
1724,BOGO,0.2,True,6.88
1725,Summer Sale,0.3,True,13.6
1726,BOGO,0.2,True,7.19
1727,New Year Promo,0.25,True,18.99
1728,Summer Sale,0.3,True,36.56
1729,Holiday Sale,0.1,True,8.77
1730,Flash Sale,0.15,False,0.0
1731,BOGO,0.2,False,0.0
1732,BOGO,0.2,True,13.07
1733,Flash Sale,0.15,False,0.0
1734,Flash Sale,0.15,False,0.0
1735,Holiday Sale,0.1,True,2.27
1736,BOGO,0.2,True,20.65
1737,New Year Promo,0.25,False,0.0
1738,New Year Promo,0.25,True,8.54
1739,New Year Promo,0.25,True,9.15
1740,New Year Promo,0.25,False,0.0
1741,Holiday Sale,0.1,True,7.7
1742,Holiday Sale,0.1,True,8.49
1743,Summer Sale,0.3,True,12.36
1744,Summer Sale,0.3,False,0.0
1745,Flash Sale,0.15,False,0.0
1746,Holiday Sale,0.1,False,0.0
1747,Flash Sale,0.15,True,5.06
1748,BOGO,0.2,False,0.0
1749,Summer Sale,0.3,False,0.0
1750,Holiday Sale,0.1,False,0.0
1751,Flash Sale,0.15,True,7.13
1752,BOGO,0.2,True,8.75
1753,New Year Promo,0.25,False,0.0
1754,Flash Sale,0.15,True,4.71
1755,Holiday Sale,0.1,False,0.0
1756,Summer Sale,0.3,True,22.26
1757,Summer Sale,0.3,True,40.18
1758,Summer Sale,0.3,False,0.0
1759,Summer Sale,0.3,False,0.0
1760,Flash Sale,0.15,True,9.89
1761,Flash Sale,0.15,True,6.61
1762,Flash Sale,0.15,False,0.0
1763,Summer Sale,0.3,True,11.46
1764,Holiday Sale,0.1,True,2.63
1765,Holiday Sale,0.1,True,4.3
1766,Holiday Sale,0.1,False,0.0
1767,BOGO,0.2,False,0.0
1768,BOGO,0.2,False,0.0
1769,Flash Sale,0.15,False,0.0
1770,BOGO,0.2,True,13.03
1771,Flash Sale,0.15,True,6.57
1772,Summer Sale,0.3,False,0.0
1773,Flash Sale,0.15,False,0.0
1774,BOGO,0.2,True,17.0
1775,BOGO,0.2,True,10.0
1776,Summer Sale,0.3,False,0.0
1777,Holiday Sale,0.1,True,3.44
1778,New Year Promo,0.25,False,0.0
1779,New Year Promo,0.25,False,0.0
1780,New Year Promo,0.25,False,0.0
1781,Flash Sale,0.15,False,0.0
1782,New Year Promo,0.25,True,15.01
1783,New Year Promo,0.25,False,0.0
1784,New Year Promo,0.25,False,0.0
1785,Flash Sale,0.15,False,0.0
1786,BOGO,0.2,True,10.12
1787,Flash Sale,0.15,True,16.64
1788,Summer Sale,0.3,True,15.63
1789,BOGO,0.2,False,0.0
1790,New Year Promo,0.25,False,0.0
1791,Flash Sale,0.15,False,0.0
1792,Summer Sale,0.3,False,0.0
1793,BOGO,0.2,False,0.0
1794,Holiday Sale,0.1,False,0.0
1795,Flash Sale,0.15,False,0.0
1796,BOGO,0.2,False,0.0
1797,New Year Promo,0.25,True,13.45
1798,BOGO,0.2,False,0.0
1799,Flash Sale,0.15,False,0.0
1800,Holiday Sale,0.1,False,0.0
1801,New Year Promo,0.25,True,25.71
1802,New Year Promo,0.25,True,22.5
1803,Holiday Sale,0.1,False,0.0
1804,Summer Sale,0.3,False,0.0
1805,New Year Promo,0.25,False,0.0
1806,New Year Promo,0.25,False,0.0
1807,Holiday Sale,0.1,True,7.09
1808,BOGO,0.2,False,0.0
1809,Summer Sale,0.3,False,0.0
1810,New Year Promo,0.25,True,11.53
1811,BOGO,0.2,False,0.0
1812,BOGO,0.2,True,21.02
1813,New Year Promo,0.25,False,0.0
1814,Flash Sale,0.15,True,4.52
1815,BOGO,0.2,False,0.0
1816,BOGO,0.2,True,39.09
1817,Summer Sale,0.3,False,0.0
1818,Summer Sale,0.3,True,22.83
1819,Summer Sale,0.3,False,0.0
1820,New Year Promo,0.25,True,6.1
1821,Holiday Sale,0.1,False,0.0
1822,Flash Sale,0.15,False,0.0
1823,BOGO,0.2,True,9.52
1824,New Year Promo,0.25,False,0.0
1825,Flash Sale,0.15,False,0.0
1826,Holiday Sale,0.1,False,0.0
1827,BOGO,0.2,True,9.31
1828,New Year Promo,0.25,True,24.97
1829,Summer Sale,0.3,False,0.0
1830,BOGO,0.2,False,0.0
1831,BOGO,0.2,True,21.82
1832,Summer Sale,0.3,True,13.48
1833,Flash Sale,0.15,False,0.0
1834,BOGO,0.2,True,18.68
1835,Flash Sale,0.15,True,9.21
1836,New Year Promo,0.25,False,0.0
1837,New Year Promo,0.25,False,0.0
1838,Holiday Sale,0.1,False,0.0
1839,New Year Promo,0.25,True,20.12
1840,Summer Sale,0.3,False,0.0
1841,BOGO,0.2,False,0.0
1842,Summer Sale,0.3,False,0.0
1843,Flash Sale,0.15,False,0.0
1844,New Year Promo,0.25,True,16.95
1845,Summer Sale,0.3,True,43.45
1846,Summer Sale,0.3,False,0.0
1847,New Year Promo,0.25,True,10.68
1848,New Year Promo,0.25,False,0.0
1849,Summer Sale,0.3,True,17.8
1850,BOGO,0.2,False,0.0
1851,Holiday Sale,0.1,False,0.0
1852,BOGO,0.2,True,16.03
1853,Holiday Sale,0.1,True,7.57
1854,BOGO,0.2,True,15.13
1855,BOGO,0.2,True,10.16
1856,Flash Sale,0.15,True,5.78
1857,BOGO,0.2,False,0.0
1858,BOGO,0.2,True,7.92
1859,New Year Promo,0.25,True,11.58
1860,Flash Sale,0.15,True,11.72
1861,Summer Sale,0.3,True,15.13
1862,New Year Promo,0.25,False,0.0
1863,Holiday Sale,0.1,False,0.0
1864,Summer Sale,0.3,True,18.24
1865,Holiday Sale,0.1,True,8.17
1866,Flash Sale,0.15,True,18.64
1867,Flash Sale,0.15,True,7.99
1868,Flash Sale,0.15,False,0.0
1869,Flash Sale,0.15,True,4.21
1870,BOGO,0.2,False,0.0
1871,Summer Sale,0.3,False,0.0
1872,Summer Sale,0.3,False,0.0
1873,BOGO,0.2,True,11.3
1874,Flash Sale,0.15,False,0.0
1875,New Year Promo,0.25,True,18.19
1876,BOGO,0.2,False,0.0
1877,Summer Sale,0.3,True,15.86
1878,Flash Sale,0.15,True,9.18
1879,Summer Sale,0.3,True,8.8
1880,New Year Promo,0.25,True,14.48
1881,Holiday Sale,0.1,False,0.0
1882,Holiday Sale,0.1,True,5.08
1883,Summer Sale,0.3,False,0.0
1884,Summer Sale,0.3,False,0.0
1885,Flash Sale,0.15,True,5.49
1886,Flash Sale,0.15,True,19.73
1887,Summer Sale,0.3,True,11.21
1888,Flash Sale,0.15,True,4.58
1889,Holiday Sale,0.1,False,0.0
1890,Summer Sale,0.3,True,38.28
1891,Flash Sale,0.15,False,0.0
1892,Flash Sale,0.15,False,0.0
1893,BOGO,0.2,True,15.36
1894,BOGO,0.2,False,0.0
1895,Flash Sale,0.15,False,0.0
1896,New Year Promo,0.25,True,15.39
1897,New Year Promo,0.25,True,16.48
1898,Flash Sale,0.15,True,5.67
1899,New Year Promo,0.25,True,14.86
1900,Holiday Sale,0.1,False,0.0
1901,BOGO,0.2,False,0.0
1902,Holiday Sale,0.1,False,0.0
1903,Summer Sale,0.3,False,0.0
1904,BOGO,0.2,True,14.89
1905,BOGO,0.2,False,0.0
1906,Summer Sale,0.3,False,0.0
1907,Flash Sale,0.15,True,15.81
1908,New Year Promo,0.25,False,0.0
1909,Flash Sale,0.15,True,6.42
1910,Flash Sale,0.15,False,0.0
1911,Flash Sale,0.15,False,0.0
1912,New Year Promo,0.25,True,20.92
1913,Summer Sale,0.3,True,75.15
1914,BOGO,0.2,False,0.0
1915,Summer Sale,0.3,True,12.18
1916,Holiday Sale,0.1,True,4.65
1917,Holiday Sale,0.1,True,6.73
1918,Holiday Sale,0.1,True,4.64
1919,BOGO,0.2,False,0.0
1920,BOGO,0.2,True,9.06
1921,New Year Promo,0.25,False,0.0
1922,BOGO,0.2,True,6.36
1923,Summer Sale,0.3,True,16.2
1924,Flash Sale,0.15,True,5.55
1925,New Year Promo,0.25,False,0.0
1926,Flash Sale,0.15,False,0.0
1927,BOGO,0.2,False,0.0
1928,Holiday Sale,0.1,True,3.89
1929,Summer Sale,0.3,True,13.81
1930,Flash Sale,0.15,False,0.0
1931,Holiday Sale,0.1,False,0.0
1932,New Year Promo,0.25,True,16.29
1933,BOGO,0.2,True,8.19
1934,Flash Sale,0.15,False,0.0
1935,New Year Promo,0.25,True,11.85
1936,Summer Sale,0.3,True,16.19
1937,New Year Promo,0.25,True,9.39
1938,Flash Sale,0.15,False,0.0
1939,Flash Sale,0.15,False,0.0
1940,New Year Promo,0.25,False,0.0
1941,Holiday Sale,0.1,False,0.0
1942,Summer Sale,0.3,False,0.0
1943,Holiday Sale,0.1,True,5.24
1944,BOGO,0.2,False,0.0
1945,Flash Sale,0.15,True,8.14
1946,Flash Sale,0.15,True,7.26
1947,New Year Promo,0.25,False,0.0
1948,Holiday Sale,0.1,False,0.0
1949,Flash Sale,0.15,True,5.39
1950,New Year Promo,0.25,False,0.0
1951,New Year Promo,0.25,False,0.0
1952,Summer Sale,0.3,False,0.0
1953,Flash Sale,0.15,True,6.6
1954,New Year Promo,0.25,False,0.0
1955,New Year Promo,0.25,True,31.18
1956,Holiday Sale,0.1,True,12.94
1957,BOGO,0.2,True,12.26
1958,Holiday Sale,0.1,False,0.0
1959,Flash Sale,0.15,False,0.0
1960,Summer Sale,0.3,False,0.0
1961,BOGO,0.2,True,9.47
1962,New Year Promo,0.25,True,10.85
1963,New Year Promo,0.25,False,0.0
1964,BOGO,0.2,True,5.26
1965,BOGO,0.2,False,0.0
1966,BOGO,0.2,False,0.0
1967,BOGO,0.2,False,0.0
1968,New Year Promo,0.25,True,9.9
1969,BOGO,0.2,False,0.0
1970,Flash Sale,0.15,False,0.0
1971,BOGO,0.2,False,0.0
1972,Summer Sale,0.3,False,0.0
1973,Holiday Sale,0.1,False,0.0
1974,New Year Promo,0.25,True,14.89
1975,BOGO,0.2,False,0.0
1976,New Year Promo,0.25,True,19.96
1977,Holiday Sale,0.1,False,0.0
1978,New Year Promo,0.25,False,0.0
1979,New Year Promo,0.25,False,0.0
1980,Summer Sale,0.3,True,17.11
1981,Summer Sale,0.3,False,0.0
1982,Flash Sale,0.15,False,0.0
1983,Flash Sale,0.15,True,5.76
1984,Holiday Sale,0.1,False,0.0
1985,Flash Sale,0.15,True,5.82
1986,New Year Promo,0.25,False,0.0
1987,Summer Sale,0.3,True,19.32
1988,Summer Sale,0.3,True,12.8
1989,New Year Promo,0.25,False,0.0
1990,Summer Sale,0.3,False,0.0
1991,New Year Promo,0.25,True,16.93
1992,New Year Promo,0.25,True,11.23
1993,Holiday Sale,0.1,True,5.93
1994,Holiday Sale,0.1,False,0.0
1995,Holiday Sale,0.1,True,5.89
1996,Summer Sale,0.3,False,0.0
1997,Holiday Sale,0.1,True,10.79
1998,Flash Sale,0.15,False,0.0
1999,Holiday Sale,0.1,False,0.0
2000,Holiday Sale,0.1,False,0.0
2001,New Year Promo,0.25,True,7.78
2002,BOGO,0.2,False,0.0
2003,Holiday Sale,0.1,False,0.0
2004,New Year Promo,0.25,False,0.0
2005,Summer Sale,0.3,True,12.95
2006,BOGO,0.2,False,0.0
2007,New Year Promo,0.25,False,0.0
2008,Flash Sale,0.15,False,0.0
2009,Holiday Sale,0.1,True,3.55
2010,BOGO,0.2,False,0.0
2011,BOGO,0.2,True,7.07
2012,Flash Sale,0.15,False,0.0
2013,New Year Promo,0.25,True,19.02
2014,New Year Promo,0.25,False,0.0
2015,Summer Sale,0.3,True,20.2
2016,Flash Sale,0.15,False,0.0
2017,Summer Sale,0.3,False,0.0
2018,Summer Sale,0.3,False,0.0
2019,BOGO,0.2,False,0.0
2020,BOGO,0.2,False,0.0
2021,Summer Sale,0.3,True,71.27
2022,Holiday Sale,0.1,True,6.47
2023,Flash Sale,0.15,True,8.4
2024,Flash Sale,0.15,False,0.0
2025,Flash Sale,0.15,True,6.74
2026,Summer Sale,0.3,False,0.0
2027,BOGO,0.2,False,0.0
2028,Summer Sale,0.3,True,30.33
2029,New Year Promo,0.25,True,13.44
2030,Holiday Sale,0.1,False,0.0
2031,BOGO,0.2,True,18.15
2032,Holiday Sale,0.1,True,20.22
2033,Holiday Sale,0.1,False,0.0
2034,Flash Sale,0.15,True,13.92
2035,Holiday Sale,0.1,False,0.0
2036,Holiday Sale,0.1,True,3.09
2037,Flash Sale,0.15,False,0.0
2038,BOGO,0.2,False,0.0
2039,Flash Sale,0.15,False,0.0
2040,Flash Sale,0.15,False,0.0
2041,Holiday Sale,0.1,True,8.22
2042,BOGO,0.2,True,15.85
2043,Summer Sale,0.3,True,15.92
2044,New Year Promo,0.25,False,0.0
2045,Flash Sale,0.15,True,11.48
2046,New Year Promo,0.25,False,0.0
2047,Summer Sale,0.3,False,0.0
2048,Flash Sale,0.15,False,0.0
2049,BOGO,0.2,False,0.0
2050,New Year Promo,0.25,True,8.49
2051,New Year Promo,0.25,False,0.0
2052,BOGO,0.2,False,0.0
2053,Flash Sale,0.15,True,4.0
2054,Holiday Sale,0.1,True,9.68
2055,New Year Promo,0.25,True,19.53
2056,BOGO,0.2,False,0.0
2057,Summer Sale,0.3,False,0.0
2058,Holiday Sale,0.1,False,0.0
2059,Flash Sale,0.15,False,0.0
2060,Flash Sale,0.15,True,9.58
2061,Summer Sale,0.3,False,0.0
2062,BOGO,0.2,False,0.0
2063,Summer Sale,0.3,False,0.0
2064,Flash Sale,0.15,False,0.0
2065,Holiday Sale,0.1,False,0.0
2066,BOGO,0.2,True,8.64
2067,Summer Sale,0.3,False,0.0
2068,New Year Promo,0.25,False,0.0
2069,New Year Promo,0.25,True,8.91
2070,New Year Promo,0.25,False,0.0
2071,Flash Sale,0.15,True,11.29
2072,BOGO,0.2,True,8.51
2073,Summer Sale,0.3,True,12.67
2074,Flash Sale,0.15,False,0.0
2075,New Year Promo,0.25,True,24.62
2076,BOGO,0.2,True,17.2
2077,Summer Sale,0.3,False,0.0
2078,BOGO,0.2,True,5.25
2079,Flash Sale,0.15,True,19.21
2080,Holiday Sale,0.1,False,0.0
2081,New Year Promo,0.25,False,0.0
2082,Flash Sale,0.15,False,0.0
2083,Summer Sale,0.3,False,0.0
2084,Holiday Sale,0.1,True,10.57
2085,New Year Promo,0.25,False,0.0
2086,BOGO,0.2,False,0.0
2087,Summer Sale,0.3,False,0.0
2088,BOGO,0.2,True,10.88
2089,Holiday Sale,0.1,True,16.05
2090,BOGO,0.2,False,0.0
2091,Summer Sale,0.3,False,0.0
2092,Flash Sale,0.15,True,12.69
2093,Holiday Sale,0.1,True,2.84
2094,Flash Sale,0.15,True,6.76
2095,New Year Promo,0.25,True,9.27
2096,Summer Sale,0.3,False,0.0
2097,Holiday Sale,0.1,True,6.22
2098,BOGO,0.2,True,10.7
2099,BOGO,0.2,True,8.67
2100,Holiday Sale,0.1,False,0.0
2101,Holiday Sale,0.1,False,0.0
2102,Summer Sale,0.3,False,0.0
2103,Summer Sale,0.3,True,10.75
2104,Holiday Sale,0.1,False,0.0
2105,Holiday Sale,0.1,False,0.0
2106,New Year Promo,0.25,False,0.0
2107,Holiday Sale,0.1,True,7.68
2108,New Year Promo,0.25,True,18.88
2109,New Year Promo,0.25,False,0.0
2110,Holiday Sale,0.1,True,11.97
2111,New Year Promo,0.25,False,0.0
2112,New Year Promo,0.25,True,9.11
2113,Holiday Sale,0.1,False,0.0
2114,Flash Sale,0.15,True,8.93
2115,BOGO,0.2,False,0.0
2116,Summer Sale,0.3,False,0.0
2117,BOGO,0.2,False,0.0
2118,Flash Sale,0.15,True,13.19
2119,Flash Sale,0.15,True,4.94
2120,New Year Promo,0.25,True,17.5
2121,New Year Promo,0.25,False,0.0
2122,Holiday Sale,0.1,True,6.7
2123,Holiday Sale,0.1,True,9.3
2124,Holiday Sale,0.1,False,0.0
2125,Holiday Sale,0.1,True,14.97
2126,Holiday Sale,0.1,True,4.8
2127,BOGO,0.2,True,8.02
2128,Flash Sale,0.15,False,0.0
2129,BOGO,0.2,True,16.87
2130,Summer Sale,0.3,False,0.0
2131,Flash Sale,0.15,True,6.67
2132,Holiday Sale,0.1,False,0.0
2133,Holiday Sale,0.1,False,0.0
2134,Holiday Sale,0.1,False,0.0
2135,BOGO,0.2,True,10.54
2136,Holiday Sale,0.1,True,6.05
2137,Holiday Sale,0.1,False,0.0
2138,Summer Sale,0.3,False,0.0
2139,Holiday Sale,0.1,True,3.6
2140,Holiday Sale,0.1,False,0.0
2141,Flash Sale,0.15,True,20.54
2142,Flash Sale,0.15,True,6.82
2143,Summer Sale,0.3,True,17.06
2144,Flash Sale,0.15,False,0.0
2145,BOGO,0.2,True,6.38
2146,New Year Promo,0.25,True,24.93
2147,Flash Sale,0.15,False,0.0
2148,BOGO,0.2,True,7.32
2149,New Year Promo,0.25,True,8.65
2150,BOGO,0.2,True,9.31
2151,New Year Promo,0.25,True,8.13
2152,Holiday Sale,0.1,False,0.0
2153,Holiday Sale,0.1,True,6.86
2154,Flash Sale,0.15,False,0.0
2155,New Year Promo,0.25,False,0.0
2156,New Year Promo,0.25,False,0.0
2157,New Year Promo,0.25,False,0.0
2158,Holiday Sale,0.1,False,0.0
2159,BOGO,0.2,True,20.63
2160,New Year Promo,0.25,False,0.0
2161,New Year Promo,0.25,True,18.26
2162,Holiday Sale,0.1,True,7.44
2163,Summer Sale,0.3,True,11.95
2164,Flash Sale,0.15,True,11.51
2165,Summer Sale,0.3,True,9.81
2166,Holiday Sale,0.1,True,12.53
2167,BOGO,0.2,False,0.0
2168,Flash Sale,0.15,False,0.0
2169,New Year Promo,0.25,False,0.0
2170,Summer Sale,0.3,False,0.0
2171,New Year Promo,0.25,False,0.0
2172,Summer Sale,0.3,False,0.0
2173,Summer Sale,0.3,False,0.0
2174,New Year Promo,0.25,True,22.99
2175,Holiday Sale,0.1,False,0.0
2176,New Year Promo,0.25,True,21.69
2177,Flash Sale,0.15,False,0.0
2178,Holiday Sale,0.1,True,5.32
2179,BOGO,0.2,True,11.74
2180,Holiday Sale,0.1,False,0.0
2181,New Year Promo,0.25,True,13.05
2182,BOGO,0.2,True,7.81
2183,Flash Sale,0.15,False,0.0
2184,Summer Sale,0.3,True,9.73
2185,Summer Sale,0.3,False,0.0
2186,Summer Sale,0.3,True,20.13
2187,Holiday Sale,0.1,True,11.44
2188,Holiday Sale,0.1,True,7.28
2189,Summer Sale,0.3,True,15.06
2190,Holiday Sale,0.1,False,0.0
2191,Flash Sale,0.15,True,4.43
2192,BOGO,0.2,True,14.3
2193,New Year Promo,0.25,False,0.0
2194,BOGO,0.2,True,17.44
2195,New Year Promo,0.25,False,0.0
2196,New Year Promo,0.25,False,0.0
2197,Summer Sale,0.3,True,13.22
2198,BOGO,0.2,True,14.24
2199,Holiday Sale,0.1,False,0.0
2200,New Year Promo,0.25,False,0.0
2201,BOGO,0.2,True,17.6
2202,New Year Promo,0.25,True,6.14
2203,Flash Sale,0.15,False,0.0
2204,New Year Promo,0.25,False,0.0
2205,Summer Sale,0.3,False,0.0
2206,BOGO,0.2,True,15.76
2207,Summer Sale,0.3,False,0.0
2208,Holiday Sale,0.1,True,8.44
2209,New Year Promo,0.25,True,9.16
2210,Holiday Sale,0.1,True,7.0
2211,Summer Sale,0.3,True,13.49
2212,BOGO,0.2,True,14.68
2213,Summer Sale,0.3,False,0.0
2214,Summer Sale,0.3,True,35.39
2215,BOGO,0.2,True,11.88
2216,Summer Sale,0.3,False,0.0
2217,Holiday Sale,0.1,True,12.37
2218,New Year Promo,0.25,False,0.0
2219,BOGO,0.2,False,0.0
2220,New Year Promo,0.25,False,0.0
2221,BOGO,0.2,False,0.0
2222,Holiday Sale,0.1,False,0.0
2223,BOGO,0.2,False,0.0
2224,Flash Sale,0.15,False,0.0
2225,Summer Sale,0.3,False,0.0
2226,Holiday Sale,0.1,True,3.62
2227,Flash Sale,0.15,True,4.55
2228,Summer Sale,0.3,False,0.0
2229,Summer Sale,0.3,True,10.49
2230,Summer Sale,0.3,False,0.0
2231,New Year Promo,0.25,True,13.47
2232,Summer Sale,0.3,False,0.0
2233,BOGO,0.2,True,14.36
2234,New Year Promo,0.25,True,45.32
2235,Flash Sale,0.15,True,7.92
2236,Summer Sale,0.3,True,17.66
2237,BOGO,0.2,False,0.0
2238,New Year Promo,0.25,False,0.0
2239,BOGO,0.2,False,0.0
2240,Summer Sale,0.3,False,0.0
2241,Summer Sale,0.3,True,16.6
2242,Holiday Sale,0.1,True,3.21
2243,BOGO,0.2,True,12.41
2244,Summer Sale,0.3,True,39.32
2245,Holiday Sale,0.1,True,10.63
2246,Flash Sale,0.15,False,0.0
2247,Holiday Sale,0.1,False,0.0
2248,BOGO,0.2,True,26.34
2249,Flash Sale,0.15,True,5.02
2250,New Year Promo,0.25,True,9.09
2251,Flash Sale,0.15,False,0.0
2252,New Year Promo,0.25,True,13.57
2253,Flash Sale,0.15,False,0.0
2254,Flash Sale,0.15,True,21.22
2255,Flash Sale,0.15,False,0.0
2256,Flash Sale,0.15,True,8.89
2257,BOGO,0.2,True,13.85
2258,New Year Promo,0.25,False,0.0
2259,Flash Sale,0.15,True,4.68
2260,BOGO,0.2,False,0.0
2261,Holiday Sale,0.1,False,0.0
2262,Summer Sale,0.3,True,20.96
2263,Flash Sale,0.15,True,11.17
2264,New Year Promo,0.25,True,20.16
2265,BOGO,0.2,True,11.08
2266,Summer Sale,0.3,False,0.0
2267,BOGO,0.2,True,12.08
2268,Summer Sale,0.3,False,0.0
2269,New Year Promo,0.25,False,0.0
2270,BOGO,0.2,True,19.61
2271,New Year Promo,0.25,False,0.0
2272,New Year Promo,0.25,True,8.24
2273,Summer Sale,0.3,False,0.0
2274,Summer Sale,0.3,True,15.9
2275,New Year Promo,0.25,True,17.93
2276,Summer Sale,0.3,True,17.31
2277,New Year Promo,0.25,False,0.0
2278,Flash Sale,0.15,False,0.0
2279,New Year Promo,0.25,True,11.31
2280,Flash Sale,0.15,False,0.0
2281,Summer Sale,0.3,False,0.0
2282,Holiday Sale,0.1,False,0.0
2283,BOGO,0.2,False,0.0
2284,Flash Sale,0.15,False,0.0
2285,BOGO,0.2,True,10.87
2286,Summer Sale,0.3,True,10.04
2287,Summer Sale,0.3,True,28.64
2288,New Year Promo,0.25,False,0.0
2289,Summer Sale,0.3,True,9.64
2290,Flash Sale,0.15,False,0.0
2291,Summer Sale,0.3,False,0.0
2292,Holiday Sale,0.1,True,4.58
2293,Holiday Sale,0.1,False,0.0
2294,Summer Sale,0.3,True,15.21
2295,Holiday Sale,0.1,True,3.84
2296,BOGO,0.2,False,0.0
2297,Flash Sale,0.15,False,0.0
2298,Holiday Sale,0.1,False,0.0
2299,Summer Sale,0.3,False,0.0
2300,Holiday Sale,0.1,True,3.38
2301,Summer Sale,0.3,False,0.0
2302,Holiday Sale,0.1,False,0.0
2303,Summer Sale,0.3,True,15.62
2304,Summer Sale,0.3,True,8.73
2305,Summer Sale,0.3,True,17.52
2306,New Year Promo,0.25,False,0.0
2307,New Year Promo,0.25,True,10.01
2308,Flash Sale,0.15,True,8.07
2309,BOGO,0.2,False,0.0
2310,New Year Promo,0.25,True,8.73
2311,New Year Promo,0.25,True,15.88
2312,Holiday Sale,0.1,True,7.67
2313,New Year Promo,0.25,False,0.0
2314,Summer Sale,0.3,True,21.14
2315,Holiday Sale,0.1,True,11.32
2316,Flash Sale,0.15,False,0.0
2317,BOGO,0.2,True,6.41
2318,Flash Sale,0.15,False,0.0
2319,Summer Sale,0.3,True,8.53
2320,New Year Promo,0.25,False,0.0
2321,New Year Promo,0.25,True,15.71
2322,New Year Promo,0.25,True,13.19
2323,Summer Sale,0.3,False,0.0
2324,BOGO,0.2,False,0.0
2325,New Year Promo,0.25,True,16.44
2326,BOGO,0.2,False,0.0
2327,New Year Promo,0.25,True,17.25
2328,New Year Promo,0.25,False,0.0
2329,Summer Sale,0.3,False,0.0
2330,Flash Sale,0.15,False,0.0
2331,BOGO,0.2,True,8.29
2332,Flash Sale,0.15,False,0.0
2333,New Year Promo,0.25,False,0.0
2334,Flash Sale,0.15,False,0.0
2335,BOGO,0.2,True,6.25
2336,Flash Sale,0.15,False,0.0
2337,Flash Sale,0.15,True,6.03
2338,Flash Sale,0.15,True,6.19
2339,Holiday Sale,0.1,False,0.0
2340,Flash Sale,0.15,True,6.43
2341,BOGO,0.2,False,0.0
2342,BOGO,0.2,False,0.0
2343,New Year Promo,0.25,False,0.0
2344,Flash Sale,0.15,False,0.0
2345,New Year Promo,0.25,True,28.4
2346,BOGO,0.2,True,13.58
2347,BOGO,0.2,True,8.81
2348,Flash Sale,0.15,False,0.0
2349,BOGO,0.2,False,0.0
2350,Flash Sale,0.15,False,0.0
2351,Flash Sale,0.15,False,0.0
2352,Flash Sale,0.15,True,11.06
2353,Flash Sale,0.15,False,0.0
2354,New Year Promo,0.25,False,0.0
2355,Flash Sale,0.15,True,8.99
2356,Holiday Sale,0.1,True,4.28
2357,BOGO,0.2,True,32.06
2358,Holiday Sale,0.1,False,0.0
2359,Flash Sale,0.15,True,7.88
2360,Summer Sale,0.3,False,0.0
2361,Holiday Sale,0.1,True,3.56
2362,Flash Sale,0.15,False,0.0
2363,BOGO,0.2,False,0.0
2364,New Year Promo,0.25,True,7.58
2365,Flash Sale,0.15,True,24.18
2366,New Year Promo,0.25,False,0.0
2367,New Year Promo,0.25,False,0.0
2368,New Year Promo,0.25,False,0.0
2369,Summer Sale,0.3,False,0.0
2370,New Year Promo,0.25,False,0.0
2371,Holiday Sale,0.1,True,3.98
2372,BOGO,0.2,True,14.07
2373,BOGO,0.2,True,12.23
2374,BOGO,0.2,False,0.0
2375,New Year Promo,0.25,True,15.33
2376,Flash Sale,0.15,False,0.0
2377,New Year Promo,0.25,False,0.0
2378,Flash Sale,0.15,False,0.0
2379,Summer Sale,0.3,False,0.0
2380,Flash Sale,0.15,True,6.9
2381,Holiday Sale,0.1,False,0.0
2382,Summer Sale,0.3,True,36.39
2383,New Year Promo,0.25,True,32.55
2384,Holiday Sale,0.1,False,0.0
2385,Summer Sale,0.3,False,0.0
2386,Holiday Sale,0.1,False,0.0
2387,Summer Sale,0.3,False,0.0
2388,New Year Promo,0.25,False,0.0
2389,BOGO,0.2,True,12.62
2390,Holiday Sale,0.1,False,0.0
2391,Flash Sale,0.15,False,0.0
2392,Holiday Sale,0.1,True,3.57
2393,Summer Sale,0.3,False,0.0
2394,BOGO,0.2,False,0.0
2395,BOGO,0.2,True,13.93
2396,Holiday Sale,0.1,True,3.45
2397,Flash Sale,0.15,False,0.0
2398,New Year Promo,0.25,False,0.0
2399,BOGO,0.2,False,0.0
2400,Holiday Sale,0.1,True,5.19
2401,BOGO,0.2,False,0.0
2402,Holiday Sale,0.1,False,0.0
2403,Flash Sale,0.15,False,0.0
2404,BOGO,0.2,False,0.0
2405,New Year Promo,0.25,True,13.18
2406,BOGO,0.2,False,0.0
2407,BOGO,0.2,False,0.0
2408,Flash Sale,0.15,False,0.0
2409,New Year Promo,0.25,True,22.14
2410,Summer Sale,0.3,False,0.0
2411,New Year Promo,0.25,True,12.99
2412,New Year Promo,0.25,False,0.0
2413,Holiday Sale,0.1,True,7.63
2414,Flash Sale,0.15,False,0.0
2415,New Year Promo,0.25,False,0.0
2416,BOGO,0.2,True,24.43
2417,New Year Promo,0.25,True,7.45
2418,New Year Promo,0.25,False,0.0
2419,Flash Sale,0.15,False,0.0
2420,Flash Sale,0.15,True,4.62
2421,Flash Sale,0.15,True,5.14
2422,Holiday Sale,0.1,False,0.0
2423,BOGO,0.2,True,7.73
2424,BOGO,0.2,True,9.21
2425,New Year Promo,0.25,True,7.99
2426,BOGO,0.2,False,0.0
2427,New Year Promo,0.25,False,0.0
2428,Flash Sale,0.15,True,17.45
2429,Summer Sale,0.3,False,0.0
2430,Summer Sale,0.3,True,23.75
2431,New Year Promo,0.25,True,9.98
2432,Holiday Sale,0.1,True,4.91
2433,BOGO,0.2,False,0.0
2434,Flash Sale,0.15,False,0.0
2435,Flash Sale,0.15,True,23.72
2436,New Year Promo,0.25,False,0.0
2437,Summer Sale,0.3,False,0.0
2438,Holiday Sale,0.1,False,0.0
2439,Flash Sale,0.15,True,8.15
2440,New Year Promo,0.25,True,11.07
2441,Flash Sale,0.15,True,10.41
2442,New Year Promo,0.25,True,15.31
2443,New Year Promo,0.25,True,17.8
2444,BOGO,0.2,True,13.22
2445,Summer Sale,0.3,True,11.01
2446,BOGO,0.2,False,0.0
2447,BOGO,0.2,False,0.0
2448,BOGO,0.2,False,0.0
2449,Summer Sale,0.3,False,0.0
2450,Flash Sale,0.15,False,0.0
2451,New Year Promo,0.25,True,9.53
2452,Holiday Sale,0.1,True,11.07
2453,New Year Promo,0.25,True,11.55
2454,Flash Sale,0.15,False,0.0
2455,Summer Sale,0.3,True,11.87
2456,Flash Sale,0.15,True,4.49
2457,Flash Sale,0.15,True,5.73
2458,Holiday Sale,0.1,False,0.0
2459,BOGO,0.2,False,0.0
2460,BOGO,0.2,False,0.0
2461,Summer Sale,0.3,True,30.63
2462,BOGO,0.2,True,17.18
2463,BOGO,0.2,False,0.0
2464,Summer Sale,0.3,True,17.94
2465,BOGO,0.2,True,14.46
2466,New Year Promo,0.25,True,9.13
2467,Flash Sale,0.15,False,0.0
2468,New Year Promo,0.25,True,12.86
2469,BOGO,0.2,False,0.0
2470,Summer Sale,0.3,False,0.0
2471,Holiday Sale,0.1,False,0.0
2472,BOGO,0.2,False,0.0
2473,Flash Sale,0.15,True,9.94
2474,New Year Promo,0.25,False,0.0
2475,Holiday Sale,0.1,False,0.0
2476,Holiday Sale,0.1,True,5.39
2477,New Year Promo,0.25,False,0.0
2478,New Year Promo,0.25,True,16.97
2479,Holiday Sale,0.1,False,0.0
2480,New Year Promo,0.25,False,0.0
2481,Flash Sale,0.15,False,0.0
2482,New Year Promo,0.25,True,18.82
2483,Flash Sale,0.15,True,11.23
2484,New Year Promo,0.25,False,0.0
2485,Summer Sale,0.3,False,0.0
2486,Flash Sale,0.15,False,0.0
2487,Flash Sale,0.15,False,0.0
2488,Summer Sale,0.3,True,20.9
2489,Flash Sale,0.15,True,7.45
2490,New Year Promo,0.25,False,0.0
2491,BOGO,0.2,False,0.0
2492,Summer Sale,0.3,True,10.08
2493,BOGO,0.2,False,0.0
2494,Summer Sale,0.3,True,10.65
2495,Summer Sale,0.3,False,0.0
2496,New Year Promo,0.25,False,0.0
2497,Holiday Sale,0.1,True,5.84
2498,New Year Promo,0.25,True,20.0
2499,BOGO,0.2,True,21.9
2500,New Year Promo,0.25,True,6.2
2501,Summer Sale,0.3,True,18.48
2502,Summer Sale,0.3,False,0.0
2503,Holiday Sale,0.1,True,5.55
2504,BOGO,0.2,False,0.0
2505,Summer Sale,0.3,True,12.54
2506,Holiday Sale,0.1,True,3.49
2507,New Year Promo,0.25,True,19.51
2508,Holiday Sale,0.1,False,0.0
2509,BOGO,0.2,True,16.63
2510,New Year Promo,0.25,True,22.12
2511,Summer Sale,0.3,False,0.0
2512,BOGO,0.2,False,0.0
2513,Holiday Sale,0.1,True,7.51
2514,New Year Promo,0.25,True,10.45
2515,Summer Sale,0.3,False,0.0
2516,Holiday Sale,0.1,False,0.0
2517,Summer Sale,0.3,False,0.0
2518,Summer Sale,0.3,False,0.0
2519,Holiday Sale,0.1,False,0.0
2520,BOGO,0.2,False,0.0
2521,New Year Promo,0.25,True,14.46
2522,Holiday Sale,0.1,True,3.96
2523,New Year Promo,0.25,False,0.0
2524,Holiday Sale,0.1,False,0.0
2525,Flash Sale,0.15,False,0.0
2526,New Year Promo,0.25,False,0.0
2527,BOGO,0.2,False,0.0
2528,BOGO,0.2,True,22.97
2529,Summer Sale,0.3,False,0.0
2530,Summer Sale,0.3,True,26.47
2531,Holiday Sale,0.1,True,4.62
2532,Summer Sale,0.3,True,19.79
2533,Holiday Sale,0.1,False,0.0
2534,Flash Sale,0.15,False,0.0
2535,New Year Promo,0.25,False,0.0
2536,Flash Sale,0.15,True,14.18
2537,Summer Sale,0.3,False,0.0
2538,BOGO,0.2,False,0.0
2539,Flash Sale,0.15,False,0.0
2540,Summer Sale,0.3,False,0.0
2541,Summer Sale,0.3,True,12.44
2542,Summer Sale,0.3,False,0.0
2543,New Year Promo,0.25,True,14.37
2544,New Year Promo,0.25,False,0.0
2545,Summer Sale,0.3,False,0.0
2546,BOGO,0.2,True,6.71
2547,New Year Promo,0.25,False,0.0
2548,New Year Promo,0.25,False,0.0
2549,Flash Sale,0.15,True,4.6
2550,Summer Sale,0.3,False,0.0
2551,BOGO,0.2,False,0.0
2552,Holiday Sale,0.1,True,4.26
2553,New Year Promo,0.25,True,18.54
2554,BOGO,0.2,True,19.39
2555,Summer Sale,0.3,True,10.82
2556,New Year Promo,0.25,True,30.31
2557,New Year Promo,0.25,False,0.0
2558,Summer Sale,0.3,True,12.38
2559,Holiday Sale,0.1,False,0.0
2560,BOGO,0.2,True,11.24
2561,BOGO,0.2,False,0.0
2562,Flash Sale,0.15,True,6.65
2563,Summer Sale,0.3,True,9.59
2564,Flash Sale,0.15,False,0.0
2565,Flash Sale,0.15,True,6.65
2566,New Year Promo,0.25,True,13.68
2567,Holiday Sale,0.1,True,3.34
2568,BOGO,0.2,False,0.0
2569,New Year Promo,0.25,True,19.9
2570,Holiday Sale,0.1,True,6.21
2571,Summer Sale,0.3,False,0.0
2572,New Year Promo,0.25,True,16.67
2573,Holiday Sale,0.1,False,0.0
2574,New Year Promo,0.25,False,0.0
2575,New Year Promo,0.25,False,0.0
2576,Holiday Sale,0.1,True,5.72
2577,Summer Sale,0.3,True,33.62
2578,Holiday Sale,0.1,False,0.0
2579,Holiday Sale,0.1,True,4.16
2580,Summer Sale,0.3,True,15.12
2581,BOGO,0.2,True,9.09
2582,Flash Sale,0.15,True,10.86
2583,Summer Sale,0.3,True,18.24
2584,BOGO,0.2,False,0.0
2585,Summer Sale,0.3,True,14.93
2586,Holiday Sale,0.1,True,5.57
2587,Holiday Sale,0.1,True,3.34
2588,Holiday Sale,0.1,True,5.24
2589,Summer Sale,0.3,False,0.0
2590,Flash Sale,0.15,False,0.0
2591,Holiday Sale,0.1,False,0.0
2592,Summer Sale,0.3,False,0.0
2593,BOGO,0.2,False,0.0
2594,BOGO,0.2,True,12.22
2595,Summer Sale,0.3,False,0.0
2596,New Year Promo,0.25,False,0.0
2597,New Year Promo,0.25,False,0.0
2598,Flash Sale,0.15,False,0.0
2599,Holiday Sale,0.1,False,0.0
2600,Flash Sale,0.15,False,0.0
2601,Summer Sale,0.3,False,0.0
2602,Flash Sale,0.15,False,0.0
2603,Flash Sale,0.15,False,0.0
2604,Holiday Sale,0.1,True,3.48
2605,Flash Sale,0.15,False,0.0
2606,Summer Sale,0.3,False,0.0
2607,Flash Sale,0.15,False,0.0
2608,Summer Sale,0.3,True,10.16
2609,New Year Promo,0.25,True,11.98
2610,BOGO,0.2,True,5.95
2611,Holiday Sale,0.1,False,0.0
2612,Flash Sale,0.15,True,5.18
2613,BOGO,0.2,True,6.94
2614,Holiday Sale,0.1,True,6.05
2615,BOGO,0.2,False,0.0
2616,BOGO,0.2,False,0.0
2617,BOGO,0.2,True,8.66
2618,Flash Sale,0.15,False,0.0
2619,New Year Promo,0.25,True,20.34
2620,Summer Sale,0.3,True,9.25
2621,Holiday Sale,0.1,True,6.08
2622,Summer Sale,0.3,True,19.97
2623,BOGO,0.2,False,0.0
2624,BOGO,0.2,False,0.0
2625,Holiday Sale,0.1,False,0.0
2626,BOGO,0.2,True,91.42
2627,New Year Promo,0.25,False,0.0
2628,Flash Sale,0.15,False,0.0
2629,BOGO,0.2,False,0.0
2630,Flash Sale,0.15,False,0.0
2631,Summer Sale,0.3,False,0.0
2632,Flash Sale,0.15,False,0.0
2633,BOGO,0.2,False,0.0
2634,Flash Sale,0.15,False,0.0
2635,New Year Promo,0.25,False,0.0
2636,Flash Sale,0.15,True,8.68
2637,Holiday Sale,0.1,True,8.6
2638,New Year Promo,0.25,True,14.55
2639,Holiday Sale,0.1,True,12.58
2640,BOGO,0.2,False,0.0
2641,Summer Sale,0.3,True,13.15
2642,Holiday Sale,0.1,True,3.27
2643,BOGO,0.2,False,0.0
2644,Holiday Sale,0.1,False,0.0
2645,Summer Sale,0.3,False,0.0
2646,Flash Sale,0.15,False,0.0
2647,Summer Sale,0.3,True,69.03
2648,New Year Promo,0.25,True,15.61
2649,Summer Sale,0.3,False,0.0
2650,BOGO,0.2,False,0.0
2651,Summer Sale,0.3,True,15.12
2652,BOGO,0.2,False,0.0
2653,Holiday Sale,0.1,False,0.0
2654,Summer Sale,0.3,True,14.26
2655,New Year Promo,0.25,True,27.47
2656,New Year Promo,0.25,False,0.0
2657,Summer Sale,0.3,False,0.0
2658,Flash Sale,0.15,False,0.0
2659,Flash Sale,0.15,False,0.0
2660,New Year Promo,0.25,False,0.0
2661,Flash Sale,0.15,False,0.0
2662,Holiday Sale,0.1,False,0.0
2663,Flash Sale,0.15,True,4.96
2664,Holiday Sale,0.1,True,5.33
2665,Holiday Sale,0.1,True,8.47
2666,New Year Promo,0.25,True,8.26
2667,BOGO,0.2,False,0.0
2668,New Year Promo,0.25,True,14.96
2669,Summer Sale,0.3,True,18.91
2670,Summer Sale,0.3,True,9.68
2671,Flash Sale,0.15,True,11.34
2672,BOGO,0.2,False,0.0
2673,Summer Sale,0.3,True,13.48
2674,Summer Sale,0.3,False,0.0
2675,Flash Sale,0.15,True,9.38
2676,Holiday Sale,0.1,True,11.55
2677,BOGO,0.2,False,0.0
2678,Flash Sale,0.15,False,0.0
2679,BOGO,0.2,True,6.3
2680,Flash Sale,0.15,True,7.14
2681,Summer Sale,0.3,False,0.0
2682,Summer Sale,0.3,False,0.0
2683,New Year Promo,0.25,False,0.0
2684,New Year Promo,0.25,False,0.0
2685,New Year Promo,0.25,False,0.0
2686,Flash Sale,0.15,True,6.55
2687,Holiday Sale,0.1,False,0.0
2688,New Year Promo,0.25,False,0.0
2689,Flash Sale,0.15,False,0.0
2690,Summer Sale,0.3,False,0.0
2691,Summer Sale,0.3,False,0.0
2692,BOGO,0.2,False,0.0
2693,Summer Sale,0.3,True,11.05
2694,New Year Promo,0.25,False,0.0
2695,BOGO,0.2,True,28.95
2696,Flash Sale,0.15,False,0.0
2697,Holiday Sale,0.1,True,5.34
2698,New Year Promo,0.25,True,11.28
2699,Flash Sale,0.15,True,8.17
2700,Summer Sale,0.3,True,16.02
2701,New Year Promo,0.25,False,0.0
2702,New Year Promo,0.25,True,28.25
2703,Holiday Sale,0.1,False,0.0
2704,Holiday Sale,0.1,True,4.35
2705,New Year Promo,0.25,True,16.84
2706,Summer Sale,0.3,True,16.22
2707,New Year Promo,0.25,False,0.0
2708,Holiday Sale,0.1,False,0.0
2709,Holiday Sale,0.1,False,0.0
2710,Flash Sale,0.15,True,5.65
2711,BOGO,0.2,True,11.8
2712,Summer Sale,0.3,False,0.0
2713,BOGO,0.2,False,0.0
2714,New Year Promo,0.25,False,0.0
2715,Summer Sale,0.3,False,0.0
2716,New Year Promo,0.25,False,0.0
2717,Summer Sale,0.3,False,0.0
2718,Flash Sale,0.15,True,17.69
2719,Holiday Sale,0.1,False,0.0
2720,New Year Promo,0.25,False,0.0
2721,Summer Sale,0.3,False,0.0
2722,BOGO,0.2,True,10.76
2723,Holiday Sale,0.1,True,4.79
2724,Holiday Sale,0.1,True,4.0
2725,Summer Sale,0.3,False,0.0
2726,Summer Sale,0.3,True,9.0
2727,Holiday Sale,0.1,True,3.26
2728,Summer Sale,0.3,True,11.15
2729,BOGO,0.2,False,0.0
2730,New Year Promo,0.25,True,8.84
2731,Holiday Sale,0.1,False,0.0
2732,Summer Sale,0.3,False,0.0
2733,New Year Promo,0.25,False,0.0
2734,Summer Sale,0.3,True,30.52
2735,Holiday Sale,0.1,False,0.0
2736,New Year Promo,0.25,False,0.0
2737,Summer Sale,0.3,True,29.19
2738,Holiday Sale,0.1,False,0.0
2739,BOGO,0.2,False,0.0
2740,Flash Sale,0.15,False,0.0
2741,Summer Sale,0.3,False,0.0
2742,BOGO,0.2,False,0.0
2743,BOGO,0.2,True,6.07
2744,Flash Sale,0.15,False,0.0
2745,Flash Sale,0.15,False,0.0
2746,BOGO,0.2,False,0.0
2747,Flash Sale,0.15,False,0.0
2748,Summer Sale,0.3,False,0.0
2749,BOGO,0.2,False,0.0
2750,BOGO,0.2,False,0.0
2751,Summer Sale,0.3,True,12.27
2752,Flash Sale,0.15,True,7.27
2753,Holiday Sale,0.1,False,0.0
2754,New Year Promo,0.25,False,0.0
2755,Summer Sale,0.3,True,18.08
2756,New Year Promo,0.25,True,7.74
2757,Flash Sale,0.15,True,5.8
2758,BOGO,0.2,True,17.89
2759,New Year Promo,0.25,True,12.35
2760,Summer Sale,0.3,False,0.0
2761,BOGO,0.2,False,0.0
2762,Summer Sale,0.3,False,0.0
2763,New Year Promo,0.25,True,14.4
2764,BOGO,0.2,True,8.34
2765,BOGO,0.2,False,0.0
2766,Flash Sale,0.15,True,8.63
2767,Summer Sale,0.3,True,19.2
2768,New Year Promo,0.25,True,8.54
2769,New Year Promo,0.25,True,15.45
2770,Flash Sale,0.15,False,0.0
2771,Flash Sale,0.15,False,0.0
2772,Holiday Sale,0.1,True,3.95
2773,Flash Sale,0.15,True,13.41
2774,Flash Sale,0.15,False,0.0
2775,Summer Sale,0.3,True,15.59
2776,BOGO,0.2,True,12.04
2777,Holiday Sale,0.1,False,0.0
2778,Flash Sale,0.15,False,0.0
2779,Summer Sale,0.3,False,0.0
2780,Summer Sale,0.3,True,16.18
2781,Summer Sale,0.3,True,12.4
2782,Summer Sale,0.3,False,0.0
2783,BOGO,0.2,True,23.22
2784,Holiday Sale,0.1,True,5.42
2785,New Year Promo,0.25,False,0.0
2786,Summer Sale,0.3,False,0.0
2787,New Year Promo,0.25,True,29.85
2788,Flash Sale,0.15,True,5.36
2789,BOGO,0.2,True,20.01
2790,New Year Promo,0.25,False,0.0
2791,Flash Sale,0.15,True,10.12
2792,BOGO,0.2,True,16.61
2793,New Year Promo,0.25,True,13.84
2794,BOGO,0.2,False,0.0
2795,Flash Sale,0.15,False,0.0
2796,BOGO,0.2,True,12.58
2797,Flash Sale,0.15,False,0.0
2798,Holiday Sale,0.1,False,0.0
2799,Summer Sale,0.3,True,32.88
2800,Flash Sale,0.15,False,0.0
2801,Summer Sale,0.3,False,0.0
2802,Summer Sale,0.3,True,21.25
2803,Summer Sale,0.3,True,27.06
2804,BOGO,0.2,True,22.55
2805,Flash Sale,0.15,True,7.72
2806,New Year Promo,0.25,True,38.3
2807,New Year Promo,0.25,False,0.0
2808,New Year Promo,0.25,False,0.0
2809,Summer Sale,0.3,False,0.0
2810,Holiday Sale,0.1,False,0.0
2811,BOGO,0.2,True,7.13
2812,Flash Sale,0.15,True,10.61
2813,BOGO,0.2,True,8.68
2814,Holiday Sale,0.1,False,0.0
2815,Flash Sale,0.15,True,7.88
2816,BOGO,0.2,True,12.34
2817,New Year Promo,0.25,True,8.61
2818,New Year Promo,0.25,False,0.0
2819,Flash Sale,0.15,False,0.0
2820,Holiday Sale,0.1,False,0.0
2821,BOGO,0.2,True,18.46
2822,New Year Promo,0.25,False,0.0
2823,Holiday Sale,0.1,True,4.09
2824,New Year Promo,0.25,False,0.0
2825,New Year Promo,0.25,False,0.0
2826,Holiday Sale,0.1,True,7.29
2827,New Year Promo,0.25,True,20.27
2828,Summer Sale,0.3,True,10.9
2829,Flash Sale,0.15,True,12.18
2830,New Year Promo,0.25,True,25.95
2831,Holiday Sale,0.1,False,0.0
2832,Flash Sale,0.15,True,9.88
2833,Summer Sale,0.3,True,27.07
2834,Holiday Sale,0.1,True,8.05
2835,BOGO,0.2,True,6.65
2836,Summer Sale,0.3,True,21.17
2837,BOGO,0.2,True,21.6
2838,Holiday Sale,0.1,True,4.57
2839,Summer Sale,0.3,True,18.29
2840,Holiday Sale,0.1,False,0.0
2841,Flash Sale,0.15,False,0.0
2842,New Year Promo,0.25,False,0.0
2843,BOGO,0.2,False,0.0
2844,New Year Promo,0.25,True,24.91
2845,Flash Sale,0.15,False,0.0
2846,New Year Promo,0.25,False,0.0
2847,Holiday Sale,0.1,True,4.46
2848,New Year Promo,0.25,False,0.0
2849,BOGO,0.2,False,0.0
2850,New Year Promo,0.25,False,0.0
2851,Holiday Sale,0.1,True,6.61
2852,New Year Promo,0.25,True,8.91
2853,BOGO,0.2,True,7.06
2854,Holiday Sale,0.1,True,7.07
2855,BOGO,0.2,False,0.0
2856,Flash Sale,0.15,False,0.0
2857,New Year Promo,0.25,False,0.0
2858,Flash Sale,0.15,True,4.7
2859,Holiday Sale,0.1,False,0.0
2860,Summer Sale,0.3,True,11.57
2861,BOGO,0.2,True,20.92
2862,Summer Sale,0.3,False,0.0
2863,Holiday Sale,0.1,True,8.43
2864,New Year Promo,0.25,True,23.73
2865,Flash Sale,0.15,True,5.25
2866,Flash Sale,0.15,True,6.64
2867,BOGO,0.2,False,0.0
2868,New Year Promo,0.25,True,15.77
2869,Flash Sale,0.15,True,5.72
2870,New Year Promo,0.25,True,6.97
2871,Holiday Sale,0.1,False,0.0
2872,Flash Sale,0.15,False,0.0
2873,Flash Sale,0.15,True,12.21
2874,Summer Sale,0.3,False,0.0
2875,BOGO,0.2,True,8.56
2876,Summer Sale,0.3,True,12.61
2877,Flash Sale,0.15,False,0.0
2878,Flash Sale,0.15,False,0.0
2879,Summer Sale,0.3,True,15.83
2880,New Year Promo,0.25,True,7.61
2881,New Year Promo,0.25,True,11.57
2882,Summer Sale,0.3,True,20.95
2883,New Year Promo,0.25,False,0.0
2884,Flash Sale,0.15,True,3.98
2885,Flash Sale,0.15,True,4.6
2886,Flash Sale,0.15,True,11.53
2887,New Year Promo,0.25,True,11.82
2888,Summer Sale,0.3,False,0.0
2889,Summer Sale,0.3,True,20.81
2890,BOGO,0.2,True,12.82
2891,Flash Sale,0.15,False,0.0
2892,New Year Promo,0.25,False,0.0
2893,Summer Sale,0.3,True,12.92
2894,Holiday Sale,0.1,True,4.99
2895,New Year Promo,0.25,True,9.81
2896,New Year Promo,0.25,True,17.81
2897,Flash Sale,0.15,True,7.57
2898,Holiday Sale,0.1,False,0.0
2899,Holiday Sale,0.1,True,11.71
2900,New Year Promo,0.25,True,10.1
2901,Holiday Sale,0.1,False,0.0
2902,Holiday Sale,0.1,False,0.0
2903,Summer Sale,0.3,True,11.77
2904,BOGO,0.2,False,0.0
2905,Flash Sale,0.15,True,6.87
2906,New Year Promo,0.25,False,0.0
2907,New Year Promo,0.25,True,28.98
2908,New Year Promo,0.25,False,0.0
2909,New Year Promo,0.25,False,0.0
2910,New Year Promo,0.25,False,0.0
2911,New Year Promo,0.25,False,0.0
2912,New Year Promo,0.25,False,0.0
2913,BOGO,0.2,True,14.23
2914,New Year Promo,0.25,True,27.54
2915,Holiday Sale,0.1,True,4.08
2916,Summer Sale,0.3,True,23.16
2917,BOGO,0.2,True,12.65
2918,BOGO,0.2,True,14.91
2919,Flash Sale,0.15,False,0.0
2920,Flash Sale,0.15,False,0.0
2921,Holiday Sale,0.1,True,4.16
2922,Flash Sale,0.15,False,0.0
2923,Holiday Sale,0.1,False,0.0
2924,Holiday Sale,0.1,True,2.85
2925,Summer Sale,0.3,True,11.41
2926,BOGO,0.2,True,19.24
2927,New Year Promo,0.25,False,0.0
2928,Summer Sale,0.3,True,51.05
2929,Holiday Sale,0.1,True,5.14
2930,New Year Promo,0.25,False,0.0
2931,New Year Promo,0.25,True,33.32
2932,Summer Sale,0.3,False,0.0
2933,New Year Promo,0.25,False,0.0
2934,Summer Sale,0.3,False,0.0
2935,Summer Sale,0.3,False,0.0
2936,New Year Promo,0.25,False,0.0
2937,Holiday Sale,0.1,False,0.0
2938,Holiday Sale,0.1,True,6.66
2939,Flash Sale,0.15,True,24.63
2940,Flash Sale,0.15,True,4.64
2941,BOGO,0.2,True,18.22
2942,BOGO,0.2,False,0.0
2943,Holiday Sale,0.1,False,0.0
2944,Holiday Sale,0.1,True,4.96
2945,Summer Sale,0.3,True,14.38
2946,Flash Sale,0.15,False,0.0
2947,New Year Promo,0.25,False,0.0
2948,Summer Sale,0.3,False,0.0
2949,Summer Sale,0.3,False,0.0
2950,Flash Sale,0.15,True,14.73
2951,New Year Promo,0.25,True,16.91
2952,BOGO,0.2,True,11.88
2953,Holiday Sale,0.1,True,4.57
2954,BOGO,0.2,False,0.0
2955,Holiday Sale,0.1,False,0.0
2956,New Year Promo,0.25,False,0.0
2957,Holiday Sale,0.1,False,0.0
2958,Holiday Sale,0.1,True,6.58
2959,Holiday Sale,0.1,False,0.0
2960,New Year Promo,0.25,True,22.97
2961,Summer Sale,0.3,False,0.0
2962,BOGO,0.2,False,0.0
2963,New Year Promo,0.25,False,0.0
2964,Flash Sale,0.15,True,18.97
2965,Summer Sale,0.3,True,27.74
2966,Flash Sale,0.15,True,7.89
2967,Flash Sale,0.15,True,6.69
2968,Holiday Sale,0.1,False,0.0
2969,Summer Sale,0.3,False,0.0
2970,Holiday Sale,0.1,False,0.0
2971,Holiday Sale,0.1,False,0.0
2972,Holiday Sale,0.1,False,0.0
2973,Holiday Sale,0.1,True,6.64
2974,New Year Promo,0.25,False,0.0
2975,Flash Sale,0.15,False,0.0
2976,BOGO,0.2,True,6.99
2977,New Year Promo,0.25,True,22.71
2978,BOGO,0.2,True,6.93
2979,New Year Promo,0.25,True,14.65
2980,Summer Sale,0.3,True,32.98
2981,Summer Sale,0.3,True,10.3
2982,BOGO,0.2,True,9.15
2983,BOGO,0.2,False,0.0
2984,New Year Promo,0.25,True,20.38
2985,Flash Sale,0.15,False,0.0
2986,Flash Sale,0.15,True,18.78
2987,New Year Promo,0.25,False,0.0
2988,Holiday Sale,0.1,False,0.0
2989,Summer Sale,0.3,True,12.67
2990,BOGO,0.2,True,20.22
2991,Holiday Sale,0.1,True,3.65
2992,Flash Sale,0.15,True,8.6
2993,Summer Sale,0.3,False,0.0
2994,BOGO,0.2,False,0.0
2995,BOGO,0.2,True,22.85
2996,Flash Sale,0.15,False,0.0
2997,Holiday Sale,0.1,True,3.81
2998,BOGO,0.2,False,0.0
2999,Summer Sale,0.3,True,7.39
3000,New Year Promo,0.25,True,20.03
3001,Holiday Sale,0.1,False,0.0
3002,Flash Sale,0.15,True,8.05
3003,Flash Sale,0.15,False,0.0
3004,BOGO,0.2,True,10.35
3005,BOGO,0.2,False,0.0
3006,Flash Sale,0.15,False,0.0
3007,Flash Sale,0.15,True,11.53
3008,BOGO,0.2,True,6.73
3009,Holiday Sale,0.1,False,0.0
3010,Summer Sale,0.3,False,0.0
3011,BOGO,0.2,True,9.36
3012,New Year Promo,0.25,True,10.97
3013,Flash Sale,0.15,False,0.0
3014,Summer Sale,0.3,True,11.99
3015,Summer Sale,0.3,True,20.58
3016,New Year Promo,0.25,False,0.0
3017,Flash Sale,0.15,False,0.0
3018,Flash Sale,0.15,True,5.26
3019,New Year Promo,0.25,False,0.0
3020,Flash Sale,0.15,True,7.1
3021,Flash Sale,0.15,False,0.0
3022,Summer Sale,0.3,False,0.0
3023,New Year Promo,0.25,False,0.0
3024,BOGO,0.2,False,0.0
3025,New Year Promo,0.25,False,0.0
3026,BOGO,0.2,True,8.59
3027,BOGO,0.2,True,24.31
3028,Flash Sale,0.15,True,7.48
3029,New Year Promo,0.25,True,17.03
3030,Holiday Sale,0.1,True,6.83
3031,Holiday Sale,0.1,False,0.0
3032,Flash Sale,0.15,True,5.08
3033,BOGO,0.2,False,0.0
3034,Flash Sale,0.15,True,5.41
3035,Holiday Sale,0.1,False,0.0
3036,Flash Sale,0.15,False,0.0
3037,BOGO,0.2,False,0.0
3038,Summer Sale,0.3,True,32.22
3039,BOGO,0.2,True,7.12
3040,Holiday Sale,0.1,True,3.95
3041,New Year Promo,0.25,True,8.45
3042,Flash Sale,0.15,True,16.89
3043,BOGO,0.2,True,7.78
3044,BOGO,0.2,False,0.0
3045,Holiday Sale,0.1,False,0.0
3046,BOGO,0.2,False,0.0
3047,New Year Promo,0.25,True,9.68
3048,Holiday Sale,0.1,False,0.0
3049,Flash Sale,0.15,False,0.0
3050,Holiday Sale,0.1,True,3.27
3051,Summer Sale,0.3,True,9.23
3052,Summer Sale,0.3,True,8.48
3053,Flash Sale,0.15,True,6.66
3054,Holiday Sale,0.1,True,3.36
3055,Holiday Sale,0.1,False,0.0
3056,Flash Sale,0.15,True,17.3
3057,New Year Promo,0.25,True,14.56
3058,Holiday Sale,0.1,False,0.0
3059,Flash Sale,0.15,False,0.0
3060,New Year Promo,0.25,True,30.92
3061,New Year Promo,0.25,False,0.0
3062,Holiday Sale,0.1,False,0.0
3063,Flash Sale,0.15,True,7.02
3064,Summer Sale,0.3,False,0.0
3065,BOGO,0.2,False,0.0
3066,New Year Promo,0.25,False,0.0
3067,New Year Promo,0.25,False,0.0
3068,Holiday Sale,0.1,True,12.34
3069,New Year Promo,0.25,True,9.54
3070,BOGO,0.2,False,0.0
3071,BOGO,0.2,False,0.0
3072,BOGO,0.2,True,8.75
3073,Holiday Sale,0.1,True,3.16
3074,New Year Promo,0.25,True,4.85
3075,Summer Sale,0.3,True,15.52
3076,BOGO,0.2,True,28.65
3077,Summer Sale,0.3,False,0.0
3078,New Year Promo,0.25,True,11.55
3079,Holiday Sale,0.1,True,3.05
3080,Summer Sale,0.3,True,21.55
3081,Flash Sale,0.15,False,0.0
3082,New Year Promo,0.25,True,23.03
3083,Summer Sale,0.3,True,9.82
3084,Summer Sale,0.3,False,0.0
3085,Flash Sale,0.15,True,10.49
3086,Summer Sale,0.3,True,20.26
3087,Summer Sale,0.3,False,0.0
3088,Holiday Sale,0.1,False,0.0
3089,BOGO,0.2,True,24.92
3090,Summer Sale,0.3,False,0.0
3091,BOGO,0.2,False,0.0
3092,New Year Promo,0.25,True,44.09
3093,New Year Promo,0.25,False,0.0
3094,Holiday Sale,0.1,True,8.82
3095,Holiday Sale,0.1,True,4.75
3096,BOGO,0.2,True,10.67
3097,Flash Sale,0.15,True,25.18
3098,Summer Sale,0.3,False,0.0
3099,Holiday Sale,0.1,True,3.96
3100,Flash Sale,0.15,True,5.65
3101,Summer Sale,0.3,True,9.86
3102,Flash Sale,0.15,False,0.0
3103,New Year Promo,0.25,True,13.95
3104,New Year Promo,0.25,False,0.0
3105,Holiday Sale,0.1,False,0.0
3106,Flash Sale,0.15,True,17.66
3107,New Year Promo,0.25,False,0.0
3108,Flash Sale,0.15,False,0.0
3109,Flash Sale,0.15,True,13.7
3110,Flash Sale,0.15,False,0.0
3111,Flash Sale,0.15,False,0.0
3112,BOGO,0.2,True,9.87
3113,BOGO,0.2,True,10.47
3114,Summer Sale,0.3,True,11.98
3115,Flash Sale,0.15,False,0.0
3116,Flash Sale,0.15,True,10.27
3117,Holiday Sale,0.1,False,0.0
3118,Holiday Sale,0.1,False,0.0
3119,Flash Sale,0.15,False,0.0
3120,BOGO,0.2,True,8.46
3121,New Year Promo,0.25,False,0.0
3122,Summer Sale,0.3,False,0.0
3123,Holiday Sale,0.1,False,0.0
3124,Holiday Sale,0.1,True,7.32
3125,BOGO,0.2,False,0.0
3126,Summer Sale,0.3,True,23.85
3127,BOGO,0.2,False,0.0
3128,Flash Sale,0.15,False,0.0
3129,New Year Promo,0.25,True,24.08
3130,BOGO,0.2,True,17.3
3131,Holiday Sale,0.1,False,0.0
3132,Holiday Sale,0.1,True,7.38
3133,New Year Promo,0.25,False,0.0
3134,Summer Sale,0.3,True,21.83
3135,New Year Promo,0.25,True,7.5
3136,Summer Sale,0.3,False,0.0
3137,New Year Promo,0.25,False,0.0
3138,Summer Sale,0.3,True,19.1
3139,Summer Sale,0.3,False,0.0
3140,BOGO,0.2,False,0.0
3141,Flash Sale,0.15,False,0.0
3142,New Year Promo,0.25,True,19.58
3143,New Year Promo,0.25,False,0.0
3144,BOGO,0.2,False,0.0
3145,Summer Sale,0.3,True,9.42
3146,New Year Promo,0.25,False,0.0
3147,BOGO,0.2,False,0.0
3148,Flash Sale,0.15,True,9.06
3149,Holiday Sale,0.1,False,0.0
3150,New Year Promo,0.25,False,0.0
3151,New Year Promo,0.25,False,0.0
3152,Summer Sale,0.3,False,0.0
3153,Flash Sale,0.15,False,0.0
3154,New Year Promo,0.25,False,0.0
3155,New Year Promo,0.25,False,0.0
3156,BOGO,0.2,False,0.0
3157,Summer Sale,0.3,True,22.39
3158,New Year Promo,0.25,True,10.62
3159,Holiday Sale,0.1,False,0.0
3160,New Year Promo,0.25,False,0.0
3161,New Year Promo,0.25,False,0.0
3162,Flash Sale,0.15,True,5.65
3163,Holiday Sale,0.1,False,0.0
3164,BOGO,0.2,False,0.0
3165,Flash Sale,0.15,False,0.0
3166,Summer Sale,0.3,True,9.3
3167,Flash Sale,0.15,False,0.0
3168,Summer Sale,0.3,True,12.32
3169,BOGO,0.2,False,0.0
3170,Flash Sale,0.15,True,4.36
3171,New Year Promo,0.25,True,13.68
3172,BOGO,0.2,False,0.0
3173,Holiday Sale,0.1,False,0.0
3174,Holiday Sale,0.1,False,0.0
3175,Flash Sale,0.15,False,0.0
3176,New Year Promo,0.25,False,0.0
3177,BOGO,0.2,False,0.0
3178,New Year Promo,0.25,False,0.0
3179,Summer Sale,0.3,True,24.96
3180,New Year Promo,0.25,False,0.0
3181,New Year Promo,0.25,False,0.0
3182,New Year Promo,0.25,True,13.01
3183,New Year Promo,0.25,False,0.0
3184,Holiday Sale,0.1,False,0.0
3185,New Year Promo,0.25,False,0.0
3186,BOGO,0.2,True,13.0
3187,Flash Sale,0.15,False,0.0
3188,New Year Promo,0.25,False,0.0
3189,BOGO,0.2,True,14.18
3190,Flash Sale,0.15,True,9.82
3191,Holiday Sale,0.1,True,4.93
3192,New Year Promo,0.25,False,0.0
3193,BOGO,0.2,True,23.92
3194,BOGO,0.2,False,0.0
3195,New Year Promo,0.25,True,8.0
3196,BOGO,0.2,True,10.33
3197,New Year Promo,0.25,False,0.0
3198,Summer Sale,0.3,False,0.0
3199,Summer Sale,0.3,True,13.47
3200,Holiday Sale,0.1,False,0.0
3201,Flash Sale,0.15,True,9.28
3202,BOGO,0.2,True,10.61
3203,Flash Sale,0.15,False,0.0
3204,BOGO,0.2,True,18.57
3205,Flash Sale,0.15,False,0.0
3206,Flash Sale,0.15,True,12.68
3207,Holiday Sale,0.1,True,6.62
3208,Flash Sale,0.15,True,8.57
3209,Flash Sale,0.15,True,7.28
3210,New Year Promo,0.25,True,11.04
3211,New Year Promo,0.25,True,22.51
3212,Holiday Sale,0.1,True,8.2
3213,BOGO,0.2,True,7.07
3214,BOGO,0.2,False,0.0
3215,New Year Promo,0.25,False,0.0
3216,Summer Sale,0.3,False,0.0
3217,Flash Sale,0.15,False,0.0
3218,Flash Sale,0.15,True,5.09
3219,Holiday Sale,0.1,True,6.85
3220,Flash Sale,0.15,True,7.12
3221,Holiday Sale,0.1,False,0.0
3222,Flash Sale,0.15,True,6.02
3223,Holiday Sale,0.1,False,0.0
3224,BOGO,0.2,True,10.98
3225,Flash Sale,0.15,False,0.0
3226,BOGO,0.2,True,25.43
3227,BOGO,0.2,False,0.0
3228,BOGO,0.2,False,0.0
3229,New Year Promo,0.25,True,11.32
3230,New Year Promo,0.25,True,10.65
3231,New Year Promo,0.25,False,0.0
3232,Summer Sale,0.3,False,0.0
3233,BOGO,0.2,False,0.0
3234,Holiday Sale,0.1,False,0.0
3235,Flash Sale,0.15,False,0.0
3236,BOGO,0.2,False,0.0
3237,BOGO,0.2,False,0.0
3238,New Year Promo,0.25,True,25.94
3239,New Year Promo,0.25,False,0.0
3240,BOGO,0.2,True,12.06
3241,Holiday Sale,0.1,False,0.0
3242,Holiday Sale,0.1,True,3.33
3243,Holiday Sale,0.1,True,5.3
3244,New Year Promo,0.25,False,0.0
3245,New Year Promo,0.25,True,22.81
3246,BOGO,0.2,False,0.0
3247,Summer Sale,0.3,True,13.78
3248,Summer Sale,0.3,False,0.0
3249,Flash Sale,0.15,True,11.76
3250,Flash Sale,0.15,False,0.0
3251,Summer Sale,0.3,False,0.0
3252,New Year Promo,0.25,False,0.0
3253,Flash Sale,0.15,False,0.0
3254,Summer Sale,0.3,False,0.0
3255,Summer Sale,0.3,False,0.0
3256,Summer Sale,0.3,False,0.0
3257,BOGO,0.2,True,25.25
3258,Summer Sale,0.3,False,0.0
3259,New Year Promo,0.25,True,10.3
3260,New Year Promo,0.25,True,17.44
3261,Flash Sale,0.15,False,0.0
3262,Summer Sale,0.3,False,0.0
3263,Summer Sale,0.3,False,0.0
3264,Holiday Sale,0.1,False,0.0
3265,Flash Sale,0.15,True,8.88
3266,New Year Promo,0.25,False,0.0
3267,Holiday Sale,0.1,True,3.49
3268,Summer Sale,0.3,False,0.0
3269,Summer Sale,0.3,False,0.0
3270,Flash Sale,0.15,True,8.63
3271,BOGO,0.2,False,0.0
3272,Flash Sale,0.15,True,4.26
3273,New Year Promo,0.25,False,0.0
3274,BOGO,0.2,True,10.04
3275,New Year Promo,0.25,False,0.0
3276,Summer Sale,0.3,False,0.0
3277,BOGO,0.2,True,10.97
3278,BOGO,0.2,True,8.97
3279,Holiday Sale,0.1,True,3.0
3280,Holiday Sale,0.1,False,0.0
3281,Flash Sale,0.15,False,0.0
3282,Flash Sale,0.15,False,0.0
3283,Holiday Sale,0.1,True,10.09
3284,New Year Promo,0.25,False,0.0
3285,Flash Sale,0.15,True,5.66
3286,New Year Promo,0.25,False,0.0
3287,BOGO,0.2,False,0.0
3288,BOGO,0.2,False,0.0
3289,Holiday Sale,0.1,False,0.0
3290,Summer Sale,0.3,False,0.0
3291,Flash Sale,0.15,False,0.0
3292,Flash Sale,0.15,True,11.36
3293,Holiday Sale,0.1,False,0.0
3294,Summer Sale,0.3,True,11.82
3295,Flash Sale,0.15,True,19.28
3296,New Year Promo,0.25,True,8.41
3297,Summer Sale,0.3,True,16.5
3298,Summer Sale,0.3,False,0.0
3299,Flash Sale,0.15,False,0.0
3300,Summer Sale,0.3,True,19.27
3301,Holiday Sale,0.1,False,0.0
3302,Holiday Sale,0.1,True,16.09
3303,Flash Sale,0.15,False,0.0
3304,BOGO,0.2,False,0.0
3305,Holiday Sale,0.1,False,0.0
3306,Flash Sale,0.15,True,5.53
3307,BOGO,0.2,True,7.5
3308,Flash Sale,0.15,False,0.0
3309,Summer Sale,0.3,False,0.0
3310,BOGO,0.2,False,0.0
3311,Flash Sale,0.15,True,8.83
3312,BOGO,0.2,True,14.54
3313,Summer Sale,0.3,True,13.93
3314,Flash Sale,0.15,True,8.01
3315,New Year Promo,0.25,False,0.0
3316,Flash Sale,0.15,True,18.27
3317,New Year Promo,0.25,True,7.21
3318,BOGO,0.2,False,0.0
3319,Flash Sale,0.15,True,9.67
3320,Summer Sale,0.3,True,15.83
3321,Flash Sale,0.15,False,0.0
3322,BOGO,0.2,False,0.0
3323,Holiday Sale,0.1,True,4.81
3324,BOGO,0.2,True,10.49
3325,Flash Sale,0.15,False,0.0
3326,New Year Promo,0.25,True,26.39
3327,Holiday Sale,0.1,False,0.0
3328,BOGO,0.2,False,0.0
3329,BOGO,0.2,False,0.0
3330,Flash Sale,0.15,True,9.71
3331,New Year Promo,0.25,True,23.16
3332,Holiday Sale,0.1,False,0.0
3333,Flash Sale,0.15,True,5.76
3334,Summer Sale,0.3,False,0.0
3335,Flash Sale,0.15,False,0.0
3336,BOGO,0.2,True,7.92
3337,New Year Promo,0.25,True,17.23
3338,New Year Promo,0.25,True,9.49
3339,Holiday Sale,0.1,True,10.16
3340,BOGO,0.2,True,14.63
3341,Flash Sale,0.15,False,0.0
3342,BOGO,0.2,True,11.35
3343,New Year Promo,0.25,True,14.85
3344,Flash Sale,0.15,True,5.18
3345,BOGO,0.2,False,0.0
3346,New Year Promo,0.25,False,0.0
3347,New Year Promo,0.25,False,0.0
3348,Holiday Sale,0.1,False,0.0
3349,Summer Sale,0.3,False,0.0
3350,Flash Sale,0.15,True,6.73
3351,New Year Promo,0.25,False,0.0
3352,New Year Promo,0.25,False,0.0
3353,BOGO,0.2,True,42.77
3354,Flash Sale,0.15,True,9.86
3355,Summer Sale,0.3,True,12.57
3356,Summer Sale,0.3,True,9.89
3357,BOGO,0.2,True,11.24
3358,BOGO,0.2,True,8.75
3359,Flash Sale,0.15,False,0.0
3360,BOGO,0.2,True,14.4
3361,Holiday Sale,0.1,True,25.82
3362,Holiday Sale,0.1,False,0.0
3363,BOGO,0.2,True,10.58
3364,Summer Sale,0.3,False,0.0
3365,New Year Promo,0.25,False,0.0
3366,BOGO,0.2,False,0.0
3367,Flash Sale,0.15,False,0.0
3368,BOGO,0.2,True,6.44
3369,Holiday Sale,0.1,True,5.67
3370,BOGO,0.2,True,10.43
3371,Holiday Sale,0.1,True,7.34
3372,Summer Sale,0.3,False,0.0
3373,Summer Sale,0.3,False,0.0
3374,Flash Sale,0.15,False,0.0
3375,Flash Sale,0.15,True,8.12
3376,Summer Sale,0.3,True,17.95
3377,New Year Promo,0.25,True,10.51
3378,Summer Sale,0.3,False,0.0
3379,Flash Sale,0.15,False,0.0
3380,New Year Promo,0.25,False,0.0
3381,Flash Sale,0.15,False,0.0
3382,BOGO,0.2,False,0.0
3383,Summer Sale,0.3,False,0.0
3384,Summer Sale,0.3,False,0.0
3385,Holiday Sale,0.1,False,0.0
3386,Flash Sale,0.15,False,0.0
3387,New Year Promo,0.25,True,10.07
3388,New Year Promo,0.25,False,0.0
3389,Summer Sale,0.3,False,0.0
3390,New Year Promo,0.25,True,14.3
3391,Flash Sale,0.15,False,0.0
3392,New Year Promo,0.25,True,19.84
3393,Flash Sale,0.15,True,10.63
3394,Flash Sale,0.15,True,5.58
3395,New Year Promo,0.25,True,18.87
3396,Holiday Sale,0.1,True,13.03
3397,Holiday Sale,0.1,True,9.2
3398,New Year Promo,0.25,False,0.0
3399,BOGO,0.2,False,0.0
3400,New Year Promo,0.25,True,19.46
3401,BOGO,0.2,False,0.0
3402,Summer Sale,0.3,False,0.0
3403,Flash Sale,0.15,True,26.03
3404,Summer Sale,0.3,True,12.75
3405,Holiday Sale,0.1,True,4.92
3406,Holiday Sale,0.1,True,10.26
3407,Holiday Sale,0.1,True,5.09
3408,Flash Sale,0.15,False,0.0
3409,BOGO,0.2,False,0.0
3410,Summer Sale,0.3,False,0.0
3411,New Year Promo,0.25,False,0.0
3412,Flash Sale,0.15,False,0.0
3413,Summer Sale,0.3,True,12.96
3414,Holiday Sale,0.1,False,0.0
3415,BOGO,0.2,False,0.0
3416,BOGO,0.2,True,11.97
3417,New Year Promo,0.25,True,16.16
3418,Flash Sale,0.15,True,40.19
3419,Flash Sale,0.15,True,10.98
3420,Holiday Sale,0.1,False,0.0
3421,BOGO,0.2,False,0.0
3422,New Year Promo,0.25,False,0.0
3423,New Year Promo,0.25,False,0.0
3424,New Year Promo,0.25,False,0.0
3425,BOGO,0.2,False,0.0
3426,Summer Sale,0.3,True,23.69
3427,New Year Promo,0.25,False,0.0
3428,New Year Promo,0.25,True,12.75
3429,New Year Promo,0.25,False,0.0
3430,Holiday Sale,0.1,True,6.39
3431,BOGO,0.2,False,0.0
3432,BOGO,0.2,True,20.48
3433,BOGO,0.2,True,7.47
3434,New Year Promo,0.25,False,0.0
3435,Summer Sale,0.3,True,16.98
3436,Holiday Sale,0.1,False,0.0
3437,Holiday Sale,0.1,True,5.61
3438,New Year Promo,0.25,True,13.45
3439,Summer Sale,0.3,True,19.75
3440,BOGO,0.2,True,11.64
3441,Flash Sale,0.15,True,4.41
3442,Holiday Sale,0.1,True,5.69
3443,BOGO,0.2,False,0.0
3444,Summer Sale,0.3,True,45.73
3445,New Year Promo,0.25,True,32.14
3446,BOGO,0.2,False,0.0
3447,Summer Sale,0.3,True,19.91
3448,BOGO,0.2,False,0.0
3449,BOGO,0.2,True,12.34
3450,Summer Sale,0.3,True,9.67
3451,New Year Promo,0.25,False,0.0
3452,Summer Sale,0.3,True,15.22
3453,New Year Promo,0.25,True,18.35
3454,Holiday Sale,0.1,False,0.0
3455,BOGO,0.2,True,18.86
3456,BOGO,0.2,True,7.61
3457,Summer Sale,0.3,True,15.94
3458,BOGO,0.2,False,0.0
3459,Holiday Sale,0.1,True,7.01
3460,BOGO,0.2,True,8.88
3461,Holiday Sale,0.1,True,4.14
3462,Flash Sale,0.15,False,0.0
3463,Flash Sale,0.15,True,15.35
3464,BOGO,0.2,False,0.0
3465,New Year Promo,0.25,True,11.59
3466,Summer Sale,0.3,True,18.85
3467,Flash Sale,0.15,True,7.01
3468,New Year Promo,0.25,True,14.22
3469,New Year Promo,0.25,True,20.13
3470,New Year Promo,0.25,True,11.74
3471,Summer Sale,0.3,True,9.72
3472,New Year Promo,0.25,True,13.88
3473,Summer Sale,0.3,False,0.0
3474,BOGO,0.2,True,11.45
3475,Summer Sale,0.3,False,0.0
3476,New Year Promo,0.25,True,18.6
3477,BOGO,0.2,True,28.7
3478,BOGO,0.2,False,0.0
3479,Flash Sale,0.15,False,0.0
3480,Flash Sale,0.15,False,0.0
3481,New Year Promo,0.25,False,0.0
3482,BOGO,0.2,True,9.64
3483,Summer Sale,0.3,False,0.0
3484,New Year Promo,0.25,True,19.97
3485,New Year Promo,0.25,False,0.0
3486,Summer Sale,0.3,True,12.3
3487,Flash Sale,0.15,True,7.16
3488,Flash Sale,0.15,True,6.33
3489,BOGO,0.2,False,0.0
3490,BOGO,0.2,False,0.0
3491,Summer Sale,0.3,False,0.0
3492,BOGO,0.2,True,13.05
3493,Holiday Sale,0.1,True,6.58
3494,Summer Sale,0.3,True,15.41
3495,Summer Sale,0.3,True,18.7
3496,Summer Sale,0.3,False,0.0
3497,Summer Sale,0.3,True,17.87
3498,Summer Sale,0.3,True,21.69
3499,New Year Promo,0.25,False,0.0
3500,Flash Sale,0.15,True,7.14
3501,Flash Sale,0.15,True,8.71
3502,Holiday Sale,0.1,True,7.13
3503,Flash Sale,0.15,True,14.67
3504,Holiday Sale,0.1,True,3.25
3505,BOGO,0.2,True,13.4
3506,BOGO,0.2,True,9.22
3507,Flash Sale,0.15,False,0.0
3508,Flash Sale,0.15,False,0.0
3509,Flash Sale,0.15,True,12.11
3510,New Year Promo,0.25,False,0.0
3511,BOGO,0.2,False,0.0
3512,Flash Sale,0.15,True,4.53
3513,Flash Sale,0.15,True,13.98
3514,Flash Sale,0.15,True,12.56
3515,Flash Sale,0.15,True,8.09
3516,BOGO,0.2,True,10.61
3517,Holiday Sale,0.1,False,0.0
3518,Holiday Sale,0.1,False,0.0
3519,Flash Sale,0.15,False,0.0
3520,Summer Sale,0.3,True,11.13
3521,Holiday Sale,0.1,False,0.0
3522,Holiday Sale,0.1,False,0.0
3523,Summer Sale,0.3,False,0.0
3524,BOGO,0.2,False,0.0
3525,BOGO,0.2,True,7.25
3526,BOGO,0.2,True,6.35
3527,Summer Sale,0.3,True,52.99
3528,Holiday Sale,0.1,True,5.75
3529,BOGO,0.2,True,20.24
3530,Holiday Sale,0.1,False,0.0
3531,New Year Promo,0.25,True,8.54
3532,Flash Sale,0.15,True,9.74
3533,Holiday Sale,0.1,False,0.0
3534,Summer Sale,0.3,False,0.0
3535,Summer Sale,0.3,True,14.38
3536,Flash Sale,0.15,False,0.0
3537,Flash Sale,0.15,False,0.0
3538,New Year Promo,0.25,False,0.0
3539,BOGO,0.2,False,0.0
3540,Summer Sale,0.3,False,0.0
3541,BOGO,0.2,False,0.0
3542,New Year Promo,0.25,True,11.28
3543,Summer Sale,0.3,False,0.0
3544,Summer Sale,0.3,False,0.0
3545,Flash Sale,0.15,True,23.15
3546,Holiday Sale,0.1,True,4.17
3547,BOGO,0.2,False,0.0
3548,New Year Promo,0.25,True,10.45
3549,BOGO,0.2,True,7.74
3550,Holiday Sale,0.1,False,0.0
3551,Summer Sale,0.3,False,0.0
3552,New Year Promo,0.25,False,0.0
3553,Holiday Sale,0.1,True,5.84
3554,New Year Promo,0.25,False,0.0
3555,Flash Sale,0.15,True,6.06
3556,BOGO,0.2,True,12.2
3557,Flash Sale,0.15,False,0.0
3558,BOGO,0.2,False,0.0
3559,BOGO,0.2,False,0.0
3560,Holiday Sale,0.1,False,0.0
3561,BOGO,0.2,False,0.0
3562,New Year Promo,0.25,False,0.0
3563,Flash Sale,0.15,False,0.0
3564,Holiday Sale,0.1,False,0.0
3565,New Year Promo,0.25,False,0.0
3566,BOGO,0.2,True,9.77
3567,Flash Sale,0.15,True,12.84
3568,New Year Promo,0.25,False,0.0
3569,Summer Sale,0.3,False,0.0
3570,New Year Promo,0.25,True,16.73
3571,New Year Promo,0.25,False,0.0
3572,BOGO,0.2,False,0.0
3573,Flash Sale,0.15,False,0.0
3574,Holiday Sale,0.1,True,10.75
3575,Flash Sale,0.15,True,10.74
3576,Summer Sale,0.3,False,0.0
3577,New Year Promo,0.25,False,0.0
3578,BOGO,0.2,True,6.16
3579,Holiday Sale,0.1,False,0.0
3580,New Year Promo,0.25,True,9.62
3581,New Year Promo,0.25,False,0.0
3582,Holiday Sale,0.1,False,0.0
3583,Summer Sale,0.3,True,10.14
3584,BOGO,0.2,False,0.0
3585,Flash Sale,0.15,False,0.0
3586,Flash Sale,0.15,False,0.0
3587,Summer Sale,0.3,True,9.39
3588,BOGO,0.2,False,0.0
3589,BOGO,0.2,True,7.08
3590,Flash Sale,0.15,True,6.88
3591,Holiday Sale,0.1,True,11.4
3592,Summer Sale,0.3,False,0.0
3593,New Year Promo,0.25,False,0.0
3594,Summer Sale,0.3,False,0.0
3595,Summer Sale,0.3,True,10.59
3596,New Year Promo,0.25,False,0.0
3597,Summer Sale,0.3,False,0.0
3598,Summer Sale,0.3,False,0.0
3599,Holiday Sale,0.1,False,0.0
3600,Summer Sale,0.3,False,0.0
3601,New Year Promo,0.25,False,0.0
3602,Flash Sale,0.15,False,0.0
3603,New Year Promo,0.25,False,0.0
3604,Flash Sale,0.15,False,0.0
3605,Summer Sale,0.3,False,0.0
3606,Summer Sale,0.3,True,6.65
3607,New Year Promo,0.25,False,0.0
3608,Flash Sale,0.15,False,0.0
3609,BOGO,0.2,False,0.0
3610,BOGO,0.2,True,27.66
3611,Flash Sale,0.15,True,8.29
3612,Holiday Sale,0.1,False,0.0
3613,Flash Sale,0.15,False,0.0
3614,Flash Sale,0.15,False,0.0
3615,BOGO,0.2,True,8.11
3616,Flash Sale,0.15,False,0.0
3617,BOGO,0.2,False,0.0
3618,Holiday Sale,0.1,True,7.95
3619,New Year Promo,0.25,True,18.82
3620,Holiday Sale,0.1,True,3.33
3621,BOGO,0.2,False,0.0
3622,Flash Sale,0.15,False,0.0
3623,BOGO,0.2,True,7.63
3624,Holiday Sale,0.1,True,6.87
3625,Holiday Sale,0.1,False,0.0
3626,Holiday Sale,0.1,False,0.0
3627,Flash Sale,0.15,False,0.0
3628,Summer Sale,0.3,True,20.93
3629,BOGO,0.2,True,12.45
3630,New Year Promo,0.25,False,0.0
3631,Flash Sale,0.15,True,9.48
3632,BOGO,0.2,False,0.0
3633,Holiday Sale,0.1,False,0.0
3634,Flash Sale,0.15,False,0.0
3635,Summer Sale,0.3,False,0.0
3636,New Year Promo,0.25,False,0.0
3637,Flash Sale,0.15,True,10.62
3638,Summer Sale,0.3,True,6.88
3639,Summer Sale,0.3,False,0.0
3640,Flash Sale,0.15,True,5.93
3641,BOGO,0.2,False,0.0
3642,Flash Sale,0.15,True,7.96
3643,New Year Promo,0.25,False,0.0
3644,Summer Sale,0.3,False,0.0
3645,BOGO,0.2,False,0.0
3646,BOGO,0.2,False,0.0
3647,BOGO,0.2,False,0.0
3648,Holiday Sale,0.1,True,2.71
3649,Summer Sale,0.3,False,0.0
3650,Flash Sale,0.15,True,16.65
3651,Holiday Sale,0.1,False,0.0
3652,New Year Promo,0.25,False,0.0
3653,Holiday Sale,0.1,True,8.49
3654,BOGO,0.2,False,0.0
3655,New Year Promo,0.25,True,11.52
3656,Holiday Sale,0.1,True,3.38
3657,Summer Sale,0.3,True,7.14
3658,Summer Sale,0.3,True,19.0
3659,Summer Sale,0.3,False,0.0
3660,Holiday Sale,0.1,False,0.0
3661,Flash Sale,0.15,False,0.0
3662,Flash Sale,0.15,True,10.24
3663,Summer Sale,0.3,False,0.0
3664,Holiday Sale,0.1,True,3.22
3665,Flash Sale,0.15,False,0.0
3666,BOGO,0.2,True,7.9
3667,New Year Promo,0.25,True,20.84
3668,Summer Sale,0.3,True,12.57
3669,BOGO,0.2,False,0.0
3670,New Year Promo,0.25,True,9.36
3671,Holiday Sale,0.1,False,0.0
3672,BOGO,0.2,True,7.2
3673,BOGO,0.2,True,11.76
3674,Summer Sale,0.3,True,12.98
3675,New Year Promo,0.25,True,21.2
3676,New Year Promo,0.25,False,0.0
3677,Holiday Sale,0.1,False,0.0
3678,New Year Promo,0.25,False,0.0
3679,Flash Sale,0.15,False,0.0
3680,Summer Sale,0.3,True,11.26
3681,Summer Sale,0.3,True,18.15
3682,Flash Sale,0.15,False,0.0
3683,Summer Sale,0.3,False,0.0
3684,New Year Promo,0.25,False,0.0
3685,BOGO,0.2,True,10.2
3686,BOGO,0.2,False,0.0
3687,Flash Sale,0.15,True,11.1
3688,Summer Sale,0.3,False,0.0
3689,Holiday Sale,0.1,True,3.68
3690,Summer Sale,0.3,False,0.0
3691,New Year Promo,0.25,False,0.0
3692,Holiday Sale,0.1,False,0.0
3693,Flash Sale,0.15,False,0.0
3694,Flash Sale,0.15,True,7.54
3695,New Year Promo,0.25,False,0.0
3696,New Year Promo,0.25,True,9.5
3697,Holiday Sale,0.1,True,17.31
3698,Holiday Sale,0.1,True,4.46
3699,New Year Promo,0.25,True,19.4
3700,New Year Promo,0.25,False,0.0
3701,Summer Sale,0.3,False,0.0
3702,BOGO,0.2,False,0.0
3703,Summer Sale,0.3,False,0.0
3704,Flash Sale,0.15,True,13.48
3705,Summer Sale,0.3,False,0.0
3706,New Year Promo,0.25,True,24.06
3707,Summer Sale,0.3,True,17.38
3708,Flash Sale,0.15,True,6.23
3709,Holiday Sale,0.1,False,0.0
3710,Flash Sale,0.15,True,14.44
3711,Flash Sale,0.15,False,0.0
3712,Flash Sale,0.15,False,0.0
3713,Holiday Sale,0.1,True,4.92
3714,New Year Promo,0.25,True,12.64
3715,Flash Sale,0.15,True,24.22
3716,Holiday Sale,0.1,False,0.0
3717,Summer Sale,0.3,False,0.0
3718,BOGO,0.2,False,0.0
3719,Summer Sale,0.3,False,0.0
3720,Holiday Sale,0.1,False,0.0
3721,Holiday Sale,0.1,False,0.0
3722,New Year Promo,0.25,False,0.0
3723,Holiday Sale,0.1,True,7.64
3724,Summer Sale,0.3,False,0.0
3725,Holiday Sale,0.1,False,0.0
3726,Summer Sale,0.3,True,24.3
3727,New Year Promo,0.25,False,0.0
3728,Flash Sale,0.15,True,5.92
3729,BOGO,0.2,False,0.0
3730,Flash Sale,0.15,False,0.0
3731,Flash Sale,0.15,False,0.0
3732,Holiday Sale,0.1,False,0.0
3733,Flash Sale,0.15,True,5.88
3734,New Year Promo,0.25,True,12.01
3735,New Year Promo,0.25,False,0.0
3736,Summer Sale,0.3,False,0.0
3737,Summer Sale,0.3,True,15.25
3738,Flash Sale,0.15,True,8.22
3739,Holiday Sale,0.1,False,0.0
3740,New Year Promo,0.25,True,12.86
3741,Holiday Sale,0.1,True,8.05
3742,BOGO,0.2,True,13.87
3743,Summer Sale,0.3,False,0.0
3744,Holiday Sale,0.1,False,0.0
3745,BOGO,0.2,True,7.79
3746,New Year Promo,0.25,True,9.8
3747,New Year Promo,0.25,False,0.0
3748,New Year Promo,0.25,False,0.0
3749,New Year Promo,0.25,False,0.0
3750,Holiday Sale,0.1,True,6.09
3751,Holiday Sale,0.1,False,0.0
3752,New Year Promo,0.25,True,19.31
3753,New Year Promo,0.25,False,0.0
3754,New Year Promo,0.25,False,0.0
3755,New Year Promo,0.25,False,0.0
3756,BOGO,0.2,True,7.67
3757,New Year Promo,0.25,True,10.06
3758,Flash Sale,0.15,False,0.0
3759,Holiday Sale,0.1,True,3.26
3760,Holiday Sale,0.1,True,6.29
3761,Summer Sale,0.3,False,0.0
3762,New Year Promo,0.25,False,0.0
3763,BOGO,0.2,True,13.22
3764,New Year Promo,0.25,True,8.92
3765,BOGO,0.2,False,0.0
3766,Summer Sale,0.3,False,0.0
3767,Summer Sale,0.3,True,11.46
3768,Summer Sale,0.3,True,12.86
3769,New Year Promo,0.25,True,8.19
3770,Flash Sale,0.15,False,0.0
3771,Flash Sale,0.15,True,7.44
3772,Holiday Sale,0.1,True,7.97
3773,BOGO,0.2,False,0.0
3774,New Year Promo,0.25,False,0.0
3775,Flash Sale,0.15,True,6.22
3776,BOGO,0.2,True,15.22
3777,BOGO,0.2,False,0.0
3778,Flash Sale,0.15,True,9.91
3779,Flash Sale,0.15,False,0.0
3780,New Year Promo,0.25,False,0.0
3781,Flash Sale,0.15,False,0.0
3782,New Year Promo,0.25,False,0.0
3783,BOGO,0.2,True,7.92
3784,New Year Promo,0.25,False,0.0
3785,New Year Promo,0.25,False,0.0
3786,New Year Promo,0.25,False,0.0
3787,BOGO,0.2,False,0.0
3788,Flash Sale,0.15,True,5.34
3789,Flash Sale,0.15,False,0.0
3790,Holiday Sale,0.1,True,11.88
3791,Holiday Sale,0.1,True,3.3
3792,Summer Sale,0.3,False,0.0
3793,New Year Promo,0.25,False,0.0
3794,Holiday Sale,0.1,True,5.04
3795,Flash Sale,0.15,True,5.38
3796,Summer Sale,0.3,True,12.46
3797,New Year Promo,0.25,False,0.0
3798,BOGO,0.2,True,5.02
3799,BOGO,0.2,False,0.0
3800,Flash Sale,0.15,False,0.0
3801,Flash Sale,0.15,False,0.0
3802,Summer Sale,0.3,True,24.93
3803,BOGO,0.2,True,15.66
3804,Flash Sale,0.15,True,17.41
3805,Flash Sale,0.15,True,6.16
3806,BOGO,0.2,True,26.19
3807,New Year Promo,0.25,False,0.0
3808,Summer Sale,0.3,False,0.0
3809,Flash Sale,0.15,False,0.0
3810,BOGO,0.2,True,16.25
3811,Holiday Sale,0.1,True,5.81
3812,BOGO,0.2,False,0.0
3813,Summer Sale,0.3,True,12.04
3814,Flash Sale,0.15,False,0.0
3815,BOGO,0.2,False,0.0
3816,BOGO,0.2,True,9.22
3817,New Year Promo,0.25,False,0.0
3818,BOGO,0.2,False,0.0
3819,Summer Sale,0.3,True,18.46
3820,New Year Promo,0.25,False,0.0
3821,New Year Promo,0.25,False,0.0
3822,Holiday Sale,0.1,False,0.0
3823,Flash Sale,0.15,True,11.82
3824,Holiday Sale,0.1,False,0.0
3825,BOGO,0.2,False,0.0
3826,BOGO,0.2,False,0.0
3827,Summer Sale,0.3,False,0.0
3828,New Year Promo,0.25,False,0.0
3829,Summer Sale,0.3,False,0.0
3830,Summer Sale,0.3,False,0.0
3831,Holiday Sale,0.1,False,0.0
3832,Summer Sale,0.3,True,23.67
3833,BOGO,0.2,True,20.3
3834,BOGO,0.2,True,6.82
3835,BOGO,0.2,True,22.67
3836,Holiday Sale,0.1,False,0.0
3837,BOGO,0.2,True,31.75
3838,Summer Sale,0.3,True,11.02
3839,Holiday Sale,0.1,True,7.52
3840,New Year Promo,0.25,False,0.0
3841,Summer Sale,0.3,True,11.74
3842,New Year Promo,0.25,False,0.0
3843,Holiday Sale,0.1,True,3.87
3844,Summer Sale,0.3,False,0.0
3845,Flash Sale,0.15,True,6.5
3846,Summer Sale,0.3,False,0.0
3847,New Year Promo,0.25,True,26.54
3848,BOGO,0.2,False,0.0
3849,BOGO,0.2,True,9.5
3850,BOGO,0.2,False,0.0
3851,Summer Sale,0.3,False,0.0
3852,Summer Sale,0.3,False,0.0
3853,Holiday Sale,0.1,False,0.0
3854,New Year Promo,0.25,True,18.8
3855,New Year Promo,0.25,False,0.0
3856,Summer Sale,0.3,True,9.81
3857,Summer Sale,0.3,True,11.17
3858,Summer Sale,0.3,True,14.43
3859,New Year Promo,0.25,False,0.0
3860,Holiday Sale,0.1,True,7.51
3861,Flash Sale,0.15,True,14.92
3862,Flash Sale,0.15,False,0.0
3863,New Year Promo,0.25,False,0.0
3864,New Year Promo,0.25,False,0.0
3865,Holiday Sale,0.1,True,3.64
3866,New Year Promo,0.25,False,0.0
3867,Summer Sale,0.3,False,0.0
3868,Holiday Sale,0.1,False,0.0
3869,BOGO,0.2,True,7.06
3870,Summer Sale,0.3,False,0.0
3871,Flash Sale,0.15,False,0.0
3872,BOGO,0.2,True,7.39
3873,Flash Sale,0.15,True,6.4
3874,Holiday Sale,0.1,False,0.0
3875,Summer Sale,0.3,False,0.0
3876,Flash Sale,0.15,False,0.0
3877,New Year Promo,0.25,False,0.0
3878,Summer Sale,0.3,True,21.4
3879,Summer Sale,0.3,True,21.67
3880,Flash Sale,0.15,False,0.0
3881,Holiday Sale,0.1,True,4.51
3882,Flash Sale,0.15,False,0.0
3883,New Year Promo,0.25,True,21.79
3884,Holiday Sale,0.1,False,0.0
3885,BOGO,0.2,True,14.12
3886,New Year Promo,0.25,False,0.0
3887,New Year Promo,0.25,True,24.41
3888,New Year Promo,0.25,False,0.0
3889,Holiday Sale,0.1,True,4.35
3890,New Year Promo,0.25,True,10.76
3891,Flash Sale,0.15,False,0.0
3892,BOGO,0.2,True,9.54
3893,Summer Sale,0.3,False,0.0
3894,BOGO,0.2,False,0.0
3895,Summer Sale,0.3,True,16.22
3896,Holiday Sale,0.1,True,7.67
3897,BOGO,0.2,False,0.0
3898,New Year Promo,0.25,False,0.0
3899,Summer Sale,0.3,False,0.0
3900,Summer Sale,0.3,False,0.0
3901,Holiday Sale,0.1,False,0.0
3902,Holiday Sale,0.1,False,0.0
3903,Flash Sale,0.15,False,0.0
3904,Holiday Sale,0.1,True,3.87
3905,BOGO,0.2,True,12.41
3906,Flash Sale,0.15,True,5.09
3907,Flash Sale,0.15,True,10.45
3908,New Year Promo,0.25,False,0.0
3909,Summer Sale,0.3,False,0.0
3910,New Year Promo,0.25,False,0.0
3911,BOGO,0.2,False,0.0
3912,BOGO,0.2,False,0.0
3913,New Year Promo,0.25,True,12.51
3914,BOGO,0.2,True,17.29
3915,New Year Promo,0.25,True,20.66
3916,BOGO,0.2,True,8.14
3917,BOGO,0.2,True,13.56
3918,Summer Sale,0.3,True,11.79
3919,Flash Sale,0.15,False,0.0
3920,Holiday Sale,0.1,True,8.26
3921,BOGO,0.2,True,14.63
3922,Holiday Sale,0.1,False,0.0
3923,Holiday Sale,0.1,True,5.84
3924,New Year Promo,0.25,True,10.01
3925,Summer Sale,0.3,True,52.03
3926,BOGO,0.2,False,0.0
3927,BOGO,0.2,False,0.0
3928,Summer Sale,0.3,True,17.86
3929,BOGO,0.2,False,0.0
3930,New Year Promo,0.25,False,0.0
3931,Flash Sale,0.15,True,16.07
3932,Flash Sale,0.15,False,0.0
3933,Flash Sale,0.15,True,7.88
3934,Summer Sale,0.3,False,0.0
3935,Summer Sale,0.3,False,0.0
3936,New Year Promo,0.25,False,0.0
3937,BOGO,0.2,False,0.0
3938,BOGO,0.2,True,5.94
3939,Summer Sale,0.3,False,0.0
3940,Flash Sale,0.15,True,6.87
3941,BOGO,0.2,False,0.0
3942,BOGO,0.2,True,17.63
3943,New Year Promo,0.25,False,0.0
3944,Summer Sale,0.3,True,11.46
3945,New Year Promo,0.25,False,0.0
3946,BOGO,0.2,False,0.0
3947,New Year Promo,0.25,True,12.44
3948,BOGO,0.2,False,0.0
3949,Summer Sale,0.3,True,13.15
3950,BOGO,0.2,False,0.0
3951,Holiday Sale,0.1,False,0.0
3952,BOGO,0.2,False,0.0
3953,Flash Sale,0.15,True,15.1
3954,Flash Sale,0.15,False,0.0
3955,Flash Sale,0.15,True,6.96
3956,New Year Promo,0.25,True,24.51
3957,Holiday Sale,0.1,True,10.12
3958,New Year Promo,0.25,True,9.65
3959,New Year Promo,0.25,False,0.0
3960,Summer Sale,0.3,True,23.31
3961,BOGO,0.2,False,0.0
3962,New Year Promo,0.25,True,8.9
3963,Holiday Sale,0.1,False,0.0
3964,Flash Sale,0.15,True,11.58
3965,Summer Sale,0.3,True,6.69
3966,New Year Promo,0.25,True,17.51
3967,BOGO,0.2,False,0.0
3968,Summer Sale,0.3,False,0.0
3969,New Year Promo,0.25,True,13.54
3970,Holiday Sale,0.1,True,3.22
3971,New Year Promo,0.25,True,32.7
3972,Summer Sale,0.3,True,13.04
3973,Flash Sale,0.15,False,0.0
3974,New Year Promo,0.25,True,11.85
3975,Summer Sale,0.3,True,11.72
3976,BOGO,0.2,True,13.07
3977,Summer Sale,0.3,False,0.0
3978,BOGO,0.2,True,10.61
3979,BOGO,0.2,False,0.0
3980,Holiday Sale,0.1,False,0.0
3981,Flash Sale,0.15,True,7.75
3982,Summer Sale,0.3,True,38.35
3983,BOGO,0.2,False,0.0
3984,BOGO,0.2,False,0.0
3985,Summer Sale,0.3,True,21.16
3986,New Year Promo,0.25,True,18.92
3987,New Year Promo,0.25,False,0.0
3988,Flash Sale,0.15,False,0.0
3989,BOGO,0.2,False,0.0
3990,New Year Promo,0.25,True,25.41
3991,New Year Promo,0.25,False,0.0
3992,Summer Sale,0.3,False,0.0
3993,Summer Sale,0.3,False,0.0
3994,New Year Promo,0.25,False,0.0
3995,Flash Sale,0.15,True,15.21
3996,BOGO,0.2,True,16.78
3997,Summer Sale,0.3,False,0.0
3998,Flash Sale,0.15,True,6.48
3999,New Year Promo,0.25,True,13.36
4000,Summer Sale,0.3,False,0.0
4001,Summer Sale,0.3,False,0.0
4002,New Year Promo,0.25,True,18.42
4003,Flash Sale,0.15,False,0.0
4004,Holiday Sale,0.1,True,5.22
4005,Holiday Sale,0.1,False,0.0
4006,BOGO,0.2,True,7.5
4007,Holiday Sale,0.1,False,0.0
4008,Holiday Sale,0.1,False,0.0
4009,Summer Sale,0.3,False,0.0
4010,BOGO,0.2,True,9.36
4011,Summer Sale,0.3,False,0.0
4012,Holiday Sale,0.1,False,0.0
4013,New Year Promo,0.25,True,16.99
4014,BOGO,0.2,False,0.0
4015,New Year Promo,0.25,False,0.0
4016,New Year Promo,0.25,True,10.16
4017,BOGO,0.2,True,12.55
4018,BOGO,0.2,True,45.45
4019,Summer Sale,0.3,True,24.97
4020,BOGO,0.2,True,8.03
4021,Holiday Sale,0.1,False,0.0
4022,New Year Promo,0.25,False,0.0
4023,Holiday Sale,0.1,True,12.36
4024,BOGO,0.2,False,0.0
4025,Flash Sale,0.15,False,0.0
4026,Holiday Sale,0.1,False,0.0
4027,Summer Sale,0.3,False,0.0
4028,New Year Promo,0.25,False,0.0
4029,BOGO,0.2,False,0.0
4030,New Year Promo,0.25,True,13.95
4031,Flash Sale,0.15,False,0.0
4032,Flash Sale,0.15,True,4.29
4033,Summer Sale,0.3,True,13.09
4034,BOGO,0.2,True,26.42
4035,Summer Sale,0.3,False,0.0
4036,New Year Promo,0.25,True,21.25
4037,Summer Sale,0.3,True,95.34
4038,Holiday Sale,0.1,True,12.79
4039,New Year Promo,0.25,False,0.0
4040,BOGO,0.2,True,12.73
4041,Summer Sale,0.3,False,0.0
4042,Holiday Sale,0.1,False,0.0
4043,New Year Promo,0.25,False,0.0
4044,New Year Promo,0.25,False,0.0
4045,Flash Sale,0.15,False,0.0
4046,BOGO,0.2,True,5.69
4047,BOGO,0.2,True,8.54
4048,New Year Promo,0.25,False,0.0
4049,Summer Sale,0.3,True,18.79
4050,New Year Promo,0.25,False,0.0
4051,Holiday Sale,0.1,True,7.95
4052,Summer Sale,0.3,True,15.4
4053,Holiday Sale,0.1,True,9.1
4054,Flash Sale,0.15,False,0.0
4055,New Year Promo,0.25,False,0.0
4056,Flash Sale,0.15,False,0.0
4057,BOGO,0.2,False,0.0
4058,Summer Sale,0.3,True,14.08
4059,Holiday Sale,0.1,True,5.86
4060,BOGO,0.2,True,22.32
4061,Summer Sale,0.3,False,0.0
4062,Flash Sale,0.15,True,5.08
4063,BOGO,0.2,False,0.0
4064,BOGO,0.2,True,7.28
4065,New Year Promo,0.25,True,14.86
4066,New Year Promo,0.25,False,0.0
4067,Summer Sale,0.3,False,0.0
4068,New Year Promo,0.25,True,23.27
4069,New Year Promo,0.25,True,13.11
4070,Holiday Sale,0.1,True,6.37
4071,New Year Promo,0.25,True,9.46
4072,New Year Promo,0.25,True,10.6
4073,Flash Sale,0.15,False,0.0
4074,BOGO,0.2,False,0.0
4075,BOGO,0.2,True,11.8
4076,Flash Sale,0.15,False,0.0
4077,BOGO,0.2,True,8.33
4078,Flash Sale,0.15,False,0.0
4079,Holiday Sale,0.1,False,0.0
4080,Flash Sale,0.15,False,0.0
4081,Flash Sale,0.15,False,0.0
4082,Flash Sale,0.15,False,0.0
4083,BOGO,0.2,True,12.57
4084,BOGO,0.2,False,0.0
4085,Flash Sale,0.15,False,0.0
4086,Flash Sale,0.15,True,5.03
4087,Summer Sale,0.3,True,32.16
4088,Holiday Sale,0.1,False,0.0
4089,Summer Sale,0.3,True,23.12
4090,Flash Sale,0.15,False,0.0
4091,Summer Sale,0.3,False,0.0
4092,Holiday Sale,0.1,False,0.0
4093,Summer Sale,0.3,False,0.0
4094,BOGO,0.2,True,12.53
4095,BOGO,0.2,True,9.05
4096,Summer Sale,0.3,False,0.0
4097,Summer Sale,0.3,False,0.0
4098,Flash Sale,0.15,False,0.0
4099,Summer Sale,0.3,True,12.6
4100,BOGO,0.2,False,0.0
4101,BOGO,0.2,True,10.96
4102,Summer Sale,0.3,False,0.0
4103,Holiday Sale,0.1,False,0.0
4104,BOGO,0.2,False,0.0
4105,New Year Promo,0.25,True,9.46
4106,BOGO,0.2,True,11.46
4107,Summer Sale,0.3,True,26.15
4108,New Year Promo,0.25,True,9.54
4109,Holiday Sale,0.1,False,0.0
4110,Summer Sale,0.3,True,19.48
4111,BOGO,0.2,False,0.0
4112,Flash Sale,0.15,True,7.9
4113,BOGO,0.2,True,7.66
4114,Flash Sale,0.15,False,0.0
4115,Summer Sale,0.3,True,16.8
4116,BOGO,0.2,False,0.0
4117,BOGO,0.2,True,13.58
4118,New Year Promo,0.25,False,0.0
4119,Holiday Sale,0.1,False,0.0
4120,New Year Promo,0.25,True,15.37
4121,Flash Sale,0.15,False,0.0
4122,Holiday Sale,0.1,False,0.0
4123,Flash Sale,0.15,True,5.63
4124,BOGO,0.2,False,0.0
4125,New Year Promo,0.25,False,0.0
4126,Summer Sale,0.3,False,0.0
4127,Flash Sale,0.15,True,8.01
4128,Flash Sale,0.15,False,0.0
4129,Holiday Sale,0.1,False,0.0
4130,Holiday Sale,0.1,True,2.75
4131,BOGO,0.2,False,0.0
4132,BOGO,0.2,False,0.0
4133,Summer Sale,0.3,False,0.0
4134,Holiday Sale,0.1,True,5.76
4135,Summer Sale,0.3,False,0.0
4136,BOGO,0.2,True,8.4
4137,Flash Sale,0.15,False,0.0
4138,New Year Promo,0.25,True,18.43
4139,Flash Sale,0.15,False,0.0
4140,BOGO,0.2,False,0.0
4141,Summer Sale,0.3,False,0.0
4142,Flash Sale,0.15,False,0.0
4143,New Year Promo,0.25,True,10.14
4144,BOGO,0.2,True,19.56
4145,New Year Promo,0.25,False,0.0
4146,Holiday Sale,0.1,False,0.0
4147,Holiday Sale,0.1,False,0.0
4148,BOGO,0.2,False,0.0
4149,Flash Sale,0.15,True,7.93
4150,New Year Promo,0.25,True,14.19
4151,New Year Promo,0.25,True,10.79
4152,Flash Sale,0.15,False,0.0
4153,Holiday Sale,0.1,True,5.4
4154,Flash Sale,0.15,False,0.0
4155,Holiday Sale,0.1,False,0.0
4156,Flash Sale,0.15,False,0.0
4157,Holiday Sale,0.1,True,4.24
4158,Flash Sale,0.15,True,11.45
4159,BOGO,0.2,True,19.46
4160,New Year Promo,0.25,False,0.0
4161,BOGO,0.2,True,11.1
4162,Holiday Sale,0.1,False,0.0
4163,Flash Sale,0.15,True,5.86
4164,Summer Sale,0.3,False,0.0
4165,Flash Sale,0.15,False,0.0
4166,New Year Promo,0.25,False,0.0
4167,Summer Sale,0.3,False,0.0
4168,Holiday Sale,0.1,False,0.0
4169,Summer Sale,0.3,False,0.0
4170,New Year Promo,0.25,False,0.0
4171,New Year Promo,0.25,False,0.0
4172,BOGO,0.2,True,27.42
4173,Holiday Sale,0.1,True,4.93
4174,BOGO,0.2,True,13.16
4175,BOGO,0.2,True,16.25
4176,New Year Promo,0.25,True,27.19
4177,New Year Promo,0.25,True,15.57
4178,Holiday Sale,0.1,False,0.0
4179,New Year Promo,0.25,False,0.0
4180,BOGO,0.2,False,0.0
4181,Flash Sale,0.15,True,7.9
4182,Summer Sale,0.3,True,19.07
4183,Flash Sale,0.15,False,0.0
4184,BOGO,0.2,False,0.0
4185,Summer Sale,0.3,True,16.63
4186,BOGO,0.2,True,11.12
4187,Holiday Sale,0.1,False,0.0
4188,Holiday Sale,0.1,True,5.21
4189,BOGO,0.2,True,13.01
4190,BOGO,0.2,True,12.06
4191,New Year Promo,0.25,True,12.51
4192,Summer Sale,0.3,True,23.17
4193,Flash Sale,0.15,False,0.0
4194,Holiday Sale,0.1,False,0.0
4195,Flash Sale,0.15,True,10.0
4196,New Year Promo,0.25,False,0.0
4197,Flash Sale,0.15,False,0.0
4198,BOGO,0.2,False,0.0
4199,Flash Sale,0.15,True,5.94
4200,New Year Promo,0.25,False,0.0
4201,Summer Sale,0.3,True,21.82
4202,New Year Promo,0.25,False,0.0
4203,Holiday Sale,0.1,True,4.73
4204,Summer Sale,0.3,True,36.76
4205,Summer Sale,0.3,False,0.0
4206,Holiday Sale,0.1,False,0.0
4207,Flash Sale,0.15,True,7.49
4208,Holiday Sale,0.1,True,5.06
4209,Flash Sale,0.15,False,0.0
4210,Holiday Sale,0.1,False,0.0
4211,New Year Promo,0.25,True,9.91
4212,Holiday Sale,0.1,False,0.0
4213,BOGO,0.2,False,0.0
4214,BOGO,0.2,False,0.0
4215,Holiday Sale,0.1,True,6.73
4216,Summer Sale,0.3,False,0.0
4217,Flash Sale,0.15,True,5.37
4218,Holiday Sale,0.1,False,0.0
4219,New Year Promo,0.25,True,26.18
4220,Holiday Sale,0.1,True,3.44
4221,Summer Sale,0.3,False,0.0
4222,BOGO,0.2,True,13.83
4223,Summer Sale,0.3,False,0.0
4224,Summer Sale,0.3,True,18.42
4225,Summer Sale,0.3,True,15.46
4226,New Year Promo,0.25,False,0.0
4227,BOGO,0.2,False,0.0
4228,Summer Sale,0.3,True,22.39
4229,Flash Sale,0.15,True,12.38
4230,Flash Sale,0.15,False,0.0
4231,New Year Promo,0.25,False,0.0
4232,Summer Sale,0.3,False,0.0
4233,Flash Sale,0.15,False,0.0
4234,New Year Promo,0.25,True,9.82
4235,Summer Sale,0.3,True,13.02
4236,Flash Sale,0.15,False,0.0
4237,Holiday Sale,0.1,True,4.35
4238,Holiday Sale,0.1,True,5.84
4239,BOGO,0.2,False,0.0
4240,Flash Sale,0.15,False,0.0
4241,BOGO,0.2,True,11.54
4242,Holiday Sale,0.1,True,3.7
4243,New Year Promo,0.25,False,0.0
4244,Flash Sale,0.15,False,0.0
4245,New Year Promo,0.25,False,0.0
4246,Flash Sale,0.15,False,0.0
4247,New Year Promo,0.25,True,6.75
4248,BOGO,0.2,False,0.0
4249,Summer Sale,0.3,True,16.92
4250,BOGO,0.2,True,24.74
4251,BOGO,0.2,False,0.0
4252,Holiday Sale,0.1,True,3.58
4253,Summer Sale,0.3,True,12.26
4254,New Year Promo,0.25,False,0.0
4255,New Year Promo,0.25,False,0.0
4256,New Year Promo,0.25,True,12.36
4257,Flash Sale,0.15,True,45.82
4258,Flash Sale,0.15,False,0.0
4259,Holiday Sale,0.1,False,0.0
4260,New Year Promo,0.25,False,0.0
4261,Flash Sale,0.15,True,4.69
4262,New Year Promo,0.25,False,0.0
4263,BOGO,0.2,False,0.0
4264,Flash Sale,0.15,False,0.0
4265,BOGO,0.2,True,14.15
4266,Flash Sale,0.15,False,0.0
4267,BOGO,0.2,True,11.61
4268,BOGO,0.2,True,5.75
4269,BOGO,0.2,True,13.7
4270,Summer Sale,0.3,True,22.17
4271,Summer Sale,0.3,False,0.0
4272,Summer Sale,0.3,True,37.23
4273,Holiday Sale,0.1,True,3.65
4274,Flash Sale,0.15,True,6.34
4275,New Year Promo,0.25,True,18.29
4276,BOGO,0.2,False,0.0
4277,BOGO,0.2,False,0.0
4278,Holiday Sale,0.1,False,0.0
4279,Flash Sale,0.15,False,0.0
4280,Flash Sale,0.15,False,0.0
4281,Holiday Sale,0.1,False,0.0
4282,Holiday Sale,0.1,True,5.24
4283,Holiday Sale,0.1,True,4.11
4284,New Year Promo,0.25,False,0.0
4285,New Year Promo,0.25,True,14.27
4286,New Year Promo,0.25,True,18.42
4287,Summer Sale,0.3,True,22.95
4288,Flash Sale,0.15,False,0.0
4289,Flash Sale,0.15,False,0.0
4290,Flash Sale,0.15,True,43.35
4291,BOGO,0.2,False,0.0
4292,Holiday Sale,0.1,False,0.0
4293,New Year Promo,0.25,True,13.78
4294,BOGO,0.2,True,14.83
4295,BOGO,0.2,True,8.76
4296,Holiday Sale,0.1,False,0.0
4297,New Year Promo,0.25,False,0.0
4298,BOGO,0.2,True,6.11
4299,Holiday Sale,0.1,False,0.0
4300,BOGO,0.2,False,0.0
4301,Flash Sale,0.15,False,0.0
4302,Holiday Sale,0.1,True,8.42
4303,Flash Sale,0.15,False,0.0
4304,New Year Promo,0.25,True,11.22
4305,Holiday Sale,0.1,True,7.25
4306,Flash Sale,0.15,False,0.0
4307,Summer Sale,0.3,True,9.97
4308,Summer Sale,0.3,False,0.0
4309,BOGO,0.2,True,15.11
4310,Holiday Sale,0.1,True,6.02
4311,Summer Sale,0.3,False,0.0
4312,Flash Sale,0.15,True,11.32
4313,Holiday Sale,0.1,False,0.0
4314,BOGO,0.2,True,20.82
4315,BOGO,0.2,True,20.2
4316,Summer Sale,0.3,False,0.0
4317,Flash Sale,0.15,False,0.0
4318,New Year Promo,0.25,False,0.0
4319,New Year Promo,0.25,False,0.0
4320,Holiday Sale,0.1,True,6.06
4321,Summer Sale,0.3,True,17.29
4322,Holiday Sale,0.1,True,7.58
4323,BOGO,0.2,True,14.6
4324,BOGO,0.2,False,0.0
4325,BOGO,0.2,False,0.0
4326,Holiday Sale,0.1,True,12.88
4327,Summer Sale,0.3,False,0.0
4328,Flash Sale,0.15,True,22.14
4329,New Year Promo,0.25,False,0.0
4330,Flash Sale,0.15,True,11.27
4331,Holiday Sale,0.1,True,3.27
4332,Summer Sale,0.3,False,0.0
4333,Holiday Sale,0.1,True,3.61
4334,New Year Promo,0.25,False,0.0
4335,New Year Promo,0.25,False,0.0
4336,Summer Sale,0.3,True,10.21
4337,Holiday Sale,0.1,True,6.05
4338,Flash Sale,0.15,False,0.0
4339,Holiday Sale,0.1,False,0.0
4340,New Year Promo,0.25,False,0.0
4341,Flash Sale,0.15,True,5.31
4342,BOGO,0.2,False,0.0
4343,Summer Sale,0.3,True,21.09
4344,BOGO,0.2,False,0.0
4345,Flash Sale,0.15,False,0.0
4346,Holiday Sale,0.1,False,0.0
4347,Holiday Sale,0.1,False,0.0
4348,BOGO,0.2,True,13.21
4349,Summer Sale,0.3,False,0.0
4350,Holiday Sale,0.1,False,0.0
4351,Holiday Sale,0.1,False,0.0
4352,BOGO,0.2,True,17.27
4353,BOGO,0.2,False,0.0
4354,BOGO,0.2,True,17.8
4355,BOGO,0.2,True,13.18
4356,Summer Sale,0.3,True,20.95
4357,New Year Promo,0.25,False,0.0
4358,Summer Sale,0.3,True,17.29
4359,Summer Sale,0.3,True,16.59
4360,BOGO,0.2,True,10.51
4361,Summer Sale,0.3,False,0.0
4362,BOGO,0.2,False,0.0
4363,Holiday Sale,0.1,False,0.0
4364,Flash Sale,0.15,False,0.0
4365,Holiday Sale,0.1,True,3.85
4366,New Year Promo,0.25,False,0.0
4367,BOGO,0.2,True,9.08
4368,Summer Sale,0.3,False,0.0
4369,Flash Sale,0.15,False,0.0
4370,Flash Sale,0.15,True,4.8
4371,New Year Promo,0.25,False,0.0
4372,New Year Promo,0.25,False,0.0
4373,Holiday Sale,0.1,True,3.6
4374,BOGO,0.2,True,10.31
4375,Holiday Sale,0.1,True,5.01
4376,Summer Sale,0.3,False,0.0
4377,Summer Sale,0.3,False,0.0
4378,Summer Sale,0.3,True,21.07
4379,Summer Sale,0.3,False,0.0
4380,Flash Sale,0.15,True,8.82
4381,Flash Sale,0.15,False,0.0
4382,Summer Sale,0.3,False,0.0
4383,Holiday Sale,0.1,True,6.08
4384,Flash Sale,0.15,False,0.0
4385,BOGO,0.2,True,16.48
4386,Holiday Sale,0.1,True,6.0
4387,Summer Sale,0.3,True,23.97
4388,BOGO,0.2,False,0.0
4389,Summer Sale,0.3,False,0.0
4390,Holiday Sale,0.1,True,3.71
4391,Holiday Sale,0.1,True,3.75
4392,Holiday Sale,0.1,True,4.82
4393,Holiday Sale,0.1,True,6.19
4394,New Year Promo,0.25,False,0.0
4395,New Year Promo,0.25,True,19.38
4396,Summer Sale,0.3,False,0.0
4397,Summer Sale,0.3,False,0.0
4398,New Year Promo,0.25,False,0.0
4399,Flash Sale,0.15,False,0.0
4400,Holiday Sale,0.1,False,0.0
4401,New Year Promo,0.25,False,0.0
4402,New Year Promo,0.25,False,0.0
4403,Summer Sale,0.3,False,0.0
4404,BOGO,0.2,False,0.0
4405,BOGO,0.2,False,0.0
4406,BOGO,0.2,False,0.0
4407,Summer Sale,0.3,False,0.0
4408,BOGO,0.2,False,0.0
4409,Flash Sale,0.15,False,0.0
4410,New Year Promo,0.25,False,0.0
4411,BOGO,0.2,True,6.43
4412,BOGO,0.2,True,7.8
4413,Summer Sale,0.3,False,0.0
4414,Flash Sale,0.15,True,9.29
4415,Flash Sale,0.15,False,0.0
4416,New Year Promo,0.25,True,10.79
4417,New Year Promo,0.25,True,9.99
4418,Flash Sale,0.15,True,4.54
4419,Holiday Sale,0.1,True,3.48
4420,Summer Sale,0.3,True,11.27
4421,BOGO,0.2,True,7.81
4422,BOGO,0.2,True,20.83
4423,New Year Promo,0.25,True,9.78
4424,BOGO,0.2,False,0.0
4425,Summer Sale,0.3,False,0.0
4426,BOGO,0.2,True,9.54
4427,New Year Promo,0.25,False,0.0
4428,Summer Sale,0.3,True,13.46
4429,BOGO,0.2,True,13.22
4430,Flash Sale,0.15,True,8.8
4431,New Year Promo,0.25,False,0.0
4432,Holiday Sale,0.1,False,0.0
4433,BOGO,0.2,True,6.6
4434,Holiday Sale,0.1,False,0.0
4435,BOGO,0.2,False,0.0
4436,BOGO,0.2,False,0.0
4437,Flash Sale,0.15,False,0.0
4438,Holiday Sale,0.1,True,5.62
4439,Summer Sale,0.3,True,28.21
4440,BOGO,0.2,False,0.0
4441,Holiday Sale,0.1,False,0.0
4442,Summer Sale,0.3,True,20.92
4443,Holiday Sale,0.1,False,0.0
4444,Flash Sale,0.15,False,0.0
4445,Summer Sale,0.3,False,0.0
4446,Holiday Sale,0.1,True,13.14
4447,Flash Sale,0.15,False,0.0
4448,Summer Sale,0.3,True,18.98
4449,Summer Sale,0.3,False,0.0
4450,Summer Sale,0.3,True,26.5
4451,New Year Promo,0.25,False,0.0
4452,Holiday Sale,0.1,True,10.96
4453,Flash Sale,0.15,True,12.29
4454,BOGO,0.2,True,12.14
4455,New Year Promo,0.25,False,0.0
4456,Flash Sale,0.15,False,0.0
4457,Holiday Sale,0.1,False,0.0
4458,Summer Sale,0.3,False,0.0
4459,BOGO,0.2,False,0.0
4460,Holiday Sale,0.1,True,5.16
4461,Flash Sale,0.15,False,0.0
4462,Flash Sale,0.15,False,0.0
4463,Holiday Sale,0.1,True,14.14
4464,BOGO,0.2,True,4.81
4465,Summer Sale,0.3,False,0.0
4466,New Year Promo,0.25,False,0.0
4467,Flash Sale,0.15,False,0.0
4468,BOGO,0.2,True,6.82
4469,BOGO,0.2,True,13.59
4470,Summer Sale,0.3,True,21.88
4471,Holiday Sale,0.1,True,8.66
4472,Summer Sale,0.3,False,0.0
4473,Summer Sale,0.3,False,0.0
4474,BOGO,0.2,True,19.13
4475,BOGO,0.2,True,12.22
4476,Summer Sale,0.3,True,9.92
4477,Flash Sale,0.15,False,0.0
4478,Flash Sale,0.15,False,0.0
4479,Flash Sale,0.15,False,0.0
4480,Flash Sale,0.15,False,0.0
4481,Holiday Sale,0.1,False,0.0
4482,Holiday Sale,0.1,False,0.0
4483,New Year Promo,0.25,True,13.99
4484,New Year Promo,0.25,False,0.0
4485,BOGO,0.2,False,0.0
4486,New Year Promo,0.25,True,12.82
4487,Summer Sale,0.3,True,10.34
4488,Holiday Sale,0.1,True,3.92
4489,Flash Sale,0.15,True,8.08
4490,New Year Promo,0.25,True,14.42
4491,Flash Sale,0.15,False,0.0
4492,New Year Promo,0.25,True,12.48
4493,Summer Sale,0.3,True,15.06
4494,New Year Promo,0.25,True,13.9
4495,BOGO,0.2,False,0.0
4496,New Year Promo,0.25,False,0.0
4497,Holiday Sale,0.1,False,0.0
4498,Flash Sale,0.15,True,5.84
4499,Holiday Sale,0.1,False,0.0
4500,Summer Sale,0.3,False,0.0
4501,Summer Sale,0.3,True,14.51
4502,Holiday Sale,0.1,True,5.17
4503,Holiday Sale,0.1,True,3.32
4504,New Year Promo,0.25,False,0.0
4505,Flash Sale,0.15,True,6.32
4506,Holiday Sale,0.1,False,0.0
4507,Holiday Sale,0.1,True,7.72
4508,Flash Sale,0.15,True,5.26
4509,BOGO,0.2,False,0.0
4510,Flash Sale,0.15,False,0.0
4511,Holiday Sale,0.1,False,0.0
4512,New Year Promo,0.25,True,11.03
4513,Holiday Sale,0.1,False,0.0
4514,New Year Promo,0.25,False,0.0
4515,Summer Sale,0.3,True,20.24
4516,Summer Sale,0.3,False,0.0
4517,BOGO,0.2,True,7.49
4518,Flash Sale,0.15,True,12.04
4519,BOGO,0.2,False,0.0
4520,Holiday Sale,0.1,False,0.0
4521,BOGO,0.2,False,0.0
4522,BOGO,0.2,True,12.88
4523,BOGO,0.2,True,14.24
4524,Holiday Sale,0.1,False,0.0
4525,New Year Promo,0.25,True,16.44
4526,Summer Sale,0.3,False,0.0
4527,BOGO,0.2,True,8.7
4528,Flash Sale,0.15,True,10.21
4529,Summer Sale,0.3,True,16.98
4530,Summer Sale,0.3,True,11.06
4531,New Year Promo,0.25,False,0.0
4532,Summer Sale,0.3,False,0.0
4533,Summer Sale,0.3,False,0.0
4534,New Year Promo,0.25,True,8.71
4535,Summer Sale,0.3,False,0.0
4536,New Year Promo,0.25,False,0.0
4537,Summer Sale,0.3,True,12.37
4538,New Year Promo,0.25,False,0.0
4539,Flash Sale,0.15,False,0.0
4540,New Year Promo,0.25,False,0.0
4541,BOGO,0.2,False,0.0
4542,New Year Promo,0.25,False,0.0
4543,Holiday Sale,0.1,False,0.0
4544,New Year Promo,0.25,False,0.0
4545,Summer Sale,0.3,False,0.0
4546,Holiday Sale,0.1,True,12.39
4547,Summer Sale,0.3,False,0.0
4548,BOGO,0.2,False,0.0
4549,BOGO,0.2,True,7.58
4550,BOGO,0.2,True,14.93
4551,Summer Sale,0.3,False,0.0
4552,Holiday Sale,0.1,False,0.0
4553,Holiday Sale,0.1,False,0.0
4554,Holiday Sale,0.1,True,8.42
4555,Holiday Sale,0.1,False,0.0
4556,Flash Sale,0.15,False,0.0
4557,BOGO,0.2,True,10.74
4558,Flash Sale,0.15,True,8.88
4559,New Year Promo,0.25,True,20.79
4560,New Year Promo,0.25,True,20.12
4561,New Year Promo,0.25,True,14.23
4562,Holiday Sale,0.1,False,0.0
4563,Summer Sale,0.3,True,41.96
4564,Holiday Sale,0.1,False,0.0
4565,Flash Sale,0.15,False,0.0
4566,Flash Sale,0.15,False,0.0
4567,Summer Sale,0.3,True,9.19
4568,New Year Promo,0.25,False,0.0
4569,Summer Sale,0.3,False,0.0
4570,New Year Promo,0.25,True,24.91
4571,Holiday Sale,0.1,False,0.0
4572,New Year Promo,0.25,False,0.0
4573,Flash Sale,0.15,True,6.17
4574,Flash Sale,0.15,False,0.0
4575,Flash Sale,0.15,True,8.99
4576,Summer Sale,0.3,False,0.0
4577,Holiday Sale,0.1,False,0.0
4578,Holiday Sale,0.1,False,0.0
4579,BOGO,0.2,True,23.69
4580,New Year Promo,0.25,True,12.24
4581,New Year Promo,0.25,False,0.0
4582,Flash Sale,0.15,False,0.0
4583,New Year Promo,0.25,True,14.04
4584,BOGO,0.2,False,0.0
4585,BOGO,0.2,True,10.63
4586,Holiday Sale,0.1,True,8.91
4587,New Year Promo,0.25,True,9.39
4588,New Year Promo,0.25,True,10.85
4589,BOGO,0.2,False,0.0
4590,BOGO,0.2,False,0.0
4591,Holiday Sale,0.1,False,0.0
4592,Holiday Sale,0.1,False,0.0
4593,New Year Promo,0.25,True,16.63
4594,Flash Sale,0.15,False,0.0
4595,Summer Sale,0.3,False,0.0
4596,Holiday Sale,0.1,True,6.32
4597,Flash Sale,0.15,True,6.81
4598,BOGO,0.2,False,0.0
4599,BOGO,0.2,False,0.0
4600,New Year Promo,0.25,False,0.0
4601,Holiday Sale,0.1,False,0.0
4602,Summer Sale,0.3,True,16.04
4603,New Year Promo,0.25,True,20.3
4604,Flash Sale,0.15,False,0.0
4605,Flash Sale,0.15,True,8.29
4606,Flash Sale,0.15,True,12.75
4607,BOGO,0.2,True,14.36
4608,Summer Sale,0.3,False,0.0
4609,Holiday Sale,0.1,False,0.0
4610,Flash Sale,0.15,True,4.47
4611,BOGO,0.2,False,0.0
4612,Summer Sale,0.3,False,0.0
4613,Flash Sale,0.15,False,0.0
4614,BOGO,0.2,False,0.0
4615,Holiday Sale,0.1,False,0.0
4616,Flash Sale,0.15,False,0.0
4617,BOGO,0.2,True,25.55
4618,New Year Promo,0.25,False,0.0
4619,BOGO,0.2,False,0.0
4620,Flash Sale,0.15,False,0.0
4621,New Year Promo,0.25,True,22.19
4622,New Year Promo,0.25,False,0.0
4623,Holiday Sale,0.1,True,4.01
4624,Summer Sale,0.3,False,0.0
4625,Holiday Sale,0.1,True,7.91
4626,BOGO,0.2,True,10.82
4627,New Year Promo,0.25,True,7.34
4628,BOGO,0.2,True,21.22
4629,Summer Sale,0.3,True,20.05
4630,New Year Promo,0.25,False,0.0
4631,Holiday Sale,0.1,False,0.0
4632,BOGO,0.2,True,13.32
4633,New Year Promo,0.25,True,19.82
4634,New Year Promo,0.25,False,0.0
4635,BOGO,0.2,False,0.0
4636,Flash Sale,0.15,True,16.62
4637,Holiday Sale,0.1,True,3.59
4638,New Year Promo,0.25,False,0.0
4639,Summer Sale,0.3,True,16.07
4640,New Year Promo,0.25,True,18.38
4641,Summer Sale,0.3,False,0.0
4642,Summer Sale,0.3,False,0.0
4643,New Year Promo,0.25,True,15.83
4644,Flash Sale,0.15,True,5.18
4645,BOGO,0.2,False,0.0
4646,Summer Sale,0.3,False,0.0
4647,Summer Sale,0.3,False,0.0
4648,Holiday Sale,0.1,False,0.0
4649,BOGO,0.2,True,16.53
4650,New Year Promo,0.25,True,10.62
4651,Summer Sale,0.3,False,0.0
4652,BOGO,0.2,True,11.04
4653,Holiday Sale,0.1,False,0.0
4654,Holiday Sale,0.1,True,6.31
4655,BOGO,0.2,False,0.0
4656,Holiday Sale,0.1,False,0.0
4657,New Year Promo,0.25,True,26.43
4658,BOGO,0.2,True,30.08
4659,Holiday Sale,0.1,True,2.84
4660,Summer Sale,0.3,False,0.0
4661,New Year Promo,0.25,True,13.98
4662,Holiday Sale,0.1,True,8.23
4663,New Year Promo,0.25,False,0.0
4664,Summer Sale,0.3,True,23.48
4665,New Year Promo,0.25,True,19.61
4666,Holiday Sale,0.1,False,0.0
4667,BOGO,0.2,True,5.12
4668,Summer Sale,0.3,False,0.0
4669,New Year Promo,0.25,False,0.0
4670,Holiday Sale,0.1,False,0.0
4671,Flash Sale,0.15,False,0.0
4672,Summer Sale,0.3,False,0.0
4673,New Year Promo,0.25,True,12.92
4674,BOGO,0.2,True,7.77
4675,Holiday Sale,0.1,False,0.0
4676,BOGO,0.2,True,10.9
4677,Flash Sale,0.15,True,6.8
4678,Summer Sale,0.3,True,33.06
4679,BOGO,0.2,True,9.18
4680,Holiday Sale,0.1,True,5.47
4681,Summer Sale,0.3,True,9.27
4682,Summer Sale,0.3,False,0.0
4683,Summer Sale,0.3,False,0.0
4684,New Year Promo,0.25,False,0.0
4685,Holiday Sale,0.1,True,3.81
4686,Holiday Sale,0.1,False,0.0
4687,Summer Sale,0.3,False,0.0
4688,Holiday Sale,0.1,False,0.0
4689,BOGO,0.2,False,0.0
4690,Flash Sale,0.15,True,19.8
4691,Flash Sale,0.15,False,0.0
4692,New Year Promo,0.25,False,0.0
4693,New Year Promo,0.25,False,0.0
4694,Holiday Sale,0.1,False,0.0
4695,Holiday Sale,0.1,False,0.0
4696,Holiday Sale,0.1,True,8.73
4697,Flash Sale,0.15,True,6.87
4698,Summer Sale,0.3,False,0.0
4699,Summer Sale,0.3,False,0.0
4700,Summer Sale,0.3,True,50.07
4701,New Year Promo,0.25,True,7.95
4702,Flash Sale,0.15,True,5.78
4703,Flash Sale,0.15,False,0.0
4704,Holiday Sale,0.1,True,5.18
4705,Holiday Sale,0.1,False,0.0
4706,Holiday Sale,0.1,True,3.3
4707,BOGO,0.2,True,8.76
4708,BOGO,0.2,False,0.0
4709,Summer Sale,0.3,True,18.46
4710,Holiday Sale,0.1,True,6.26
4711,Flash Sale,0.15,True,10.39
4712,Flash Sale,0.15,False,0.0
4713,New Year Promo,0.25,False,0.0
4714,Holiday Sale,0.1,True,5.23
4715,BOGO,0.2,True,10.34
4716,Holiday Sale,0.1,False,0.0
4717,Summer Sale,0.3,True,21.53
4718,Flash Sale,0.15,True,30.46
4719,Summer Sale,0.3,True,12.28
4720,Holiday Sale,0.1,False,0.0
4721,Flash Sale,0.15,False,0.0
4722,BOGO,0.2,False,0.0
4723,Holiday Sale,0.1,True,3.41
4724,Flash Sale,0.15,False,0.0
4725,Flash Sale,0.15,False,0.0
4726,BOGO,0.2,False,0.0
4727,BOGO,0.2,True,12.47
4728,BOGO,0.2,False,0.0
4729,Flash Sale,0.15,True,11.56
4730,BOGO,0.2,False,0.0
4731,BOGO,0.2,True,6.8
4732,New Year Promo,0.25,True,10.43
4733,BOGO,0.2,True,11.52
4734,BOGO,0.2,True,19.67
4735,Flash Sale,0.15,False,0.0
4736,BOGO,0.2,False,0.0
4737,Summer Sale,0.3,True,15.69
4738,Flash Sale,0.15,True,3.54
4739,BOGO,0.2,False,0.0
4740,New Year Promo,0.25,True,10.99
4741,Summer Sale,0.3,True,12.31
4742,Summer Sale,0.3,False,0.0
4743,New Year Promo,0.25,False,0.0
4744,Holiday Sale,0.1,True,31.55
4745,New Year Promo,0.25,False,0.0
4746,BOGO,0.2,False,0.0
4747,BOGO,0.2,True,5.73
4748,BOGO,0.2,True,10.3
4749,New Year Promo,0.25,True,8.39
4750,New Year Promo,0.25,True,32.43
4751,Holiday Sale,0.1,False,0.0
4752,New Year Promo,0.25,True,21.91
4753,New Year Promo,0.25,True,13.68
4754,Flash Sale,0.15,False,0.0
4755,Flash Sale,0.15,False,0.0
4756,Holiday Sale,0.1,True,8.68
4757,Flash Sale,0.15,True,7.28
4758,Holiday Sale,0.1,True,6.08
4759,Flash Sale,0.15,False,0.0
4760,Summer Sale,0.3,True,33.86
4761,Flash Sale,0.15,False,0.0
4762,Flash Sale,0.15,True,18.05
4763,BOGO,0.2,False,0.0
4764,Flash Sale,0.15,False,0.0
4765,New Year Promo,0.25,False,0.0
4766,New Year Promo,0.25,False,0.0
4767,Holiday Sale,0.1,True,6.8
4768,Holiday Sale,0.1,True,4.45
4769,Flash Sale,0.15,True,6.72
4770,BOGO,0.2,False,0.0
4771,Flash Sale,0.15,False,0.0
4772,Summer Sale,0.3,True,10.43
4773,Summer Sale,0.3,True,15.3
4774,Holiday Sale,0.1,True,6.31
4775,Flash Sale,0.15,False,0.0
4776,Summer Sale,0.3,True,25.85
4777,Holiday Sale,0.1,False,0.0
4778,Flash Sale,0.15,False,0.0
4779,New Year Promo,0.25,True,12.19
4780,Holiday Sale,0.1,False,0.0
4781,Flash Sale,0.15,False,0.0
4782,Summer Sale,0.3,False,0.0
4783,BOGO,0.2,False,0.0
4784,Flash Sale,0.15,False,0.0
4785,BOGO,0.2,False,0.0
4786,Flash Sale,0.15,False,0.0
4787,Flash Sale,0.15,True,12.69
4788,BOGO,0.2,True,13.32
4789,Holiday Sale,0.1,False,0.0
4790,Flash Sale,0.15,True,4.68
4791,Summer Sale,0.3,False,0.0
4792,New Year Promo,0.25,True,25.97
4793,BOGO,0.2,True,9.38
4794,Flash Sale,0.15,True,4.68
4795,BOGO,0.2,True,7.98
4796,Flash Sale,0.15,True,14.17
4797,Holiday Sale,0.1,True,4.01
4798,Flash Sale,0.15,False,0.0
4799,Flash Sale,0.15,True,3.75
4800,Holiday Sale,0.1,True,4.27
4801,Flash Sale,0.15,True,5.04
4802,BOGO,0.2,True,6.26
4803,Holiday Sale,0.1,True,7.94
4804,New Year Promo,0.25,False,0.0
4805,Summer Sale,0.3,True,21.39
4806,Holiday Sale,0.1,False,0.0
4807,Holiday Sale,0.1,True,5.45
4808,Holiday Sale,0.1,True,11.78
4809,BOGO,0.2,False,0.0
4810,Summer Sale,0.3,False,0.0
4811,Flash Sale,0.15,True,4.08
4812,BOGO,0.2,True,12.77
4813,New Year Promo,0.25,False,0.0
4814,New Year Promo,0.25,False,0.0
4815,Flash Sale,0.15,False,0.0
4816,Flash Sale,0.15,True,9.72
4817,Flash Sale,0.15,True,19.88
4818,Summer Sale,0.3,False,0.0
4819,Holiday Sale,0.1,True,5.9
4820,Flash Sale,0.15,False,0.0
4821,Flash Sale,0.15,False,0.0
4822,Holiday Sale,0.1,False,0.0
4823,Holiday Sale,0.1,True,3.15
4824,Summer Sale,0.3,True,10.49
4825,Holiday Sale,0.1,False,0.0
4826,New Year Promo,0.25,True,11.15
4827,Summer Sale,0.3,False,0.0
4828,Summer Sale,0.3,True,11.08
4829,Flash Sale,0.15,False,0.0
4830,BOGO,0.2,False,0.0
4831,Flash Sale,0.15,True,7.61
4832,New Year Promo,0.25,True,14.08
4833,Summer Sale,0.3,True,15.49
4834,Flash Sale,0.15,False,0.0
4835,Flash Sale,0.15,False,0.0
4836,Holiday Sale,0.1,False,0.0
4837,Flash Sale,0.15,False,0.0
4838,New Year Promo,0.25,True,7.4
4839,New Year Promo,0.25,False,0.0
4840,BOGO,0.2,True,7.78
4841,Holiday Sale,0.1,True,11.3
4842,New Year Promo,0.25,True,24.91
4843,Holiday Sale,0.1,False,0.0
4844,Flash Sale,0.15,False,0.0
4845,Summer Sale,0.3,True,10.64
4846,Summer Sale,0.3,False,0.0
4847,BOGO,0.2,True,12.65
4848,New Year Promo,0.25,True,11.15
4849,Holiday Sale,0.1,False,0.0
4850,Flash Sale,0.15,False,0.0
4851,Holiday Sale,0.1,True,9.96
4852,Flash Sale,0.15,True,12.01
4853,New Year Promo,0.25,False,0.0
4854,Flash Sale,0.15,False,0.0
4855,Flash Sale,0.15,True,5.96
4856,BOGO,0.2,False,0.0
4857,Flash Sale,0.15,True,5.36
4858,Flash Sale,0.15,True,18.41
4859,BOGO,0.2,False,0.0
4860,Flash Sale,0.15,False,0.0
4861,BOGO,0.2,False,0.0
4862,New Year Promo,0.25,True,16.6
4863,Holiday Sale,0.1,True,4.08
4864,Holiday Sale,0.1,True,3.69
4865,Flash Sale,0.15,False,0.0
4866,BOGO,0.2,False,0.0
4867,BOGO,0.2,True,6.22
4868,Holiday Sale,0.1,False,0.0
4869,Summer Sale,0.3,True,32.33
4870,Flash Sale,0.15,True,10.5
4871,BOGO,0.2,True,6.33
4872,BOGO,0.2,False,0.0
4873,Holiday Sale,0.1,False,0.0
4874,BOGO,0.2,False,0.0
4875,Summer Sale,0.3,True,8.96
4876,BOGO,0.2,True,11.27
4877,Summer Sale,0.3,True,21.28
4878,Holiday Sale,0.1,False,0.0
4879,Flash Sale,0.15,True,6.65
4880,New Year Promo,0.25,True,16.25
4881,Holiday Sale,0.1,False,0.0
4882,BOGO,0.2,True,7.77
4883,BOGO,0.2,True,14.53
4884,New Year Promo,0.25,False,0.0
4885,Holiday Sale,0.1,False,0.0
4886,Flash Sale,0.15,True,11.06
4887,Holiday Sale,0.1,False,0.0
4888,BOGO,0.2,True,10.35
4889,Summer Sale,0.3,False,0.0
4890,Summer Sale,0.3,False,0.0
4891,Summer Sale,0.3,False,0.0
4892,Holiday Sale,0.1,False,0.0
4893,Holiday Sale,0.1,True,14.67
4894,BOGO,0.2,False,0.0
4895,New Year Promo,0.25,False,0.0
4896,Summer Sale,0.3,True,10.57
4897,New Year Promo,0.25,False,0.0
4898,New Year Promo,0.25,True,20.95
4899,Flash Sale,0.15,False,0.0
4900,Holiday Sale,0.1,False,0.0
4901,New Year Promo,0.25,False,0.0
4902,New Year Promo,0.25,False,0.0
4903,BOGO,0.2,False,0.0
4904,Flash Sale,0.15,False,0.0
4905,New Year Promo,0.25,False,0.0
4906,New Year Promo,0.25,True,16.7
4907,Summer Sale,0.3,True,31.42
4908,BOGO,0.2,False,0.0
4909,New Year Promo,0.25,False,0.0
4910,Summer Sale,0.3,True,25.99
4911,Holiday Sale,0.1,True,7.85
4912,Flash Sale,0.15,False,0.0
4913,Holiday Sale,0.1,True,5.61
4914,Holiday Sale,0.1,True,3.43
4915,Flash Sale,0.15,False,0.0
4916,Summer Sale,0.3,True,16.67
4917,Flash Sale,0.15,False,0.0
4918,BOGO,0.2,False,0.0
4919,Holiday Sale,0.1,False,0.0
4920,Holiday Sale,0.1,False,0.0
4921,Flash Sale,0.15,True,14.45
4922,BOGO,0.2,False,0.0
4923,Summer Sale,0.3,False,0.0
4924,Holiday Sale,0.1,True,6.85
4925,Summer Sale,0.3,True,9.55
4926,Holiday Sale,0.1,False,0.0
4927,Flash Sale,0.15,False,0.0
4928,Summer Sale,0.3,False,0.0
4929,BOGO,0.2,True,11.62
4930,Flash Sale,0.15,True,9.66
4931,New Year Promo,0.25,False,0.0
4932,Summer Sale,0.3,False,0.0
4933,Flash Sale,0.15,True,13.14
4934,New Year Promo,0.25,False,0.0
4935,BOGO,0.2,True,7.51
4936,New Year Promo,0.25,False,0.0
4937,New Year Promo,0.25,False,0.0
4938,Summer Sale,0.3,True,21.55
4939,Summer Sale,0.3,True,21.81
4940,Flash Sale,0.15,True,11.42
4941,Flash Sale,0.15,False,0.0
4942,New Year Promo,0.25,False,0.0
4943,Summer Sale,0.3,False,0.0
4944,New Year Promo,0.25,True,9.38
4945,BOGO,0.2,False,0.0
4946,BOGO,0.2,True,12.52
4947,New Year Promo,0.25,True,12.73
4948,Summer Sale,0.3,True,15.96
4949,BOGO,0.2,True,12.36
4950,Holiday Sale,0.1,True,7.79
4951,Summer Sale,0.3,False,0.0
4952,Flash Sale,0.15,True,15.74
4953,New Year Promo,0.25,False,0.0
4954,Summer Sale,0.3,True,15.74
4955,BOGO,0.2,True,7.47
4956,Summer Sale,0.3,True,23.5
4957,New Year Promo,0.25,False,0.0
4958,Summer Sale,0.3,False,0.0
4959,Holiday Sale,0.1,True,3.5
4960,Flash Sale,0.15,False,0.0
4961,Summer Sale,0.3,True,14.55
4962,Flash Sale,0.15,False,0.0
4963,BOGO,0.2,False,0.0
4964,Holiday Sale,0.1,True,6.34
4965,Flash Sale,0.15,True,5.44
4966,Holiday Sale,0.1,False,0.0
4967,New Year Promo,0.25,True,33.06
4968,Flash Sale,0.15,False,0.0
4969,Holiday Sale,0.1,True,7.55
4970,Holiday Sale,0.1,False,0.0
4971,BOGO,0.2,False,0.0
4972,BOGO,0.2,True,10.08
4973,New Year Promo,0.25,True,13.12
4974,Summer Sale,0.3,False,0.0
4975,Holiday Sale,0.1,True,3.82
4976,Summer Sale,0.3,True,11.2
4977,New Year Promo,0.25,False,0.0
4978,New Year Promo,0.25,True,8.78
4979,Summer Sale,0.3,False,0.0
4980,Summer Sale,0.3,False,0.0
4981,Holiday Sale,0.1,True,10.65
4982,Flash Sale,0.15,False,0.0
4983,Summer Sale,0.3,False,0.0
4984,Holiday Sale,0.1,False,0.0
4985,Flash Sale,0.15,False,0.0
4986,Holiday Sale,0.1,True,3.27
4987,Flash Sale,0.15,False,0.0
4988,Flash Sale,0.15,True,9.58
4989,Summer Sale,0.3,True,34.82
4990,New Year Promo,0.25,True,16.49
4991,BOGO,0.2,True,20.47
4992,New Year Promo,0.25,True,12.81
4993,Flash Sale,0.15,False,0.0
4994,New Year Promo,0.25,True,10.83
4995,Flash Sale,0.15,True,6.5
4996,Flash Sale,0.15,True,18.07
4997,New Year Promo,0.25,True,8.72
4998,Flash Sale,0.15,False,0.0
4999,Flash Sale,0.15,False,0.0
5000,New Year Promo,0.25,False,0.0
5001,BOGO,0.2,False,0.0
5002,Flash Sale,0.15,True,4.81
5003,Holiday Sale,0.1,True,5.09
5004,New Year Promo,0.25,False,0.0
5005,Flash Sale,0.15,True,12.25
5006,Holiday Sale,0.1,False,0.0
5007,Flash Sale,0.15,True,10.55
5008,Flash Sale,0.15,False,0.0
5009,BOGO,0.2,True,7.65
5010,Flash Sale,0.15,True,5.62
5011,BOGO,0.2,False,0.0
5012,Holiday Sale,0.1,True,8.06
5013,Summer Sale,0.3,False,0.0
5014,BOGO,0.2,True,16.82
5015,Holiday Sale,0.1,True,4.4
5016,Summer Sale,0.3,True,12.27
5017,Flash Sale,0.15,False,0.0
5018,New Year Promo,0.25,False,0.0
5019,Summer Sale,0.3,True,17.38
5020,Holiday Sale,0.1,True,6.44
5021,Summer Sale,0.3,False,0.0
5022,New Year Promo,0.25,True,8.87
5023,Holiday Sale,0.1,True,12.27
5024,New Year Promo,0.25,False,0.0
5025,BOGO,0.2,True,14.0
5026,BOGO,0.2,False,0.0
5027,Holiday Sale,0.1,False,0.0
5028,Summer Sale,0.3,False,0.0
5029,Summer Sale,0.3,True,12.12
5030,Summer Sale,0.3,False,0.0
5031,Holiday Sale,0.1,True,3.82
5032,Flash Sale,0.15,True,10.09
5033,Summer Sale,0.3,False,0.0
5034,Summer Sale,0.3,False,0.0
5035,Summer Sale,0.3,False,0.0
5036,BOGO,0.2,True,5.94
5037,Flash Sale,0.15,True,8.9
5038,Holiday Sale,0.1,True,12.75
5039,Holiday Sale,0.1,True,10.54
5040,New Year Promo,0.25,False,0.0
5041,Holiday Sale,0.1,True,7.33
5042,BOGO,0.2,False,0.0
5043,Summer Sale,0.3,True,8.12
5044,Summer Sale,0.3,True,20.09
5045,Flash Sale,0.15,False,0.0
5046,Holiday Sale,0.1,False,0.0
5047,New Year Promo,0.25,True,7.85
5048,Flash Sale,0.15,False,0.0
5049,BOGO,0.2,True,9.43
5050,BOGO,0.2,False,0.0
5051,BOGO,0.2,False,0.0
5052,Summer Sale,0.3,False,0.0
5053,New Year Promo,0.25,False,0.0
5054,New Year Promo,0.25,False,0.0
5055,Holiday Sale,0.1,False,0.0
5056,New Year Promo,0.25,False,0.0
5057,BOGO,0.2,False,0.0
5058,Flash Sale,0.15,True,6.91
5059,Holiday Sale,0.1,True,4.63
5060,Summer Sale,0.3,True,8.67
5061,Summer Sale,0.3,True,42.81
5062,Summer Sale,0.3,False,0.0
5063,Holiday Sale,0.1,True,5.16
5064,Holiday Sale,0.1,False,0.0
5065,New Year Promo,0.25,True,11.22
5066,New Year Promo,0.25,False,0.0
5067,New Year Promo,0.25,False,0.0
5068,BOGO,0.2,True,8.56
5069,BOGO,0.2,True,14.7
5070,BOGO,0.2,True,8.81
5071,BOGO,0.2,True,13.44
5072,Summer Sale,0.3,True,15.39
5073,Holiday Sale,0.1,False,0.0
5074,Flash Sale,0.15,True,6.1
5075,Summer Sale,0.3,True,40.24
5076,BOGO,0.2,False,0.0
5077,Flash Sale,0.15,True,9.74
5078,New Year Promo,0.25,True,8.62
5079,BOGO,0.2,False,0.0
5080,Summer Sale,0.3,True,13.85
5081,New Year Promo,0.25,True,12.38
5082,New Year Promo,0.25,False,0.0
5083,New Year Promo,0.25,True,18.49
5084,Holiday Sale,0.1,False,0.0
5085,New Year Promo,0.25,True,15.56
5086,New Year Promo,0.25,True,14.67
5087,Flash Sale,0.15,True,7.21
5088,BOGO,0.2,True,7.34
5089,Summer Sale,0.3,False,0.0
5090,Holiday Sale,0.1,False,0.0
5091,Summer Sale,0.3,False,0.0
5092,Holiday Sale,0.1,False,0.0
5093,New Year Promo,0.25,True,20.27
5094,BOGO,0.2,False,0.0
5095,New Year Promo,0.25,True,8.68
5096,Flash Sale,0.15,False,0.0
5097,Summer Sale,0.3,True,23.49
5098,BOGO,0.2,True,8.25
5099,Flash Sale,0.15,False,0.0
5100,BOGO,0.2,True,6.33
5101,Holiday Sale,0.1,False,0.0
5102,BOGO,0.2,True,8.48
5103,Flash Sale,0.15,True,9.44
5104,New Year Promo,0.25,False,0.0
5105,Summer Sale,0.3,True,10.08
5106,Summer Sale,0.3,False,0.0
5107,BOGO,0.2,True,4.62
5108,New Year Promo,0.25,True,10.93
5109,Summer Sale,0.3,True,17.22
5110,New Year Promo,0.25,True,26.74
5111,New Year Promo,0.25,True,28.32
5112,Summer Sale,0.3,True,22.39
5113,Summer Sale,0.3,False,0.0
5114,New Year Promo,0.25,True,12.34
5115,Flash Sale,0.15,False,0.0
5116,Summer Sale,0.3,False,0.0
5117,New Year Promo,0.25,False,0.0
5118,Flash Sale,0.15,False,0.0
5119,Summer Sale,0.3,True,13.58
5120,Holiday Sale,0.1,True,4.37
5121,BOGO,0.2,False,0.0
5122,Holiday Sale,0.1,False,0.0
5123,New Year Promo,0.25,True,8.43
5124,Summer Sale,0.3,True,10.74
5125,New Year Promo,0.25,True,17.43
5126,Flash Sale,0.15,False,0.0
5127,Holiday Sale,0.1,True,6.73
5128,Summer Sale,0.3,False,0.0
5129,BOGO,0.2,False,0.0
5130,Flash Sale,0.15,True,11.94
5131,BOGO,0.2,True,10.88
5132,Summer Sale,0.3,False,0.0
5133,Flash Sale,0.15,True,5.59
5134,Summer Sale,0.3,True,11.71
5135,BOGO,0.2,True,21.74
5136,Holiday Sale,0.1,True,2.9
5137,Flash Sale,0.15,True,8.69
5138,Summer Sale,0.3,True,12.16
5139,New Year Promo,0.25,False,0.0
5140,New Year Promo,0.25,True,21.09
5141,Holiday Sale,0.1,False,0.0
5142,Holiday Sale,0.1,True,3.68
5143,Holiday Sale,0.1,True,8.07
5144,New Year Promo,0.25,True,31.87
5145,Holiday Sale,0.1,False,0.0
5146,Summer Sale,0.3,False,0.0
5147,BOGO,0.2,True,8.35
5148,Summer Sale,0.3,True,28.37
5149,BOGO,0.2,False,0.0
5150,New Year Promo,0.25,False,0.0
5151,Holiday Sale,0.1,True,5.81
5152,Flash Sale,0.15,False,0.0
5153,Summer Sale,0.3,True,19.79
5154,New Year Promo,0.25,True,11.66
5155,New Year Promo,0.25,False,0.0
5156,BOGO,0.2,False,0.0
5157,Holiday Sale,0.1,False,0.0
5158,Flash Sale,0.15,False,0.0
5159,Summer Sale,0.3,False,0.0
5160,New Year Promo,0.25,True,20.96
5161,BOGO,0.2,True,6.07
5162,Holiday Sale,0.1,False,0.0
5163,BOGO,0.2,True,5.75
5164,BOGO,0.2,False,0.0
5165,Flash Sale,0.15,True,5.22
5166,New Year Promo,0.25,False,0.0
5167,Summer Sale,0.3,False,0.0
5168,Holiday Sale,0.1,False,0.0
5169,BOGO,0.2,True,31.13
5170,BOGO,0.2,False,0.0
5171,Summer Sale,0.3,False,0.0
5172,New Year Promo,0.25,False,0.0
5173,Flash Sale,0.15,True,5.67
5174,Flash Sale,0.15,True,4.38
5175,New Year Promo,0.25,False,0.0
5176,Flash Sale,0.15,True,11.09
5177,BOGO,0.2,True,13.07
5178,New Year Promo,0.25,True,9.8
5179,Flash Sale,0.15,True,7.85
5180,Summer Sale,0.3,True,28.59
5181,Summer Sale,0.3,False,0.0
5182,Holiday Sale,0.1,False,0.0
5183,Flash Sale,0.15,False,0.0
5184,New Year Promo,0.25,True,41.93
5185,New Year Promo,0.25,True,13.39
5186,Flash Sale,0.15,True,12.44
5187,Flash Sale,0.15,False,0.0
5188,Summer Sale,0.3,False,0.0
5189,Flash Sale,0.15,True,8.47
5190,Summer Sale,0.3,True,12.34
5191,Holiday Sale,0.1,False,0.0
5192,Summer Sale,0.3,False,0.0
5193,New Year Promo,0.25,False,0.0
5194,New Year Promo,0.25,True,28.68
5195,New Year Promo,0.25,True,7.02
5196,New Year Promo,0.25,True,11.51
5197,Holiday Sale,0.1,True,5.61
5198,Summer Sale,0.3,False,0.0
5199,BOGO,0.2,False,0.0
5200,New Year Promo,0.25,True,19.17
5201,Flash Sale,0.15,False,0.0
5202,BOGO,0.2,True,24.63
5203,BOGO,0.2,True,16.34
5204,New Year Promo,0.25,False,0.0
5205,Flash Sale,0.15,False,0.0
5206,BOGO,0.2,True,8.19
5207,New Year Promo,0.25,True,18.98
5208,Holiday Sale,0.1,True,2.65
5209,Summer Sale,0.3,False,0.0
5210,Holiday Sale,0.1,False,0.0
5211,Flash Sale,0.15,True,9.68
5212,BOGO,0.2,False,0.0
5213,Flash Sale,0.15,False,0.0
5214,Holiday Sale,0.1,True,3.46
5215,New Year Promo,0.25,False,0.0
5216,Summer Sale,0.3,True,12.72
5217,Holiday Sale,0.1,False,0.0
5218,Flash Sale,0.15,True,7.85
5219,BOGO,0.2,False,0.0
5220,Holiday Sale,0.1,True,2.7
5221,Holiday Sale,0.1,True,5.45
5222,BOGO,0.2,False,0.0
5223,Flash Sale,0.15,False,0.0
5224,New Year Promo,0.25,False,0.0
5225,BOGO,0.2,False,0.0
5226,BOGO,0.2,False,0.0
5227,New Year Promo,0.25,True,12.38
5228,BOGO,0.2,True,28.57
5229,Summer Sale,0.3,True,10.79
5230,Flash Sale,0.15,True,7.74
5231,Summer Sale,0.3,False,0.0
5232,Flash Sale,0.15,True,3.15
5233,BOGO,0.2,False,0.0
5234,BOGO,0.2,True,14.27
5235,Holiday Sale,0.1,True,6.12
5236,Holiday Sale,0.1,False,0.0
5237,BOGO,0.2,True,12.22
5238,Holiday Sale,0.1,False,0.0
5239,Holiday Sale,0.1,False,0.0
5240,New Year Promo,0.25,False,0.0
5241,Summer Sale,0.3,True,45.41
5242,BOGO,0.2,False,0.0
5243,New Year Promo,0.25,True,12.61
5244,Summer Sale,0.3,True,27.24
5245,BOGO,0.2,True,33.81
5246,Holiday Sale,0.1,True,6.7
5247,Summer Sale,0.3,True,20.14
5248,BOGO,0.2,False,0.0
5249,Summer Sale,0.3,False,0.0
5250,Flash Sale,0.15,True,5.29
5251,Flash Sale,0.15,True,6.12
5252,BOGO,0.2,True,29.67
5253,Holiday Sale,0.1,True,5.23
5254,BOGO,0.2,False,0.0
5255,New Year Promo,0.25,True,19.59
5256,BOGO,0.2,False,0.0
5257,Flash Sale,0.15,True,4.9
5258,Flash Sale,0.15,False,0.0
5259,Summer Sale,0.3,False,0.0
5260,BOGO,0.2,False,0.0
5261,Flash Sale,0.15,False,0.0
5262,Holiday Sale,0.1,True,5.38
5263,Holiday Sale,0.1,True,5.79
5264,New Year Promo,0.25,True,14.2
5265,Flash Sale,0.15,True,23.57
5266,Summer Sale,0.3,True,13.89
5267,Holiday Sale,0.1,False,0.0
5268,New Year Promo,0.25,False,0.0
5269,Holiday Sale,0.1,True,6.79
5270,New Year Promo,0.25,False,0.0
5271,Holiday Sale,0.1,True,3.42
5272,Holiday Sale,0.1,False,0.0
5273,New Year Promo,0.25,True,8.14
5274,BOGO,0.2,False,0.0
5275,Flash Sale,0.15,True,4.09
5276,Holiday Sale,0.1,False,0.0
5277,BOGO,0.2,False,0.0
5278,New Year Promo,0.25,False,0.0
5279,Holiday Sale,0.1,True,7.5
5280,Flash Sale,0.15,False,0.0
5281,Flash Sale,0.15,True,12.98
5282,Flash Sale,0.15,True,6.21
5283,Summer Sale,0.3,True,22.31
5284,BOGO,0.2,False,0.0
5285,BOGO,0.2,False,0.0
5286,Flash Sale,0.15,True,7.73
5287,Holiday Sale,0.1,True,13.43
5288,BOGO,0.2,False,0.0
5289,New Year Promo,0.25,False,0.0
5290,Holiday Sale,0.1,True,5.55
5291,Summer Sale,0.3,False,0.0
5292,Flash Sale,0.15,True,5.7
5293,Flash Sale,0.15,True,5.61
5294,BOGO,0.2,False,0.0
5295,Summer Sale,0.3,True,20.94
5296,Holiday Sale,0.1,True,3.04
5297,BOGO,0.2,True,8.11
5298,Flash Sale,0.15,True,11.1
5299,BOGO,0.2,False,0.0
5300,Summer Sale,0.3,False,0.0
5301,New Year Promo,0.25,True,38.48
5302,Flash Sale,0.15,False,0.0
5303,Holiday Sale,0.1,False,0.0
5304,Holiday Sale,0.1,False,0.0
5305,BOGO,0.2,False,0.0
5306,BOGO,0.2,True,11.89
5307,Holiday Sale,0.1,False,0.0
5308,BOGO,0.2,False,0.0
5309,New Year Promo,0.25,False,0.0
5310,Flash Sale,0.15,False,0.0
5311,Flash Sale,0.15,False,0.0
5312,Holiday Sale,0.1,False,0.0
5313,Holiday Sale,0.1,True,7.03
5314,Holiday Sale,0.1,True,9.9
5315,New Year Promo,0.25,False,0.0
5316,Holiday Sale,0.1,False,0.0
5317,Flash Sale,0.15,False,0.0
5318,Holiday Sale,0.1,False,0.0
5319,Holiday Sale,0.1,True,2.92
5320,Holiday Sale,0.1,True,4.93
5321,Holiday Sale,0.1,True,5.97
5322,BOGO,0.2,True,7.01
5323,Flash Sale,0.15,False,0.0
5324,New Year Promo,0.25,True,28.92
5325,Summer Sale,0.3,True,10.47
5326,Summer Sale,0.3,False,0.0
5327,Summer Sale,0.3,False,0.0
5328,Flash Sale,0.15,False,0.0
5329,Flash Sale,0.15,True,4.71
5330,Holiday Sale,0.1,True,6.18
5331,New Year Promo,0.25,False,0.0
5332,BOGO,0.2,True,8.8
5333,Flash Sale,0.15,False,0.0
5334,BOGO,0.2,False,0.0
5335,Summer Sale,0.3,True,24.89
5336,Summer Sale,0.3,True,22.69
5337,BOGO,0.2,False,0.0
5338,Holiday Sale,0.1,False,0.0
5339,Summer Sale,0.3,True,21.95
5340,Summer Sale,0.3,False,0.0
5341,Holiday Sale,0.1,True,5.69
5342,Holiday Sale,0.1,True,15.59
5343,BOGO,0.2,False,0.0
5344,BOGO,0.2,True,7.13
5345,Summer Sale,0.3,False,0.0
5346,New Year Promo,0.25,True,11.69
5347,BOGO,0.2,False,0.0
5348,New Year Promo,0.25,True,8.72
5349,Holiday Sale,0.1,True,4.54
5350,Flash Sale,0.15,True,8.13
5351,New Year Promo,0.25,False,0.0
5352,BOGO,0.2,True,26.22
5353,Holiday Sale,0.1,False,0.0
5354,Holiday Sale,0.1,True,7.8
5355,New Year Promo,0.25,True,14.05
5356,BOGO,0.2,True,7.01
5357,BOGO,0.2,False,0.0
5358,Flash Sale,0.15,False,0.0
5359,Holiday Sale,0.1,True,6.88
5360,Holiday Sale,0.1,False,0.0
5361,New Year Promo,0.25,False,0.0
5362,Summer Sale,0.3,False,0.0
5363,Holiday Sale,0.1,True,6.42
5364,Holiday Sale,0.1,False,0.0
5365,BOGO,0.2,False,0.0
5366,New Year Promo,0.25,True,29.49
5367,Summer Sale,0.3,False,0.0
5368,Summer Sale,0.3,True,9.9
5369,New Year Promo,0.25,False,0.0
5370,Summer Sale,0.3,False,0.0
5371,BOGO,0.2,False,0.0
5372,New Year Promo,0.25,False,0.0
5373,Summer Sale,0.3,False,0.0
5374,Holiday Sale,0.1,False,0.0
5375,Summer Sale,0.3,False,0.0
5376,Holiday Sale,0.1,True,5.56
5377,Flash Sale,0.15,True,7.22
5378,Holiday Sale,0.1,False,0.0
5379,New Year Promo,0.25,True,15.45
5380,New Year Promo,0.25,True,12.41
5381,Summer Sale,0.3,False,0.0
5382,Flash Sale,0.15,True,9.07
5383,Summer Sale,0.3,False,0.0
5384,Holiday Sale,0.1,True,3.78
5385,BOGO,0.2,True,15.63
5386,Summer Sale,0.3,False,0.0
5387,Summer Sale,0.3,False,0.0
5388,Flash Sale,0.15,True,16.79
5389,Flash Sale,0.15,True,7.97
5390,Flash Sale,0.15,False,0.0
5391,BOGO,0.2,False,0.0
5392,Holiday Sale,0.1,True,5.2
5393,Summer Sale,0.3,True,25.06
5394,New Year Promo,0.25,True,13.3
5395,Flash Sale,0.15,False,0.0
5396,Summer Sale,0.3,False,0.0
5397,Holiday Sale,0.1,False,0.0
5398,BOGO,0.2,False,0.0
5399,BOGO,0.2,True,7.33
5400,Holiday Sale,0.1,True,6.79
5401,Summer Sale,0.3,True,10.64
5402,Flash Sale,0.15,True,12.69
5403,Flash Sale,0.15,True,13.96
5404,BOGO,0.2,False,0.0
5405,Holiday Sale,0.1,True,4.57
5406,Flash Sale,0.15,True,8.33
5407,New Year Promo,0.25,True,27.21
5408,Summer Sale,0.3,True,17.02
5409,New Year Promo,0.25,False,0.0
5410,Flash Sale,0.15,False,0.0
5411,Holiday Sale,0.1,True,5.02
5412,New Year Promo,0.25,False,0.0
5413,Holiday Sale,0.1,True,5.26
5414,BOGO,0.2,True,6.6
5415,Summer Sale,0.3,False,0.0
5416,Holiday Sale,0.1,False,0.0
5417,BOGO,0.2,True,15.94
5418,BOGO,0.2,False,0.0
5419,New Year Promo,0.25,True,9.65
5420,BOGO,0.2,True,7.94
5421,Summer Sale,0.3,True,16.11
5422,Holiday Sale,0.1,False,0.0
5423,Summer Sale,0.3,True,34.84
5424,New Year Promo,0.25,True,11.99
5425,BOGO,0.2,True,10.24
5426,BOGO,0.2,False,0.0
5427,Summer Sale,0.3,True,34.69
5428,BOGO,0.2,False,0.0
5429,Flash Sale,0.15,False,0.0
5430,New Year Promo,0.25,False,0.0
5431,Flash Sale,0.15,False,0.0
5432,New Year Promo,0.25,True,11.97
5433,BOGO,0.2,False,0.0
5434,Summer Sale,0.3,False,0.0
5435,Holiday Sale,0.1,True,5.69
5436,New Year Promo,0.25,False,0.0
5437,Summer Sale,0.3,False,0.0
5438,BOGO,0.2,True,13.84
5439,Summer Sale,0.3,True,11.79
5440,Holiday Sale,0.1,False,0.0
5441,Holiday Sale,0.1,True,4.36
5442,Holiday Sale,0.1,True,3.33
5443,Holiday Sale,0.1,False,0.0
5444,Summer Sale,0.3,True,30.27
5445,Flash Sale,0.15,False,0.0
5446,Summer Sale,0.3,False,0.0
5447,BOGO,0.2,False,0.0
5448,BOGO,0.2,True,9.58
5449,BOGO,0.2,True,10.6
5450,New Year Promo,0.25,True,8.79
5451,New Year Promo,0.25,False,0.0
5452,BOGO,0.2,False,0.0
5453,Holiday Sale,0.1,False,0.0
5454,BOGO,0.2,False,0.0
5455,New Year Promo,0.25,False,0.0
5456,New Year Promo,0.25,False,0.0
5457,Summer Sale,0.3,False,0.0
5458,New Year Promo,0.25,False,0.0
5459,Flash Sale,0.15,True,15.16
5460,Flash Sale,0.15,True,17.11
5461,New Year Promo,0.25,True,16.52
5462,BOGO,0.2,False,0.0
5463,Flash Sale,0.15,True,4.53
5464,BOGO,0.2,False,0.0
5465,Holiday Sale,0.1,False,0.0
5466,BOGO,0.2,False,0.0
5467,BOGO,0.2,True,11.03
5468,Flash Sale,0.15,False,0.0
5469,BOGO,0.2,True,14.54
5470,Summer Sale,0.3,True,13.4
5471,New Year Promo,0.25,False,0.0
5472,New Year Promo,0.25,True,6.75
5473,BOGO,0.2,True,8.39
5474,Summer Sale,0.3,True,19.99
5475,Flash Sale,0.15,False,0.0
5476,BOGO,0.2,False,0.0
5477,BOGO,0.2,False,0.0
5478,New Year Promo,0.25,True,11.12
5479,New Year Promo,0.25,False,0.0
5480,Holiday Sale,0.1,False,0.0
5481,Holiday Sale,0.1,True,11.41
5482,Holiday Sale,0.1,False,0.0
5483,BOGO,0.2,False,0.0
5484,New Year Promo,0.25,True,13.05
5485,Holiday Sale,0.1,True,5.12
5486,Holiday Sale,0.1,True,14.75
5487,Holiday Sale,0.1,True,3.67
5488,New Year Promo,0.25,True,15.23
5489,Summer Sale,0.3,False,0.0
5490,Flash Sale,0.15,True,8.47
5491,Holiday Sale,0.1,False,0.0
5492,New Year Promo,0.25,False,0.0
5493,Holiday Sale,0.1,False,0.0
5494,BOGO,0.2,False,0.0
5495,BOGO,0.2,False,0.0
5496,Flash Sale,0.15,False,0.0
5497,New Year Promo,0.25,True,9.27
5498,Summer Sale,0.3,True,18.94
5499,Holiday Sale,0.1,True,5.58
5500,Summer Sale,0.3,True,16.32
5501,BOGO,0.2,True,12.61
5502,BOGO,0.2,False,0.0
5503,Holiday Sale,0.1,False,0.0
5504,Flash Sale,0.15,False,0.0
5505,Holiday Sale,0.1,False,0.0
5506,New Year Promo,0.25,True,10.08
5507,Flash Sale,0.15,True,8.14
5508,Holiday Sale,0.1,True,3.52
5509,New Year Promo,0.25,True,10.29
5510,New Year Promo,0.25,True,13.08
5511,Flash Sale,0.15,True,6.65
5512,Holiday Sale,0.1,True,15.0
5513,Flash Sale,0.15,True,18.58
5514,BOGO,0.2,True,10.65
5515,Summer Sale,0.3,True,9.58
5516,BOGO,0.2,False,0.0
5517,Flash Sale,0.15,False,0.0
5518,New Year Promo,0.25,False,0.0
5519,Summer Sale,0.3,False,0.0
5520,BOGO,0.2,False,0.0
5521,New Year Promo,0.25,True,17.83
5522,Summer Sale,0.3,True,17.35
5523,New Year Promo,0.25,False,0.0
5524,BOGO,0.2,False,0.0
5525,Flash Sale,0.15,False,0.0
5526,Flash Sale,0.15,False,0.0
5527,Holiday Sale,0.1,True,6.38
5528,Summer Sale,0.3,False,0.0
5529,Flash Sale,0.15,False,0.0
5530,BOGO,0.2,True,12.52
5531,New Year Promo,0.25,True,11.76
5532,Holiday Sale,0.1,False,0.0
5533,Summer Sale,0.3,True,16.78
5534,BOGO,0.2,True,11.13
5535,Summer Sale,0.3,False,0.0
5536,Summer Sale,0.3,False,0.0
5537,BOGO,0.2,False,0.0
5538,New Year Promo,0.25,True,18.95
5539,New Year Promo,0.25,True,12.03
5540,Flash Sale,0.15,True,6.03
5541,Summer Sale,0.3,True,16.66
5542,BOGO,0.2,True,11.96
5543,New Year Promo,0.25,False,0.0
5544,New Year Promo,0.25,False,0.0
5545,New Year Promo,0.25,False,0.0
5546,Summer Sale,0.3,False,0.0
5547,Flash Sale,0.15,True,8.98
5548,Holiday Sale,0.1,True,2.9
5549,Summer Sale,0.3,True,13.09
5550,New Year Promo,0.25,False,0.0
5551,Summer Sale,0.3,False,0.0
5552,Holiday Sale,0.1,False,0.0
5553,Flash Sale,0.15,False,0.0
5554,Flash Sale,0.15,False,0.0
5555,Flash Sale,0.15,True,11.64
5556,Summer Sale,0.3,False,0.0
5557,Summer Sale,0.3,False,0.0
5558,New Year Promo,0.25,False,0.0
5559,Holiday Sale,0.1,False,0.0
5560,New Year Promo,0.25,False,0.0
5561,New Year Promo,0.25,True,21.87
5562,Flash Sale,0.15,True,13.49
5563,Holiday Sale,0.1,True,4.29
5564,New Year Promo,0.25,True,10.67
5565,Flash Sale,0.15,False,0.0
5566,Holiday Sale,0.1,True,4.61
5567,Flash Sale,0.15,False,0.0
5568,Summer Sale,0.3,True,14.16
5569,Summer Sale,0.3,True,17.41
5570,New Year Promo,0.25,True,23.07
5571,Flash Sale,0.15,True,12.94
5572,Summer Sale,0.3,True,10.58
5573,BOGO,0.2,True,17.31
5574,New Year Promo,0.25,True,17.44
5575,Holiday Sale,0.1,True,6.36
5576,Holiday Sale,0.1,True,4.75
5577,Holiday Sale,0.1,True,6.23
5578,Flash Sale,0.15,True,16.22
5579,Flash Sale,0.15,False,0.0
5580,Holiday Sale,0.1,True,5.57
5581,Summer Sale,0.3,False,0.0
5582,Holiday Sale,0.1,True,3.45
5583,Holiday Sale,0.1,True,7.69
5584,Holiday Sale,0.1,True,4.53
5585,New Year Promo,0.25,False,0.0
5586,Summer Sale,0.3,False,0.0
5587,BOGO,0.2,True,5.98
5588,New Year Promo,0.25,False,0.0
5589,Flash Sale,0.15,True,9.49
5590,BOGO,0.2,False,0.0
5591,BOGO,0.2,False,0.0
5592,Summer Sale,0.3,True,12.72
5593,Flash Sale,0.15,True,12.31
5594,Holiday Sale,0.1,True,9.03
5595,New Year Promo,0.25,True,8.63
5596,Holiday Sale,0.1,False,0.0
5597,Holiday Sale,0.1,False,0.0
5598,Holiday Sale,0.1,True,4.42
5599,Holiday Sale,0.1,False,0.0
5600,Flash Sale,0.15,False,0.0
5601,New Year Promo,0.25,True,10.28
5602,Flash Sale,0.15,False,0.0
5603,Holiday Sale,0.1,True,5.01
5604,New Year Promo,0.25,False,0.0
5605,New Year Promo,0.25,True,15.26
5606,Summer Sale,0.3,True,19.64
5607,Flash Sale,0.15,True,10.31
5608,New Year Promo,0.25,True,20.34
5609,New Year Promo,0.25,False,0.0
5610,BOGO,0.2,True,7.35
5611,BOGO,0.2,False,0.0
5612,BOGO,0.2,False,0.0
5613,Holiday Sale,0.1,False,0.0
5614,Flash Sale,0.15,False,0.0
5615,BOGO,0.2,True,7.58
5616,Summer Sale,0.3,True,24.46
5617,New Year Promo,0.25,False,0.0
5618,New Year Promo,0.25,False,0.0
5619,Summer Sale,0.3,True,15.72
5620,BOGO,0.2,False,0.0
5621,New Year Promo,0.25,False,0.0
5622,Summer Sale,0.3,True,22.11
5623,BOGO,0.2,True,17.97
5624,Summer Sale,0.3,True,13.78
5625,BOGO,0.2,False,0.0
5626,Holiday Sale,0.1,True,9.56
5627,New Year Promo,0.25,True,9.28
5628,Summer Sale,0.3,True,11.72
5629,BOGO,0.2,False,0.0
5630,Summer Sale,0.3,True,9.96
5631,Summer Sale,0.3,True,22.91
5632,Holiday Sale,0.1,True,5.68
5633,Flash Sale,0.15,False,0.0
5634,Flash Sale,0.15,False,0.0
5635,Summer Sale,0.3,True,11.47
5636,New Year Promo,0.25,False,0.0
5637,Holiday Sale,0.1,False,0.0
5638,Holiday Sale,0.1,True,10.3
5639,Summer Sale,0.3,False,0.0
5640,BOGO,0.2,True,7.72
5641,Flash Sale,0.15,False,0.0
5642,New Year Promo,0.25,True,23.0
5643,BOGO,0.2,False,0.0
5644,BOGO,0.2,False,0.0
5645,Holiday Sale,0.1,True,5.22
5646,Holiday Sale,0.1,False,0.0
5647,New Year Promo,0.25,True,7.41
5648,Summer Sale,0.3,True,13.4
5649,Holiday Sale,0.1,False,0.0
5650,Summer Sale,0.3,True,16.46
5651,Holiday Sale,0.1,False,0.0
5652,Summer Sale,0.3,True,15.71
5653,Holiday Sale,0.1,False,0.0
5654,BOGO,0.2,False,0.0
5655,New Year Promo,0.25,False,0.0
5656,Holiday Sale,0.1,True,4.05
5657,BOGO,0.2,True,10.11
5658,BOGO,0.2,True,16.45
5659,New Year Promo,0.25,True,28.92
5660,Holiday Sale,0.1,True,5.22
5661,New Year Promo,0.25,True,9.93
5662,New Year Promo,0.25,True,8.43
5663,BOGO,0.2,True,16.26
5664,Holiday Sale,0.1,True,6.36
5665,Summer Sale,0.3,True,18.82
5666,Holiday Sale,0.1,False,0.0
5667,Holiday Sale,0.1,False,0.0
5668,New Year Promo,0.25,False,0.0
5669,Summer Sale,0.3,True,10.97
5670,BOGO,0.2,False,0.0
5671,BOGO,0.2,True,16.12
5672,Holiday Sale,0.1,False,0.0
5673,Summer Sale,0.3,True,15.18
5674,BOGO,0.2,True,8.14
5675,BOGO,0.2,True,25.16
5676,Flash Sale,0.15,False,0.0
5677,New Year Promo,0.25,True,16.4
5678,Summer Sale,0.3,False,0.0
5679,BOGO,0.2,True,8.81
5680,BOGO,0.2,True,10.02
5681,Holiday Sale,0.1,True,4.61
5682,Summer Sale,0.3,True,16.48
5683,Flash Sale,0.15,False,0.0
5684,Flash Sale,0.15,False,0.0
5685,Flash Sale,0.15,False,0.0
5686,Flash Sale,0.15,False,0.0
5687,Summer Sale,0.3,True,18.7
5688,Flash Sale,0.15,True,8.8
5689,Summer Sale,0.3,False,0.0
5690,Holiday Sale,0.1,True,7.34
5691,New Year Promo,0.25,False,0.0
5692,BOGO,0.2,True,7.48
5693,New Year Promo,0.25,True,18.6
5694,New Year Promo,0.25,False,0.0
5695,BOGO,0.2,False,0.0
5696,Flash Sale,0.15,False,0.0
5697,Summer Sale,0.3,False,0.0
5698,BOGO,0.2,True,8.17
5699,Flash Sale,0.15,True,17.72
5700,Holiday Sale,0.1,False,0.0
5701,Holiday Sale,0.1,True,3.23
5702,BOGO,0.2,False,0.0
5703,BOGO,0.2,False,0.0
5704,New Year Promo,0.25,True,8.8
5705,BOGO,0.2,True,30.17
5706,BOGO,0.2,True,6.71
5707,Summer Sale,0.3,True,24.51
5708,Flash Sale,0.15,True,7.67
5709,Flash Sale,0.15,False,0.0
5710,Holiday Sale,0.1,False,0.0
5711,Flash Sale,0.15,False,0.0
5712,Flash Sale,0.15,True,28.8
5713,Summer Sale,0.3,True,11.28
5714,Holiday Sale,0.1,True,7.59
5715,Summer Sale,0.3,True,14.87
5716,Summer Sale,0.3,True,9.85
5717,Holiday Sale,0.1,True,3.67
5718,Summer Sale,0.3,True,14.1
5719,Flash Sale,0.15,True,5.17
5720,BOGO,0.2,False,0.0
5721,Holiday Sale,0.1,False,0.0
5722,New Year Promo,0.25,True,12.93
5723,BOGO,0.2,False,0.0
5724,Flash Sale,0.15,False,0.0
5725,New Year Promo,0.25,False,0.0
5726,Summer Sale,0.3,True,9.69
5727,Flash Sale,0.15,True,5.09
5728,Flash Sale,0.15,False,0.0
5729,BOGO,0.2,False,0.0
5730,New Year Promo,0.25,True,18.9
5731,Summer Sale,0.3,True,20.94
5732,New Year Promo,0.25,False,0.0
5733,New Year Promo,0.25,True,11.34
5734,Holiday Sale,0.1,False,0.0
5735,Flash Sale,0.15,True,7.16
5736,Holiday Sale,0.1,False,0.0
5737,Summer Sale,0.3,False,0.0
5738,BOGO,0.2,False,0.0
5739,Flash Sale,0.15,False,0.0
5740,New Year Promo,0.25,False,0.0
5741,Summer Sale,0.3,False,0.0
5742,BOGO,0.2,False,0.0
5743,New Year Promo,0.25,False,0.0
5744,New Year Promo,0.25,True,26.94
5745,Holiday Sale,0.1,True,3.62
5746,Holiday Sale,0.1,False,0.0
5747,BOGO,0.2,False,0.0
5748,Holiday Sale,0.1,True,12.21
5749,BOGO,0.2,True,28.23
5750,New Year Promo,0.25,False,0.0
5751,Flash Sale,0.15,False,0.0
5752,BOGO,0.2,False,0.0
5753,BOGO,0.2,True,6.26
5754,BOGO,0.2,True,31.55
5755,Holiday Sale,0.1,True,6.67
5756,New Year Promo,0.25,False,0.0
5757,New Year Promo,0.25,False,0.0
5758,Flash Sale,0.15,True,6.09
5759,New Year Promo,0.25,True,8.54
5760,Summer Sale,0.3,False,0.0
5761,Flash Sale,0.15,False,0.0
5762,Summer Sale,0.3,False,0.0
5763,Flash Sale,0.15,True,13.29
5764,Holiday Sale,0.1,False,0.0
5765,New Year Promo,0.25,True,13.66
5766,BOGO,0.2,False,0.0
5767,Holiday Sale,0.1,False,0.0
5768,Holiday Sale,0.1,False,0.0
5769,Holiday Sale,0.1,False,0.0
5770,Summer Sale,0.3,True,31.6
5771,New Year Promo,0.25,False,0.0
5772,BOGO,0.2,True,12.25
5773,Summer Sale,0.3,True,14.63
5774,Holiday Sale,0.1,True,3.48
5775,Summer Sale,0.3,False,0.0
5776,Summer Sale,0.3,False,0.0
5777,Summer Sale,0.3,False,0.0
5778,New Year Promo,0.25,False,0.0
5779,Summer Sale,0.3,True,23.48
5780,Holiday Sale,0.1,False,0.0
5781,New Year Promo,0.25,True,13.61
5782,Summer Sale,0.3,False,0.0
5783,BOGO,0.2,True,9.86
5784,BOGO,0.2,True,14.32
5785,New Year Promo,0.25,True,9.33
5786,New Year Promo,0.25,True,18.66
5787,Summer Sale,0.3,False,0.0
5788,Flash Sale,0.15,False,0.0
5789,New Year Promo,0.25,True,36.86
5790,Holiday Sale,0.1,False,0.0
5791,Summer Sale,0.3,True,11.61
5792,Flash Sale,0.15,False,0.0
5793,Flash Sale,0.15,True,17.88
5794,BOGO,0.2,True,18.96
5795,Flash Sale,0.15,True,9.27
5796,Flash Sale,0.15,True,9.44
5797,Summer Sale,0.3,True,14.19
5798,Flash Sale,0.15,True,17.56
5799,Holiday Sale,0.1,True,9.18
5800,Flash Sale,0.15,False,0.0
5801,Holiday Sale,0.1,False,0.0
5802,BOGO,0.2,True,7.84
5803,Flash Sale,0.15,False,0.0
5804,New Year Promo,0.25,True,27.48
5805,Summer Sale,0.3,False,0.0
5806,Flash Sale,0.15,True,4.84
5807,BOGO,0.2,True,7.87
5808,New Year Promo,0.25,True,30.32
5809,Holiday Sale,0.1,False,0.0
5810,New Year Promo,0.25,False,0.0
5811,New Year Promo,0.25,False,0.0
5812,Flash Sale,0.15,True,19.51
5813,Flash Sale,0.15,False,0.0
5814,BOGO,0.2,False,0.0
5815,BOGO,0.2,False,0.0
5816,Holiday Sale,0.1,False,0.0
5817,Flash Sale,0.15,False,0.0
5818,Summer Sale,0.3,False,0.0
5819,Summer Sale,0.3,True,16.6
5820,Flash Sale,0.15,True,6.1
5821,Summer Sale,0.3,False,0.0
5822,New Year Promo,0.25,False,0.0
5823,Flash Sale,0.15,True,8.21
5824,New Year Promo,0.25,False,0.0
5825,Holiday Sale,0.1,True,5.67
5826,New Year Promo,0.25,False,0.0
5827,Holiday Sale,0.1,True,4.41
5828,BOGO,0.2,False,0.0
5829,New Year Promo,0.25,False,0.0
5830,Flash Sale,0.15,True,9.44
5831,BOGO,0.2,True,23.7
5832,New Year Promo,0.25,False,0.0
5833,BOGO,0.2,True,11.52
5834,New Year Promo,0.25,False,0.0
5835,Flash Sale,0.15,True,7.63
5836,BOGO,0.2,True,12.69
5837,Flash Sale,0.15,True,21.71
5838,New Year Promo,0.25,False,0.0
5839,New Year Promo,0.25,True,30.48
5840,Flash Sale,0.15,False,0.0
5841,Flash Sale,0.15,True,5.92
5842,Holiday Sale,0.1,False,0.0
5843,BOGO,0.2,False,0.0
5844,New Year Promo,0.25,True,8.08
5845,BOGO,0.2,True,16.01
5846,Flash Sale,0.15,False,0.0
5847,Summer Sale,0.3,False,0.0
5848,New Year Promo,0.25,False,0.0
5849,Flash Sale,0.15,True,6.19
5850,BOGO,0.2,True,8.01
5851,Flash Sale,0.15,False,0.0
5852,BOGO,0.2,True,24.95
5853,Summer Sale,0.3,False,0.0
5854,New Year Promo,0.25,True,18.21
5855,Holiday Sale,0.1,False,0.0
5856,Flash Sale,0.15,True,7.74
5857,Flash Sale,0.15,True,6.9
5858,Holiday Sale,0.1,False,0.0
5859,Holiday Sale,0.1,False,0.0
5860,New Year Promo,0.25,True,35.28
5861,Summer Sale,0.3,False,0.0
5862,New Year Promo,0.25,False,0.0
5863,Summer Sale,0.3,True,10.12
5864,Summer Sale,0.3,True,10.98
5865,Summer Sale,0.3,True,13.2
5866,BOGO,0.2,False,0.0
5867,New Year Promo,0.25,True,17.06
5868,Summer Sale,0.3,False,0.0
5869,BOGO,0.2,False,0.0
5870,New Year Promo,0.25,True,19.9
5871,BOGO,0.2,True,9.06
5872,Summer Sale,0.3,False,0.0
5873,Holiday Sale,0.1,False,0.0
5874,Summer Sale,0.3,True,16.65
5875,New Year Promo,0.25,True,8.9
5876,New Year Promo,0.25,True,5.74
5877,BOGO,0.2,True,14.95
5878,BOGO,0.2,False,0.0
5879,Summer Sale,0.3,False,0.0
5880,BOGO,0.2,False,0.0
5881,New Year Promo,0.25,False,0.0
5882,Flash Sale,0.15,True,8.03
5883,BOGO,0.2,True,6.67
5884,BOGO,0.2,True,29.14
5885,Holiday Sale,0.1,True,3.51
5886,Summer Sale,0.3,True,8.08
5887,Summer Sale,0.3,True,17.64
5888,BOGO,0.2,True,13.82
5889,BOGO,0.2,True,18.45
5890,New Year Promo,0.25,False,0.0
5891,Flash Sale,0.15,True,6.05
5892,New Year Promo,0.25,False,0.0
5893,Summer Sale,0.3,False,0.0
5894,Flash Sale,0.15,True,6.96
5895,BOGO,0.2,True,10.0
5896,Flash Sale,0.15,False,0.0
5897,BOGO,0.2,False,0.0
5898,New Year Promo,0.25,True,10.48
5899,BOGO,0.2,True,17.37
5900,Flash Sale,0.15,True,9.06
5901,New Year Promo,0.25,False,0.0
5902,Flash Sale,0.15,True,9.12
5903,New Year Promo,0.25,True,10.33
5904,Holiday Sale,0.1,True,3.28
5905,BOGO,0.2,False,0.0
5906,Holiday Sale,0.1,False,0.0
5907,Summer Sale,0.3,False,0.0
5908,Holiday Sale,0.1,False,0.0
5909,BOGO,0.2,False,0.0
5910,Holiday Sale,0.1,True,4.07
5911,Flash Sale,0.15,False,0.0
5912,Flash Sale,0.15,False,0.0
5913,Flash Sale,0.15,False,0.0
5914,New Year Promo,0.25,True,8.28
5915,Flash Sale,0.15,False,0.0
5916,BOGO,0.2,False,0.0
5917,BOGO,0.2,False,0.0
5918,New Year Promo,0.25,True,15.24
5919,Holiday Sale,0.1,False,0.0
5920,Flash Sale,0.15,False,0.0
5921,BOGO,0.2,False,0.0
5922,New Year Promo,0.25,True,64.68
5923,Flash Sale,0.15,False,0.0
5924,BOGO,0.2,True,7.98
5925,Holiday Sale,0.1,False,0.0
5926,Holiday Sale,0.1,False,0.0
5927,Flash Sale,0.15,True,14.72
5928,Holiday Sale,0.1,True,5.1
5929,Holiday Sale,0.1,True,5.84
5930,Flash Sale,0.15,False,0.0
5931,Summer Sale,0.3,True,13.25
5932,BOGO,0.2,False,0.0
5933,Holiday Sale,0.1,True,3.97
5934,Flash Sale,0.15,True,15.56
5935,BOGO,0.2,False,0.0
5936,Holiday Sale,0.1,True,6.32
5937,New Year Promo,0.25,True,18.94
5938,BOGO,0.2,False,0.0
5939,BOGO,0.2,False,0.0
5940,Holiday Sale,0.1,False,0.0
5941,New Year Promo,0.25,True,12.34
5942,BOGO,0.2,False,0.0
5943,BOGO,0.2,False,0.0
5944,New Year Promo,0.25,False,0.0
5945,Flash Sale,0.15,True,15.88
5946,Summer Sale,0.3,False,0.0
5947,BOGO,0.2,True,6.32
5948,Holiday Sale,0.1,True,3.53
5949,Holiday Sale,0.1,True,4.9
5950,Holiday Sale,0.1,True,6.69
5951,Holiday Sale,0.1,True,3.24
5952,Holiday Sale,0.1,False,0.0
5953,BOGO,0.2,False,0.0
5954,Holiday Sale,0.1,False,0.0
5955,BOGO,0.2,True,6.57
5956,New Year Promo,0.25,True,12.72
5957,BOGO,0.2,True,6.52
5958,Summer Sale,0.3,False,0.0
5959,Flash Sale,0.15,False,0.0
5960,Flash Sale,0.15,True,14.04
5961,Flash Sale,0.15,False,0.0
5962,New Year Promo,0.25,True,22.54
5963,New Year Promo,0.25,False,0.0
5964,Holiday Sale,0.1,True,4.1
5965,Flash Sale,0.15,True,4.52
5966,Summer Sale,0.3,True,22.16
5967,Summer Sale,0.3,True,20.13
5968,New Year Promo,0.25,False,0.0
5969,Flash Sale,0.15,True,12.67
5970,BOGO,0.2,True,12.61
5971,Summer Sale,0.3,False,0.0
5972,New Year Promo,0.25,False,0.0
5973,BOGO,0.2,False,0.0
5974,Summer Sale,0.3,False,0.0
5975,Summer Sale,0.3,True,10.64
5976,New Year Promo,0.25,True,23.45
5977,Summer Sale,0.3,False,0.0
5978,Summer Sale,0.3,False,0.0
5979,Flash Sale,0.15,True,8.36
5980,Flash Sale,0.15,True,7.08
5981,BOGO,0.2,True,21.96
5982,Holiday Sale,0.1,False,0.0
5983,Holiday Sale,0.1,True,16.74
5984,BOGO,0.2,False,0.0
5985,New Year Promo,0.25,False,0.0
5986,New Year Promo,0.25,False,0.0
5987,Holiday Sale,0.1,False,0.0
5988,Summer Sale,0.3,True,25.04
5989,BOGO,0.2,False,0.0
5990,New Year Promo,0.25,True,18.79
5991,BOGO,0.2,False,0.0
5992,Holiday Sale,0.1,True,4.81
5993,Holiday Sale,0.1,False,0.0
5994,Summer Sale,0.3,False,0.0
5995,BOGO,0.2,False,0.0
5996,BOGO,0.2,False,0.0
5997,Flash Sale,0.15,False,0.0
5998,Flash Sale,0.15,True,8.84
5999,Flash Sale,0.15,True,6.07
6000,Summer Sale,0.3,True,10.61
6001,Flash Sale,0.15,True,10.28
6002,Flash Sale,0.15,True,5.96
6003,New Year Promo,0.25,True,18.71
6004,Flash Sale,0.15,True,6.45
6005,Holiday Sale,0.1,False,0.0
6006,New Year Promo,0.25,True,31.62
6007,BOGO,0.2,True,12.11
6008,BOGO,0.2,False,0.0
6009,BOGO,0.2,False,0.0
6010,BOGO,0.2,False,0.0
6011,Flash Sale,0.15,False,0.0
6012,Flash Sale,0.15,False,0.0
6013,Flash Sale,0.15,True,17.07
6014,BOGO,0.2,False,0.0
6015,BOGO,0.2,False,0.0
6016,BOGO,0.2,False,0.0
6017,Flash Sale,0.15,True,6.93
6018,New Year Promo,0.25,False,0.0
6019,Summer Sale,0.3,True,17.22
6020,New Year Promo,0.25,False,0.0
6021,Holiday Sale,0.1,False,0.0
6022,BOGO,0.2,True,13.0
6023,Holiday Sale,0.1,True,6.07
6024,Holiday Sale,0.1,False,0.0
6025,New Year Promo,0.25,True,13.89
6026,Summer Sale,0.3,False,0.0
6027,Holiday Sale,0.1,True,11.4
6028,Flash Sale,0.15,False,0.0
6029,Holiday Sale,0.1,True,5.17
6030,New Year Promo,0.25,False,0.0
6031,BOGO,0.2,True,10.45
6032,Holiday Sale,0.1,True,4.05
6033,BOGO,0.2,True,14.59
6034,Flash Sale,0.15,False,0.0
6035,Holiday Sale,0.1,True,5.01
6036,New Year Promo,0.25,True,8.39
6037,Summer Sale,0.3,True,17.22
6038,Summer Sale,0.3,False,0.0
6039,Summer Sale,0.3,True,7.79
6040,New Year Promo,0.25,True,18.19
6041,New Year Promo,0.25,True,16.67
6042,Flash Sale,0.15,False,0.0
6043,Summer Sale,0.3,True,10.04
6044,BOGO,0.2,True,10.26
6045,New Year Promo,0.25,True,24.0
6046,New Year Promo,0.25,False,0.0
6047,BOGO,0.2,True,6.43
6048,Flash Sale,0.15,False,0.0
6049,BOGO,0.2,True,19.69
6050,BOGO,0.2,True,15.44
6051,New Year Promo,0.25,True,15.14
6052,New Year Promo,0.25,True,32.74
6053,Holiday Sale,0.1,True,5.04
6054,Flash Sale,0.15,True,4.14
6055,Summer Sale,0.3,True,18.75
6056,New Year Promo,0.25,False,0.0
6057,New Year Promo,0.25,False,0.0
6058,BOGO,0.2,False,0.0
6059,Summer Sale,0.3,False,0.0
6060,Holiday Sale,0.1,True,11.6
6061,Flash Sale,0.15,False,0.0
6062,Flash Sale,0.15,False,0.0
6063,Summer Sale,0.3,True,8.64
6064,BOGO,0.2,True,11.02
6065,Holiday Sale,0.1,False,0.0
6066,Flash Sale,0.15,False,0.0
6067,Summer Sale,0.3,True,10.22
6068,BOGO,0.2,False,0.0
6069,Holiday Sale,0.1,True,3.85
6070,Summer Sale,0.3,False,0.0
6071,BOGO,0.2,False,0.0
6072,Flash Sale,0.15,True,5.25
6073,New Year Promo,0.25,True,10.51
6074,Flash Sale,0.15,False,0.0
6075,BOGO,0.2,True,9.08
6076,BOGO,0.2,False,0.0
6077,BOGO,0.2,True,10.82
6078,Flash Sale,0.15,True,9.09
6079,Summer Sale,0.3,True,24.67
6080,New Year Promo,0.25,False,0.0
6081,Holiday Sale,0.1,False,0.0
6082,Flash Sale,0.15,True,16.09
6083,BOGO,0.2,True,7.55
6084,Flash Sale,0.15,True,5.35
6085,Flash Sale,0.15,True,6.13
6086,Summer Sale,0.3,True,14.0
6087,BOGO,0.2,False,0.0
6088,Summer Sale,0.3,False,0.0
6089,Holiday Sale,0.1,True,9.56
6090,Holiday Sale,0.1,False,0.0
6091,BOGO,0.2,False,0.0
6092,Summer Sale,0.3,True,21.35
6093,Flash Sale,0.15,False,0.0
6094,Summer Sale,0.3,False,0.0
6095,BOGO,0.2,False,0.0
6096,Holiday Sale,0.1,True,8.63
6097,Flash Sale,0.15,True,13.9
6098,New Year Promo,0.25,True,16.63
6099,Holiday Sale,0.1,False,0.0
6100,Holiday Sale,0.1,True,4.72
6101,Summer Sale,0.3,False,0.0
6102,New Year Promo,0.25,True,14.31
6103,Summer Sale,0.3,True,7.9
6104,Holiday Sale,0.1,True,6.07
6105,New Year Promo,0.25,False,0.0
6106,Holiday Sale,0.1,False,0.0
6107,Flash Sale,0.15,False,0.0
6108,New Year Promo,0.25,False,0.0
6109,Flash Sale,0.15,False,0.0
6110,Flash Sale,0.15,True,8.71
6111,Holiday Sale,0.1,True,35.84
6112,BOGO,0.2,False,0.0
6113,New Year Promo,0.25,True,15.56
6114,New Year Promo,0.25,True,8.89
6115,BOGO,0.2,False,0.0
6116,Summer Sale,0.3,True,19.95
6117,Flash Sale,0.15,True,9.51
6118,Summer Sale,0.3,True,37.1
6119,New Year Promo,0.25,False,0.0
6120,BOGO,0.2,True,11.8
6121,BOGO,0.2,True,7.14
6122,BOGO,0.2,False,0.0
6123,BOGO,0.2,False,0.0
6124,BOGO,0.2,True,19.72
6125,Summer Sale,0.3,True,24.58
6126,Holiday Sale,0.1,False,0.0
6127,Summer Sale,0.3,True,19.86
6128,BOGO,0.2,False,0.0
6129,Flash Sale,0.15,True,4.2
6130,New Year Promo,0.25,True,10.06
6131,Summer Sale,0.3,False,0.0
6132,New Year Promo,0.25,True,15.16
6133,New Year Promo,0.25,False,0.0
6134,BOGO,0.2,True,5.25
6135,BOGO,0.2,True,11.9
6136,Holiday Sale,0.1,False,0.0
6137,Holiday Sale,0.1,True,2.83
6138,BOGO,0.2,True,12.58
6139,New Year Promo,0.25,False,0.0
6140,BOGO,0.2,False,0.0
6141,Holiday Sale,0.1,False,0.0
6142,New Year Promo,0.25,True,12.05
6143,New Year Promo,0.25,False,0.0
6144,Flash Sale,0.15,True,14.99
6145,New Year Promo,0.25,True,11.85
6146,BOGO,0.2,True,9.45
6147,New Year Promo,0.25,False,0.0
6148,Summer Sale,0.3,False,0.0
6149,BOGO,0.2,False,0.0
6150,Holiday Sale,0.1,True,7.43
6151,Flash Sale,0.15,False,0.0
6152,Holiday Sale,0.1,True,4.17
6153,Summer Sale,0.3,False,0.0
6154,Holiday Sale,0.1,False,0.0
6155,BOGO,0.2,True,8.17
6156,New Year Promo,0.25,True,10.6
6157,Summer Sale,0.3,False,0.0
6158,Summer Sale,0.3,False,0.0
6159,Summer Sale,0.3,False,0.0
6160,New Year Promo,0.25,False,0.0
6161,BOGO,0.2,False,0.0
6162,BOGO,0.2,False,0.0
6163,BOGO,0.2,False,0.0
6164,Holiday Sale,0.1,False,0.0
6165,Holiday Sale,0.1,False,0.0
6166,Summer Sale,0.3,False,0.0
6167,Flash Sale,0.15,False,0.0
6168,Holiday Sale,0.1,True,9.74
6169,Holiday Sale,0.1,False,0.0
6170,New Year Promo,0.25,False,0.0
6171,BOGO,0.2,False,0.0
6172,BOGO,0.2,True,12.88
6173,Holiday Sale,0.1,False,0.0
6174,New Year Promo,0.25,True,22.9
6175,Holiday Sale,0.1,False,0.0
6176,BOGO,0.2,True,43.52
6177,Holiday Sale,0.1,True,3.98
6178,New Year Promo,0.25,False,0.0
6179,Summer Sale,0.3,False,0.0
6180,Holiday Sale,0.1,True,3.12
6181,Flash Sale,0.15,False,0.0
6182,Flash Sale,0.15,True,4.91
6183,New Year Promo,0.25,True,8.48
6184,BOGO,0.2,True,36.16
6185,Summer Sale,0.3,False,0.0
6186,Summer Sale,0.3,True,28.1
6187,Summer Sale,0.3,True,17.19
6188,BOGO,0.2,True,7.44
6189,Holiday Sale,0.1,False,0.0
6190,New Year Promo,0.25,False,0.0
6191,Flash Sale,0.15,True,7.8
6192,New Year Promo,0.25,False,0.0
6193,Holiday Sale,0.1,False,0.0
6194,BOGO,0.2,True,14.68
6195,Flash Sale,0.15,False,0.0
6196,Summer Sale,0.3,False,0.0
6197,BOGO,0.2,False,0.0
6198,New Year Promo,0.25,False,0.0
6199,Flash Sale,0.15,False,0.0
6200,Holiday Sale,0.1,False,0.0
6201,Summer Sale,0.3,True,15.71
6202,BOGO,0.2,False,0.0
6203,BOGO,0.2,False,0.0
6204,New Year Promo,0.25,False,0.0
6205,BOGO,0.2,False,0.0
6206,Flash Sale,0.15,True,7.53
6207,Holiday Sale,0.1,False,0.0
6208,Flash Sale,0.15,True,5.11
6209,Flash Sale,0.15,False,0.0
6210,BOGO,0.2,True,10.13
6211,Holiday Sale,0.1,False,0.0
6212,Flash Sale,0.15,True,17.64
6213,Flash Sale,0.15,False,0.0
6214,BOGO,0.2,True,10.13
6215,Summer Sale,0.3,True,17.39
6216,New Year Promo,0.25,True,26.79
6217,Holiday Sale,0.1,True,4.8
6218,Summer Sale,0.3,False,0.0
6219,Summer Sale,0.3,True,11.5
6220,New Year Promo,0.25,False,0.0
6221,BOGO,0.2,False,0.0
6222,Holiday Sale,0.1,True,5.13
6223,New Year Promo,0.25,True,14.1
6224,BOGO,0.2,False,0.0
6225,New Year Promo,0.25,True,7.83
6226,New Year Promo,0.25,False,0.0
6227,Summer Sale,0.3,False,0.0
6228,Summer Sale,0.3,True,34.99
6229,Summer Sale,0.3,False,0.0
6230,Flash Sale,0.15,False,0.0
6231,Holiday Sale,0.1,False,0.0
6232,BOGO,0.2,True,24.19
6233,New Year Promo,0.25,True,18.2
6234,BOGO,0.2,False,0.0
6235,Summer Sale,0.3,False,0.0
6236,Summer Sale,0.3,True,21.04
6237,Summer Sale,0.3,True,18.61
6238,Holiday Sale,0.1,True,7.97
6239,New Year Promo,0.25,True,16.79
6240,BOGO,0.2,True,19.81
6241,Flash Sale,0.15,False,0.0
6242,New Year Promo,0.25,False,0.0
6243,Flash Sale,0.15,False,0.0
6244,Summer Sale,0.3,False,0.0
6245,Flash Sale,0.15,True,6.04
6246,New Year Promo,0.25,True,27.14
6247,Flash Sale,0.15,False,0.0
6248,Summer Sale,0.3,True,63.13
6249,Holiday Sale,0.1,True,6.54
6250,BOGO,0.2,False,0.0
6251,Summer Sale,0.3,False,0.0
6252,New Year Promo,0.25,False,0.0
6253,New Year Promo,0.25,False,0.0
6254,Summer Sale,0.3,False,0.0
6255,Summer Sale,0.3,False,0.0
6256,New Year Promo,0.25,False,0.0
6257,New Year Promo,0.25,False,0.0
6258,Flash Sale,0.15,True,7.31
6259,New Year Promo,0.25,True,18.65
6260,New Year Promo,0.25,True,8.61
6261,Summer Sale,0.3,False,0.0
6262,Holiday Sale,0.1,True,5.74
6263,Holiday Sale,0.1,True,3.69
6264,Summer Sale,0.3,False,0.0
6265,New Year Promo,0.25,False,0.0
6266,New Year Promo,0.25,True,13.46
6267,Summer Sale,0.3,True,22.35
6268,Flash Sale,0.15,True,6.7
6269,New Year Promo,0.25,True,10.11
6270,New Year Promo,0.25,False,0.0
6271,Flash Sale,0.15,True,5.48
6272,Flash Sale,0.15,True,8.63
6273,Holiday Sale,0.1,False,0.0
6274,BOGO,0.2,False,0.0
6275,Summer Sale,0.3,True,14.93
6276,Holiday Sale,0.1,True,7.17
6277,BOGO,0.2,True,7.39
6278,Flash Sale,0.15,False,0.0
6279,Summer Sale,0.3,True,25.08
6280,New Year Promo,0.25,False,0.0
6281,Holiday Sale,0.1,True,6.45
6282,Summer Sale,0.3,False,0.0
6283,New Year Promo,0.25,True,12.65
6284,Summer Sale,0.3,True,18.12
6285,New Year Promo,0.25,False,0.0
6286,New Year Promo,0.25,False,0.0
6287,Summer Sale,0.3,True,21.36
6288,Summer Sale,0.3,False,0.0
6289,BOGO,0.2,True,21.88
6290,Summer Sale,0.3,False,0.0
6291,Flash Sale,0.15,False,0.0
6292,BOGO,0.2,False,0.0
6293,Flash Sale,0.15,True,15.05
6294,New Year Promo,0.25,False,0.0
6295,New Year Promo,0.25,True,19.04
6296,Summer Sale,0.3,False,0.0
6297,Summer Sale,0.3,False,0.0
6298,BOGO,0.2,False,0.0
6299,Flash Sale,0.15,False,0.0
6300,BOGO,0.2,False,0.0
6301,Summer Sale,0.3,True,15.59
6302,BOGO,0.2,False,0.0
6303,Flash Sale,0.15,False,0.0
6304,BOGO,0.2,True,12.86
6305,New Year Promo,0.25,True,11.01
6306,Flash Sale,0.15,True,6.53
6307,BOGO,0.2,False,0.0
6308,BOGO,0.2,False,0.0
6309,New Year Promo,0.25,True,14.48
6310,Holiday Sale,0.1,True,9.41
6311,New Year Promo,0.25,False,0.0
6312,Summer Sale,0.3,True,19.76
6313,BOGO,0.2,False,0.0
6314,Summer Sale,0.3,False,0.0
6315,Holiday Sale,0.1,True,3.7
6316,Holiday Sale,0.1,True,19.76
6317,New Year Promo,0.25,False,0.0
6318,BOGO,0.2,True,9.4
6319,Summer Sale,0.3,True,14.53
6320,Holiday Sale,0.1,True,2.79
6321,Holiday Sale,0.1,True,5.62
6322,Summer Sale,0.3,False,0.0
6323,New Year Promo,0.25,False,0.0
6324,New Year Promo,0.25,False,0.0
6325,Summer Sale,0.3,False,0.0
6326,BOGO,0.2,True,6.67
6327,New Year Promo,0.25,True,19.67
6328,Flash Sale,0.15,False,0.0
6329,Flash Sale,0.15,True,5.67
6330,Flash Sale,0.15,False,0.0
6331,New Year Promo,0.25,False,0.0
6332,Flash Sale,0.15,False,0.0
6333,Holiday Sale,0.1,True,6.75
6334,BOGO,0.2,False,0.0
6335,New Year Promo,0.25,False,0.0
6336,Summer Sale,0.3,True,14.05
6337,BOGO,0.2,True,6.68
6338,Holiday Sale,0.1,False,0.0
6339,Holiday Sale,0.1,True,5.0
6340,Summer Sale,0.3,False,0.0
6341,Summer Sale,0.3,False,0.0
6342,New Year Promo,0.25,True,13.04
6343,New Year Promo,0.25,False,0.0
6344,Holiday Sale,0.1,True,6.63
6345,Summer Sale,0.3,True,13.87
6346,Flash Sale,0.15,True,5.37
6347,Holiday Sale,0.1,True,3.57
6348,BOGO,0.2,False,0.0
6349,BOGO,0.2,False,0.0
6350,New Year Promo,0.25,False,0.0
6351,Summer Sale,0.3,True,12.93
6352,New Year Promo,0.25,True,18.24
6353,Summer Sale,0.3,False,0.0
6354,Holiday Sale,0.1,False,0.0
6355,Holiday Sale,0.1,True,6.59
6356,New Year Promo,0.25,True,42.5
6357,New Year Promo,0.25,True,14.06
6358,New Year Promo,0.25,False,0.0
6359,Summer Sale,0.3,True,19.92
6360,Summer Sale,0.3,True,16.17
6361,New Year Promo,0.25,False,0.0
6362,New Year Promo,0.25,True,8.21
6363,Holiday Sale,0.1,False,0.0
6364,Summer Sale,0.3,False,0.0
6365,New Year Promo,0.25,False,0.0
6366,BOGO,0.2,True,35.05
6367,Flash Sale,0.15,False,0.0
6368,Holiday Sale,0.1,True,3.35
6369,BOGO,0.2,False,0.0
6370,Summer Sale,0.3,True,17.82
6371,Holiday Sale,0.1,False,0.0
6372,Holiday Sale,0.1,True,4.23
6373,New Year Promo,0.25,True,15.66
6374,Flash Sale,0.15,True,11.43
6375,Holiday Sale,0.1,False,0.0
6376,Holiday Sale,0.1,False,0.0
6377,Flash Sale,0.15,False,0.0
6378,Holiday Sale,0.1,True,5.66
6379,BOGO,0.2,True,20.1
6380,BOGO,0.2,False,0.0
6381,Holiday Sale,0.1,False,0.0
6382,Flash Sale,0.15,True,8.95
6383,BOGO,0.2,False,0.0
6384,Holiday Sale,0.1,True,4.64
6385,Holiday Sale,0.1,False,0.0
6386,Flash Sale,0.15,True,8.77
6387,BOGO,0.2,False,0.0
6388,BOGO,0.2,True,18.81
6389,New Year Promo,0.25,False,0.0
6390,New Year Promo,0.25,True,14.43
6391,BOGO,0.2,True,6.79
6392,BOGO,0.2,False,0.0
6393,New Year Promo,0.25,True,14.08
6394,Holiday Sale,0.1,False,0.0
6395,New Year Promo,0.25,True,28.87
6396,Flash Sale,0.15,True,5.77
6397,Summer Sale,0.3,False,0.0
6398,Holiday Sale,0.1,False,0.0
6399,Holiday Sale,0.1,False,0.0
6400,BOGO,0.2,True,11.11
6401,Summer Sale,0.3,False,0.0
6402,Flash Sale,0.15,False,0.0
6403,Holiday Sale,0.1,True,5.36
6404,BOGO,0.2,True,12.75
6405,BOGO,0.2,True,7.13
6406,Summer Sale,0.3,False,0.0
6407,Holiday Sale,0.1,False,0.0
6408,BOGO,0.2,False,0.0
6409,Holiday Sale,0.1,True,5.1
6410,Holiday Sale,0.1,False,0.0
6411,New Year Promo,0.25,False,0.0
6412,Summer Sale,0.3,False,0.0
6413,New Year Promo,0.25,True,25.23
6414,New Year Promo,0.25,False,0.0
6415,BOGO,0.2,True,7.5
6416,New Year Promo,0.25,True,8.66
6417,Summer Sale,0.3,True,8.2
6418,BOGO,0.2,False,0.0
6419,Summer Sale,0.3,False,0.0
6420,BOGO,0.2,True,13.09
6421,Holiday Sale,0.1,True,12.66
6422,Summer Sale,0.3,False,0.0
6423,Holiday Sale,0.1,False,0.0
6424,Flash Sale,0.15,True,5.25
6425,New Year Promo,0.25,True,8.73
6426,New Year Promo,0.25,True,9.34
6427,Holiday Sale,0.1,True,12.36
6428,BOGO,0.2,True,18.74
6429,Flash Sale,0.15,False,0.0
6430,Flash Sale,0.15,True,6.5
6431,Summer Sale,0.3,True,14.97
6432,Flash Sale,0.15,True,12.98
6433,New Year Promo,0.25,True,20.12
6434,New Year Promo,0.25,True,23.87
6435,BOGO,0.2,False,0.0
6436,BOGO,0.2,True,15.95
6437,New Year Promo,0.25,True,17.49
6438,Summer Sale,0.3,False,0.0
6439,Holiday Sale,0.1,False,0.0
6440,Holiday Sale,0.1,False,0.0
6441,Flash Sale,0.15,False,0.0
6442,BOGO,0.2,True,8.02
6443,Flash Sale,0.15,False,0.0
6444,New Year Promo,0.25,False,0.0
6445,BOGO,0.2,False,0.0
6446,New Year Promo,0.25,False,0.0
6447,Summer Sale,0.3,True,35.24
6448,New Year Promo,0.25,False,0.0
6449,New Year Promo,0.25,False,0.0
6450,Summer Sale,0.3,False,0.0
6451,Summer Sale,0.3,True,19.16
6452,Holiday Sale,0.1,True,8.87
6453,Summer Sale,0.3,False,0.0
6454,Flash Sale,0.15,False,0.0
6455,Flash Sale,0.15,True,11.98
6456,Flash Sale,0.15,False,0.0
6457,Holiday Sale,0.1,True,4.76
6458,New Year Promo,0.25,False,0.0
6459,Flash Sale,0.15,False,0.0
6460,New Year Promo,0.25,True,10.23
6461,Summer Sale,0.3,True,10.18
6462,Summer Sale,0.3,False,0.0
6463,Flash Sale,0.15,False,0.0
6464,Flash Sale,0.15,True,5.31
6465,Flash Sale,0.15,True,12.35
6466,Summer Sale,0.3,True,20.7
6467,Summer Sale,0.3,False,0.0
6468,Flash Sale,0.15,False,0.0
6469,Holiday Sale,0.1,True,6.93
6470,Flash Sale,0.15,True,7.52
6471,New Year Promo,0.25,False,0.0
6472,Flash Sale,0.15,True,8.34
6473,New Year Promo,0.25,True,14.7
6474,Flash Sale,0.15,False,0.0
6475,Holiday Sale,0.1,False,0.0
6476,Flash Sale,0.15,True,11.53
6477,Flash Sale,0.15,False,0.0
6478,BOGO,0.2,False,0.0
6479,Holiday Sale,0.1,False,0.0
6480,Summer Sale,0.3,False,0.0
6481,Flash Sale,0.15,False,0.0
6482,New Year Promo,0.25,True,10.6
6483,Summer Sale,0.3,False,0.0
6484,Flash Sale,0.15,True,5.41
6485,Flash Sale,0.15,True,5.71
6486,BOGO,0.2,False,0.0
6487,New Year Promo,0.25,True,33.8
6488,Flash Sale,0.15,False,0.0
6489,Holiday Sale,0.1,False,0.0
6490,New Year Promo,0.25,True,16.75
6491,Summer Sale,0.3,True,16.92
6492,Holiday Sale,0.1,False,0.0
6493,New Year Promo,0.25,False,0.0
6494,Holiday Sale,0.1,False,0.0
6495,Holiday Sale,0.1,True,15.25
6496,BOGO,0.2,False,0.0
6497,Holiday Sale,0.1,False,0.0
6498,New Year Promo,0.25,True,6.5
6499,Holiday Sale,0.1,True,4.51
6500,New Year Promo,0.25,True,12.12
6501,BOGO,0.2,False,0.0
6502,Holiday Sale,0.1,True,3.48
6503,Flash Sale,0.15,False,0.0
6504,Summer Sale,0.3,True,13.16
6505,Summer Sale,0.3,False,0.0
6506,Summer Sale,0.3,True,37.47
6507,New Year Promo,0.25,True,14.43
6508,Summer Sale,0.3,False,0.0
6509,BOGO,0.2,True,14.87
6510,Summer Sale,0.3,False,0.0
6511,Summer Sale,0.3,False,0.0
6512,BOGO,0.2,False,0.0
6513,Flash Sale,0.15,False,0.0
6514,New Year Promo,0.25,True,11.28
6515,Summer Sale,0.3,False,0.0
6516,BOGO,0.2,False,0.0
6517,Flash Sale,0.15,False,0.0
6518,Summer Sale,0.3,False,0.0
6519,Summer Sale,0.3,True,33.76
6520,New Year Promo,0.25,False,0.0
6521,New Year Promo,0.25,True,9.78
6522,Holiday Sale,0.1,False,0.0
6523,Summer Sale,0.3,False,0.0
6524,New Year Promo,0.25,False,0.0
6525,BOGO,0.2,True,6.73
6526,Summer Sale,0.3,True,35.92
6527,Holiday Sale,0.1,False,0.0
6528,Holiday Sale,0.1,False,0.0
6529,Holiday Sale,0.1,False,0.0
6530,Flash Sale,0.15,True,9.92
6531,Flash Sale,0.15,True,9.28
6532,Summer Sale,0.3,True,19.22
6533,Summer Sale,0.3,True,15.73
6534,BOGO,0.2,True,7.04
6535,BOGO,0.2,False,0.0
6536,Flash Sale,0.15,False,0.0
6537,Holiday Sale,0.1,False,0.0
6538,Flash Sale,0.15,True,12.84
6539,Holiday Sale,0.1,False,0.0
6540,BOGO,0.2,True,11.45
6541,Summer Sale,0.3,True,12.49
6542,Flash Sale,0.15,True,12.55
6543,New Year Promo,0.25,True,49.01
6544,Summer Sale,0.3,False,0.0
6545,New Year Promo,0.25,False,0.0
6546,Flash Sale,0.15,True,6.02
6547,Summer Sale,0.3,False,0.0
6548,Summer Sale,0.3,True,18.21
6549,Flash Sale,0.15,False,0.0
6550,New Year Promo,0.25,False,0.0
6551,Summer Sale,0.3,True,11.87
6552,BOGO,0.2,False,0.0
6553,Flash Sale,0.15,False,0.0
6554,Flash Sale,0.15,True,5.01
6555,Flash Sale,0.15,False,0.0
6556,BOGO,0.2,True,10.71
6557,BOGO,0.2,True,6.8
6558,BOGO,0.2,True,7.01
6559,Flash Sale,0.15,False,0.0
6560,Summer Sale,0.3,True,39.77
6561,Flash Sale,0.15,True,7.33
6562,Summer Sale,0.3,True,12.83
6563,Flash Sale,0.15,False,0.0
6564,Flash Sale,0.15,False,0.0
6565,BOGO,0.2,False,0.0
6566,Holiday Sale,0.1,False,0.0
6567,Holiday Sale,0.1,False,0.0
6568,Summer Sale,0.3,True,13.93
6569,Summer Sale,0.3,False,0.0
6570,Summer Sale,0.3,False,0.0
6571,BOGO,0.2,True,11.57
6572,Flash Sale,0.15,True,5.36
6573,Flash Sale,0.15,False,0.0
6574,Summer Sale,0.3,True,20.4
6575,Flash Sale,0.15,False,0.0
6576,New Year Promo,0.25,False,0.0
6577,Summer Sale,0.3,True,20.72
6578,New Year Promo,0.25,True,8.79
6579,New Year Promo,0.25,True,9.14
6580,Flash Sale,0.15,True,31.77
6581,Flash Sale,0.15,False,0.0
6582,Summer Sale,0.3,False,0.0
6583,BOGO,0.2,True,22.58
6584,New Year Promo,0.25,False,0.0
6585,Holiday Sale,0.1,True,3.14
6586,Summer Sale,0.3,False,0.0
6587,Holiday Sale,0.1,True,4.09
6588,New Year Promo,0.25,True,8.96
6589,Summer Sale,0.3,True,13.33
6590,Holiday Sale,0.1,True,6.07
6591,Summer Sale,0.3,True,25.85
6592,Flash Sale,0.15,True,7.44
6593,Flash Sale,0.15,False,0.0
6594,Summer Sale,0.3,True,23.68
6595,Flash Sale,0.15,True,7.25
6596,New Year Promo,0.25,True,8.0
6597,Flash Sale,0.15,False,0.0
6598,Holiday Sale,0.1,True,4.56
6599,Summer Sale,0.3,True,25.42
6600,Flash Sale,0.15,False,0.0
6601,New Year Promo,0.25,False,0.0
6602,BOGO,0.2,True,11.07
6603,Holiday Sale,0.1,False,0.0
6604,New Year Promo,0.25,True,51.08
6605,BOGO,0.2,True,13.59
6606,BOGO,0.2,True,6.29
6607,Holiday Sale,0.1,True,3.05
6608,New Year Promo,0.25,True,14.31
6609,Flash Sale,0.15,True,8.39
6610,Flash Sale,0.15,False,0.0
6611,Summer Sale,0.3,True,21.59
6612,New Year Promo,0.25,False,0.0
6613,Summer Sale,0.3,True,14.86
6614,Flash Sale,0.15,False,0.0
6615,Holiday Sale,0.1,True,3.47
6616,BOGO,0.2,True,19.14
6617,Holiday Sale,0.1,False,0.0
6618,Summer Sale,0.3,False,0.0
6619,Flash Sale,0.15,True,9.19
6620,BOGO,0.2,True,11.92
6621,BOGO,0.2,True,10.46
6622,Summer Sale,0.3,True,11.66
6623,Flash Sale,0.15,True,11.63
6624,Holiday Sale,0.1,True,6.18
6625,BOGO,0.2,False,0.0
6626,Holiday Sale,0.1,False,0.0
6627,Holiday Sale,0.1,True,12.22
6628,New Year Promo,0.25,False,0.0
6629,BOGO,0.2,True,11.88
6630,Summer Sale,0.3,False,0.0
6631,BOGO,0.2,False,0.0
6632,Summer Sale,0.3,True,10.1
6633,Flash Sale,0.15,False,0.0
6634,Summer Sale,0.3,True,18.1
6635,BOGO,0.2,False,0.0
6636,Summer Sale,0.3,True,11.99
6637,New Year Promo,0.25,True,17.41
6638,New Year Promo,0.25,False,0.0
6639,Flash Sale,0.15,False,0.0
6640,New Year Promo,0.25,False,0.0
6641,New Year Promo,0.25,False,0.0
6642,Flash Sale,0.15,True,21.59
6643,BOGO,0.2,False,0.0
6644,Holiday Sale,0.1,True,11.08
6645,Flash Sale,0.15,True,5.53
6646,Flash Sale,0.15,False,0.0
6647,Flash Sale,0.15,True,11.91
6648,Flash Sale,0.15,True,9.51
6649,Holiday Sale,0.1,False,0.0
6650,BOGO,0.2,False,0.0
6651,BOGO,0.2,True,9.22
6652,Flash Sale,0.15,True,12.38
6653,BOGO,0.2,True,5.24
6654,Flash Sale,0.15,True,4.83
6655,Summer Sale,0.3,False,0.0
6656,Holiday Sale,0.1,True,2.9
6657,Flash Sale,0.15,False,0.0
6658,Flash Sale,0.15,False,0.0
6659,BOGO,0.2,False,0.0
6660,Flash Sale,0.15,False,0.0
6661,New Year Promo,0.25,True,18.3
6662,Summer Sale,0.3,False,0.0
6663,BOGO,0.2,False,0.0
6664,New Year Promo,0.25,False,0.0
6665,Summer Sale,0.3,False,0.0
6666,BOGO,0.2,True,10.41
6667,BOGO,0.2,True,6.86
6668,Holiday Sale,0.1,True,5.62
6669,Flash Sale,0.15,True,5.21
6670,Flash Sale,0.15,False,0.0
6671,Flash Sale,0.15,True,4.62
6672,Holiday Sale,0.1,True,7.79
6673,New Year Promo,0.25,False,0.0
6674,Flash Sale,0.15,True,5.38
6675,New Year Promo,0.25,True,8.78
6676,Flash Sale,0.15,True,13.87
6677,Summer Sale,0.3,True,14.52
6678,New Year Promo,0.25,False,0.0
6679,Summer Sale,0.3,True,24.94
6680,New Year Promo,0.25,True,11.53
6681,Flash Sale,0.15,True,5.55
6682,Holiday Sale,0.1,False,0.0
6683,Holiday Sale,0.1,True,8.44
6684,Holiday Sale,0.1,False,0.0
6685,New Year Promo,0.25,True,16.99
6686,New Year Promo,0.25,False,0.0
6687,Holiday Sale,0.1,False,0.0
6688,Flash Sale,0.15,True,5.67
6689,BOGO,0.2,False,0.0
6690,BOGO,0.2,False,0.0
6691,BOGO,0.2,False,0.0
6692,Holiday Sale,0.1,True,4.1
6693,Flash Sale,0.15,True,16.98
6694,New Year Promo,0.25,True,20.89
6695,BOGO,0.2,False,0.0
6696,Holiday Sale,0.1,False,0.0
6697,Holiday Sale,0.1,True,5.17
6698,Flash Sale,0.15,True,5.85
6699,Flash Sale,0.15,True,11.61
6700,New Year Promo,0.25,False,0.0
6701,New Year Promo,0.25,True,16.45
6702,BOGO,0.2,True,12.17
6703,BOGO,0.2,True,7.56
6704,New Year Promo,0.25,True,8.9
6705,BOGO,0.2,False,0.0
6706,New Year Promo,0.25,False,0.0
6707,BOGO,0.2,True,14.75
6708,Summer Sale,0.3,True,14.88
6709,Flash Sale,0.15,False,0.0
6710,New Year Promo,0.25,True,14.99
6711,Summer Sale,0.3,True,11.93
6712,Holiday Sale,0.1,False,0.0
6713,Flash Sale,0.15,False,0.0
6714,Holiday Sale,0.1,True,14.94
6715,Holiday Sale,0.1,True,6.66
6716,Summer Sale,0.3,False,0.0
6717,Holiday Sale,0.1,False,0.0
6718,New Year Promo,0.25,True,9.92
6719,Summer Sale,0.3,True,12.48
6720,Summer Sale,0.3,True,8.9
6721,Holiday Sale,0.1,False,0.0
6722,Holiday Sale,0.1,False,0.0
6723,BOGO,0.2,True,19.04
6724,Flash Sale,0.15,False,0.0
6725,BOGO,0.2,False,0.0
6726,New Year Promo,0.25,True,10.4
6727,BOGO,0.2,False,0.0
6728,Holiday Sale,0.1,True,3.33
6729,Holiday Sale,0.1,True,10.65
6730,BOGO,0.2,False,0.0
6731,New Year Promo,0.25,False,0.0
6732,Holiday Sale,0.1,False,0.0
6733,New Year Promo,0.25,False,0.0
6734,New Year Promo,0.25,True,7.73
6735,New Year Promo,0.25,False,0.0
6736,New Year Promo,0.25,False,0.0
6737,New Year Promo,0.25,True,48.01
6738,Holiday Sale,0.1,True,3.5
6739,New Year Promo,0.25,False,0.0
6740,Summer Sale,0.3,True,20.73
6741,Holiday Sale,0.1,False,0.0
6742,BOGO,0.2,False,0.0
6743,Flash Sale,0.15,False,0.0
6744,New Year Promo,0.25,True,19.11
6745,Holiday Sale,0.1,False,0.0
6746,Summer Sale,0.3,False,0.0
6747,Holiday Sale,0.1,True,4.98
6748,Holiday Sale,0.1,False,0.0
6749,Summer Sale,0.3,True,41.28
6750,New Year Promo,0.25,True,6.15
6751,Holiday Sale,0.1,True,4.48
6752,BOGO,0.2,False,0.0
6753,Flash Sale,0.15,False,0.0
6754,New Year Promo,0.25,True,10.93
6755,Flash Sale,0.15,True,4.84
6756,BOGO,0.2,True,12.87
6757,BOGO,0.2,True,11.85
6758,BOGO,0.2,True,11.14
6759,New Year Promo,0.25,True,21.43
6760,Flash Sale,0.15,True,6.18
6761,Flash Sale,0.15,False,0.0
6762,Flash Sale,0.15,False,0.0
6763,New Year Promo,0.25,True,6.95
6764,Holiday Sale,0.1,False,0.0
6765,Flash Sale,0.15,True,8.91
6766,Holiday Sale,0.1,True,8.12
6767,Holiday Sale,0.1,True,9.56
6768,Holiday Sale,0.1,False,0.0
6769,Holiday Sale,0.1,True,6.66
6770,Summer Sale,0.3,False,0.0
6771,Holiday Sale,0.1,True,7.23
6772,Holiday Sale,0.1,False,0.0
6773,Flash Sale,0.15,True,7.94
6774,BOGO,0.2,False,0.0
6775,Flash Sale,0.15,False,0.0
6776,Summer Sale,0.3,False,0.0
6777,Flash Sale,0.15,True,7.33
6778,Holiday Sale,0.1,True,4.46
6779,BOGO,0.2,True,18.41
6780,Holiday Sale,0.1,False,0.0
6781,Holiday Sale,0.1,False,0.0
6782,Summer Sale,0.3,True,10.18
6783,Holiday Sale,0.1,False,0.0
6784,Holiday Sale,0.1,True,3.63
6785,BOGO,0.2,False,0.0
6786,BOGO,0.2,True,15.02
6787,Flash Sale,0.15,True,9.45
6788,BOGO,0.2,False,0.0
6789,New Year Promo,0.25,True,23.75
6790,New Year Promo,0.25,True,13.06
6791,Summer Sale,0.3,False,0.0
6792,BOGO,0.2,False,0.0
6793,BOGO,0.2,False,0.0
6794,BOGO,0.2,False,0.0
6795,BOGO,0.2,True,9.43
6796,Holiday Sale,0.1,False,0.0
6797,Summer Sale,0.3,True,26.01
6798,Flash Sale,0.15,True,4.54
6799,New Year Promo,0.25,True,20.46
6800,BOGO,0.2,False,0.0
6801,BOGO,0.2,False,0.0
6802,BOGO,0.2,True,8.68
6803,Holiday Sale,0.1,True,3.71
6804,BOGO,0.2,False,0.0
6805,New Year Promo,0.25,False,0.0
6806,BOGO,0.2,True,7.57
6807,Holiday Sale,0.1,True,6.33
6808,New Year Promo,0.25,False,0.0
6809,Holiday Sale,0.1,True,4.06
6810,Holiday Sale,0.1,True,3.82
6811,BOGO,0.2,False,0.0
6812,New Year Promo,0.25,True,9.44
6813,Flash Sale,0.15,True,4.66
6814,New Year Promo,0.25,False,0.0
6815,Flash Sale,0.15,False,0.0
6816,New Year Promo,0.25,False,0.0
6817,Summer Sale,0.3,True,10.09
6818,Flash Sale,0.15,False,0.0
6819,Flash Sale,0.15,True,11.08
6820,BOGO,0.2,True,14.67
6821,Summer Sale,0.3,True,9.07
6822,BOGO,0.2,True,24.06
6823,Summer Sale,0.3,True,30.62
6824,Flash Sale,0.15,True,13.17
6825,BOGO,0.2,True,7.89
6826,Flash Sale,0.15,True,11.16
6827,Flash Sale,0.15,True,4.89
6828,Flash Sale,0.15,False,0.0
6829,BOGO,0.2,False,0.0
6830,Flash Sale,0.15,True,5.5
6831,Holiday Sale,0.1,True,6.43
6832,BOGO,0.2,False,0.0
6833,New Year Promo,0.25,False,0.0
6834,Summer Sale,0.3,True,11.91
6835,Summer Sale,0.3,True,19.99
6836,New Year Promo,0.25,False,0.0
6837,Flash Sale,0.15,False,0.0
6838,Summer Sale,0.3,True,16.79
6839,New Year Promo,0.25,False,0.0
6840,BOGO,0.2,True,38.11
6841,BOGO,0.2,True,17.97
6842,Holiday Sale,0.1,False,0.0
6843,BOGO,0.2,True,6.59
6844,Holiday Sale,0.1,False,0.0
6845,BOGO,0.2,True,13.8
6846,BOGO,0.2,True,7.13
6847,Flash Sale,0.15,False,0.0
6848,Holiday Sale,0.1,False,0.0
6849,Summer Sale,0.3,False,0.0
6850,New Year Promo,0.25,False,0.0
6851,Holiday Sale,0.1,False,0.0
6852,BOGO,0.2,True,16.22
6853,New Year Promo,0.25,True,14.28
6854,Flash Sale,0.15,True,8.93
6855,New Year Promo,0.25,False,0.0
6856,Summer Sale,0.3,True,12.98
6857,Holiday Sale,0.1,False,0.0
6858,Holiday Sale,0.1,False,0.0
6859,Holiday Sale,0.1,False,0.0
6860,Holiday Sale,0.1,True,5.25
6861,BOGO,0.2,False,0.0
6862,Flash Sale,0.15,False,0.0
6863,Flash Sale,0.15,False,0.0
6864,Holiday Sale,0.1,True,4.07
6865,Flash Sale,0.15,False,0.0
6866,BOGO,0.2,True,7.68
6867,New Year Promo,0.25,True,9.81
6868,New Year Promo,0.25,False,0.0
6869,New Year Promo,0.25,False,0.0
6870,Summer Sale,0.3,False,0.0
6871,New Year Promo,0.25,False,0.0
6872,Holiday Sale,0.1,False,0.0
6873,Flash Sale,0.15,True,6.88
6874,New Year Promo,0.25,True,10.46
6875,New Year Promo,0.25,False,0.0
6876,Flash Sale,0.15,True,5.35
6877,BOGO,0.2,False,0.0
6878,BOGO,0.2,False,0.0
6879,Flash Sale,0.15,False,0.0
6880,Holiday Sale,0.1,False,0.0
6881,Summer Sale,0.3,False,0.0
6882,Flash Sale,0.15,False,0.0
6883,Holiday Sale,0.1,True,3.39
6884,New Year Promo,0.25,True,17.15
6885,New Year Promo,0.25,False,0.0
6886,Holiday Sale,0.1,True,6.36
6887,Flash Sale,0.15,False,0.0
6888,Flash Sale,0.15,True,5.55
6889,Flash Sale,0.15,True,8.02
6890,BOGO,0.2,True,13.88
6891,BOGO,0.2,False,0.0
6892,Holiday Sale,0.1,True,9.13
6893,BOGO,0.2,True,10.63
6894,BOGO,0.2,False,0.0
6895,BOGO,0.2,False,0.0
6896,New Year Promo,0.25,True,23.82
6897,New Year Promo,0.25,True,19.54
6898,New Year Promo,0.25,True,15.94
6899,BOGO,0.2,True,19.98
6900,Summer Sale,0.3,True,10.36
6901,Flash Sale,0.15,True,5.84
6902,Flash Sale,0.15,True,3.38
6903,Holiday Sale,0.1,False,0.0
6904,Holiday Sale,0.1,True,4.79
6905,New Year Promo,0.25,False,0.0
6906,Holiday Sale,0.1,False,0.0
6907,Summer Sale,0.3,True,9.91
6908,Holiday Sale,0.1,True,5.75
6909,New Year Promo,0.25,True,16.51
6910,Holiday Sale,0.1,False,0.0
6911,Summer Sale,0.3,True,10.16
6912,Holiday Sale,0.1,True,11.11
6913,Holiday Sale,0.1,False,0.0
6914,Flash Sale,0.15,True,5.56
6915,Summer Sale,0.3,False,0.0
6916,Summer Sale,0.3,True,14.97
6917,Holiday Sale,0.1,False,0.0
6918,Holiday Sale,0.1,True,11.36
6919,BOGO,0.2,True,12.26
6920,BOGO,0.2,False,0.0
6921,Summer Sale,0.3,True,51.24
6922,Flash Sale,0.15,True,7.35
6923,New Year Promo,0.25,True,7.54
6924,Holiday Sale,0.1,False,0.0
6925,BOGO,0.2,False,0.0
6926,BOGO,0.2,True,7.43
6927,Flash Sale,0.15,False,0.0
6928,Holiday Sale,0.1,True,6.0
6929,Holiday Sale,0.1,True,5.5
6930,Flash Sale,0.15,True,6.37
6931,Holiday Sale,0.1,True,4.35
6932,New Year Promo,0.25,False,0.0
6933,Holiday Sale,0.1,False,0.0
6934,Flash Sale,0.15,False,0.0
6935,BOGO,0.2,True,11.84
6936,New Year Promo,0.25,True,8.25
6937,BOGO,0.2,False,0.0
6938,New Year Promo,0.25,True,13.16
6939,BOGO,0.2,True,6.85
6940,Summer Sale,0.3,False,0.0
6941,Summer Sale,0.3,True,16.44
6942,Flash Sale,0.15,False,0.0
6943,BOGO,0.2,True,11.81
6944,Summer Sale,0.3,False,0.0
6945,Holiday Sale,0.1,True,6.9
6946,Flash Sale,0.15,False,0.0
6947,Summer Sale,0.3,False,0.0
6948,Flash Sale,0.15,True,4.38
6949,New Year Promo,0.25,True,16.75
6950,Holiday Sale,0.1,False,0.0
6951,Holiday Sale,0.1,False,0.0
6952,Flash Sale,0.15,False,0.0
6953,Holiday Sale,0.1,True,3.05
6954,Holiday Sale,0.1,False,0.0
6955,BOGO,0.2,True,16.63
6956,Summer Sale,0.3,False,0.0
6957,BOGO,0.2,True,10.81
6958,Summer Sale,0.3,True,15.98
6959,New Year Promo,0.25,True,13.89
6960,New Year Promo,0.25,True,24.32
6961,Holiday Sale,0.1,True,5.43
6962,New Year Promo,0.25,False,0.0
6963,Holiday Sale,0.1,True,12.79
6964,Holiday Sale,0.1,False,0.0
6965,Holiday Sale,0.1,False,0.0
6966,Flash Sale,0.15,True,4.91
6967,Holiday Sale,0.1,True,5.6
6968,Summer Sale,0.3,True,13.15
6969,Flash Sale,0.15,True,7.46
6970,BOGO,0.2,False,0.0
6971,Holiday Sale,0.1,True,8.46
6972,BOGO,0.2,True,22.26
6973,BOGO,0.2,False,0.0
6974,Holiday Sale,0.1,False,0.0
6975,Holiday Sale,0.1,False,0.0
6976,Holiday Sale,0.1,True,3.38
6977,Flash Sale,0.15,False,0.0
6978,New Year Promo,0.25,True,16.04
6979,Summer Sale,0.3,True,20.04
6980,Flash Sale,0.15,True,7.18
6981,Holiday Sale,0.1,True,3.02
6982,Holiday Sale,0.1,True,11.57
6983,BOGO,0.2,True,16.23
6984,BOGO,0.2,False,0.0
6985,Flash Sale,0.15,True,12.74
6986,Summer Sale,0.3,False,0.0
6987,Holiday Sale,0.1,False,0.0
6988,New Year Promo,0.25,True,6.53
6989,BOGO,0.2,False,0.0
6990,Summer Sale,0.3,True,11.22
6991,Flash Sale,0.15,True,10.0
6992,New Year Promo,0.25,False,0.0
6993,New Year Promo,0.25,True,9.15
6994,New Year Promo,0.25,False,0.0
6995,Summer Sale,0.3,True,21.92
6996,Holiday Sale,0.1,False,0.0
6997,Holiday Sale,0.1,False,0.0
6998,Holiday Sale,0.1,True,6.81
6999,New Year Promo,0.25,True,11.78
7000,Flash Sale,0.15,False,0.0
7001,Summer Sale,0.3,False,0.0
7002,Flash Sale,0.15,False,0.0
7003,BOGO,0.2,False,0.0
7004,Summer Sale,0.3,False,0.0
7005,New Year Promo,0.25,False,0.0
7006,Summer Sale,0.3,True,10.06
7007,Flash Sale,0.15,True,10.31
7008,Holiday Sale,0.1,False,0.0
7009,Holiday Sale,0.1,True,3.7
7010,BOGO,0.2,True,8.05
7011,BOGO,0.2,True,6.56
7012,Flash Sale,0.15,True,8.97
7013,Flash Sale,0.15,False,0.0
7014,BOGO,0.2,True,15.81
7015,New Year Promo,0.25,False,0.0
7016,BOGO,0.2,True,12.78
7017,Summer Sale,0.3,False,0.0
7018,Holiday Sale,0.1,True,3.78
7019,New Year Promo,0.25,False,0.0
7020,Holiday Sale,0.1,True,9.44
7021,New Year Promo,0.25,False,0.0
7022,Holiday Sale,0.1,True,7.25
7023,Holiday Sale,0.1,True,19.74
7024,Summer Sale,0.3,False,0.0
7025,Flash Sale,0.15,True,7.87
7026,Holiday Sale,0.1,False,0.0
7027,Summer Sale,0.3,False,0.0
7028,Holiday Sale,0.1,True,13.13
7029,New Year Promo,0.25,False,0.0
7030,Flash Sale,0.15,True,5.18
7031,Flash Sale,0.15,False,0.0
7032,Summer Sale,0.3,False,0.0
7033,BOGO,0.2,False,0.0
7034,Flash Sale,0.15,True,5.3
7035,Flash Sale,0.15,False,0.0
7036,BOGO,0.2,True,14.67
7037,Summer Sale,0.3,True,10.96
7038,Flash Sale,0.15,False,0.0
7039,Summer Sale,0.3,True,13.29
7040,Flash Sale,0.15,False,0.0
7041,BOGO,0.2,False,0.0
7042,Holiday Sale,0.1,True,4.14
7043,BOGO,0.2,True,11.56
7044,BOGO,0.2,False,0.0
7045,Summer Sale,0.3,False,0.0
7046,Flash Sale,0.15,False,0.0
7047,Summer Sale,0.3,False,0.0
7048,New Year Promo,0.25,True,12.49
7049,BOGO,0.2,False,0.0
7050,Summer Sale,0.3,True,8.61
7051,BOGO,0.2,True,41.68
7052,Summer Sale,0.3,True,19.19
7053,Flash Sale,0.15,True,11.97
7054,Summer Sale,0.3,False,0.0
7055,BOGO,0.2,True,6.29
7056,Summer Sale,0.3,False,0.0
7057,Flash Sale,0.15,False,0.0
7058,Summer Sale,0.3,True,24.14
7059,New Year Promo,0.25,True,17.66
7060,New Year Promo,0.25,True,15.94
7061,Summer Sale,0.3,False,0.0
7062,BOGO,0.2,True,10.6
7063,BOGO,0.2,False,0.0
7064,Flash Sale,0.15,False,0.0
7065,New Year Promo,0.25,False,0.0
7066,New Year Promo,0.25,True,10.75
7067,Holiday Sale,0.1,False,0.0
7068,New Year Promo,0.25,False,0.0
7069,Summer Sale,0.3,True,15.41
7070,Summer Sale,0.3,False,0.0
7071,BOGO,0.2,False,0.0
7072,Holiday Sale,0.1,False,0.0
7073,New Year Promo,0.25,True,19.24
7074,Flash Sale,0.15,True,4.06
7075,Summer Sale,0.3,True,15.45
7076,BOGO,0.2,False,0.0
7077,Holiday Sale,0.1,True,5.53
7078,New Year Promo,0.25,False,0.0
7079,Flash Sale,0.15,False,0.0
7080,Flash Sale,0.15,True,7.46
7081,Flash Sale,0.15,False,0.0
7082,Summer Sale,0.3,True,27.18
7083,BOGO,0.2,False,0.0
7084,Summer Sale,0.3,False,0.0
7085,New Year Promo,0.25,True,14.63
7086,BOGO,0.2,False,0.0
7087,Summer Sale,0.3,True,18.29
7088,Holiday Sale,0.1,True,13.07
7089,New Year Promo,0.25,False,0.0
7090,Flash Sale,0.15,False,0.0
7091,Holiday Sale,0.1,True,3.61
7092,BOGO,0.2,True,17.71
7093,BOGO,0.2,True,14.02
7094,Holiday Sale,0.1,False,0.0
7095,BOGO,0.2,True,11.94
7096,Holiday Sale,0.1,True,5.63
7097,Summer Sale,0.3,True,18.2
7098,Holiday Sale,0.1,False,0.0
7099,Flash Sale,0.15,True,7.19
7100,Summer Sale,0.3,True,16.33
7101,BOGO,0.2,False,0.0
7102,BOGO,0.2,False,0.0
7103,New Year Promo,0.25,True,20.8
7104,Holiday Sale,0.1,True,5.9
7105,Flash Sale,0.15,True,4.63
7106,Flash Sale,0.15,False,0.0
7107,Holiday Sale,0.1,False,0.0
7108,BOGO,0.2,False,0.0
7109,BOGO,0.2,True,13.42
7110,New Year Promo,0.25,False,0.0
7111,Summer Sale,0.3,True,22.19
7112,Flash Sale,0.15,True,14.44
7113,Summer Sale,0.3,False,0.0
7114,Holiday Sale,0.1,True,3.64
7115,Summer Sale,0.3,True,16.72
7116,Summer Sale,0.3,True,35.81
7117,Flash Sale,0.15,True,8.53
7118,New Year Promo,0.25,False,0.0
7119,New Year Promo,0.25,True,12.82
7120,Holiday Sale,0.1,False,0.0
7121,Flash Sale,0.15,True,9.76
7122,Summer Sale,0.3,True,11.18
7123,New Year Promo,0.25,False,0.0
7124,Flash Sale,0.15,False,0.0
7125,New Year Promo,0.25,False,0.0
7126,Holiday Sale,0.1,False,0.0
7127,New Year Promo,0.25,False,0.0
7128,Holiday Sale,0.1,True,2.7
7129,New Year Promo,0.25,True,8.46
7130,Holiday Sale,0.1,True,7.55
7131,BOGO,0.2,True,8.67
7132,Summer Sale,0.3,False,0.0
7133,Flash Sale,0.15,False,0.0
7134,BOGO,0.2,False,0.0
7135,Summer Sale,0.3,False,0.0
7136,Holiday Sale,0.1,True,4.91
7137,Summer Sale,0.3,True,26.44
7138,BOGO,0.2,True,10.3
7139,Holiday Sale,0.1,True,5.65
7140,Flash Sale,0.15,True,5.1
7141,Flash Sale,0.15,True,13.1
7142,BOGO,0.2,False,0.0
7143,Summer Sale,0.3,True,20.25
7144,BOGO,0.2,False,0.0
7145,Summer Sale,0.3,False,0.0
7146,BOGO,0.2,False,0.0
7147,Flash Sale,0.15,True,15.22
7148,Flash Sale,0.15,True,5.47
7149,New Year Promo,0.25,True,12.8
7150,Summer Sale,0.3,False,0.0
7151,Flash Sale,0.15,False,0.0
7152,New Year Promo,0.25,False,0.0
7153,Holiday Sale,0.1,True,10.07
7154,Summer Sale,0.3,False,0.0
7155,BOGO,0.2,False,0.0
7156,New Year Promo,0.25,True,20.53
7157,Holiday Sale,0.1,True,5.43
7158,New Year Promo,0.25,False,0.0
7159,Summer Sale,0.3,False,0.0
7160,Holiday Sale,0.1,False,0.0
7161,Summer Sale,0.3,True,13.6
7162,BOGO,0.2,True,5.66
7163,BOGO,0.2,False,0.0
7164,BOGO,0.2,True,14.09
7165,Holiday Sale,0.1,False,0.0
7166,Summer Sale,0.3,False,0.0
7167,Flash Sale,0.15,True,8.91
7168,BOGO,0.2,True,6.66
7169,BOGO,0.2,True,7.31
7170,New Year Promo,0.25,True,7.68
7171,Holiday Sale,0.1,True,4.3
7172,Summer Sale,0.3,False,0.0
7173,Summer Sale,0.3,False,0.0
7174,Flash Sale,0.15,False,0.0
7175,Summer Sale,0.3,True,11.77
7176,New Year Promo,0.25,False,0.0
7177,Flash Sale,0.15,False,0.0
7178,Flash Sale,0.15,True,8.97
7179,BOGO,0.2,False,0.0
7180,New Year Promo,0.25,True,12.82
7181,Flash Sale,0.15,False,0.0
7182,Holiday Sale,0.1,False,0.0
7183,Flash Sale,0.15,True,10.37
7184,New Year Promo,0.25,False,0.0
7185,BOGO,0.2,True,6.55
7186,Flash Sale,0.15,False,0.0
7187,New Year Promo,0.25,True,14.75
7188,Flash Sale,0.15,False,0.0
7189,Summer Sale,0.3,False,0.0
7190,New Year Promo,0.25,True,18.44
7191,BOGO,0.2,False,0.0
7192,New Year Promo,0.25,True,8.11
7193,BOGO,0.2,False,0.0
7194,Flash Sale,0.15,True,6.42
7195,BOGO,0.2,False,0.0
7196,Flash Sale,0.15,False,0.0
7197,Summer Sale,0.3,True,11.77
7198,New Year Promo,0.25,True,12.36
7199,Summer Sale,0.3,True,27.03
7200,Holiday Sale,0.1,False,0.0
7201,Holiday Sale,0.1,True,3.46
7202,New Year Promo,0.25,False,0.0
7203,Flash Sale,0.15,True,10.33
7204,Summer Sale,0.3,False,0.0
7205,Summer Sale,0.3,True,25.49
7206,Summer Sale,0.3,True,9.08
7207,Summer Sale,0.3,True,9.45
7208,Summer Sale,0.3,True,10.71
7209,Flash Sale,0.15,False,0.0
7210,Holiday Sale,0.1,True,6.83
7211,New Year Promo,0.25,True,9.27
7212,Holiday Sale,0.1,False,0.0
7213,Flash Sale,0.15,False,0.0
7214,Holiday Sale,0.1,True,8.62
7215,Flash Sale,0.15,False,0.0
7216,Flash Sale,0.15,True,8.63
7217,Summer Sale,0.3,True,12.35
7218,New Year Promo,0.25,True,15.82
7219,Flash Sale,0.15,True,9.63
7220,New Year Promo,0.25,False,0.0
7221,New Year Promo,0.25,True,19.13
7222,Flash Sale,0.15,False,0.0
7223,Flash Sale,0.15,True,5.41
7224,Flash Sale,0.15,False,0.0
7225,New Year Promo,0.25,False,0.0
7226,BOGO,0.2,True,22.35
7227,New Year Promo,0.25,True,14.29
7228,BOGO,0.2,True,6.82
7229,Flash Sale,0.15,False,0.0
7230,Summer Sale,0.3,False,0.0
7231,Flash Sale,0.15,False,0.0
7232,Flash Sale,0.15,False,0.0
7233,BOGO,0.2,True,7.23
7234,Flash Sale,0.15,False,0.0
7235,New Year Promo,0.25,False,0.0
7236,New Year Promo,0.25,False,0.0
7237,New Year Promo,0.25,True,12.48
7238,BOGO,0.2,True,18.99
7239,Summer Sale,0.3,False,0.0
7240,Summer Sale,0.3,False,0.0
7241,BOGO,0.2,True,13.92
7242,New Year Promo,0.25,False,0.0
7243,Flash Sale,0.15,False,0.0
7244,New Year Promo,0.25,False,0.0
7245,Holiday Sale,0.1,False,0.0
7246,Summer Sale,0.3,True,10.81
7247,Holiday Sale,0.1,True,6.56
7248,Flash Sale,0.15,False,0.0
7249,New Year Promo,0.25,False,0.0
7250,Holiday Sale,0.1,True,10.25
7251,Holiday Sale,0.1,True,4.58
7252,Summer Sale,0.3,False,0.0
7253,Holiday Sale,0.1,True,5.08
7254,Holiday Sale,0.1,False,0.0
7255,Holiday Sale,0.1,False,0.0
7256,BOGO,0.2,False,0.0
7257,Flash Sale,0.15,True,6.18
7258,BOGO,0.2,True,5.96
7259,BOGO,0.2,False,0.0
7260,New Year Promo,0.25,True,10.36
7261,New Year Promo,0.25,False,0.0
7262,Summer Sale,0.3,True,35.93
7263,Holiday Sale,0.1,False,0.0
7264,BOGO,0.2,False,0.0
7265,Summer Sale,0.3,False,0.0
7266,Summer Sale,0.3,False,0.0
7267,Summer Sale,0.3,True,11.15
7268,Holiday Sale,0.1,True,4.54
7269,New Year Promo,0.25,True,8.73
7270,Summer Sale,0.3,True,15.78
7271,New Year Promo,0.25,False,0.0
7272,New Year Promo,0.25,True,21.43
7273,Holiday Sale,0.1,False,0.0
7274,Summer Sale,0.3,False,0.0
7275,Holiday Sale,0.1,True,3.11
7276,New Year Promo,0.25,True,22.47
7277,Holiday Sale,0.1,True,2.58
7278,Summer Sale,0.3,True,12.79
7279,BOGO,0.2,True,18.28
7280,Summer Sale,0.3,False,0.0
7281,New Year Promo,0.25,True,15.71
7282,New Year Promo,0.25,True,11.4
7283,Flash Sale,0.15,False,0.0
7284,Summer Sale,0.3,False,0.0
7285,Summer Sale,0.3,False,0.0
7286,Holiday Sale,0.1,False,0.0
7287,New Year Promo,0.25,False,0.0
7288,Summer Sale,0.3,False,0.0
7289,BOGO,0.2,False,0.0
7290,BOGO,0.2,True,14.27
7291,New Year Promo,0.25,True,11.39
7292,BOGO,0.2,False,0.0
7293,Flash Sale,0.15,False,0.0
7294,Holiday Sale,0.1,False,0.0
7295,BOGO,0.2,False,0.0
7296,BOGO,0.2,True,19.55
7297,BOGO,0.2,False,0.0
7298,Summer Sale,0.3,True,19.14
7299,BOGO,0.2,False,0.0
7300,BOGO,0.2,True,7.26
7301,Flash Sale,0.15,False,0.0
7302,Flash Sale,0.15,False,0.0
7303,Holiday Sale,0.1,False,0.0
7304,Summer Sale,0.3,True,24.68
7305,Holiday Sale,0.1,True,4.43
7306,Flash Sale,0.15,True,12.79
7307,Flash Sale,0.15,True,13.75
7308,BOGO,0.2,False,0.0
7309,Summer Sale,0.3,False,0.0
7310,Holiday Sale,0.1,False,0.0
7311,New Year Promo,0.25,True,41.2
7312,Flash Sale,0.15,False,0.0
7313,Flash Sale,0.15,False,0.0
7314,New Year Promo,0.25,False,0.0
7315,Holiday Sale,0.1,False,0.0
7316,Summer Sale,0.3,True,31.52
7317,New Year Promo,0.25,False,0.0
7318,Flash Sale,0.15,False,0.0
7319,Holiday Sale,0.1,True,4.2
7320,Holiday Sale,0.1,False,0.0
7321,New Year Promo,0.25,False,0.0
7322,New Year Promo,0.25,False,0.0
7323,New Year Promo,0.25,False,0.0
7324,New Year Promo,0.25,False,0.0
7325,Holiday Sale,0.1,False,0.0
7326,New Year Promo,0.25,True,13.08
7327,Flash Sale,0.15,True,17.1
7328,Flash Sale,0.15,False,0.0
7329,BOGO,0.2,True,16.67
7330,Flash Sale,0.15,True,7.82
7331,BOGO,0.2,False,0.0
7332,Holiday Sale,0.1,False,0.0
7333,BOGO,0.2,True,13.74
7334,Summer Sale,0.3,False,0.0
7335,New Year Promo,0.25,True,7.85
7336,Holiday Sale,0.1,False,0.0
7337,Summer Sale,0.3,True,9.37
7338,New Year Promo,0.25,False,0.0
7339,Holiday Sale,0.1,True,10.93
7340,Summer Sale,0.3,False,0.0
7341,New Year Promo,0.25,False,0.0
7342,BOGO,0.2,False,0.0
7343,Flash Sale,0.15,True,8.88
7344,BOGO,0.2,True,10.22
7345,Flash Sale,0.15,True,7.68
7346,Flash Sale,0.15,True,5.47
7347,New Year Promo,0.25,False,0.0
7348,Summer Sale,0.3,False,0.0
7349,BOGO,0.2,False,0.0
7350,BOGO,0.2,False,0.0
7351,Holiday Sale,0.1,True,4.06
7352,Summer Sale,0.3,True,13.2
7353,Summer Sale,0.3,True,9.93
7354,Summer Sale,0.3,True,21.61
7355,Summer Sale,0.3,False,0.0
7356,BOGO,0.2,True,14.09
7357,BOGO,0.2,True,17.55
7358,New Year Promo,0.25,True,17.95
7359,Summer Sale,0.3,True,12.77
7360,New Year Promo,0.25,True,25.86
7361,New Year Promo,0.25,False,0.0
7362,Flash Sale,0.15,False,0.0
7363,Flash Sale,0.15,False,0.0
7364,BOGO,0.2,True,35.78
7365,New Year Promo,0.25,True,9.56
7366,New Year Promo,0.25,False,0.0
7367,New Year Promo,0.25,False,0.0
7368,New Year Promo,0.25,True,13.59
7369,BOGO,0.2,False,0.0
7370,New Year Promo,0.25,False,0.0
7371,BOGO,0.2,True,9.25
7372,BOGO,0.2,True,15.01
7373,Summer Sale,0.3,False,0.0
7374,Flash Sale,0.15,False,0.0
7375,Holiday Sale,0.1,False,0.0
7376,Summer Sale,0.3,True,30.29
7377,New Year Promo,0.25,True,15.48
7378,Flash Sale,0.15,True,6.49
7379,BOGO,0.2,True,9.79
7380,Flash Sale,0.15,True,5.37
7381,New Year Promo,0.25,True,8.09
7382,Summer Sale,0.3,False,0.0
7383,Holiday Sale,0.1,True,12.17
7384,Holiday Sale,0.1,True,4.8
7385,Flash Sale,0.15,False,0.0
7386,Summer Sale,0.3,False,0.0
7387,Flash Sale,0.15,True,6.22
7388,Holiday Sale,0.1,False,0.0
7389,Holiday Sale,0.1,True,3.36
7390,Flash Sale,0.15,False,0.0
7391,BOGO,0.2,True,11.9
7392,Holiday Sale,0.1,True,3.53
7393,BOGO,0.2,True,18.57
7394,Flash Sale,0.15,True,6.87
7395,Summer Sale,0.3,True,10.43
7396,BOGO,0.2,True,5.75
7397,Summer Sale,0.3,True,8.21
7398,New Year Promo,0.25,True,23.15
7399,Holiday Sale,0.1,False,0.0
7400,New Year Promo,0.25,False,0.0
7401,Flash Sale,0.15,False,0.0
7402,Summer Sale,0.3,True,16.71
7403,Flash Sale,0.15,False,0.0
7404,Flash Sale,0.15,True,4.9
7405,Summer Sale,0.3,False,0.0
7406,New Year Promo,0.25,False,0.0
7407,Summer Sale,0.3,False,0.0
7408,Holiday Sale,0.1,True,9.26
7409,Flash Sale,0.15,False,0.0
7410,New Year Promo,0.25,False,0.0
7411,Summer Sale,0.3,False,0.0
7412,Summer Sale,0.3,True,12.83
7413,Flash Sale,0.15,False,0.0
7414,Flash Sale,0.15,True,9.82
7415,BOGO,0.2,False,0.0
7416,Summer Sale,0.3,True,16.23
7417,BOGO,0.2,False,0.0
7418,Holiday Sale,0.1,False,0.0
7419,Summer Sale,0.3,False,0.0
7420,Holiday Sale,0.1,True,4.34
7421,Flash Sale,0.15,True,5.55
7422,New Year Promo,0.25,True,13.88
7423,New Year Promo,0.25,False,0.0
7424,Flash Sale,0.15,False,0.0
7425,Holiday Sale,0.1,False,0.0
7426,Holiday Sale,0.1,False,0.0
7427,Holiday Sale,0.1,True,4.56
7428,Flash Sale,0.15,False,0.0
7429,BOGO,0.2,False,0.0
7430,Summer Sale,0.3,True,17.42
7431,New Year Promo,0.25,False,0.0
7432,Summer Sale,0.3,False,0.0
7433,Flash Sale,0.15,True,5.78
7434,BOGO,0.2,False,0.0
7435,Flash Sale,0.15,False,0.0
7436,Summer Sale,0.3,False,0.0
7437,Summer Sale,0.3,False,0.0
7438,BOGO,0.2,False,0.0
7439,Summer Sale,0.3,False,0.0
7440,New Year Promo,0.25,False,0.0
7441,New Year Promo,0.25,True,22.8
7442,Flash Sale,0.15,False,0.0
7443,Holiday Sale,0.1,True,2.9
7444,New Year Promo,0.25,True,21.76
7445,Summer Sale,0.3,False,0.0
7446,Summer Sale,0.3,False,0.0
7447,BOGO,0.2,False,0.0
7448,Flash Sale,0.15,True,4.67
7449,New Year Promo,0.25,False,0.0
7450,Holiday Sale,0.1,True,7.36
7451,Flash Sale,0.15,False,0.0
7452,Summer Sale,0.3,False,0.0
7453,Holiday Sale,0.1,True,3.69
7454,Summer Sale,0.3,True,15.42
7455,Holiday Sale,0.1,True,6.24
7456,New Year Promo,0.25,True,28.74
7457,Holiday Sale,0.1,True,5.76
7458,Summer Sale,0.3,True,10.76
7459,Summer Sale,0.3,False,0.0
7460,New Year Promo,0.25,False,0.0
7461,BOGO,0.2,True,5.3
7462,Holiday Sale,0.1,False,0.0
7463,BOGO,0.2,True,14.18
7464,New Year Promo,0.25,False,0.0
7465,Holiday Sale,0.1,True,2.89
7466,BOGO,0.2,False,0.0
7467,Flash Sale,0.15,True,10.24
7468,New Year Promo,0.25,True,10.77
7469,Flash Sale,0.15,False,0.0
7470,Flash Sale,0.15,False,0.0
7471,Summer Sale,0.3,True,25.17
7472,Holiday Sale,0.1,True,3.31
7473,Summer Sale,0.3,True,26.5
7474,Flash Sale,0.15,False,0.0
7475,New Year Promo,0.25,False,0.0
7476,Summer Sale,0.3,True,9.97
7477,BOGO,0.2,True,12.51
7478,Summer Sale,0.3,False,0.0
7479,New Year Promo,0.25,True,22.55
7480,Flash Sale,0.15,False,0.0
7481,Summer Sale,0.3,True,12.53
7482,New Year Promo,0.25,False,0.0
7483,Summer Sale,0.3,False,0.0
7484,Summer Sale,0.3,False,0.0
7485,Holiday Sale,0.1,False,0.0
7486,New Year Promo,0.25,False,0.0
7487,Holiday Sale,0.1,False,0.0
7488,New Year Promo,0.25,True,20.54
7489,Holiday Sale,0.1,False,0.0
7490,BOGO,0.2,False,0.0
7491,Flash Sale,0.15,False,0.0
7492,Flash Sale,0.15,False,0.0
7493,Summer Sale,0.3,False,0.0
7494,Holiday Sale,0.1,False,0.0
7495,Flash Sale,0.15,False,0.0
7496,New Year Promo,0.25,False,0.0
7497,Summer Sale,0.3,True,12.04
7498,Flash Sale,0.15,False,0.0
7499,Holiday Sale,0.1,False,0.0
7500,Summer Sale,0.3,False,0.0
7501,Summer Sale,0.3,False,0.0
7502,New Year Promo,0.25,True,13.89
7503,BOGO,0.2,False,0.0
7504,Holiday Sale,0.1,False,0.0
7505,BOGO,0.2,True,8.5
7506,New Year Promo,0.25,True,15.24
7507,Flash Sale,0.15,False,0.0
7508,Flash Sale,0.15,True,6.2
7509,BOGO,0.2,False,0.0
7510,New Year Promo,0.25,True,19.62
7511,Summer Sale,0.3,False,0.0
7512,Holiday Sale,0.1,True,10.55
7513,New Year Promo,0.25,True,8.96
7514,New Year Promo,0.25,False,0.0
7515,Summer Sale,0.3,True,27.91
7516,New Year Promo,0.25,True,20.77
7517,New Year Promo,0.25,False,0.0
7518,Holiday Sale,0.1,True,3.58
7519,New Year Promo,0.25,True,16.2
7520,BOGO,0.2,False,0.0
7521,Summer Sale,0.3,False,0.0
7522,Flash Sale,0.15,False,0.0
7523,BOGO,0.2,False,0.0
7524,Flash Sale,0.15,False,0.0
7525,Flash Sale,0.15,True,3.81
7526,Flash Sale,0.15,True,8.02
7527,BOGO,0.2,True,12.04
7528,Summer Sale,0.3,True,18.92
7529,Summer Sale,0.3,True,12.73
7530,BOGO,0.2,False,0.0
7531,Holiday Sale,0.1,False,0.0
7532,BOGO,0.2,False,0.0
7533,Summer Sale,0.3,True,7.61
7534,Summer Sale,0.3,False,0.0
7535,Summer Sale,0.3,True,22.76
7536,New Year Promo,0.25,False,0.0
7537,Holiday Sale,0.1,True,5.19
7538,New Year Promo,0.25,False,0.0
7539,New Year Promo,0.25,False,0.0
7540,Holiday Sale,0.1,True,3.53
7541,New Year Promo,0.25,False,0.0
7542,Summer Sale,0.3,True,16.57
7543,Holiday Sale,0.1,False,0.0
7544,Flash Sale,0.15,True,18.97
7545,Holiday Sale,0.1,False,0.0
7546,Holiday Sale,0.1,True,4.63
7547,Flash Sale,0.15,False,0.0
7548,Summer Sale,0.3,False,0.0
7549,BOGO,0.2,False,0.0
7550,Holiday Sale,0.1,True,4.12
7551,Summer Sale,0.3,False,0.0
7552,New Year Promo,0.25,True,9.38
7553,BOGO,0.2,True,10.49
7554,Flash Sale,0.15,False,0.0
7555,New Year Promo,0.25,True,16.88
7556,New Year Promo,0.25,False,0.0
7557,New Year Promo,0.25,False,0.0
7558,New Year Promo,0.25,False,0.0
7559,New Year Promo,0.25,False,0.0
7560,Holiday Sale,0.1,False,0.0
7561,BOGO,0.2,True,10.68
7562,Summer Sale,0.3,True,14.22
7563,Flash Sale,0.15,False,0.0
7564,Summer Sale,0.3,True,16.02
7565,Holiday Sale,0.1,False,0.0
7566,BOGO,0.2,False,0.0
7567,BOGO,0.2,True,25.7
7568,Summer Sale,0.3,True,10.69
7569,New Year Promo,0.25,True,15.74
7570,BOGO,0.2,False,0.0
7571,Holiday Sale,0.1,False,0.0
7572,BOGO,0.2,False,0.0
7573,Flash Sale,0.15,False,0.0
7574,Holiday Sale,0.1,False,0.0
7575,BOGO,0.2,False,0.0
7576,BOGO,0.2,False,0.0
7577,New Year Promo,0.25,False,0.0
7578,Flash Sale,0.15,False,0.0
7579,BOGO,0.2,True,49.07
7580,BOGO,0.2,True,15.82
7581,Flash Sale,0.15,False,0.0
7582,Flash Sale,0.15,True,8.05
7583,Holiday Sale,0.1,False,0.0
7584,Holiday Sale,0.1,True,4.04
7585,Flash Sale,0.15,True,7.62
7586,Flash Sale,0.15,False,0.0
7587,Flash Sale,0.15,False,0.0
7588,Flash Sale,0.15,True,8.91
7589,Summer Sale,0.3,True,24.6
7590,New Year Promo,0.25,True,12.01
7591,BOGO,0.2,True,10.55
7592,New Year Promo,0.25,True,38.51
7593,Summer Sale,0.3,True,14.4
7594,Flash Sale,0.15,False,0.0
7595,New Year Promo,0.25,True,10.37
7596,BOGO,0.2,True,19.15
7597,Summer Sale,0.3,False,0.0
7598,Flash Sale,0.15,False,0.0
7599,Summer Sale,0.3,True,36.9
7600,Flash Sale,0.15,True,5.79
7601,New Year Promo,0.25,False,0.0
7602,Flash Sale,0.15,False,0.0
7603,BOGO,0.2,False,0.0
7604,BOGO,0.2,False,0.0
7605,Flash Sale,0.15,False,0.0
7606,New Year Promo,0.25,True,16.78
7607,Summer Sale,0.3,True,13.5
7608,Summer Sale,0.3,True,23.05
7609,New Year Promo,0.25,True,21.96
7610,Summer Sale,0.3,False,0.0
7611,New Year Promo,0.25,False,0.0
7612,Summer Sale,0.3,True,10.06
7613,Holiday Sale,0.1,True,7.14
7614,New Year Promo,0.25,False,0.0
7615,Flash Sale,0.15,False,0.0
7616,Summer Sale,0.3,True,11.42
7617,Flash Sale,0.15,True,5.26
7618,Holiday Sale,0.1,False,0.0
7619,BOGO,0.2,True,24.18
7620,BOGO,0.2,False,0.0
7621,Flash Sale,0.15,True,14.61
7622,Flash Sale,0.15,False,0.0
7623,Holiday Sale,0.1,False,0.0
7624,New Year Promo,0.25,True,14.82
7625,Summer Sale,0.3,False,0.0
7626,Summer Sale,0.3,True,18.75
7627,Summer Sale,0.3,False,0.0
7628,Summer Sale,0.3,False,0.0
7629,BOGO,0.2,True,11.17
7630,Flash Sale,0.15,True,7.95
7631,Holiday Sale,0.1,False,0.0
7632,Summer Sale,0.3,False,0.0
7633,BOGO,0.2,False,0.0
7634,New Year Promo,0.25,True,28.94
7635,Flash Sale,0.15,False,0.0
7636,Summer Sale,0.3,False,0.0
7637,BOGO,0.2,False,0.0
7638,Summer Sale,0.3,True,8.6
7639,New Year Promo,0.25,False,0.0
7640,Summer Sale,0.3,True,11.4
7641,Holiday Sale,0.1,True,4.08
7642,BOGO,0.2,False,0.0
7643,Flash Sale,0.15,True,6.34
7644,Summer Sale,0.3,False,0.0
7645,New Year Promo,0.25,True,8.57
7646,BOGO,0.2,True,13.27
7647,BOGO,0.2,True,12.01
7648,Summer Sale,0.3,False,0.0
7649,BOGO,0.2,False,0.0
7650,Flash Sale,0.15,False,0.0
7651,Summer Sale,0.3,False,0.0
7652,BOGO,0.2,True,6.89
7653,New Year Promo,0.25,False,0.0
7654,BOGO,0.2,True,17.41
7655,Summer Sale,0.3,False,0.0
7656,BOGO,0.2,True,12.07
7657,BOGO,0.2,False,0.0
7658,Holiday Sale,0.1,True,7.2
7659,Flash Sale,0.15,True,6.74
7660,BOGO,0.2,True,14.45
7661,Holiday Sale,0.1,False,0.0
7662,Holiday Sale,0.1,True,7.28
7663,BOGO,0.2,True,10.69
7664,Summer Sale,0.3,False,0.0
7665,Flash Sale,0.15,False,0.0
7666,New Year Promo,0.25,True,13.28
7667,Holiday Sale,0.1,False,0.0
7668,BOGO,0.2,True,15.47
7669,Holiday Sale,0.1,False,0.0
7670,BOGO,0.2,False,0.0
7671,New Year Promo,0.25,False,0.0
7672,BOGO,0.2,False,0.0
7673,Summer Sale,0.3,False,0.0
7674,Holiday Sale,0.1,False,0.0
7675,New Year Promo,0.25,True,13.52
7676,BOGO,0.2,False,0.0
7677,BOGO,0.2,False,0.0
7678,Summer Sale,0.3,True,32.03
7679,Summer Sale,0.3,False,0.0
7680,New Year Promo,0.25,True,9.21
7681,BOGO,0.2,True,16.66
7682,New Year Promo,0.25,False,0.0
7683,New Year Promo,0.25,True,15.4
7684,Holiday Sale,0.1,False,0.0
7685,Flash Sale,0.15,False,0.0
7686,Flash Sale,0.15,False,0.0
7687,New Year Promo,0.25,True,18.84
7688,Summer Sale,0.3,False,0.0
7689,BOGO,0.2,False,0.0
7690,New Year Promo,0.25,False,0.0
7691,Summer Sale,0.3,True,13.77
7692,Holiday Sale,0.1,False,0.0
7693,New Year Promo,0.25,False,0.0
7694,BOGO,0.2,True,12.04
7695,Holiday Sale,0.1,True,5.87
7696,Summer Sale,0.3,False,0.0
7697,BOGO,0.2,False,0.0
7698,Flash Sale,0.15,True,6.34
7699,Summer Sale,0.3,False,0.0
7700,New Year Promo,0.25,True,8.8
7701,Flash Sale,0.15,True,17.92
7702,Summer Sale,0.3,True,15.59
7703,New Year Promo,0.25,True,13.28
7704,BOGO,0.2,False,0.0
7705,Flash Sale,0.15,False,0.0
7706,Summer Sale,0.3,False,0.0
7707,Holiday Sale,0.1,True,6.41
7708,Holiday Sale,0.1,True,5.4
7709,New Year Promo,0.25,True,13.32
7710,Summer Sale,0.3,True,48.96
7711,Flash Sale,0.15,True,5.67
7712,Holiday Sale,0.1,False,0.0
7713,New Year Promo,0.25,False,0.0
7714,New Year Promo,0.25,False,0.0
7715,New Year Promo,0.25,True,8.88
7716,New Year Promo,0.25,True,29.09
7717,Flash Sale,0.15,False,0.0
7718,Summer Sale,0.3,False,0.0
7719,Holiday Sale,0.1,False,0.0
7720,Flash Sale,0.15,True,17.22
7721,Flash Sale,0.15,True,8.42
7722,Holiday Sale,0.1,True,7.34
7723,BOGO,0.2,False,0.0
7724,Holiday Sale,0.1,False,0.0
7725,BOGO,0.2,True,14.43
7726,Holiday Sale,0.1,False,0.0
7727,New Year Promo,0.25,False,0.0
7728,New Year Promo,0.25,False,0.0
7729,Holiday Sale,0.1,True,11.68
7730,Holiday Sale,0.1,True,8.25
7731,New Year Promo,0.25,True,14.37
7732,Flash Sale,0.15,True,4.6
7733,Holiday Sale,0.1,False,0.0
7734,Summer Sale,0.3,True,24.55
7735,New Year Promo,0.25,False,0.0
7736,Holiday Sale,0.1,False,0.0
7737,BOGO,0.2,True,33.32
7738,Holiday Sale,0.1,False,0.0
7739,Summer Sale,0.3,False,0.0
7740,New Year Promo,0.25,False,0.0
7741,Holiday Sale,0.1,False,0.0
7742,Holiday Sale,0.1,False,0.0
7743,Summer Sale,0.3,True,19.31
7744,Flash Sale,0.15,False,0.0
7745,New Year Promo,0.25,False,0.0
7746,Flash Sale,0.15,True,7.98
7747,BOGO,0.2,True,16.66
7748,Flash Sale,0.15,True,6.94
7749,BOGO,0.2,False,0.0
7750,BOGO,0.2,True,12.48
7751,Flash Sale,0.15,True,6.07
7752,Holiday Sale,0.1,False,0.0
7753,BOGO,0.2,True,8.22
7754,Flash Sale,0.15,True,5.81
7755,Flash Sale,0.15,False,0.0
7756,Flash Sale,0.15,False,0.0
7757,New Year Promo,0.25,True,8.22
7758,Flash Sale,0.15,False,0.0
7759,Summer Sale,0.3,True,28.13
7760,Holiday Sale,0.1,False,0.0
7761,Summer Sale,0.3,False,0.0
7762,Summer Sale,0.3,True,11.9
7763,Flash Sale,0.15,True,5.24
7764,New Year Promo,0.25,False,0.0
7765,BOGO,0.2,False,0.0
7766,Summer Sale,0.3,True,24.7
7767,Holiday Sale,0.1,False,0.0
7768,Summer Sale,0.3,False,0.0
7769,BOGO,0.2,True,6.76
7770,Holiday Sale,0.1,False,0.0
7771,Holiday Sale,0.1,True,7.91
7772,New Year Promo,0.25,True,13.44
7773,Holiday Sale,0.1,True,4.39
7774,Holiday Sale,0.1,False,0.0
7775,Summer Sale,0.3,False,0.0
7776,Holiday Sale,0.1,True,4.02
7777,Summer Sale,0.3,True,11.57
7778,BOGO,0.2,False,0.0
7779,New Year Promo,0.25,False,0.0
7780,Summer Sale,0.3,False,0.0
7781,New Year Promo,0.25,True,10.46
7782,BOGO,0.2,False,0.0
7783,Flash Sale,0.15,False,0.0
7784,BOGO,0.2,False,0.0
7785,New Year Promo,0.25,False,0.0
7786,Summer Sale,0.3,False,0.0
7787,New Year Promo,0.25,True,12.18
7788,Holiday Sale,0.1,False,0.0
7789,Holiday Sale,0.1,False,0.0
7790,New Year Promo,0.25,False,0.0
7791,BOGO,0.2,False,0.0
7792,Holiday Sale,0.1,True,3.23
7793,Summer Sale,0.3,False,0.0
7794,New Year Promo,0.25,False,0.0
7795,New Year Promo,0.25,False,0.0
7796,Summer Sale,0.3,True,13.23
7797,Summer Sale,0.3,True,21.22
7798,BOGO,0.2,False,0.0
7799,BOGO,0.2,False,0.0
7800,BOGO,0.2,False,0.0
7801,Flash Sale,0.15,True,5.18
7802,Flash Sale,0.15,True,5.7
7803,Holiday Sale,0.1,True,10.69
7804,Holiday Sale,0.1,True,2.77
7805,Summer Sale,0.3,False,0.0
7806,Summer Sale,0.3,False,0.0
7807,Flash Sale,0.15,True,6.95
7808,Summer Sale,0.3,True,23.42
7809,Summer Sale,0.3,False,0.0
7810,BOGO,0.2,False,0.0
7811,Summer Sale,0.3,True,22.23
7812,BOGO,0.2,False,0.0
7813,Holiday Sale,0.1,True,2.57
7814,BOGO,0.2,False,0.0
7815,New Year Promo,0.25,True,10.35
7816,BOGO,0.2,True,9.78
7817,BOGO,0.2,False,0.0
7818,Holiday Sale,0.1,True,7.94
7819,Holiday Sale,0.1,True,7.28
7820,BOGO,0.2,False,0.0
7821,BOGO,0.2,False,0.0
7822,New Year Promo,0.25,False,0.0
7823,Summer Sale,0.3,False,0.0
7824,New Year Promo,0.25,True,24.47
7825,Holiday Sale,0.1,True,4.6
7826,Summer Sale,0.3,True,47.67
7827,New Year Promo,0.25,False,0.0
7828,BOGO,0.2,True,5.02
7829,BOGO,0.2,False,0.0
7830,New Year Promo,0.25,True,9.86
7831,New Year Promo,0.25,False,0.0
7832,Holiday Sale,0.1,False,0.0
7833,BOGO,0.2,True,9.03
7834,Summer Sale,0.3,True,26.69
7835,BOGO,0.2,True,6.94
7836,Holiday Sale,0.1,False,0.0
7837,Summer Sale,0.3,False,0.0
7838,Holiday Sale,0.1,False,0.0
7839,Summer Sale,0.3,True,10.41
7840,BOGO,0.2,True,13.38
7841,New Year Promo,0.25,True,16.1
7842,Summer Sale,0.3,False,0.0
7843,BOGO,0.2,True,7.17
7844,Flash Sale,0.15,False,0.0
7845,BOGO,0.2,False,0.0
7846,BOGO,0.2,False,0.0
7847,Summer Sale,0.3,False,0.0
7848,Flash Sale,0.15,True,5.35
7849,BOGO,0.2,True,5.23
7850,Holiday Sale,0.1,False,0.0
7851,Summer Sale,0.3,True,11.45
7852,BOGO,0.2,True,11.08
7853,Flash Sale,0.15,True,8.5
7854,Summer Sale,0.3,True,8.97
7855,New Year Promo,0.25,True,10.9
7856,BOGO,0.2,False,0.0
7857,New Year Promo,0.25,True,7.44
7858,BOGO,0.2,True,9.8
7859,New Year Promo,0.25,True,12.05
7860,Flash Sale,0.15,False,0.0
7861,Flash Sale,0.15,True,5.27
7862,New Year Promo,0.25,True,9.02
7863,Holiday Sale,0.1,True,2.8
7864,Holiday Sale,0.1,False,0.0
7865,BOGO,0.2,False,0.0
7866,Flash Sale,0.15,False,0.0
7867,Holiday Sale,0.1,False,0.0
7868,BOGO,0.2,False,0.0
7869,New Year Promo,0.25,False,0.0
7870,Holiday Sale,0.1,False,0.0
7871,New Year Promo,0.25,True,17.65
7872,BOGO,0.2,True,9.12
7873,Holiday Sale,0.1,False,0.0
7874,Summer Sale,0.3,True,19.21
7875,Summer Sale,0.3,True,15.91
7876,BOGO,0.2,False,0.0
7877,New Year Promo,0.25,False,0.0
7878,BOGO,0.2,True,8.74
7879,Flash Sale,0.15,True,8.39
7880,Holiday Sale,0.1,True,3.33
7881,BOGO,0.2,False,0.0
7882,New Year Promo,0.25,False,0.0
7883,Flash Sale,0.15,False,0.0
7884,Summer Sale,0.3,True,24.09
7885,Flash Sale,0.15,True,7.25
7886,New Year Promo,0.25,False,0.0
7887,Summer Sale,0.3,False,0.0
7888,BOGO,0.2,False,0.0
7889,BOGO,0.2,True,7.44
7890,Flash Sale,0.15,False,0.0
7891,New Year Promo,0.25,True,12.23
7892,BOGO,0.2,False,0.0
7893,Flash Sale,0.15,True,10.89
7894,BOGO,0.2,False,0.0
7895,Summer Sale,0.3,True,12.08
7896,Holiday Sale,0.1,True,6.79
7897,BOGO,0.2,False,0.0
7898,BOGO,0.2,True,8.72
7899,Summer Sale,0.3,False,0.0
7900,New Year Promo,0.25,True,27.62
7901,New Year Promo,0.25,False,0.0
7902,Flash Sale,0.15,False,0.0
7903,New Year Promo,0.25,True,9.21
7904,New Year Promo,0.25,False,0.0
7905,Flash Sale,0.15,False,0.0
7906,Summer Sale,0.3,True,34.52
7907,Flash Sale,0.15,True,4.39
7908,Summer Sale,0.3,False,0.0
7909,BOGO,0.2,True,6.31
7910,Flash Sale,0.15,False,0.0
7911,Summer Sale,0.3,False,0.0
7912,Summer Sale,0.3,True,10.64
7913,Summer Sale,0.3,False,0.0
7914,Summer Sale,0.3,True,10.57
7915,New Year Promo,0.25,False,0.0
7916,Flash Sale,0.15,True,4.35
7917,Holiday Sale,0.1,True,5.37
7918,Summer Sale,0.3,True,12.94
7919,BOGO,0.2,True,6.88
7920,Holiday Sale,0.1,False,0.0
7921,BOGO,0.2,False,0.0
7922,BOGO,0.2,True,20.18
7923,Summer Sale,0.3,False,0.0
7924,Holiday Sale,0.1,False,0.0
7925,New Year Promo,0.25,True,23.0
7926,New Year Promo,0.25,False,0.0
7927,Flash Sale,0.15,False,0.0
7928,Flash Sale,0.15,True,11.95
7929,BOGO,0.2,True,11.22
7930,Holiday Sale,0.1,True,2.91
7931,BOGO,0.2,True,16.55
7932,BOGO,0.2,False,0.0
7933,New Year Promo,0.25,False,0.0
7934,New Year Promo,0.25,True,8.34
7935,New Year Promo,0.25,False,0.0
7936,BOGO,0.2,False,0.0
7937,BOGO,0.2,False,0.0
7938,Holiday Sale,0.1,True,6.49
7939,Flash Sale,0.15,False,0.0
7940,Summer Sale,0.3,False,0.0
7941,Holiday Sale,0.1,False,0.0
7942,Holiday Sale,0.1,True,8.57
7943,Flash Sale,0.15,False,0.0
7944,BOGO,0.2,False,0.0
7945,New Year Promo,0.25,False,0.0
7946,Holiday Sale,0.1,True,4.33
7947,New Year Promo,0.25,True,16.97
7948,New Year Promo,0.25,True,12.67
7949,Holiday Sale,0.1,False,0.0
7950,Holiday Sale,0.1,True,5.02
7951,Summer Sale,0.3,True,37.26
7952,Flash Sale,0.15,True,10.01
7953,Holiday Sale,0.1,False,0.0
7954,Flash Sale,0.15,False,0.0
7955,New Year Promo,0.25,False,0.0
7956,Holiday Sale,0.1,True,7.18
7957,Flash Sale,0.15,False,0.0
7958,Holiday Sale,0.1,False,0.0
7959,New Year Promo,0.25,True,10.08
7960,BOGO,0.2,False,0.0
7961,Holiday Sale,0.1,False,0.0
7962,Summer Sale,0.3,True,13.11
7963,Flash Sale,0.15,False,0.0
7964,BOGO,0.2,False,0.0
7965,BOGO,0.2,True,7.83
7966,Holiday Sale,0.1,False,0.0
7967,Holiday Sale,0.1,False,0.0
7968,Summer Sale,0.3,True,15.24
7969,Summer Sale,0.3,False,0.0
7970,Summer Sale,0.3,False,0.0
7971,New Year Promo,0.25,True,36.31
7972,Flash Sale,0.15,True,8.94
7973,Flash Sale,0.15,True,7.1
7974,New Year Promo,0.25,True,19.27
7975,Holiday Sale,0.1,False,0.0
7976,Holiday Sale,0.1,False,0.0
7977,Summer Sale,0.3,True,24.19
7978,Flash Sale,0.15,True,9.27
7979,Flash Sale,0.15,False,0.0
7980,New Year Promo,0.25,True,14.08
7981,Summer Sale,0.3,False,0.0
7982,New Year Promo,0.25,False,0.0
7983,Flash Sale,0.15,True,4.74
7984,Holiday Sale,0.1,True,3.29
7985,Holiday Sale,0.1,True,4.02
7986,BOGO,0.2,True,44.01
7987,Holiday Sale,0.1,True,6.07
7988,Flash Sale,0.15,False,0.0
7989,Flash Sale,0.15,True,8.76
7990,Summer Sale,0.3,True,18.58
7991,Flash Sale,0.15,True,9.19
7992,Summer Sale,0.3,False,0.0
7993,BOGO,0.2,False,0.0
7994,Holiday Sale,0.1,False,0.0
7995,Flash Sale,0.15,False,0.0
7996,BOGO,0.2,False,0.0
7997,Summer Sale,0.3,False,0.0
7998,Flash Sale,0.15,False,0.0
7999,Flash Sale,0.15,True,11.34
8000,New Year Promo,0.25,False,0.0
8001,Holiday Sale,0.1,True,6.53
8002,New Year Promo,0.25,False,0.0
8003,BOGO,0.2,False,0.0
8004,BOGO,0.2,True,13.64
8005,Summer Sale,0.3,True,14.14
8006,Flash Sale,0.15,False,0.0
8007,Holiday Sale,0.1,True,4.88
8008,Flash Sale,0.15,False,0.0
8009,Summer Sale,0.3,False,0.0
8010,Flash Sale,0.15,True,8.62
8011,BOGO,0.2,False,0.0
8012,BOGO,0.2,False,0.0
8013,New Year Promo,0.25,True,15.02
8014,Holiday Sale,0.1,True,3.69
8015,BOGO,0.2,False,0.0
8016,Holiday Sale,0.1,False,0.0
8017,Holiday Sale,0.1,False,0.0
8018,Flash Sale,0.15,False,0.0
8019,Summer Sale,0.3,True,23.57
8020,New Year Promo,0.25,True,15.52
8021,New Year Promo,0.25,False,0.0
8022,Flash Sale,0.15,True,14.14
8023,New Year Promo,0.25,True,17.68
8024,Holiday Sale,0.1,True,3.43
8025,BOGO,0.2,False,0.0
8026,Flash Sale,0.15,True,7.29
8027,Flash Sale,0.15,False,0.0
8028,New Year Promo,0.25,True,8.98
8029,Holiday Sale,0.1,False,0.0
8030,New Year Promo,0.25,False,0.0
8031,BOGO,0.2,True,6.8
8032,BOGO,0.2,False,0.0
8033,New Year Promo,0.25,False,0.0
8034,Holiday Sale,0.1,True,3.98
8035,BOGO,0.2,True,9.25
8036,BOGO,0.2,False,0.0
8037,Flash Sale,0.15,True,5.78
8038,Holiday Sale,0.1,True,13.63
8039,BOGO,0.2,False,0.0
8040,Flash Sale,0.15,True,17.84
8041,Summer Sale,0.3,True,35.86
8042,Holiday Sale,0.1,False,0.0
8043,Summer Sale,0.3,False,0.0
8044,Flash Sale,0.15,False,0.0
8045,New Year Promo,0.25,False,0.0
8046,Flash Sale,0.15,True,7.37
8047,Holiday Sale,0.1,True,6.48
8048,BOGO,0.2,True,5.69
8049,BOGO,0.2,True,20.88
8050,New Year Promo,0.25,False,0.0
8051,New Year Promo,0.25,False,0.0
8052,New Year Promo,0.25,True,4.56
8053,Flash Sale,0.15,True,20.5
8054,Flash Sale,0.15,False,0.0
8055,Flash Sale,0.15,False,0.0
8056,Summer Sale,0.3,False,0.0
8057,Flash Sale,0.15,False,0.0
8058,Holiday Sale,0.1,True,4.85
8059,New Year Promo,0.25,False,0.0
8060,Flash Sale,0.15,True,8.46
8061,Summer Sale,0.3,True,12.61
8062,Summer Sale,0.3,True,11.22
8063,New Year Promo,0.25,True,12.85
8064,Summer Sale,0.3,False,0.0
8065,Holiday Sale,0.1,True,13.57
8066,Flash Sale,0.15,False,0.0
8067,Flash Sale,0.15,False,0.0
8068,Summer Sale,0.3,True,11.8
8069,Summer Sale,0.3,True,30.44
8070,BOGO,0.2,False,0.0
8071,Holiday Sale,0.1,False,0.0
8072,Summer Sale,0.3,True,12.97
8073,Summer Sale,0.3,True,23.42
8074,Holiday Sale,0.1,True,5.7
8075,Holiday Sale,0.1,False,0.0
8076,New Year Promo,0.25,False,0.0
8077,Summer Sale,0.3,True,23.45
8078,New Year Promo,0.25,True,13.38
8079,New Year Promo,0.25,False,0.0
8080,New Year Promo,0.25,False,0.0
8081,BOGO,0.2,False,0.0
8082,Holiday Sale,0.1,False,0.0
8083,BOGO,0.2,True,7.49
8084,Holiday Sale,0.1,False,0.0
8085,Flash Sale,0.15,True,8.13
8086,Holiday Sale,0.1,False,0.0
8087,Summer Sale,0.3,True,28.1
8088,Flash Sale,0.15,False,0.0
8089,BOGO,0.2,False,0.0
8090,Summer Sale,0.3,True,22.53
8091,Summer Sale,0.3,True,26.83
8092,Flash Sale,0.15,False,0.0
8093,New Year Promo,0.25,False,0.0
8094,Flash Sale,0.15,True,14.63
8095,Summer Sale,0.3,False,0.0
8096,New Year Promo,0.25,False,0.0
8097,Holiday Sale,0.1,False,0.0
8098,Summer Sale,0.3,False,0.0
8099,Summer Sale,0.3,True,11.96
8100,Summer Sale,0.3,True,18.79
8101,Summer Sale,0.3,True,22.44
8102,Holiday Sale,0.1,True,13.56
8103,Summer Sale,0.3,False,0.0
8104,Flash Sale,0.15,True,10.39
8105,BOGO,0.2,False,0.0
8106,Flash Sale,0.15,True,9.66
8107,BOGO,0.2,False,0.0
8108,New Year Promo,0.25,True,11.52
8109,New Year Promo,0.25,False,0.0
8110,Summer Sale,0.3,False,0.0
8111,Summer Sale,0.3,False,0.0
8112,Flash Sale,0.15,False,0.0
8113,BOGO,0.2,True,22.04
8114,New Year Promo,0.25,True,10.67
8115,Summer Sale,0.3,True,12.37
8116,Flash Sale,0.15,False,0.0
8117,BOGO,0.2,True,10.76
8118,New Year Promo,0.25,False,0.0
8119,BOGO,0.2,False,0.0
8120,New Year Promo,0.25,False,0.0
8121,Holiday Sale,0.1,True,3.39
8122,Flash Sale,0.15,False,0.0
8123,Flash Sale,0.15,True,6.36
8124,Flash Sale,0.15,True,9.03
8125,New Year Promo,0.25,True,21.88
8126,Summer Sale,0.3,True,12.7
8127,Holiday Sale,0.1,True,3.71
8128,New Year Promo,0.25,True,17.25
8129,Holiday Sale,0.1,True,9.39
8130,BOGO,0.2,True,8.44
8131,Summer Sale,0.3,False,0.0
8132,Holiday Sale,0.1,False,0.0
8133,New Year Promo,0.25,True,21.41
8134,Flash Sale,0.15,False,0.0
8135,Flash Sale,0.15,True,9.3
8136,BOGO,0.2,False,0.0
8137,BOGO,0.2,True,8.43
8138,Holiday Sale,0.1,True,6.68
8139,Holiday Sale,0.1,False,0.0
8140,New Year Promo,0.25,False,0.0
8141,BOGO,0.2,True,5.84
8142,Summer Sale,0.3,False,0.0
8143,BOGO,0.2,False,0.0
8144,BOGO,0.2,True,7.25
8145,Holiday Sale,0.1,True,10.8
8146,New Year Promo,0.25,False,0.0
8147,New Year Promo,0.25,False,0.0
8148,Summer Sale,0.3,True,25.34
8149,BOGO,0.2,False,0.0
8150,New Year Promo,0.25,True,7.55
8151,Summer Sale,0.3,True,13.69
8152,Summer Sale,0.3,True,17.1
8153,Holiday Sale,0.1,False,0.0
8154,New Year Promo,0.25,True,34.41
8155,New Year Promo,0.25,True,13.58
8156,Summer Sale,0.3,True,14.84
8157,New Year Promo,0.25,True,16.89
8158,New Year Promo,0.25,False,0.0
8159,Summer Sale,0.3,False,0.0
8160,New Year Promo,0.25,True,12.03
8161,Flash Sale,0.15,True,20.13
8162,New Year Promo,0.25,False,0.0
8163,Holiday Sale,0.1,False,0.0
8164,New Year Promo,0.25,False,0.0
8165,Holiday Sale,0.1,False,0.0
8166,Flash Sale,0.15,False,0.0
8167,Flash Sale,0.15,True,4.43
8168,Summer Sale,0.3,False,0.0
8169,Holiday Sale,0.1,False,0.0
8170,BOGO,0.2,False,0.0
8171,Holiday Sale,0.1,True,9.0
8172,BOGO,0.2,False,0.0
8173,Holiday Sale,0.1,False,0.0
8174,New Year Promo,0.25,False,0.0
8175,Holiday Sale,0.1,False,0.0
8176,Summer Sale,0.3,False,0.0
8177,BOGO,0.2,False,0.0
8178,BOGO,0.2,False,0.0
8179,New Year Promo,0.25,False,0.0
8180,Summer Sale,0.3,False,0.0
8181,Holiday Sale,0.1,False,0.0
8182,New Year Promo,0.25,False,0.0
8183,Flash Sale,0.15,True,4.75
8184,Flash Sale,0.15,True,20.33
8185,Flash Sale,0.15,True,5.69
8186,New Year Promo,0.25,False,0.0
8187,Summer Sale,0.3,False,0.0
8188,Holiday Sale,0.1,False,0.0
8189,Holiday Sale,0.1,False,0.0
8190,New Year Promo,0.25,True,17.02
8191,New Year Promo,0.25,True,21.22
8192,BOGO,0.2,True,6.79
8193,BOGO,0.2,True,6.03
8194,Holiday Sale,0.1,True,3.6
8195,Flash Sale,0.15,False,0.0
8196,Holiday Sale,0.1,False,0.0
8197,BOGO,0.2,False,0.0
8198,BOGO,0.2,False,0.0
8199,BOGO,0.2,False,0.0
8200,Holiday Sale,0.1,True,3.31
8201,New Year Promo,0.25,False,0.0
8202,Summer Sale,0.3,False,0.0
8203,Holiday Sale,0.1,False,0.0
8204,Holiday Sale,0.1,False,0.0
8205,BOGO,0.2,False,0.0
8206,Flash Sale,0.15,True,5.62
8207,BOGO,0.2,False,0.0
8208,Summer Sale,0.3,False,0.0
8209,BOGO,0.2,False,0.0
8210,New Year Promo,0.25,False,0.0
8211,Flash Sale,0.15,False,0.0
8212,Holiday Sale,0.1,True,7.32
8213,Summer Sale,0.3,False,0.0
8214,Summer Sale,0.3,False,0.0
8215,New Year Promo,0.25,False,0.0
8216,Summer Sale,0.3,True,21.21
8217,Flash Sale,0.15,True,8.45
8218,Holiday Sale,0.1,False,0.0
8219,Summer Sale,0.3,False,0.0
8220,Summer Sale,0.3,False,0.0
8221,Flash Sale,0.15,False,0.0
8222,New Year Promo,0.25,True,9.06
8223,Summer Sale,0.3,False,0.0
8224,Summer Sale,0.3,True,17.35
8225,Holiday Sale,0.1,False,0.0
8226,Summer Sale,0.3,False,0.0
8227,BOGO,0.2,False,0.0
8228,Flash Sale,0.15,False,0.0
8229,Flash Sale,0.15,False,0.0
8230,New Year Promo,0.25,False,0.0
8231,New Year Promo,0.25,True,9.46
8232,Flash Sale,0.15,False,0.0
8233,Summer Sale,0.3,True,21.07
8234,Summer Sale,0.3,True,18.55
8235,New Year Promo,0.25,True,10.11
8236,Flash Sale,0.15,False,0.0
8237,New Year Promo,0.25,False,0.0
8238,BOGO,0.2,True,10.85
8239,Holiday Sale,0.1,False,0.0
8240,Summer Sale,0.3,False,0.0
8241,BOGO,0.2,False,0.0
8242,Summer Sale,0.3,False,0.0
8243,Flash Sale,0.15,False,0.0
8244,Holiday Sale,0.1,True,3.11
8245,BOGO,0.2,True,12.84
8246,Summer Sale,0.3,False,0.0
8247,Summer Sale,0.3,True,14.02
8248,Summer Sale,0.3,True,16.79
8249,Summer Sale,0.3,False,0.0
8250,Holiday Sale,0.1,True,5.44
8251,BOGO,0.2,True,14.07
8252,Flash Sale,0.15,True,15.14
8253,Flash Sale,0.15,True,4.31
8254,Flash Sale,0.15,True,6.71
8255,Holiday Sale,0.1,False,0.0
8256,New Year Promo,0.25,True,17.53
8257,New Year Promo,0.25,False,0.0
8258,Flash Sale,0.15,True,14.65
8259,New Year Promo,0.25,True,18.91
8260,Holiday Sale,0.1,True,8.07
8261,Flash Sale,0.15,True,5.37
8262,New Year Promo,0.25,False,0.0
8263,Holiday Sale,0.1,True,12.27
8264,Summer Sale,0.3,False,0.0
8265,New Year Promo,0.25,True,18.54
8266,New Year Promo,0.25,False,0.0
8267,Flash Sale,0.15,True,8.4
8268,BOGO,0.2,False,0.0
8269,Summer Sale,0.3,True,16.91
8270,New Year Promo,0.25,True,10.14
8271,BOGO,0.2,False,0.0
8272,Flash Sale,0.15,False,0.0
8273,BOGO,0.2,True,8.57
8274,BOGO,0.2,True,7.7
8275,Summer Sale,0.3,True,17.53
8276,Summer Sale,0.3,False,0.0
8277,Summer Sale,0.3,True,16.64
8278,New Year Promo,0.25,False,0.0
8279,Summer Sale,0.3,False,0.0
8280,Summer Sale,0.3,True,10.93
8281,Flash Sale,0.15,False,0.0
8282,Holiday Sale,0.1,True,13.06
8283,Holiday Sale,0.1,True,10.16
8284,BOGO,0.2,True,7.27
8285,Summer Sale,0.3,True,15.75
8286,Flash Sale,0.15,False,0.0
8287,Flash Sale,0.15,True,5.44
8288,BOGO,0.2,False,0.0
8289,Summer Sale,0.3,True,11.82
8290,Holiday Sale,0.1,True,6.33
8291,Flash Sale,0.15,True,18.17
8292,Summer Sale,0.3,True,15.31
8293,BOGO,0.2,False,0.0
8294,BOGO,0.2,True,7.44
8295,New Year Promo,0.25,True,16.6
8296,Flash Sale,0.15,False,0.0
8297,Flash Sale,0.15,False,0.0
8298,BOGO,0.2,False,0.0
8299,New Year Promo,0.25,False,0.0
8300,Summer Sale,0.3,True,24.7
8301,Holiday Sale,0.1,False,0.0
8302,Holiday Sale,0.1,True,3.44
8303,Flash Sale,0.15,True,7.87
8304,Flash Sale,0.15,True,4.5
8305,Summer Sale,0.3,False,0.0
8306,Flash Sale,0.15,True,6.19
8307,New Year Promo,0.25,False,0.0
8308,BOGO,0.2,True,6.7
8309,Flash Sale,0.15,False,0.0
8310,BOGO,0.2,False,0.0
8311,BOGO,0.2,False,0.0
8312,Flash Sale,0.15,True,6.86
8313,New Year Promo,0.25,False,0.0
8314,Flash Sale,0.15,True,24.15
8315,BOGO,0.2,False,0.0
8316,New Year Promo,0.25,False,0.0
8317,Summer Sale,0.3,True,45.65
8318,Summer Sale,0.3,True,11.52
8319,New Year Promo,0.25,True,13.66
8320,Flash Sale,0.15,False,0.0
8321,Flash Sale,0.15,False,0.0
8322,New Year Promo,0.25,True,15.73
8323,Flash Sale,0.15,True,9.75
8324,Summer Sale,0.3,False,0.0
8325,Flash Sale,0.15,False,0.0
8326,Summer Sale,0.3,True,20.14
8327,BOGO,0.2,False,0.0
8328,Holiday Sale,0.1,True,7.22
8329,Holiday Sale,0.1,True,10.05
8330,BOGO,0.2,False,0.0
8331,BOGO,0.2,False,0.0
8332,Flash Sale,0.15,True,11.6
8333,BOGO,0.2,True,11.52
8334,Flash Sale,0.15,False,0.0
8335,Flash Sale,0.15,True,7.22
8336,Flash Sale,0.15,False,0.0
8337,Summer Sale,0.3,False,0.0
8338,Summer Sale,0.3,True,15.23
8339,New Year Promo,0.25,False,0.0
8340,Summer Sale,0.3,False,0.0
8341,BOGO,0.2,True,11.84
8342,Flash Sale,0.15,False,0.0
8343,Summer Sale,0.3,False,0.0
8344,Summer Sale,0.3,False,0.0
8345,Flash Sale,0.15,True,19.06
8346,BOGO,0.2,True,11.49
8347,Summer Sale,0.3,False,0.0
8348,Flash Sale,0.15,False,0.0
8349,New Year Promo,0.25,True,10.57
8350,New Year Promo,0.25,True,8.51
8351,New Year Promo,0.25,True,17.78
8352,Flash Sale,0.15,False,0.0
8353,New Year Promo,0.25,True,14.67
8354,Holiday Sale,0.1,True,6.1
8355,Holiday Sale,0.1,False,0.0
8356,Summer Sale,0.3,False,0.0
8357,Flash Sale,0.15,False,0.0
8358,BOGO,0.2,True,9.55
8359,Summer Sale,0.3,False,0.0
8360,Flash Sale,0.15,False,0.0
8361,Holiday Sale,0.1,True,6.88
8362,BOGO,0.2,False,0.0
8363,Summer Sale,0.3,True,11.95
8364,Summer Sale,0.3,False,0.0
8365,BOGO,0.2,False,0.0
8366,Holiday Sale,0.1,True,4.82
8367,Summer Sale,0.3,False,0.0
8368,Holiday Sale,0.1,False,0.0
8369,Holiday Sale,0.1,False,0.0
8370,Flash Sale,0.15,True,6.44
8371,Holiday Sale,0.1,False,0.0
8372,Holiday Sale,0.1,False,0.0
8373,Summer Sale,0.3,False,0.0
8374,Holiday Sale,0.1,False,0.0
8375,New Year Promo,0.25,False,0.0
8376,Flash Sale,0.15,False,0.0
8377,Holiday Sale,0.1,False,0.0
8378,Flash Sale,0.15,False,0.0
8379,Holiday Sale,0.1,False,0.0
8380,Holiday Sale,0.1,False,0.0
8381,New Year Promo,0.25,False,0.0
8382,Flash Sale,0.15,False,0.0
8383,New Year Promo,0.25,False,0.0
8384,Summer Sale,0.3,False,0.0
8385,Flash Sale,0.15,True,5.49
8386,Summer Sale,0.3,False,0.0
8387,Holiday Sale,0.1,True,8.65
8388,Flash Sale,0.15,True,6.93
8389,Holiday Sale,0.1,True,6.74
8390,Holiday Sale,0.1,False,0.0
8391,BOGO,0.2,False,0.0
8392,Flash Sale,0.15,False,0.0
8393,BOGO,0.2,True,50.97
8394,Flash Sale,0.15,True,8.7
8395,BOGO,0.2,False,0.0
8396,Flash Sale,0.15,False,0.0
8397,Flash Sale,0.15,True,9.15
8398,BOGO,0.2,True,6.53
8399,BOGO,0.2,True,15.88
8400,Summer Sale,0.3,True,30.17
8401,Flash Sale,0.15,True,6.51
8402,Holiday Sale,0.1,True,7.69
8403,Holiday Sale,0.1,False,0.0
8404,Holiday Sale,0.1,True,6.41
8405,Flash Sale,0.15,True,5.85
8406,Summer Sale,0.3,False,0.0
8407,New Year Promo,0.25,False,0.0
8408,Holiday Sale,0.1,False,0.0
8409,Flash Sale,0.15,False,0.0
8410,Holiday Sale,0.1,False,0.0
8411,Summer Sale,0.3,False,0.0
8412,Flash Sale,0.15,True,17.99
8413,Holiday Sale,0.1,True,3.43
8414,Flash Sale,0.15,False,0.0
8415,Summer Sale,0.3,False,0.0
8416,Summer Sale,0.3,False,0.0
8417,Flash Sale,0.15,True,8.09
8418,BOGO,0.2,True,11.36
8419,BOGO,0.2,True,10.13
8420,Summer Sale,0.3,True,11.09
8421,Flash Sale,0.15,True,6.34
8422,New Year Promo,0.25,False,0.0
8423,BOGO,0.2,False,0.0
8424,Summer Sale,0.3,False,0.0
8425,BOGO,0.2,True,6.42
8426,New Year Promo,0.25,True,17.77
8427,Summer Sale,0.3,False,0.0
8428,BOGO,0.2,True,25.7
8429,Flash Sale,0.15,False,0.0
8430,Summer Sale,0.3,False,0.0
8431,Holiday Sale,0.1,True,4.05
8432,New Year Promo,0.25,False,0.0
8433,Flash Sale,0.15,False,0.0
8434,Holiday Sale,0.1,True,7.13
8435,Summer Sale,0.3,False,0.0
8436,Holiday Sale,0.1,False,0.0
8437,Flash Sale,0.15,False,0.0
8438,New Year Promo,0.25,False,0.0
8439,Summer Sale,0.3,True,11.02
8440,Holiday Sale,0.1,True,7.52
8441,Flash Sale,0.15,False,0.0
8442,Summer Sale,0.3,False,0.0
8443,BOGO,0.2,False,0.0
8444,Summer Sale,0.3,False,0.0
8445,Flash Sale,0.15,True,18.17
8446,New Year Promo,0.25,True,16.55
8447,BOGO,0.2,True,11.5
8448,Holiday Sale,0.1,True,9.54
8449,New Year Promo,0.25,True,11.73
8450,Holiday Sale,0.1,False,0.0
8451,BOGO,0.2,False,0.0
8452,Summer Sale,0.3,False,0.0
8453,Flash Sale,0.15,True,8.95
8454,Summer Sale,0.3,True,10.4
8455,BOGO,0.2,False,0.0
8456,New Year Promo,0.25,True,18.97
8457,Holiday Sale,0.1,True,6.84
8458,Flash Sale,0.15,True,5.13
8459,Summer Sale,0.3,True,37.21
8460,Holiday Sale,0.1,False,0.0
8461,Summer Sale,0.3,True,40.48
8462,Flash Sale,0.15,False,0.0
8463,BOGO,0.2,True,7.78
8464,New Year Promo,0.25,False,0.0
8465,Summer Sale,0.3,True,32.9
8466,Holiday Sale,0.1,False,0.0
8467,Summer Sale,0.3,True,10.77
8468,Holiday Sale,0.1,False,0.0
8469,Holiday Sale,0.1,False,0.0
8470,Holiday Sale,0.1,False,0.0
8471,New Year Promo,0.25,True,8.83
8472,BOGO,0.2,False,0.0
8473,Summer Sale,0.3,True,10.91
8474,Summer Sale,0.3,False,0.0
8475,Holiday Sale,0.1,True,7.2
8476,Summer Sale,0.3,False,0.0
8477,Flash Sale,0.15,True,5.86
8478,Summer Sale,0.3,False,0.0
8479,New Year Promo,0.25,False,0.0
8480,Holiday Sale,0.1,True,8.21
8481,BOGO,0.2,False,0.0
8482,Flash Sale,0.15,False,0.0
8483,Holiday Sale,0.1,True,7.08
8484,BOGO,0.2,True,15.41
8485,BOGO,0.2,True,10.49
8486,Flash Sale,0.15,False,0.0
8487,Flash Sale,0.15,True,5.42
8488,New Year Promo,0.25,True,13.49
8489,Summer Sale,0.3,True,9.67
8490,Flash Sale,0.15,False,0.0
8491,BOGO,0.2,False,0.0
8492,Flash Sale,0.15,True,5.92
8493,BOGO,0.2,False,0.0
8494,Holiday Sale,0.1,True,13.5
8495,Flash Sale,0.15,False,0.0
8496,BOGO,0.2,True,28.28
8497,Holiday Sale,0.1,True,12.7
8498,Flash Sale,0.15,False,0.0
8499,New Year Promo,0.25,True,10.87
8500,New Year Promo,0.25,False,0.0
8501,Flash Sale,0.15,True,5.28
8502,Summer Sale,0.3,False,0.0
8503,Holiday Sale,0.1,False,0.0
8504,BOGO,0.2,True,21.6
8505,New Year Promo,0.25,True,14.46
8506,BOGO,0.2,False,0.0
8507,Flash Sale,0.15,False,0.0
8508,Holiday Sale,0.1,False,0.0
8509,Summer Sale,0.3,False,0.0
8510,Flash Sale,0.15,False,0.0
8511,Summer Sale,0.3,False,0.0
8512,BOGO,0.2,False,0.0
8513,Flash Sale,0.15,False,0.0
8514,Flash Sale,0.15,False,0.0
8515,Flash Sale,0.15,True,5.86
8516,New Year Promo,0.25,False,0.0
8517,BOGO,0.2,True,19.58
8518,Flash Sale,0.15,True,10.79
8519,Flash Sale,0.15,False,0.0
8520,BOGO,0.2,True,12.95
8521,BOGO,0.2,False,0.0
8522,New Year Promo,0.25,True,7.5
8523,Summer Sale,0.3,False,0.0
8524,Summer Sale,0.3,False,0.0
8525,Holiday Sale,0.1,False,0.0
8526,BOGO,0.2,False,0.0
8527,New Year Promo,0.25,False,0.0
8528,Holiday Sale,0.1,True,5.21
8529,Flash Sale,0.15,True,7.09
8530,New Year Promo,0.25,False,0.0
8531,Holiday Sale,0.1,True,8.08
8532,BOGO,0.2,False,0.0
8533,BOGO,0.2,True,9.26
8534,BOGO,0.2,True,10.25
8535,New Year Promo,0.25,True,12.95
8536,BOGO,0.2,False,0.0
8537,Holiday Sale,0.1,True,3.83
8538,Summer Sale,0.3,True,26.52
8539,New Year Promo,0.25,True,7.92
8540,Holiday Sale,0.1,False,0.0
8541,Summer Sale,0.3,True,19.44
8542,New Year Promo,0.25,True,9.37
8543,New Year Promo,0.25,False,0.0
8544,Holiday Sale,0.1,False,0.0
8545,Flash Sale,0.15,False,0.0
8546,BOGO,0.2,True,10.62
8547,Summer Sale,0.3,True,31.52
8548,BOGO,0.2,True,4.99
8549,New Year Promo,0.25,False,0.0
8550,Holiday Sale,0.1,False,0.0
8551,New Year Promo,0.25,True,19.58
8552,Flash Sale,0.15,True,6.05
8553,Holiday Sale,0.1,True,7.2
8554,New Year Promo,0.25,False,0.0
8555,Flash Sale,0.15,True,4.44
8556,Holiday Sale,0.1,True,4.53
8557,Summer Sale,0.3,False,0.0
8558,BOGO,0.2,False,0.0
8559,BOGO,0.2,True,13.46
8560,Holiday Sale,0.1,True,16.28
8561,Holiday Sale,0.1,False,0.0
8562,New Year Promo,0.25,True,24.4
8563,Holiday Sale,0.1,True,7.52
8564,Summer Sale,0.3,True,20.63
8565,BOGO,0.2,False,0.0
8566,New Year Promo,0.25,False,0.0
8567,Flash Sale,0.15,False,0.0
8568,Flash Sale,0.15,True,13.51
8569,Summer Sale,0.3,False,0.0
8570,Summer Sale,0.3,True,10.38
8571,BOGO,0.2,True,7.56
8572,New Year Promo,0.25,True,27.63
8573,BOGO,0.2,False,0.0
8574,New Year Promo,0.25,False,0.0
8575,Holiday Sale,0.1,True,7.96
8576,BOGO,0.2,True,7.51
8577,Flash Sale,0.15,True,8.24
8578,BOGO,0.2,True,7.28
8579,Holiday Sale,0.1,True,4.55
8580,Flash Sale,0.15,False,0.0
8581,Holiday Sale,0.1,True,2.59
8582,Flash Sale,0.15,True,8.95
8583,Flash Sale,0.15,False,0.0
8584,New Year Promo,0.25,False,0.0
8585,New Year Promo,0.25,False,0.0
8586,Summer Sale,0.3,False,0.0
8587,Holiday Sale,0.1,True,5.38
8588,New Year Promo,0.25,True,10.33
8589,New Year Promo,0.25,False,0.0
8590,Flash Sale,0.15,False,0.0
8591,Summer Sale,0.3,True,21.84
8592,Summer Sale,0.3,False,0.0
8593,Summer Sale,0.3,False,0.0
8594,BOGO,0.2,False,0.0
8595,New Year Promo,0.25,False,0.0
8596,Flash Sale,0.15,False,0.0
8597,BOGO,0.2,True,9.85
8598,Flash Sale,0.15,False,0.0
8599,New Year Promo,0.25,True,14.09
8600,Flash Sale,0.15,True,7.97
8601,Summer Sale,0.3,True,11.8
8602,Flash Sale,0.15,False,0.0
8603,Flash Sale,0.15,False,0.0
8604,New Year Promo,0.25,True,9.63
8605,New Year Promo,0.25,True,8.05
8606,New Year Promo,0.25,False,0.0
8607,Summer Sale,0.3,False,0.0
8608,Summer Sale,0.3,True,12.65
8609,New Year Promo,0.25,False,0.0
8610,BOGO,0.2,False,0.0
8611,Flash Sale,0.15,False,0.0
8612,Holiday Sale,0.1,True,8.4
8613,Summer Sale,0.3,True,32.6
8614,Flash Sale,0.15,False,0.0
8615,New Year Promo,0.25,False,0.0
8616,BOGO,0.2,True,29.31
8617,BOGO,0.2,True,18.23
8618,New Year Promo,0.25,False,0.0
8619,New Year Promo,0.25,True,8.71
8620,New Year Promo,0.25,True,6.42
8621,Summer Sale,0.3,True,59.01
8622,Summer Sale,0.3,True,10.32
8623,Summer Sale,0.3,False,0.0
8624,Summer Sale,0.3,False,0.0
8625,Holiday Sale,0.1,True,3.95
8626,Flash Sale,0.15,False,0.0
8627,New Year Promo,0.25,False,0.0
8628,Flash Sale,0.15,True,13.24
8629,Flash Sale,0.15,True,6.26
8630,BOGO,0.2,True,11.35
8631,Holiday Sale,0.1,False,0.0
8632,Summer Sale,0.3,False,0.0
8633,BOGO,0.2,False,0.0
8634,Holiday Sale,0.1,False,0.0
8635,BOGO,0.2,False,0.0
8636,BOGO,0.2,True,13.45
8637,Flash Sale,0.15,True,29.93
8638,Flash Sale,0.15,False,0.0
8639,Summer Sale,0.3,False,0.0
8640,Flash Sale,0.15,False,0.0
8641,Flash Sale,0.15,False,0.0
8642,Summer Sale,0.3,False,0.0
8643,BOGO,0.2,False,0.0
8644,Holiday Sale,0.1,True,3.35
8645,New Year Promo,0.25,False,0.0
8646,Summer Sale,0.3,False,0.0
8647,New Year Promo,0.25,True,9.31
8648,New Year Promo,0.25,True,10.62
8649,Flash Sale,0.15,True,14.76
8650,New Year Promo,0.25,False,0.0
8651,New Year Promo,0.25,True,9.03
8652,Flash Sale,0.15,True,9.1
8653,BOGO,0.2,False,0.0
8654,Flash Sale,0.15,False,0.0
8655,Flash Sale,0.15,False,0.0
8656,Summer Sale,0.3,True,13.28
8657,Summer Sale,0.3,False,0.0
8658,New Year Promo,0.25,True,12.38
8659,Summer Sale,0.3,False,0.0
8660,Holiday Sale,0.1,True,8.72
8661,Holiday Sale,0.1,True,4.24
8662,Flash Sale,0.15,False,0.0
8663,New Year Promo,0.25,True,8.2
8664,Summer Sale,0.3,False,0.0
8665,BOGO,0.2,False,0.0
8666,New Year Promo,0.25,False,0.0
8667,New Year Promo,0.25,True,16.65
8668,Flash Sale,0.15,False,0.0
8669,BOGO,0.2,True,7.41
8670,BOGO,0.2,False,0.0
8671,New Year Promo,0.25,True,32.74
8672,Holiday Sale,0.1,False,0.0
8673,Flash Sale,0.15,True,7.24
8674,Summer Sale,0.3,False,0.0
8675,BOGO,0.2,True,7.77
8676,BOGO,0.2,False,0.0
8677,Flash Sale,0.15,False,0.0
8678,New Year Promo,0.25,False,0.0
8679,BOGO,0.2,True,12.11
8680,Flash Sale,0.15,False,0.0
8681,Summer Sale,0.3,True,12.23
8682,Summer Sale,0.3,False,0.0
8683,New Year Promo,0.25,True,9.85
8684,Summer Sale,0.3,True,16.14
8685,Flash Sale,0.15,False,0.0
8686,New Year Promo,0.25,False,0.0
8687,BOGO,0.2,False,0.0
8688,Flash Sale,0.15,False,0.0
8689,Flash Sale,0.15,True,8.45
8690,BOGO,0.2,False,0.0
8691,New Year Promo,0.25,False,0.0
8692,Flash Sale,0.15,True,11.2
8693,Holiday Sale,0.1,False,0.0
8694,Holiday Sale,0.1,False,0.0
8695,New Year Promo,0.25,True,13.41
8696,BOGO,0.2,True,19.54
8697,Summer Sale,0.3,True,23.42
8698,BOGO,0.2,False,0.0
8699,Flash Sale,0.15,False,0.0
8700,Summer Sale,0.3,False,0.0
8701,New Year Promo,0.25,True,16.32
8702,BOGO,0.2,True,10.23
8703,New Year Promo,0.25,False,0.0
8704,Flash Sale,0.15,True,8.09
8705,Flash Sale,0.15,False,0.0
8706,Summer Sale,0.3,False,0.0
8707,BOGO,0.2,False,0.0
8708,Flash Sale,0.15,False,0.0
8709,Summer Sale,0.3,True,19.22
8710,New Year Promo,0.25,True,13.66
8711,BOGO,0.2,True,47.36
8712,BOGO,0.2,False,0.0
8713,Holiday Sale,0.1,False,0.0
8714,New Year Promo,0.25,False,0.0
8715,Holiday Sale,0.1,True,7.24
8716,BOGO,0.2,False,0.0
8717,New Year Promo,0.25,True,10.74
8718,Holiday Sale,0.1,False,0.0
8719,Flash Sale,0.15,True,10.99
8720,Holiday Sale,0.1,True,4.94
8721,Summer Sale,0.3,False,0.0
8722,Summer Sale,0.3,False,0.0
8723,New Year Promo,0.25,False,0.0
8724,New Year Promo,0.25,False,0.0
8725,Summer Sale,0.3,True,25.11
8726,BOGO,0.2,False,0.0
8727,Flash Sale,0.15,False,0.0
8728,Flash Sale,0.15,False,0.0
8729,Holiday Sale,0.1,False,0.0
8730,New Year Promo,0.25,False,0.0
8731,New Year Promo,0.25,False,0.0
8732,BOGO,0.2,False,0.0
8733,Holiday Sale,0.1,False,0.0
8734,BOGO,0.2,False,0.0
8735,Flash Sale,0.15,False,0.0
8736,Holiday Sale,0.1,False,0.0
8737,Summer Sale,0.3,True,11.59
8738,New Year Promo,0.25,False,0.0
8739,New Year Promo,0.25,False,0.0
8740,New Year Promo,0.25,True,15.63
8741,Summer Sale,0.3,False,0.0
8742,Holiday Sale,0.1,True,3.47
8743,Summer Sale,0.3,False,0.0
8744,Flash Sale,0.15,False,0.0
8745,New Year Promo,0.25,False,0.0
8746,New Year Promo,0.25,False,0.0
8747,New Year Promo,0.25,True,8.83
8748,Holiday Sale,0.1,True,3.91
8749,New Year Promo,0.25,False,0.0
8750,Flash Sale,0.15,False,0.0
8751,New Year Promo,0.25,True,16.45
8752,Summer Sale,0.3,False,0.0
8753,Holiday Sale,0.1,False,0.0
8754,New Year Promo,0.25,True,12.67
8755,Flash Sale,0.15,True,34.77
8756,Summer Sale,0.3,True,20.8
8757,Holiday Sale,0.1,False,0.0
8758,BOGO,0.2,False,0.0
8759,Holiday Sale,0.1,False,0.0
8760,Flash Sale,0.15,False,0.0
8761,BOGO,0.2,False,0.0
8762,Flash Sale,0.15,True,8.45
8763,BOGO,0.2,False,0.0
8764,BOGO,0.2,True,13.16
8765,Summer Sale,0.3,True,9.89
8766,Summer Sale,0.3,False,0.0
8767,Summer Sale,0.3,True,16.58
8768,Summer Sale,0.3,False,0.0
8769,New Year Promo,0.25,True,14.8
8770,New Year Promo,0.25,False,0.0
8771,Flash Sale,0.15,False,0.0
8772,Flash Sale,0.15,True,5.4
8773,Holiday Sale,0.1,True,6.33
8774,Summer Sale,0.3,False,0.0
8775,BOGO,0.2,True,11.79
8776,Holiday Sale,0.1,False,0.0
8777,Holiday Sale,0.1,True,15.9
8778,Holiday Sale,0.1,True,4.1
8779,BOGO,0.2,True,16.78
8780,Summer Sale,0.3,True,17.71
8781,BOGO,0.2,True,7.89
8782,Holiday Sale,0.1,True,6.44
8783,Flash Sale,0.15,True,5.31
8784,Flash Sale,0.15,False,0.0
8785,BOGO,0.2,True,10.27
8786,BOGO,0.2,False,0.0
8787,New Year Promo,0.25,True,10.38
8788,Summer Sale,0.3,False,0.0
8789,BOGO,0.2,True,8.38
8790,Summer Sale,0.3,False,0.0
8791,Holiday Sale,0.1,True,13.33
8792,Holiday Sale,0.1,True,2.97
8793,BOGO,0.2,True,7.08
8794,Holiday Sale,0.1,False,0.0
8795,Summer Sale,0.3,False,0.0
8796,New Year Promo,0.25,False,0.0
8797,Summer Sale,0.3,False,0.0
8798,BOGO,0.2,False,0.0
8799,Summer Sale,0.3,False,0.0
8800,BOGO,0.2,False,0.0
8801,Flash Sale,0.15,False,0.0
8802,Summer Sale,0.3,False,0.0
8803,Flash Sale,0.15,True,5.24
8804,New Year Promo,0.25,True,24.25
8805,New Year Promo,0.25,True,19.13
8806,Summer Sale,0.3,False,0.0
8807,BOGO,0.2,False,0.0
8808,Holiday Sale,0.1,False,0.0
8809,Flash Sale,0.15,False,0.0
8810,Summer Sale,0.3,True,15.13
8811,New Year Promo,0.25,True,11.34
8812,Summer Sale,0.3,False,0.0
8813,BOGO,0.2,False,0.0
8814,Holiday Sale,0.1,False,0.0
8815,Flash Sale,0.15,False,0.0
8816,New Year Promo,0.25,True,13.1
8817,Holiday Sale,0.1,False,0.0
8818,Holiday Sale,0.1,True,3.49
8819,Holiday Sale,0.1,True,4.96
8820,BOGO,0.2,False,0.0
8821,Holiday Sale,0.1,True,4.17
8822,Summer Sale,0.3,True,46.53
8823,Flash Sale,0.15,False,0.0
8824,Summer Sale,0.3,True,7.87
8825,Flash Sale,0.15,True,9.72
8826,Flash Sale,0.15,False,0.0
8827,New Year Promo,0.25,True,26.69
8828,Holiday Sale,0.1,False,0.0
8829,Flash Sale,0.15,False,0.0
8830,Summer Sale,0.3,True,7.25
8831,BOGO,0.2,False,0.0
8832,Holiday Sale,0.1,False,0.0
8833,Holiday Sale,0.1,False,0.0
8834,Summer Sale,0.3,True,18.18
8835,Summer Sale,0.3,True,20.17
8836,Holiday Sale,0.1,False,0.0
8837,New Year Promo,0.25,True,35.46
8838,BOGO,0.2,False,0.0
8839,Flash Sale,0.15,False,0.0
8840,Summer Sale,0.3,True,11.74
8841,BOGO,0.2,False,0.0
8842,BOGO,0.2,True,14.78
8843,Flash Sale,0.15,False,0.0
8844,BOGO,0.2,False,0.0
8845,Flash Sale,0.15,False,0.0
8846,Flash Sale,0.15,True,8.68
8847,Holiday Sale,0.1,True,7.78
8848,Holiday Sale,0.1,False,0.0
8849,Summer Sale,0.3,True,12.92
8850,Summer Sale,0.3,True,12.28
8851,Holiday Sale,0.1,True,7.9
8852,New Year Promo,0.25,False,0.0
8853,Summer Sale,0.3,False,0.0
8854,New Year Promo,0.25,True,10.06
8855,Holiday Sale,0.1,False,0.0
8856,New Year Promo,0.25,True,11.52
8857,New Year Promo,0.25,False,0.0
8858,New Year Promo,0.25,True,10.64
8859,BOGO,0.2,False,0.0
8860,Summer Sale,0.3,False,0.0
8861,BOGO,0.2,True,10.6
8862,Holiday Sale,0.1,True,7.67
8863,New Year Promo,0.25,True,19.05
8864,New Year Promo,0.25,False,0.0
8865,Summer Sale,0.3,True,7.93
8866,BOGO,0.2,True,12.9
8867,Flash Sale,0.15,False,0.0
8868,Flash Sale,0.15,False,0.0
8869,Summer Sale,0.3,False,0.0
8870,New Year Promo,0.25,True,23.62
8871,Flash Sale,0.15,True,12.81
8872,Flash Sale,0.15,True,6.89
8873,BOGO,0.2,False,0.0
8874,Flash Sale,0.15,True,5.95
8875,BOGO,0.2,False,0.0
8876,Summer Sale,0.3,True,10.09
8877,Summer Sale,0.3,False,0.0
8878,Flash Sale,0.15,True,5.27
8879,Summer Sale,0.3,True,12.83
8880,Holiday Sale,0.1,False,0.0
8881,New Year Promo,0.25,False,0.0
8882,Flash Sale,0.15,True,4.31
8883,Holiday Sale,0.1,False,0.0
8884,Summer Sale,0.3,False,0.0
8885,Flash Sale,0.15,True,7.4
8886,BOGO,0.2,False,0.0
8887,Holiday Sale,0.1,False,0.0
8888,BOGO,0.2,True,7.95
8889,Holiday Sale,0.1,False,0.0
8890,Holiday Sale,0.1,True,3.54
8891,Holiday Sale,0.1,False,0.0
8892,Summer Sale,0.3,False,0.0
8893,New Year Promo,0.25,True,22.45
8894,Holiday Sale,0.1,False,0.0
8895,Flash Sale,0.15,False,0.0
8896,Flash Sale,0.15,False,0.0
8897,Flash Sale,0.15,True,6.42
8898,Summer Sale,0.3,False,0.0
8899,Flash Sale,0.15,True,4.7
8900,Flash Sale,0.15,False,0.0
8901,New Year Promo,0.25,False,0.0
8902,BOGO,0.2,False,0.0
8903,New Year Promo,0.25,False,0.0
8904,Flash Sale,0.15,False,0.0
8905,BOGO,0.2,False,0.0
8906,BOGO,0.2,True,14.12
8907,BOGO,0.2,False,0.0
8908,BOGO,0.2,False,0.0
8909,Holiday Sale,0.1,False,0.0
8910,Summer Sale,0.3,True,32.68
8911,Holiday Sale,0.1,False,0.0
8912,Summer Sale,0.3,False,0.0
8913,BOGO,0.2,True,14.17
8914,New Year Promo,0.25,False,0.0
8915,Holiday Sale,0.1,True,3.86
8916,New Year Promo,0.25,True,8.74
8917,New Year Promo,0.25,True,11.34
8918,New Year Promo,0.25,True,21.88
8919,Flash Sale,0.15,False,0.0
8920,Holiday Sale,0.1,False,0.0
8921,Flash Sale,0.15,False,0.0
8922,New Year Promo,0.25,True,11.55
8923,Flash Sale,0.15,True,7.85
8924,Flash Sale,0.15,True,12.41
8925,Holiday Sale,0.1,False,0.0
8926,New Year Promo,0.25,True,17.69
8927,Flash Sale,0.15,False,0.0
8928,Flash Sale,0.15,True,5.38
8929,BOGO,0.2,False,0.0
8930,BOGO,0.2,True,23.53
8931,New Year Promo,0.25,True,10.21
8932,New Year Promo,0.25,True,9.29
8933,Flash Sale,0.15,False,0.0
8934,Flash Sale,0.15,False,0.0
8935,Summer Sale,0.3,False,0.0
8936,BOGO,0.2,False,0.0
8937,New Year Promo,0.25,False,0.0
8938,Summer Sale,0.3,True,41.4
8939,Holiday Sale,0.1,False,0.0
8940,Holiday Sale,0.1,True,4.88
8941,New Year Promo,0.25,False,0.0
8942,New Year Promo,0.25,False,0.0
8943,Holiday Sale,0.1,False,0.0
8944,Holiday Sale,0.1,True,7.82
8945,Holiday Sale,0.1,True,3.13
8946,New Year Promo,0.25,True,22.48
8947,Holiday Sale,0.1,False,0.0
8948,Flash Sale,0.15,True,9.97
8949,Flash Sale,0.15,True,4.29
8950,Flash Sale,0.15,True,7.15
8951,Summer Sale,0.3,True,9.59
8952,New Year Promo,0.25,False,0.0
8953,Summer Sale,0.3,True,8.95
8954,Summer Sale,0.3,True,17.0
8955,Flash Sale,0.15,False,0.0
8956,New Year Promo,0.25,True,10.33
8957,Holiday Sale,0.1,True,5.6
8958,Flash Sale,0.15,False,0.0
8959,Summer Sale,0.3,False,0.0
8960,Summer Sale,0.3,False,0.0
8961,Flash Sale,0.15,True,5.53
8962,Summer Sale,0.3,True,17.74
8963,New Year Promo,0.25,True,11.01
8964,New Year Promo,0.25,False,0.0
8965,Holiday Sale,0.1,True,4.93
8966,BOGO,0.2,False,0.0
8967,BOGO,0.2,False,0.0
8968,Summer Sale,0.3,True,15.99
8969,Holiday Sale,0.1,False,0.0
8970,BOGO,0.2,True,8.54
8971,New Year Promo,0.25,False,0.0
8972,Summer Sale,0.3,False,0.0
8973,BOGO,0.2,True,7.63
8974,BOGO,0.2,False,0.0
8975,Summer Sale,0.3,True,12.68
8976,Holiday Sale,0.1,False,0.0
8977,New Year Promo,0.25,True,13.49
8978,BOGO,0.2,True,12.21
8979,BOGO,0.2,False,0.0
8980,BOGO,0.2,False,0.0
8981,New Year Promo,0.25,False,0.0
8982,BOGO,0.2,True,12.72
8983,New Year Promo,0.25,False,0.0
8984,New Year Promo,0.25,False,0.0
8985,Summer Sale,0.3,False,0.0
8986,Holiday Sale,0.1,True,14.79
8987,Flash Sale,0.15,True,7.87
8988,New Year Promo,0.25,True,20.22
8989,Flash Sale,0.15,True,10.81
8990,Summer Sale,0.3,False,0.0
8991,Flash Sale,0.15,True,3.89
8992,Holiday Sale,0.1,True,3.98
8993,BOGO,0.2,False,0.0
8994,Flash Sale,0.15,False,0.0
8995,New Year Promo,0.25,False,0.0
8996,Holiday Sale,0.1,False,0.0
8997,Summer Sale,0.3,False,0.0
8998,Summer Sale,0.3,True,37.75
8999,Summer Sale,0.3,False,0.0
9000,Flash Sale,0.15,True,8.33
9001,BOGO,0.2,True,15.78
9002,New Year Promo,0.25,False,0.0
9003,Holiday Sale,0.1,False,0.0
9004,New Year Promo,0.25,False,0.0
9005,Flash Sale,0.15,False,0.0
9006,Holiday Sale,0.1,True,6.86
9007,Holiday Sale,0.1,False,0.0
9008,Holiday Sale,0.1,True,5.48
9009,Flash Sale,0.15,False,0.0
9010,Holiday Sale,0.1,False,0.0
9011,Holiday Sale,0.1,True,3.19
9012,Holiday Sale,0.1,False,0.0
9013,Flash Sale,0.15,True,5.98
9014,Flash Sale,0.15,True,6.76
9015,Holiday Sale,0.1,False,0.0
9016,BOGO,0.2,False,0.0
9017,BOGO,0.2,False,0.0
9018,Holiday Sale,0.1,True,6.84
9019,Holiday Sale,0.1,False,0.0
9020,Flash Sale,0.15,True,10.69
9021,BOGO,0.2,True,6.66
9022,Summer Sale,0.3,False,0.0
9023,Summer Sale,0.3,True,9.92
9024,Holiday Sale,0.1,False,0.0
9025,New Year Promo,0.25,False,0.0
9026,Summer Sale,0.3,False,0.0
9027,Holiday Sale,0.1,True,5.29
9028,Holiday Sale,0.1,False,0.0
9029,Holiday Sale,0.1,True,14.22
9030,Flash Sale,0.15,True,5.14
9031,New Year Promo,0.25,True,11.48
9032,Holiday Sale,0.1,False,0.0
9033,Summer Sale,0.3,False,0.0
9034,BOGO,0.2,True,17.03
9035,Summer Sale,0.3,True,11.79
9036,Holiday Sale,0.1,True,4.97
9037,Summer Sale,0.3,True,9.8
9038,New Year Promo,0.25,True,64.93
9039,Flash Sale,0.15,False,0.0
9040,Summer Sale,0.3,False,0.0
9041,Flash Sale,0.15,True,5.91
9042,Holiday Sale,0.1,False,0.0
9043,Flash Sale,0.15,True,20.9
9044,Holiday Sale,0.1,False,0.0
9045,Holiday Sale,0.1,False,0.0
9046,Holiday Sale,0.1,False,0.0
9047,Holiday Sale,0.1,False,0.0
9048,BOGO,0.2,False,0.0
9049,Flash Sale,0.15,True,13.62
9050,Summer Sale,0.3,True,16.77
9051,Flash Sale,0.15,True,8.4
9052,Holiday Sale,0.1,False,0.0
9053,BOGO,0.2,False,0.0
9054,New Year Promo,0.25,True,8.42
9055,Flash Sale,0.15,True,7.72
9056,Summer Sale,0.3,True,171.68
9057,Flash Sale,0.15,False,0.0
9058,Flash Sale,0.15,False,0.0
9059,BOGO,0.2,True,7.56
9060,Summer Sale,0.3,False,0.0
9061,New Year Promo,0.25,True,32.59
9062,BOGO,0.2,True,12.7
9063,Flash Sale,0.15,False,0.0
9064,Summer Sale,0.3,True,10.72
9065,Flash Sale,0.15,True,8.42
9066,BOGO,0.2,False,0.0
9067,Summer Sale,0.3,False,0.0
9068,Flash Sale,0.15,False,0.0
9069,BOGO,0.2,True,6.96
9070,Flash Sale,0.15,True,6.13
9071,New Year Promo,0.25,False,0.0
9072,Holiday Sale,0.1,True,5.57
9073,Summer Sale,0.3,False,0.0
9074,BOGO,0.2,True,10.06
9075,Flash Sale,0.15,False,0.0
9076,Flash Sale,0.15,True,11.54
9077,BOGO,0.2,False,0.0
9078,Holiday Sale,0.1,True,11.31
9079,BOGO,0.2,True,12.21
9080,Flash Sale,0.15,True,6.25
9081,Flash Sale,0.15,False,0.0
9082,Holiday Sale,0.1,False,0.0
9083,Flash Sale,0.15,False,0.0
9084,Summer Sale,0.3,False,0.0
9085,Holiday Sale,0.1,False,0.0
9086,New Year Promo,0.25,True,12.98
9087,BOGO,0.2,False,0.0
9088,Flash Sale,0.15,True,16.28
9089,Summer Sale,0.3,True,10.43
9090,New Year Promo,0.25,True,13.03
9091,BOGO,0.2,False,0.0
9092,Flash Sale,0.15,True,5.63
9093,Holiday Sale,0.1,False,0.0
9094,BOGO,0.2,True,12.7
9095,Flash Sale,0.15,False,0.0
9096,Holiday Sale,0.1,False,0.0
9097,Holiday Sale,0.1,True,6.23
9098,Summer Sale,0.3,True,12.69
9099,Holiday Sale,0.1,True,7.3
9100,Flash Sale,0.15,True,6.49
9101,Summer Sale,0.3,False,0.0
9102,BOGO,0.2,False,0.0
9103,BOGO,0.2,True,7.22
9104,Holiday Sale,0.1,False,0.0
9105,Summer Sale,0.3,False,0.0
9106,New Year Promo,0.25,False,0.0
9107,BOGO,0.2,False,0.0
9108,BOGO,0.2,True,16.32
9109,Summer Sale,0.3,False,0.0
9110,Summer Sale,0.3,True,19.13
9111,Holiday Sale,0.1,True,9.02
9112,BOGO,0.2,False,0.0
9113,Flash Sale,0.15,True,9.06
9114,BOGO,0.2,True,17.61
9115,Summer Sale,0.3,True,9.53
9116,Summer Sale,0.3,True,10.43
9117,Summer Sale,0.3,False,0.0
9118,New Year Promo,0.25,True,31.22
9119,BOGO,0.2,True,14.88
9120,Summer Sale,0.3,True,22.47
9121,Summer Sale,0.3,True,20.6
9122,Summer Sale,0.3,False,0.0
9123,Flash Sale,0.15,False,0.0
9124,Summer Sale,0.3,True,23.69
9125,Summer Sale,0.3,False,0.0
9126,Holiday Sale,0.1,True,13.81
9127,Flash Sale,0.15,False,0.0
9128,New Year Promo,0.25,True,19.53
9129,New Year Promo,0.25,False,0.0
9130,Summer Sale,0.3,True,34.85
9131,BOGO,0.2,True,6.66
9132,New Year Promo,0.25,False,0.0
9133,Summer Sale,0.3,True,14.21
9134,Holiday Sale,0.1,False,0.0
9135,New Year Promo,0.25,True,11.87
9136,New Year Promo,0.25,True,14.69
9137,Summer Sale,0.3,False,0.0
9138,Holiday Sale,0.1,True,3.54
9139,Flash Sale,0.15,True,5.37
9140,Flash Sale,0.15,True,8.45
9141,New Year Promo,0.25,False,0.0
9142,Summer Sale,0.3,True,10.49
9143,Holiday Sale,0.1,True,8.95
9144,Holiday Sale,0.1,False,0.0
9145,Holiday Sale,0.1,True,4.98
9146,Summer Sale,0.3,True,12.01
9147,Summer Sale,0.3,True,11.0
9148,BOGO,0.2,True,7.96
9149,Holiday Sale,0.1,True,3.71
9150,Flash Sale,0.15,True,8.04
9151,Flash Sale,0.15,False,0.0
9152,Flash Sale,0.15,True,7.8
9153,Holiday Sale,0.1,True,4.07
9154,New Year Promo,0.25,True,10.64
9155,BOGO,0.2,True,14.26
9156,Holiday Sale,0.1,False,0.0
9157,Holiday Sale,0.1,False,0.0
9158,Flash Sale,0.15,False,0.0
9159,Summer Sale,0.3,False,0.0
9160,Summer Sale,0.3,True,11.55
9161,Flash Sale,0.15,True,6.26
9162,Summer Sale,0.3,True,15.7
9163,Summer Sale,0.3,False,0.0
9164,New Year Promo,0.25,False,0.0
9165,Holiday Sale,0.1,True,12.16
9166,New Year Promo,0.25,True,17.14
9167,Flash Sale,0.15,True,28.2
9168,Holiday Sale,0.1,False,0.0
9169,Flash Sale,0.15,True,3.72
9170,Holiday Sale,0.1,True,3.7
9171,Summer Sale,0.3,False,0.0
9172,Summer Sale,0.3,True,25.48
9173,Flash Sale,0.15,False,0.0
9174,Holiday Sale,0.1,False,0.0
9175,New Year Promo,0.25,False,0.0
9176,BOGO,0.2,False,0.0
9177,New Year Promo,0.25,False,0.0
9178,BOGO,0.2,False,0.0
9179,Summer Sale,0.3,True,17.52
9180,Summer Sale,0.3,False,0.0
9181,Holiday Sale,0.1,True,3.37
9182,Flash Sale,0.15,False,0.0
9183,Holiday Sale,0.1,True,3.67
9184,New Year Promo,0.25,False,0.0
9185,BOGO,0.2,True,10.73
9186,BOGO,0.2,True,7.52
9187,New Year Promo,0.25,False,0.0
9188,Summer Sale,0.3,False,0.0
9189,New Year Promo,0.25,True,26.16
9190,BOGO,0.2,False,0.0
9191,Summer Sale,0.3,True,17.74
9192,Flash Sale,0.15,False,0.0
9193,Flash Sale,0.15,False,0.0
9194,BOGO,0.2,False,0.0
9195,Summer Sale,0.3,True,36.04
9196,Holiday Sale,0.1,False,0.0
9197,New Year Promo,0.25,True,13.79
9198,Summer Sale,0.3,True,42.7
9199,Summer Sale,0.3,False,0.0
9200,BOGO,0.2,True,15.55
9201,Summer Sale,0.3,True,21.66
9202,Summer Sale,0.3,True,12.16
9203,Holiday Sale,0.1,False,0.0
9204,Holiday Sale,0.1,False,0.0
9205,Holiday Sale,0.1,True,7.7
9206,Flash Sale,0.15,False,0.0
9207,Flash Sale,0.15,True,7.32
9208,Flash Sale,0.15,False,0.0
9209,Holiday Sale,0.1,True,7.09
9210,BOGO,0.2,False,0.0
9211,New Year Promo,0.25,True,22.28
9212,Holiday Sale,0.1,True,7.46
9213,Holiday Sale,0.1,True,3.17
9214,BOGO,0.2,False,0.0
9215,New Year Promo,0.25,True,9.94
9216,New Year Promo,0.25,True,10.41
9217,New Year Promo,0.25,True,9.85
9218,Summer Sale,0.3,True,22.95
9219,Summer Sale,0.3,False,0.0
9220,Summer Sale,0.3,False,0.0
9221,Flash Sale,0.15,False,0.0
9222,New Year Promo,0.25,False,0.0
9223,Holiday Sale,0.1,False,0.0
9224,Flash Sale,0.15,False,0.0
9225,BOGO,0.2,True,11.46
9226,Summer Sale,0.3,True,20.91
9227,BOGO,0.2,False,0.0
9228,BOGO,0.2,True,11.94
9229,Summer Sale,0.3,False,0.0
9230,Holiday Sale,0.1,True,9.37
9231,New Year Promo,0.25,False,0.0
9232,Summer Sale,0.3,False,0.0
9233,BOGO,0.2,True,15.82
9234,Summer Sale,0.3,True,13.16
9235,New Year Promo,0.25,False,0.0
9236,Holiday Sale,0.1,False,0.0
9237,Summer Sale,0.3,False,0.0
9238,Holiday Sale,0.1,True,3.62
9239,BOGO,0.2,False,0.0
9240,Summer Sale,0.3,False,0.0
9241,Holiday Sale,0.1,False,0.0
9242,Summer Sale,0.3,True,14.54
9243,Holiday Sale,0.1,False,0.0
9244,Holiday Sale,0.1,True,4.76
9245,Flash Sale,0.15,False,0.0
9246,New Year Promo,0.25,False,0.0
9247,Flash Sale,0.15,False,0.0
9248,BOGO,0.2,False,0.0
9249,Holiday Sale,0.1,False,0.0
9250,Flash Sale,0.15,False,0.0
9251,New Year Promo,0.25,False,0.0
9252,Flash Sale,0.15,True,7.3
9253,BOGO,0.2,False,0.0
9254,Flash Sale,0.15,False,0.0
9255,New Year Promo,0.25,False,0.0
9256,Summer Sale,0.3,False,0.0
9257,Holiday Sale,0.1,False,0.0
9258,New Year Promo,0.25,True,10.27
9259,BOGO,0.2,True,10.8
9260,BOGO,0.2,False,0.0
9261,Holiday Sale,0.1,False,0.0
9262,Holiday Sale,0.1,False,0.0
9263,Holiday Sale,0.1,False,0.0
9264,Holiday Sale,0.1,False,0.0
9265,New Year Promo,0.25,True,11.16
9266,Summer Sale,0.3,False,0.0
9267,BOGO,0.2,False,0.0
9268,BOGO,0.2,False,0.0
9269,Summer Sale,0.3,False,0.0
9270,BOGO,0.2,False,0.0
9271,Holiday Sale,0.1,False,0.0
9272,Summer Sale,0.3,False,0.0
9273,BOGO,0.2,True,10.36
9274,New Year Promo,0.25,False,0.0
9275,Flash Sale,0.15,False,0.0
9276,BOGO,0.2,False,0.0
9277,New Year Promo,0.25,False,0.0
9278,New Year Promo,0.25,False,0.0
9279,BOGO,0.2,False,0.0
9280,BOGO,0.2,False,0.0
9281,New Year Promo,0.25,False,0.0
9282,Flash Sale,0.15,True,10.38
9283,BOGO,0.2,True,9.71
9284,Holiday Sale,0.1,True,3.54
9285,Flash Sale,0.15,False,0.0
9286,Holiday Sale,0.1,True,5.47
9287,BOGO,0.2,True,9.19
9288,Holiday Sale,0.1,False,0.0
9289,New Year Promo,0.25,False,0.0
9290,Summer Sale,0.3,False,0.0
9291,Holiday Sale,0.1,True,5.41
9292,New Year Promo,0.25,False,0.0
9293,BOGO,0.2,False,0.0
9294,Holiday Sale,0.1,True,5.59
9295,Flash Sale,0.15,True,9.97
9296,Holiday Sale,0.1,True,6.95
9297,BOGO,0.2,True,13.43
9298,Holiday Sale,0.1,True,8.26
9299,Holiday Sale,0.1,True,9.17
9300,Holiday Sale,0.1,True,11.21
9301,BOGO,0.2,True,8.06
9302,Holiday Sale,0.1,True,3.3
9303,Flash Sale,0.15,False,0.0
9304,New Year Promo,0.25,True,19.01
9305,Holiday Sale,0.1,True,12.22
9306,BOGO,0.2,True,4.88
9307,BOGO,0.2,False,0.0
9308,Flash Sale,0.15,False,0.0
9309,New Year Promo,0.25,True,9.28
9310,BOGO,0.2,False,0.0
9311,Summer Sale,0.3,False,0.0
9312,Summer Sale,0.3,True,8.91
9313,New Year Promo,0.25,True,11.42
9314,Holiday Sale,0.1,False,0.0
9315,Summer Sale,0.3,True,13.1
9316,New Year Promo,0.25,False,0.0
9317,Holiday Sale,0.1,True,10.02
9318,Flash Sale,0.15,False,0.0
9319,Holiday Sale,0.1,True,5.13
9320,Flash Sale,0.15,False,0.0
9321,Summer Sale,0.3,False,0.0
9322,Holiday Sale,0.1,True,8.7
9323,New Year Promo,0.25,False,0.0
9324,Holiday Sale,0.1,False,0.0
9325,New Year Promo,0.25,True,12.3
9326,BOGO,0.2,True,13.18
9327,Summer Sale,0.3,False,0.0
9328,Holiday Sale,0.1,False,0.0
9329,Flash Sale,0.15,False,0.0
9330,Holiday Sale,0.1,True,9.37
9331,BOGO,0.2,True,17.25
9332,New Year Promo,0.25,False,0.0
9333,BOGO,0.2,False,0.0
9334,Holiday Sale,0.1,True,6.72
9335,New Year Promo,0.25,False,0.0
9336,BOGO,0.2,True,6.87
9337,Flash Sale,0.15,True,7.4
9338,Holiday Sale,0.1,True,10.96
9339,Flash Sale,0.15,True,7.0
9340,Summer Sale,0.3,False,0.0
9341,Holiday Sale,0.1,True,5.37
9342,Holiday Sale,0.1,False,0.0
9343,Holiday Sale,0.1,False,0.0
9344,BOGO,0.2,False,0.0
9345,Holiday Sale,0.1,False,0.0
9346,Summer Sale,0.3,True,32.78
9347,BOGO,0.2,True,9.68
9348,New Year Promo,0.25,True,18.23
9349,New Year Promo,0.25,False,0.0
9350,Holiday Sale,0.1,True,27.13
9351,Holiday Sale,0.1,True,4.08
9352,Flash Sale,0.15,True,11.35
9353,New Year Promo,0.25,True,21.51
9354,BOGO,0.2,True,8.67
9355,Holiday Sale,0.1,True,6.09
9356,Summer Sale,0.3,True,16.79
9357,BOGO,0.2,True,13.78
9358,New Year Promo,0.25,False,0.0
9359,Holiday Sale,0.1,False,0.0
9360,BOGO,0.2,False,0.0
9361,Holiday Sale,0.1,True,5.28
9362,Flash Sale,0.15,False,0.0
9363,BOGO,0.2,False,0.0
9364,New Year Promo,0.25,False,0.0
9365,BOGO,0.2,False,0.0
9366,Holiday Sale,0.1,False,0.0
9367,New Year Promo,0.25,True,12.49
9368,New Year Promo,0.25,False,0.0
9369,BOGO,0.2,True,11.77
9370,Flash Sale,0.15,False,0.0
9371,Holiday Sale,0.1,False,0.0
9372,Summer Sale,0.3,False,0.0
9373,Holiday Sale,0.1,True,4.25
9374,Summer Sale,0.3,False,0.0
9375,Summer Sale,0.3,True,10.3
9376,Summer Sale,0.3,True,15.72
9377,Holiday Sale,0.1,True,5.5
9378,New Year Promo,0.25,False,0.0
9379,BOGO,0.2,True,29.4
9380,Holiday Sale,0.1,True,3.06
9381,Holiday Sale,0.1,True,3.64
9382,Flash Sale,0.15,False,0.0
9383,New Year Promo,0.25,False,0.0
9384,Summer Sale,0.3,False,0.0
9385,New Year Promo,0.25,False,0.0
9386,Summer Sale,0.3,False,0.0
9387,Holiday Sale,0.1,True,8.21
9388,New Year Promo,0.25,True,8.98
9389,New Year Promo,0.25,False,0.0
9390,BOGO,0.2,False,0.0
9391,Holiday Sale,0.1,True,6.69
9392,Flash Sale,0.15,True,15.3
9393,Holiday Sale,0.1,True,3.81
9394,Holiday Sale,0.1,False,0.0
9395,Summer Sale,0.3,False,0.0
9396,Flash Sale,0.15,False,0.0
9397,New Year Promo,0.25,False,0.0
9398,Flash Sale,0.15,True,5.23
9399,Holiday Sale,0.1,False,0.0
9400,New Year Promo,0.25,True,10.17
9401,BOGO,0.2,True,11.23
9402,BOGO,0.2,False,0.0
9403,Summer Sale,0.3,True,16.47
9404,BOGO,0.2,True,5.97
9405,New Year Promo,0.25,False,0.0
9406,BOGO,0.2,True,7.12
9407,Summer Sale,0.3,False,0.0
9408,Flash Sale,0.15,False,0.0
9409,BOGO,0.2,True,7.24
9410,Summer Sale,0.3,False,0.0
9411,New Year Promo,0.25,True,6.61
9412,BOGO,0.2,True,13.28
9413,Summer Sale,0.3,False,0.0
9414,New Year Promo,0.25,False,0.0
9415,Flash Sale,0.15,True,4.6
9416,New Year Promo,0.25,False,0.0
9417,Holiday Sale,0.1,False,0.0
9418,Holiday Sale,0.1,True,2.84
9419,BOGO,0.2,False,0.0
9420,Summer Sale,0.3,True,17.18
9421,Summer Sale,0.3,True,39.92
9422,Summer Sale,0.3,True,15.37
9423,New Year Promo,0.25,False,0.0
9424,Flash Sale,0.15,False,0.0
9425,Holiday Sale,0.1,False,0.0
9426,New Year Promo,0.25,False,0.0
9427,Summer Sale,0.3,True,29.87
9428,Flash Sale,0.15,True,9.42
9429,New Year Promo,0.25,True,12.12
9430,Holiday Sale,0.1,True,7.77
9431,New Year Promo,0.25,True,14.16
9432,New Year Promo,0.25,True,10.05
9433,New Year Promo,0.25,True,11.98
9434,New Year Promo,0.25,False,0.0
9435,Flash Sale,0.15,False,0.0
9436,New Year Promo,0.25,False,0.0
9437,Flash Sale,0.15,True,8.54
9438,BOGO,0.2,False,0.0
9439,Holiday Sale,0.1,False,0.0
9440,New Year Promo,0.25,False,0.0
9441,Holiday Sale,0.1,False,0.0
9442,BOGO,0.2,False,0.0
9443,Flash Sale,0.15,True,4.74
9444,Summer Sale,0.3,True,11.8
9445,BOGO,0.2,False,0.0
9446,Flash Sale,0.15,False,0.0
9447,Summer Sale,0.3,True,37.73
9448,Flash Sale,0.15,False,0.0
9449,Summer Sale,0.3,True,9.9
9450,New Year Promo,0.25,False,0.0
9451,Flash Sale,0.15,True,4.99
9452,New Year Promo,0.25,False,0.0
9453,New Year Promo,0.25,False,0.0
9454,New Year Promo,0.25,False,0.0
9455,Holiday Sale,0.1,False,0.0
9456,New Year Promo,0.25,True,14.35
9457,BOGO,0.2,False,0.0
9458,Summer Sale,0.3,True,33.52
9459,New Year Promo,0.25,False,0.0
9460,Flash Sale,0.15,False,0.0
9461,Holiday Sale,0.1,True,6.32
9462,Flash Sale,0.15,False,0.0
9463,Summer Sale,0.3,True,16.81
9464,Summer Sale,0.3,True,10.85
9465,Flash Sale,0.15,False,0.0
9466,New Year Promo,0.25,True,30.05
9467,Holiday Sale,0.1,True,6.09
9468,Holiday Sale,0.1,False,0.0
9469,BOGO,0.2,False,0.0
9470,Flash Sale,0.15,False,0.0
9471,Flash Sale,0.15,False,0.0
9472,BOGO,0.2,False,0.0
9473,Summer Sale,0.3,True,19.35
9474,BOGO,0.2,True,7.17
9475,BOGO,0.2,True,18.36
9476,New Year Promo,0.25,False,0.0
9477,Flash Sale,0.15,True,23.17
9478,Flash Sale,0.15,True,8.28
9479,BOGO,0.2,True,7.05
9480,Holiday Sale,0.1,True,3.97
9481,Holiday Sale,0.1,False,0.0
9482,New Year Promo,0.25,False,0.0
9483,Flash Sale,0.15,False,0.0
9484,Flash Sale,0.15,False,0.0
9485,Flash Sale,0.15,False,0.0
9486,BOGO,0.2,True,8.99
9487,Holiday Sale,0.1,False,0.0
9488,Summer Sale,0.3,False,0.0
9489,Flash Sale,0.15,False,0.0
9490,Summer Sale,0.3,False,0.0
9491,New Year Promo,0.25,False,0.0
9492,New Year Promo,0.25,False,0.0
9493,Flash Sale,0.15,False,0.0
9494,Holiday Sale,0.1,False,0.0
9495,New Year Promo,0.25,True,13.15
9496,Holiday Sale,0.1,True,7.82
9497,BOGO,0.2,True,10.07
9498,Flash Sale,0.15,False,0.0
9499,Holiday Sale,0.1,True,12.42
9500,Summer Sale,0.3,False,0.0
9501,Flash Sale,0.15,True,10.05
9502,Holiday Sale,0.1,True,4.5
9503,Holiday Sale,0.1,True,4.76
9504,Holiday Sale,0.1,False,0.0
9505,Flash Sale,0.15,True,4.63
9506,Flash Sale,0.15,True,7.51
9507,Summer Sale,0.3,True,11.41
9508,Summer Sale,0.3,True,16.82
9509,BOGO,0.2,False,0.0
9510,BOGO,0.2,True,6.96
9511,BOGO,0.2,True,11.67
9512,Holiday Sale,0.1,False,0.0
9513,BOGO,0.2,False,0.0
9514,New Year Promo,0.25,True,16.53
9515,Flash Sale,0.15,True,8.31
9516,New Year Promo,0.25,False,0.0
9517,Summer Sale,0.3,False,0.0
9518,Summer Sale,0.3,False,0.0
9519,BOGO,0.2,True,12.04
9520,Summer Sale,0.3,False,0.0
9521,New Year Promo,0.25,False,0.0
9522,BOGO,0.2,False,0.0
9523,Summer Sale,0.3,True,18.02
9524,BOGO,0.2,False,0.0
9525,Holiday Sale,0.1,True,4.16
9526,Holiday Sale,0.1,True,3.55
9527,Holiday Sale,0.1,True,10.25
9528,Summer Sale,0.3,False,0.0
9529,BOGO,0.2,True,23.77
9530,New Year Promo,0.25,True,13.0
9531,New Year Promo,0.25,True,8.06
9532,Holiday Sale,0.1,True,5.4
9533,Holiday Sale,0.1,False,0.0
9534,BOGO,0.2,True,11.51
9535,New Year Promo,0.25,False,0.0
9536,BOGO,0.2,True,8.61
9537,Flash Sale,0.15,False,0.0
9538,BOGO,0.2,False,0.0
9539,New Year Promo,0.25,False,0.0
9540,Flash Sale,0.15,False,0.0
9541,BOGO,0.2,False,0.0
9542,Flash Sale,0.15,False,0.0
9543,New Year Promo,0.25,False,0.0
9544,BOGO,0.2,True,8.8
9545,Flash Sale,0.15,False,0.0
9546,Flash Sale,0.15,False,0.0
9547,Holiday Sale,0.1,True,5.2
9548,Holiday Sale,0.1,False,0.0
9549,BOGO,0.2,False,0.0
9550,Holiday Sale,0.1,True,11.19
9551,Holiday Sale,0.1,False,0.0
9552,BOGO,0.2,False,0.0
9553,Flash Sale,0.15,True,9.68
9554,BOGO,0.2,True,24.83
9555,Flash Sale,0.15,False,0.0
9556,Holiday Sale,0.1,True,7.92
9557,Holiday Sale,0.1,False,0.0
9558,BOGO,0.2,True,15.83
9559,BOGO,0.2,False,0.0
9560,Flash Sale,0.15,False,0.0
9561,Flash Sale,0.15,True,8.91
9562,Flash Sale,0.15,False,0.0
9563,Summer Sale,0.3,True,18.49
9564,Summer Sale,0.3,True,12.96
9565,Summer Sale,0.3,False,0.0
9566,New Year Promo,0.25,False,0.0
9567,Holiday Sale,0.1,False,0.0
9568,Summer Sale,0.3,True,20.98
9569,BOGO,0.2,True,9.59
9570,Flash Sale,0.15,True,8.18
9571,Holiday Sale,0.1,False,0.0
9572,BOGO,0.2,False,0.0
9573,New Year Promo,0.25,False,0.0
9574,New Year Promo,0.25,False,0.0
9575,Flash Sale,0.15,False,0.0
9576,Flash Sale,0.15,True,14.88
9577,BOGO,0.2,True,11.26
9578,Flash Sale,0.15,False,0.0
9579,Flash Sale,0.15,True,4.37
9580,Summer Sale,0.3,True,10.97
9581,Flash Sale,0.15,False,0.0
9582,BOGO,0.2,False,0.0
9583,New Year Promo,0.25,False,0.0
9584,New Year Promo,0.25,True,7.94
9585,Summer Sale,0.3,True,21.04
9586,New Year Promo,0.25,True,24.95
9587,Holiday Sale,0.1,False,0.0
9588,Summer Sale,0.3,True,8.13
9589,BOGO,0.2,False,0.0
9590,Holiday Sale,0.1,False,0.0
9591,Flash Sale,0.15,True,9.21
9592,Flash Sale,0.15,False,0.0
9593,Summer Sale,0.3,False,0.0
9594,New Year Promo,0.25,True,9.2
9595,New Year Promo,0.25,False,0.0
9596,New Year Promo,0.25,False,0.0
9597,BOGO,0.2,False,0.0
9598,Summer Sale,0.3,True,13.49
9599,BOGO,0.2,True,8.84
9600,New Year Promo,0.25,False,0.0
9601,BOGO,0.2,False,0.0
9602,BOGO,0.2,True,11.97
9603,New Year Promo,0.25,True,9.68
9604,Summer Sale,0.3,True,13.56
9605,Flash Sale,0.15,True,7.72
9606,New Year Promo,0.25,True,18.66
9607,Flash Sale,0.15,True,23.26
9608,Holiday Sale,0.1,True,3.61
9609,Flash Sale,0.15,False,0.0
9610,Summer Sale,0.3,True,14.68
9611,Flash Sale,0.15,False,0.0
9612,Flash Sale,0.15,False,0.0
9613,Flash Sale,0.15,True,8.32
9614,Flash Sale,0.15,False,0.0
9615,New Year Promo,0.25,True,37.27
9616,New Year Promo,0.25,True,14.21
9617,Summer Sale,0.3,True,18.53
9618,Holiday Sale,0.1,False,0.0
9619,BOGO,0.2,True,9.4
9620,New Year Promo,0.25,True,7.76
9621,Summer Sale,0.3,True,12.91
9622,BOGO,0.2,False,0.0
9623,New Year Promo,0.25,False,0.0
9624,BOGO,0.2,False,0.0
9625,Summer Sale,0.3,True,10.5
9626,Flash Sale,0.15,False,0.0
9627,Summer Sale,0.3,False,0.0
9628,Summer Sale,0.3,False,0.0
9629,Flash Sale,0.15,False,0.0
9630,New Year Promo,0.25,False,0.0
9631,Holiday Sale,0.1,True,3.61
9632,Flash Sale,0.15,False,0.0
9633,Summer Sale,0.3,False,0.0
9634,Summer Sale,0.3,True,14.91
9635,Flash Sale,0.15,True,5.68
9636,Flash Sale,0.15,False,0.0
9637,Summer Sale,0.3,False,0.0
9638,Flash Sale,0.15,True,7.95
9639,BOGO,0.2,False,0.0
9640,Summer Sale,0.3,False,0.0
9641,Holiday Sale,0.1,True,3.24
9642,BOGO,0.2,False,0.0
9643,BOGO,0.2,False,0.0
9644,Holiday Sale,0.1,True,4.37
9645,Summer Sale,0.3,False,0.0
9646,BOGO,0.2,False,0.0
9647,Flash Sale,0.15,False,0.0
9648,Holiday Sale,0.1,False,0.0
9649,BOGO,0.2,False,0.0
9650,Flash Sale,0.15,False,0.0
9651,BOGO,0.2,True,10.02
9652,Holiday Sale,0.1,False,0.0
9653,Flash Sale,0.15,False,0.0
9654,Summer Sale,0.3,True,9.32
9655,BOGO,0.2,True,10.49
9656,Summer Sale,0.3,True,15.16
9657,Summer Sale,0.3,True,22.8
9658,New Year Promo,0.25,False,0.0
9659,BOGO,0.2,False,0.0
9660,Flash Sale,0.15,True,13.24
9661,BOGO,0.2,True,12.65
9662,Holiday Sale,0.1,False,0.0
9663,BOGO,0.2,False,0.0
9664,Summer Sale,0.3,True,10.82
9665,Flash Sale,0.15,True,4.05
9666,Flash Sale,0.15,False,0.0
9667,Holiday Sale,0.1,True,6.58
9668,Summer Sale,0.3,False,0.0
9669,Summer Sale,0.3,False,0.0
9670,Holiday Sale,0.1,False,0.0
9671,BOGO,0.2,True,8.76
9672,Flash Sale,0.15,True,9.86
9673,New Year Promo,0.25,True,10.81
9674,New Year Promo,0.25,False,0.0
9675,Holiday Sale,0.1,False,0.0
9676,Holiday Sale,0.1,False,0.0
9677,Summer Sale,0.3,False,0.0
9678,Holiday Sale,0.1,True,8.8
9679,Summer Sale,0.3,False,0.0
9680,Holiday Sale,0.1,True,6.3
9681,Holiday Sale,0.1,True,7.48
9682,BOGO,0.2,False,0.0
9683,Summer Sale,0.3,False,0.0
9684,BOGO,0.2,False,0.0
9685,Flash Sale,0.15,True,9.05
9686,Flash Sale,0.15,False,0.0
9687,BOGO,0.2,False,0.0
9688,Holiday Sale,0.1,False,0.0
9689,New Year Promo,0.25,False,0.0
9690,New Year Promo,0.25,False,0.0
9691,New Year Promo,0.25,False,0.0
9692,BOGO,0.2,False,0.0
9693,BOGO,0.2,False,0.0
9694,New Year Promo,0.25,True,17.9
9695,Flash Sale,0.15,True,11.89
9696,Flash Sale,0.15,True,7.49
9697,Holiday Sale,0.1,False,0.0
9698,New Year Promo,0.25,True,13.05
9699,Holiday Sale,0.1,True,5.8
9700,Holiday Sale,0.1,True,8.71
9701,BOGO,0.2,False,0.0
9702,Summer Sale,0.3,False,0.0
9703,Summer Sale,0.3,True,23.19
9704,New Year Promo,0.25,True,21.4
9705,BOGO,0.2,False,0.0
9706,Flash Sale,0.15,False,0.0
9707,Holiday Sale,0.1,False,0.0
9708,Holiday Sale,0.1,True,4.03
9709,Flash Sale,0.15,True,4.95
9710,New Year Promo,0.25,True,13.41
9711,New Year Promo,0.25,False,0.0
9712,BOGO,0.2,False,0.0
9713,Summer Sale,0.3,False,0.0
9714,Holiday Sale,0.1,False,0.0
9715,Holiday Sale,0.1,False,0.0
9716,New Year Promo,0.25,True,8.47
9717,BOGO,0.2,True,7.86
9718,New Year Promo,0.25,False,0.0
9719,Flash Sale,0.15,False,0.0
9720,Summer Sale,0.3,False,0.0
9721,Holiday Sale,0.1,False,0.0
9722,BOGO,0.2,True,9.71
9723,Summer Sale,0.3,False,0.0
9724,Flash Sale,0.15,False,0.0
9725,New Year Promo,0.25,False,0.0
9726,BOGO,0.2,True,78.61
9727,New Year Promo,0.25,True,19.02
9728,New Year Promo,0.25,True,10.62
9729,BOGO,0.2,False,0.0
9730,Flash Sale,0.15,False,0.0
9731,Holiday Sale,0.1,True,5.48
9732,New Year Promo,0.25,True,10.64
9733,New Year Promo,0.25,True,13.89
9734,Summer Sale,0.3,False,0.0
9735,Flash Sale,0.15,True,6.39
9736,New Year Promo,0.25,True,16.47
9737,New Year Promo,0.25,False,0.0
9738,Flash Sale,0.15,False,0.0
9739,Holiday Sale,0.1,False,0.0
9740,Flash Sale,0.15,False,0.0
9741,Holiday Sale,0.1,True,3.42
9742,New Year Promo,0.25,True,23.75
9743,Flash Sale,0.15,True,14.17
9744,Holiday Sale,0.1,True,6.8
9745,Flash Sale,0.15,True,5.3
9746,Holiday Sale,0.1,False,0.0
9747,Flash Sale,0.15,False,0.0
9748,Summer Sale,0.3,False,0.0
9749,Flash Sale,0.15,False,0.0
9750,BOGO,0.2,False,0.0
9751,Holiday Sale,0.1,False,0.0
9752,Flash Sale,0.15,True,6.23
9753,New Year Promo,0.25,False,0.0
9754,Summer Sale,0.3,False,0.0
9755,New Year Promo,0.25,False,0.0
9756,BOGO,0.2,True,9.3
9757,Holiday Sale,0.1,True,4.1
9758,New Year Promo,0.25,True,27.23
9759,Holiday Sale,0.1,True,3.69
9760,Summer Sale,0.3,False,0.0
9761,BOGO,0.2,True,21.01
9762,New Year Promo,0.25,True,10.97
9763,Holiday Sale,0.1,True,23.89
9764,BOGO,0.2,False,0.0
9765,Flash Sale,0.15,False,0.0
9766,BOGO,0.2,True,7.52
9767,Holiday Sale,0.1,True,4.62
9768,BOGO,0.2,False,0.0
9769,Holiday Sale,0.1,True,10.84
9770,Summer Sale,0.3,False,0.0
9771,Flash Sale,0.15,True,11.17
9772,Summer Sale,0.3,False,0.0
9773,New Year Promo,0.25,False,0.0
9774,Holiday Sale,0.1,False,0.0
9775,Flash Sale,0.15,False,0.0
9776,New Year Promo,0.25,False,0.0
9777,Summer Sale,0.3,False,0.0
9778,Holiday Sale,0.1,True,11.95
9779,New Year Promo,0.25,False,0.0
9780,Holiday Sale,0.1,True,5.56
9781,BOGO,0.2,False,0.0
9782,BOGO,0.2,False,0.0
9783,BOGO,0.2,False,0.0
9784,BOGO,0.2,True,14.35
9785,New Year Promo,0.25,False,0.0
9786,New Year Promo,0.25,True,9.22
9787,BOGO,0.2,False,0.0
9788,Summer Sale,0.3,False,0.0
9789,Flash Sale,0.15,False,0.0
9790,Holiday Sale,0.1,False,0.0
9791,BOGO,0.2,False,0.0
9792,BOGO,0.2,True,15.18
9793,New Year Promo,0.25,False,0.0
9794,Summer Sale,0.3,True,11.85
9795,Holiday Sale,0.1,False,0.0
9796,New Year Promo,0.25,True,12.84
9797,Flash Sale,0.15,False,0.0
9798,Holiday Sale,0.1,True,7.03
9799,BOGO,0.2,True,6.08
9800,Holiday Sale,0.1,True,7.53
9801,BOGO,0.2,True,12.71
9802,Summer Sale,0.3,True,12.05
9803,Holiday Sale,0.1,True,3.78
9804,Flash Sale,0.15,True,9.09
9805,BOGO,0.2,True,11.53
9806,New Year Promo,0.25,True,13.42
9807,New Year Promo,0.25,False,0.0
9808,Summer Sale,0.3,False,0.0
9809,Summer Sale,0.3,True,35.87
9810,BOGO,0.2,True,12.41
9811,Summer Sale,0.3,False,0.0
9812,BOGO,0.2,False,0.0
9813,Holiday Sale,0.1,True,9.07
9814,Summer Sale,0.3,True,20.55
9815,Holiday Sale,0.1,True,9.39
9816,Summer Sale,0.3,False,0.0
9817,Holiday Sale,0.1,True,5.72
9818,New Year Promo,0.25,False,0.0
9819,BOGO,0.2,False,0.0
9820,Holiday Sale,0.1,False,0.0
9821,Holiday Sale,0.1,False,0.0
9822,Holiday Sale,0.1,True,4.09
9823,Flash Sale,0.15,True,11.0
9824,Flash Sale,0.15,False,0.0
9825,BOGO,0.2,False,0.0
9826,Summer Sale,0.3,False,0.0
9827,Holiday Sale,0.1,False,0.0
9828,BOGO,0.2,True,10.17
9829,BOGO,0.2,True,10.97
9830,Summer Sale,0.3,False,0.0
9831,BOGO,0.2,False,0.0
9832,Summer Sale,0.3,False,0.0
9833,Holiday Sale,0.1,True,2.77
9834,BOGO,0.2,True,18.21
9835,Flash Sale,0.15,True,4.81
9836,Summer Sale,0.3,True,10.85
9837,Flash Sale,0.15,True,13.98
9838,Flash Sale,0.15,False,0.0
9839,Holiday Sale,0.1,False,0.0
9840,Holiday Sale,0.1,True,8.72
9841,BOGO,0.2,True,16.27
9842,Holiday Sale,0.1,False,0.0
9843,New Year Promo,0.25,True,8.12
9844,Summer Sale,0.3,True,13.27
9845,New Year Promo,0.25,False,0.0
9846,Holiday Sale,0.1,True,3.87
9847,Holiday Sale,0.1,False,0.0
9848,BOGO,0.2,False,0.0
9849,Flash Sale,0.15,True,8.5
9850,New Year Promo,0.25,True,18.09
9851,Flash Sale,0.15,True,7.95
9852,Holiday Sale,0.1,True,13.58
9853,Summer Sale,0.3,False,0.0
9854,Holiday Sale,0.1,False,0.0
9855,Holiday Sale,0.1,True,8.13
9856,Flash Sale,0.15,False,0.0
9857,Holiday Sale,0.1,False,0.0
9858,Flash Sale,0.15,False,0.0
9859,Summer Sale,0.3,False,0.0
9860,Holiday Sale,0.1,False,0.0
9861,Summer Sale,0.3,False,0.0
9862,BOGO,0.2,False,0.0
9863,Summer Sale,0.3,True,15.22
9864,New Year Promo,0.25,True,17.06
9865,Flash Sale,0.15,False,0.0
9866,New Year Promo,0.25,False,0.0
9867,Flash Sale,0.15,False,0.0
9868,Flash Sale,0.15,False,0.0
9869,Flash Sale,0.15,False,0.0
9870,Summer Sale,0.3,False,0.0
9871,New Year Promo,0.25,True,10.41
9872,New Year Promo,0.25,False,0.0
9873,BOGO,0.2,False,0.0
9874,Flash Sale,0.15,False,0.0
9875,Summer Sale,0.3,True,12.36
9876,New Year Promo,0.25,False,0.0
9877,Flash Sale,0.15,True,4.61
9878,Holiday Sale,0.1,False,0.0
9879,BOGO,0.2,True,6.69
9880,BOGO,0.2,True,10.51
9881,Flash Sale,0.15,False,0.0
9882,BOGO,0.2,False,0.0
9883,Summer Sale,0.3,False,0.0
9884,BOGO,0.2,True,14.58
9885,BOGO,0.2,False,0.0
9886,Summer Sale,0.3,False,0.0
9887,Flash Sale,0.15,False,0.0
9888,Summer Sale,0.3,True,20.91
9889,Summer Sale,0.3,False,0.0
9890,New Year Promo,0.25,True,9.08
9891,BOGO,0.2,False,0.0
9892,Holiday Sale,0.1,False,0.0
9893,Summer Sale,0.3,False,0.0
9894,New Year Promo,0.25,True,16.28
9895,New Year Promo,0.25,False,0.0
9896,Flash Sale,0.15,False,0.0
9897,BOGO,0.2,False,0.0
9898,Summer Sale,0.3,False,0.0
9899,Summer Sale,0.3,True,34.71
9900,Flash Sale,0.15,True,6.16
9901,Holiday Sale,0.1,True,4.51
9902,Flash Sale,0.15,True,4.04
9903,Holiday Sale,0.1,True,3.87
9904,BOGO,0.2,False,0.0
9905,BOGO,0.2,True,17.39
9906,New Year Promo,0.25,False,0.0
9907,New Year Promo,0.25,True,26.32
9908,New Year Promo,0.25,True,8.15
9909,New Year Promo,0.25,False,0.0
9910,New Year Promo,0.25,False,0.0
9911,Flash Sale,0.15,True,5.24
9912,New Year Promo,0.25,True,15.75
9913,New Year Promo,0.25,False,0.0
9914,Flash Sale,0.15,True,7.21
9915,Summer Sale,0.3,True,10.85
9916,Summer Sale,0.3,True,31.55
9917,Holiday Sale,0.1,False,0.0
9918,Holiday Sale,0.1,False,0.0
9919,Holiday Sale,0.1,False,0.0
9920,New Year Promo,0.25,False,0.0
9921,Flash Sale,0.15,True,5.59
9922,Holiday Sale,0.1,False,0.0
9923,Flash Sale,0.15,False,0.0
9924,Summer Sale,0.3,True,16.6
9925,BOGO,0.2,False,0.0
9926,Summer Sale,0.3,False,0.0
9927,New Year Promo,0.25,False,0.0
9928,Holiday Sale,0.1,True,9.46
9929,Summer Sale,0.3,True,14.43
9930,Summer Sale,0.3,True,52.96
9931,Summer Sale,0.3,False,0.0
9932,BOGO,0.2,True,7.93
9933,Summer Sale,0.3,False,0.0
9934,Summer Sale,0.3,False,0.0
9935,New Year Promo,0.25,True,8.26
9936,New Year Promo,0.25,False,0.0
9937,Flash Sale,0.15,True,11.37
9938,Flash Sale,0.15,False,0.0
9939,Holiday Sale,0.1,True,4.87
9940,New Year Promo,0.25,True,11.9
9941,Holiday Sale,0.1,True,7.19
9942,New Year Promo,0.25,False,0.0
9943,New Year Promo,0.25,False,0.0
9944,Holiday Sale,0.1,False,0.0
9945,Holiday Sale,0.1,False,0.0
9946,Summer Sale,0.3,False,0.0
9947,New Year Promo,0.25,False,0.0
9948,Holiday Sale,0.1,False,0.0
9949,Holiday Sale,0.1,False,0.0
9950,New Year Promo,0.25,False,0.0
9951,Summer Sale,0.3,True,21.21
9952,BOGO,0.2,False,0.0
9953,Holiday Sale,0.1,True,7.18
9954,Summer Sale,0.3,False,0.0
9955,BOGO,0.2,False,0.0
9956,New Year Promo,0.25,False,0.0
9957,Flash Sale,0.15,True,7.71
9958,New Year Promo,0.25,True,7.6
9959,New Year Promo,0.25,False,0.0
9960,Holiday Sale,0.1,False,0.0
9961,Summer Sale,0.3,False,0.0
9962,New Year Promo,0.25,True,18.61
9963,New Year Promo,0.25,False,0.0
9964,Holiday Sale,0.1,True,6.29
9965,BOGO,0.2,False,0.0
9966,Summer Sale,0.3,False,0.0
9967,BOGO,0.2,True,17.34
9968,BOGO,0.2,False,0.0
9969,Flash Sale,0.15,False,0.0
9970,Holiday Sale,0.1,False,0.0
9971,Holiday Sale,0.1,True,4.56
9972,Holiday Sale,0.1,True,11.68
9973,Flash Sale,0.15,True,14.54
9974,Holiday Sale,0.1,True,7.01
9975,Flash Sale,0.15,True,4.22
9976,Holiday Sale,0.1,False,0.0
9977,Summer Sale,0.3,False,0.0
9978,New Year Promo,0.25,False,0.0
9979,BOGO,0.2,True,23.76
9980,Flash Sale,0.15,True,7.74
9981,Flash Sale,0.15,True,7.97
9982,New Year Promo,0.25,False,0.0
9983,BOGO,0.2,False,0.0
9984,Holiday Sale,0.1,True,10.3
9985,New Year Promo,0.25,True,14.94
9986,Summer Sale,0.3,True,18.72
9987,New Year Promo,0.25,False,0.0
9988,BOGO,0.2,False,0.0
9989,Holiday Sale,0.1,False,0.0
9990,Holiday Sale,0.1,False,0.0
9991,Summer Sale,0.3,False,0.0
9992,New Year Promo,0.25,False,0.0
9993,Flash Sale,0.15,False,0.0
9994,BOGO,0.2,True,19.8
9995,BOGO,0.2,False,0.0
9996,New Year Promo,0.25,True,19.71
9997,New Year Promo,0.25,True,14.53
9998,Holiday Sale,0.1,True,9.62
9999,Flash Sale,0.15,False,0.0
10000,New Year Promo,0.25,True,10.11
